26617 14648 12152 15087 2387 22910 19938 15671 22567 8512 14893 3307 3471 27830 2297 12342 2781 31874 2743 16091 11671 2462 24518 13768 9408 21906 6108 10477 11097 2794 24744 18254 19496 487 1974 25943 4792 15733 21394 368 19873 13405 30768 30418 17929 15036 10891 21145 4203 8116 6029 32538 23192 21345 16943 14710 23291 10510 3297 1392 17696 2473 29228 4987 26488 10869 12438 19735 22102 7167 28102 31582 18494 17747 5352 15322 1887 8047 29779 14234 7262 17656 24169 20613 5717 10796 20927 14574 5148 4376 27775 10600 29383 3595 12042 10459 17775 12362 20961 6871 31286 8965 12997 2089 20613 23178 7453 21932 1176 8633 29081 23906 21565 7096 28949 7619 16600 3560 11968 29525 12971 1559 28029 4221 24916 12535 27785 10133 9623 29902 26462 31550 6238 9328 19672 18680 8958 24171 29079 16880 25788 27777 16804 1560 4496 14171 13655 21885 11817 8827 3448 27606 19760 25715 6820 14936 12753 12116 5106 29650 31608 15722 16599 7925 16088 5670 31303 8947 12338 8028 18205 589 17108 20143 6077 14309 25056 3913 25848 27227 9806 12239 13872 27030 11828 27795 21180 10913 31045 27148 8845 13753 28312 13188 530 15012 28588 4625 3418 16196 7336 20422 9849 7275 11751 15146 15148 15601 1715 32489 3520 21252 25937 8650 1327 30656 21567 17121 18573 26879 16569 26118 10658 22899 23169 25734 8921 1778 8416 22040 27737 2832 16616 1554 27761 6643 10493 18652 1849 9059 30100 17829 4470 2593 6969 2134 27327 25978 29143 28612 734 283 1332 19498 20089 3879 20155 16854 28402 16519 15486 17442 4491 14210 10619 15526 18894 2189 11038 12972 27436 15716 22536 1764 9700 3673 27663 5978 27430 17900 28038 24484 23672 669 14270 26976 19034 19198 3788 8414 1573 10252 8333 25113 2873 14783 5864 20972 17239 31200 8019 22402 27212 8475 2969 18959 21712 25173 28634 9917 7853 28736 25043 25322 1060 300 15711 11920 27276 17696 4670 15108 23612 553 7958 23012 31659 19186 32183 2122 12758 917 25763 14918 7138 10417 8654 31372 31747 3261 12962 12905 12700 32667 7494 11772 31912 5232 28448 12450 
4184 31156 1177 11698 14589 6021 32288 31083 6441 26689 1649 1578 16913 16211 19991 480 11062 29261 24623 26564 19781 6200 13424 23109 25659 21287 8808 22851 7372 22547 6664 10366 12550 10466 17763 31311 14386 13513 30643 12950 11771 21204 3485 22003 29906 19139 8886 31033 22416 24600 16453 17695 20061 4974 26955 25145 2769 3596 10176 24871 3930 27578 32544 29453 21982 22228 26662 1603 18849 10908 14807 6989 6248 4052 9155 26125 7903 18317 7560 3895 29752 6202 28567 10758 22805 4360 14651 12845 3496 6002 6103 9745 21272 29455 21359 4405 7207 19375 13417 6901 12563 19879 26261 28024 19129 26729 3436 2272 26880 23384 28053 22211 26741 1242 20398 4575 6963 10158 72 22025 26886 6784 4403 27751 15056 5562 16381 10207 13611 5022 9653 26063 1615 30354 5108 1791 19255 27066 17183 29908 20479 12236 13798 1734 12177 21536 30224 23571 5760 29191 3707 32181 11572 1630 26206 23698 27976 32611 25042 32756 26160 32455 27537 30776 13599 516 19453 27082 13351 25840 29028 17489 9379 29330 3458 31270 22738 30773 11335 19467 8388 3772 10203 32026 32378 3637 7648 763 25929 24497 18935 1626 2175 8530 27013 18328 32073 20645 3255 15297 13268 28466 30915 30143 2995 21842 32625 12237 1921 10049 28635 2350 25543 8308 1136 19486 5407 10541 29247 20489 29082 27212 32115 19451 2400 21352 14105 11608 29334 18206 18474 18125 3205 25001 28101 27526 32248 3507 2748 19105 29413 23403 29266 7907 23888 19928 20547 1706 15725 4717 20997 6179 13573 22237 30030 1469 27162 12593 8150 26334 31950 19991 25694 30932 5249 22909 6385 27662 18490 21854 8810 4492 26184 21212 6454 31892 24361 16784 11099 27815 22442 18718 24505 5043 9808 24844 7824 3210 16375 6868 9027 5523 22457 21047 15196 25535 13841 14293 30415 8639 2880 27131 11651 28533 16624 4028 32270 30120 3864 10819 10689 25083 22559 4199 29156 24352 4164 18560 23106 23881 13373 13433 29929 16095 4894 17447 6955 15735 28541 8665 14312 6914 15316 3377 1808 29507 30246 22578 28259 16775 26342 15001 21371 28304 18196 28529 4877 31442 4521 20706 
32108 6370 1077 26186 31822 19499 4807 6287 17875 24547 21261 179 16579 19005 8892 1192 32279 20448 3378 13926 27580 31641 13403 10556 9363 15948 16593 12643 444 19249 7495 16857 20756 1084 295 23660 21756 2781 3706 18453 29021 18666 1801 392 10729 1498 23745 6665 21923 23603 8540 30849 11169 9029 6462 12497 3344 8473 30109 25958 12410 6309 31205 26382 4676 2113 4187 1802 20091 11359 4608 20324 18384 6774 17848 5507 16352 2111 23211 6908 17593 4900 25068 12459 6042 7158 2905 4099 28923 2782 10690 24226 17869 3990 16973 4136 29187 12760 11032 6730 27729 17943 32033 12066 26420 6766 23907 29129 818 28630 24898 22824 30307 5019 4649 13579 19760 11537 21618 2423 10331 4995 13702 13374 7232 16492 25925 4304 5466 12777 24232 3668 26120 20847 932 27640 24977 12985 12370 3973 10342 16133 2382 10806 2472 8320 2397 8138 7658 511 4690 25560 32568 30447 1330 16739 16984 8079 9622 16558 5455 23901 19537 8017 10024 11213 11603 3725 15600 28993 13517 11229 6149 23606 16278 26573 4497 8379 13006 20239 3921 10792 14017 27084 13723 5388 6413 9528 31391 1383 6664 31593 32493 11546 10588 19817 20279 5787 22004 9098 29528 2029 29980 18425 28310 4560 17635 28566 5412 7989 3524 25859 23275 6388 1926 27131 32651 29121 1377 17126 15260 11869 11618 8362 21305 15881 16145 23747 12735 14144 11600 15254 29394 19621 3974 10498 31905 3643 11773 9017 3947 19156 11657 18382 28227 9676 7787 14095 1296 13558 29300 16788 12247 15063 7790 5144 1853 20754 27319 21896 22087 5924 14127 27482 7525 14673 13908 22560 18095 25566 25516 26717 28526 30337 14692 8599 27358 3094 26934 10157 25138 10899 7312 3179 13785 12094 32754 15708 1024 19230 7575 991 30808 9135 19289 19325 18713 27610 12239 8826 1351 2339 8888 10410 6196 6437 27804 24710 9798 27451 10672 5759 9978 17025 21499 21139 24617 29691 14519 2077 9866 13587 23802 30705 1913 11849 5525 30888 16374 9766 22076 6457 9457 22641 31720 20938 24773 19878 5754 14021 10754 18084 30113 25133 22383 4262 31997 1843 30031 21876 
901 25604 16356 15323 16934 1510 10034 27738 5548 4995 16389 19998 6118 4484 17973 4145 21509 21858 5161 21230 6726 6777 13210 1464 14033 27999 27545 19691 4064 24947 28628 1043 28451 17593 5397 12380 31332 17893 12043 30538 8039 16565 31565 28074 30484 9348 15772 21193 25559 10525 29032 3043 28488 17869 13462 29662 11015 7868 20353 21304 6378 23676 32319 5183 24155 8675 24357 1920 18171 5142 10893 19585 23180 10471 6102 12979 2573 12129 5037 9890 14374 18080 11147 32623 8391 14055 21119 16512 25613 24812 25390 9078 14437 14198 792 32351 2035 30506 19229 23085 32053 4258 22847 19816 17123 30912 12201 28447 31514 21314 1265 30244 12730 11158 27034 22649 19981 12271 26333 32517 18345 8856 31400 24971 8855 30089 5352 7901 30388 17464 31236 25933 1624 8113 11945 16229 10294 24809 20685 6360 2179 30031 494 4023 1371 22949 18075 26088 10848 14094 32566 9941 4004 22120 24056 21857 8137 24027 32309 13856 2406 3250 226 2503 24493 26986 21076 19425 11851 5641 32074 18884 1168 16050 12078 9668 15312 22133 20888 6822 32009 5739 23828 4952 18885 29443 18725 27359 3138 31639 15754 26768 29393 22595 26815 19587 6780 23030 8135 69 19691 20681 11049 16333 21897 7312 25913 20145 12770 11183 3480 3482 8527 23600 30206 1014 22486 29458 27703 12780 22604 7651 1388 16021 14780 12945 11940 22121 23565 8573 9866 19959 20446 19921 17521 23770 30133 16404 12437 1256 6233 26363 29092 31148 1660 23170 29565 7191 28573 21820 27447 24178 2093 22503 15461 9367 14577 11076 17304 29793 23975 13350 10790 2657 22252 19912 10026 9938 29533 7779 20940 9935 29693 6656 26819 15812 12247 10123 13080 25379 6884 7210 24108 18520 13358 205 31996 27390 7990 22021 3236 5971 27795 18969 8738 28393 21981 5463 9565 18335 28873 28840 15718 30416 7573 23143 20989 23754 13479 7539 18007 17538 14193 20099 20766 27526 2199 13242 5562 17970 28500 19068 25295 21543 27162 24447 14854 6393 5240 27941 1297 3368 9281 13321 7145 6994 16875 16855 90 32166 16437 23138 29378 3996 30476 30448 17430 26595 17840 20440 
2341 20123 19 9296 4897 25541 19330 13440 20827 2552 11910 8667 78 26965 22541 10670 18911 7869 25029 28153 15075 27457 4553 16511 12770 30681 24447 9241 11034 345 16320 30799 3527 162 31802 809 24226 8981 6675 19779 31656 10062 5071 1056 17692 29198 27252 22208 22479 28536 20972 117 15519 5249 31914 30194 12606 5282 19089 26789 28213 8143 24337 5191 3624 15533 25235 2737 31323 4864 29463 29169 117 14946 2075 26781 30084 24891 19903 1127 2626 24557 15144 7922 13463 3151 26658 25828 21086 24925 26121 23357 26988 20270 8169 20199 10446 18214 1508 25229 3923 22636 2004 11953 23371 28830 9010 10233 10125 5316 2103 16330 22975 9859 6720 29464 17873 2452 20343 15229 10955 15732 13232 5768 27849 16220 4753 5975 12355 18547 3318 13928 14994 15427 7571 21420 15280 23401 20700 7901 25920 3729 13345 23058 29390 23970 16382 10897 1879 26422 16882 27620 1036 27725 2382 14639 15443 17474 23377 8384 11023 19710 29329 13800 3361 11115 3484 29961 1327 28715 20704 11761 11427 29835 32712 26726 13815 946 20776 30466 1073 9247 25307 11330 23465 5458 4267 26073 4114 21960 12912 25162 21432 17709 1404 5301 3079 14030 17719 27377 20301 2125 14087 14812 28609 4248 11635 17391 14275 31515 18055 3606 15205 25397 27002 30398 25387 17385 18318 17199 5135 4055 25656 5916 6344 1386 26753 2680 12364 4946 17836 20876 26004 24885 27417 11079 5279 20641 4969 2517 16569 2630 27875 10611 8189 27490 8470 2433 25 26492 32704 31704 26705 12885 20719 15967 7367 17948 4710 21209 26361 6625 9282 2305 18315 7244 10462 28377 30023 18063 7155 6975 19810 23449 25860 1729 6400 10124 26873 26290 19451 21362 24330 15997 8416 8492 27870 6970 13883 9130 19956 11647 4373 18274 2627 13689 10426 16122 29 30011 24512 10312 17753 7509 3652 32125 9137 26537 375 9885 13417 21626 5210 16179 24370 15814 17861 25666 16461 13526 28590 7806 14835 24083 936 15548 13557 16155 28842 12968 21664 13076 5650 20406 8675 31041 26601 25179 29108 4562 10345 7036 2735 23809 23228 17959 19968 12378 21255 10113 
26500 22106 1959 6911 18731 11324 1979 16089 30113 21008 15074 17596 24109 8461 20038 15040 22489 23592 29401 24729 27603 20198 20702 23825 1811 20078 21676 26550 19774 20706 14510 15055 4810 3823 28847 24981 16996 25507 23124 13984 12686 24191 22250 9888 10381 15310 12898 2893 8578 14133 31642 12961 727 27786 12767 26180 22748 15081 27567 1864 21170 24069 23235 4630 1641 12733 20813 7848 16485 21488 11390 12537 25094 6289 18507 28090 5000 1022 24689 1863 19751 16269 694 30425 31623 15464 30322 22013 17236 30876 15695 27717 10277 6764 4429 17725 6823 21995 1033 25248 12791 20682 9022 24268 5199 30830 18060 4980 21221 32325 27256 6293 15632 28251 15541 12203 28333 5160 15778 28452 7617 8621 6931 16917 27488 19647 10324 4140 15309 22178 5995 8678 23010 12761 22430 5377 27058 14909 15669 30005 28270 13133 22145 19743 26501 197 4637 17278 18703 19826 6772 6305 21356 5188 2691 6176 3624 16293 24545 21195 27170 21257 19964 13536 20206 21190 22181 19585 6007 24103 19407 21604 16873 12219 7827 22221 22222 30707 8056 31929 19319 17900 5106 23900 25501 29322 17704 25038 22088 16838 27642 4354 14832 11849 7747 22519 31714 4921 8539 8754 26342 10323 17889 22123 32031 1082 12471 2951 10546 6414 13645 2502 2731 24385 9507 27710 24988 8870 14473 30344 23942 9675 29866 29369 21373 3977 13000 11155 8072 22233 11465 22269 13639 8425 13043 1201 9176 17776 28404 25909 4346 27966 22565 32012 28531 32535 15631 6189 29872 20161 1583 4532 4524 16988 5622 17368 29459 25074 27156 13341 19622 1359 25078 20426 29665 5139 20109 19614 3547 3077 12114 447 21615 16810 16519 19699 13977 3863 16063 22546 22562 25859 928 21180 13440 29216 24552 29767 26872 21676 22190 23035 27141 2626 7659 5506 10237 4599 2104 32666 26354 29858 15321 8973 19926 10107 23291 21475 28899 31976 314 18134 23354 6035 14950 15622 23499 5056 22151 6126 6516 23262 16158 27031 12909 21851 12718 21771 27363 28349 891 21261 12003 8175 21138 12039 27514 29656 18441 20548 795 14898 20360 9055 24896 23706 26633 14332 29012 2531 
29147 26293 31953 11184 7661 4952 13478 23106 25161 24399 27099 17038 6111 24671 14711 12947 9604 12182 12194 16362 23610 25726 9735 15519 26802 20631 24956 28223 32271 3844 13029 15154 7661 15493 8021 16971 8610 27557 21367 4254 26819 10549 26157 27026 20715 9464 11894 21815 23223 21152 12437 26841 8213 5881 26224 32213 32703 21861 26422 19115 8706 29064 12868 4693 15044 6468 8522 24023 11461 27368 17833 29720 29221 19364 13600 1008 28199 577 2472 13442 3124 27150 6300 4044 20515 21022 9501 31612 15287 23728 4533 13317 11625 29423 21818 32243 7272 8412 14070 379 21983 28040 5636 1111 8054 902 16381 30161 25371 15776 6869 285 18434 27593 9727 6635 23786 25683 5848 14141 14243 13666 5186 12406 11725 2721 21903 28852 2786 6963 10402 29792 26487 13293 9040 17668 1470 12738 1036 26460 22352 126 1476 28591 4137 29112 11014 12383 27380 1 17511 14016 650 21090 13861 2598 25781 5126 16651 24898 16953 29747 21141 16814 24597 25215 8277 15814 11782 23360 4757 17594 9805 22596 16958 14561 23218 14786 3577 16464 21193 15249 2707 940 8052 19096 21158 20284 18345 20102 31094 19010 29301 15299 9497 14476 29249 422 5083 31302 5461 10472 4320 15890 24474 13912 7179 6491 4516 9681 18719 31461 8431 4457 6692 11177 1385 22764 22797 20961 49 23945 13463 10847 16287 9674 9332 27682 1156 32202 22697 2603 11443 26530 14389 18317 18112 28708 13043 20932 4871 15308 27329 21831 5616 24563 30690 16481 8050 23622 19617 10300 27606 18551 31799 1087 16830 2610 26863 13209 12645 10067 7560 286 22824 2134 21979 6483 21318 16142 31422 9924 12516 9626 5415 2206 9812 27030 31893 22393 19606 22414 17579 11382 7199 31416 11806 24202 1242 25826 7890 10777 18285 12969 25920 30407 29629 8172 19227 12171 12468 16512 15155 24837 12610 12581 32409 4625 31393 21689 21764 2716 24542 29100 27763 31926 22165 17332 31764 17385 2300 21954 1637 11977 18722 14388 1689 1741 18809 26444 3389 19037 16019 30177 4123 19756 20009 20564 29023 13000 28513 11206 504 30576 8272 30088 833 31525 5310 22227 
27617 17155 16938 8378 29680 25810 27918 13404 11355 20697 7013 15198 9609 28146 4201 17561 26942 15332 13729 6415 19392 28652 5403 23844 22585 16285 18679 21003 23645 19947 1061 19326 22348 28290 6254 11698 20410 13148 7609 1930 21837 30866 7815 7435 12614 25202 28097 30224 2660 467 2483 17726 5 4773 12376 15163 143 2252 2264 6683 24334 24367 1615 7451 27679 23819 26576 2194 5644 17806 31146 30244 21560 9633 31721 12601 25022 13317 21024 14253 2901 30625 24678 13002 5239 10266 14751 31859 30658 31909 765 1185 1694 23833 12486 11028 11296 10569 87 24898 22318 2704 21353 10388 20452 941 20627 16593 31799 13009 27920 6874 22488 31223 17347 25497 9051 372 23928 15156 3737 18639 20077 27782 25171 14802 19729 14543 27928 29153 9739 2986 14184 13707 12670 11072 17177 16991 11659 14524 23034 29441 8728 5375 12215 27005 12752 32148 23292 13274 31851 30182 27101 7923 30256 20656 5494 11138 22712 28086 22734 22910 4340 32691 28418 15783 20082 28306 31903 5471 6107 10720 26703 19643 2241 32642 9912 10970 7319 19107 32161 6261 11009 3825 598 13496 31055 21513 22350 11344 1347 21807 27916 1734 27931 22851 19011 24075 6347 18160 7997 13396 2187 18727 10365 23591 27793 6092 9380 9910 27168 14511 24977 19565 12737 19645 9420 17351 19153 15736 29477 31333 14395 24228 31640 9313 23175 22595 10612 5600 13076 27844 8637 23270 27809 28536 12238 367 19730 32581 25922 18875 29809 22942 28949 12521 3380 22962 29191 2503 20926 30692 18497 6121 2856 23932 10811 24824 27968 24732 221 10317 29650 31861 20197 18622 9511 6586 10120 24760 24012 15189 30812 1167 2452 25434 10869 27409 28128 17465 24270 18529 26910 4663 18923 19203 19344 2335 29373 28467 11599 31284 22726 7291 25999 30315 17790 16772 1828 26839 19700 25133 1606 13669 16824 19418 27537 12233 8185 25614 14415 32440 13291 17725 24570 16216 32619 7643 31485 31989 8934 1465 5819 20725 19831 15761 18130 16142 30799 3296 23457 8630 29018 12787 25096 15067 31008 6213 20590 15573 30697 18696 1289 24473 3620 18946 31065 22063 1033 24218 
20214 14438 23678 24371 6540 13510 3895 6840 2596 7878 11810 30328 24485 11583 31234 16437 16538 32033 10841 26231 25141 11365 27788 2854 8340 8514 24130 9304 27716 20900 1805 8040 12548 7898 5452 14920 6603 6542 25168 1816 22028 16891 445 19959 17464 6234 24627 16665 9605 4509 13614 14105 16110 17504 19499 24465 2938 25117 26893 9705 25538 20639 19390 13932 16045 30649 5913 22945 28543 5943 7944 6616 1298 14613 25065 26371 11874 5103 12599 11463 18512 29113 19814 3795 30879 28336 30990 16241 31299 9360 18252 9306 32475 5640 10598 15823 18812 28267 32685 997 26288 27048 12712 11809 9662 30844 4462 6468 14124 29926 3668 16232 5251 31452 31432 30284 5458 14652 27005 26605 21877 20229 26057 31062 20631 2247 2891 5048 22262 4696 16592 957 16230 28873 6775 25370 31385 22680 10004 16484 27549 13351 11475 31012 10662 28269 6430 31277 3854 21996 10176 23085 14746 11235 1354 643 24575 13252 28853 23120 8357 22248 8266 10193 11690 12418 28095 7148 31274 5586 3491 15368 19646 28315 22012 7714 23362 29142 22574 11037 21468 6824 21022 23386 30521 27026 15000 8585 10266 17896 27886 30655 5136 4996 14306 17096 22915 20667 21446 32702 20217 20624 994 28634 20373 25896 26390 13963 12510 3710 15297 7621 17859 344 6881 29852 4827 6778 28283 15377 6129 4633 10045 5676 21183 914 30050 11083 24314 7516 2262 31161 22415 3387 7322 17282 23853 31927 20843 3718 26115 12749 7070 27341 15051 10212 18511 29466 17671 13571 23994 15299 4746 3904 23273 9151 12859 18044 6800 15361 19990 1613 23861 14596 9843 13372 16019 8872 21131 15921 6721 13884 27192 11563 9103 11996 31996 20532 13489 26621 31301 5013 6431 3654 28399 22598 22331 21154 15371 24488 15668 21395 10975 8054 13611 12489 557 4601 9365 31987 185 22140 23265 469 24837 13824 21338 2714 19039 24625 20046 10348 21277 29848 1392 9539 30760 11281 32635 6394 11703 13952 18200 21672 27997 8384 2306 6189 25926 22236 23912 17931 11454 5762 16531 2424 8690 26036 32456 8881 21755 25025 6000 19856 9240 31348 23414 30305 27963 28043 
19185 12530 30920 5738 30211 9705 409 26129 25856 27226 32325 5964 19411 30105 4002 29481 3230 10573 14472 14767 19873 8134 17112 717 9821 13457 30141 11153 10233 31561 306 9115 17636 6319 17093 11984 23484 12797 18330 28499 26991 26232 12210 19377 9888 1861 22125 1371 5196 381 25678 4954 15277 11908 11775 5438 9566 32406 1173 29271 19393 12706 23316 31016 3230 4700 25910 4889 24076 26510 4968 24684 19093 4014 4118 20594 30869 31414 8744 2559 16611 30256 6349 14363 6323 32656 9335 3834 21179 4295 16679 7471 31637 6933 5610 15644 21861 9247 28067 15021 14011 14657 11532 326 20667 11557 27128 26105 8315 21397 2011 25085 4012 12173 32139 20827 2173 18325 10312 2539 188 5197 20475 24191 16446 15690 16571 25182 26242 6176 7573 244 29585 7616 20621 15815 22568 18949 15328 12461 20761 6537 4236 4669 4591 6589 28178 27779 721 16185 12155 17400 5545 30288 2457 19632 30341 8680 24207 32726 6973 31880 27284 9558 30294 4019 11763 9689 20774 13685 14422 14582 4409 22587 14661 17318 27892 25832 31210 31481 21368 8996 9239 7944 3017 26615 31370 25131 20272 22168 26223 20588 25309 9087 32294 19259 29905 3521 26951 28003 16379 669 17891 27452 15265 8018 29453 17186 23042 1332 25753 21031 6714 13311 25636 8453 29029 24171 25429 32087 20231 27905 17249 13064 16556 9004 13781 31243 30923 6803 6800 27724 15600 2214 32526 6119 32538 631 8941 409 9826 13004 9641 11123 19166 13938 16811 29654 26821 4820 14466 24731 20180 31436 21616 10898 19440 21944 9000 7470 24588 15569 19926 7806 29773 25272 12896 29535 24172 6482 8683 5105 13149 27094 26786 9287 11566 29476 690 25955 10289 601 8857 12897 31581 6560 27809 24050 12274 22859 2983 1036 23644 32546 801 9184 9818 28666 25184 5645 12383 32650 15634 13075 30265 27259 3338 15882 23792 14014 24900 26516 31217 28194 32291 32016 21867 26406 21246 6160 11258 4107 26843 25101 29571 28718 11898 16474 10079 21397 17814 31831 8123 21704 13671 15335 30782 14562 9835 24100 18925 20967 2918 4177 15436 23384 23464 12047 12742 1285 
17038 18388 4943 8227 26699 20122 32584 8862 14312 23508 24483 29873 18058 1702 11079 15539 16372 12117 22198 7476 31820 19965 14317 6472 8994 6530 24972 4899 32686 6856 14646 6374 27225 39 19771 29625 27520 17689 11636 11546 31604 566 19311 32372 965 31075 9676 24308 1472 12870 17127 9112 2614 15101 16056 25993 15999 24847 28663 8874 25279 30370 26755 19569 28008 30703 21764 14582 2048 9460 32719 10825 18725 25448 31499 24585 20430 31988 13842 26418 9171 3488 538 7223 32688 13964 18965 4945 26502 26848 470 23318 12642 23813 4212 19789 25282 2582 14835 25089 1877 12689 19489 14548 25859 21331 4799 19606 12589 7619 22241 1302 11062 11853 28056 6968 16450 13842 6605 840 7229 22237 17776 20878 19488 19545 21971 19747 21871 13698 8016 9475 26374 4698 15410 31586 1814 18909 19155 15172 25195 19510 22273 27720 8432 9523 29350 30916 25460 4855 16808 6679 20142 29935 32015 24379 18303 9991 12646 410 17528 7453 15459 31779 22684 21173 19914 6300 23399 25327 28558 26426 21007 23735 22841 21615 32265 10044 4751 20739 13519 2723 10606 16486 25825 12540 32505 8517 27657 13173 28662 9307 8932 1997 23667 9610 16798 25100 21168 15146 509 24178 24889 20385 8865 1965 21587 31027 12170 3407 25241 1052 13274 15998 3303 25308 14556 7405 13687 30931 13894 7180 12874 29453 22459 24700 24266 9055 15252 5062 28845 4531 3808 8268 5148 14240 10921 27008 4885 6718 5754 21587 3086 13880 5149 13297 31707 29218 6313 28331 7889 2829 22205 28468 27948 12121 15878 13841 13998 15307 5127 8011 8585 20191 2585 12391 4223 9824 29872 663 13384 31541 2017 7474 19508 20350 15649 21602 23057 25312 18000 29 19791 16668 12790 8022 26978 7911 9420 15220 27496 30966 19582 8195 13068 10584 28591 15017 29354 26376 16189 14172 10932 25539 19655 11475 29780 31767 19053 27962 24402 11709 30679 20266 26425 18472 24697 728 17333 2910 20245 18317 6208 10503 6785 5462 18173 23491 12202 3836 27364 2241 31961 20534 15648 8078 8757 27678 27061 11306 2954 12258 5990 20321 22344 32188 9942 4440 11983 21540 
27885 16999 29673 21828 27773 24102 26520 25260 21286 9419 11795 8519 15735 24243 21515 31117 1621 32318 14642 26619 9633 5088 1022 12736 25109 18549 682 20922 23151 20949 7551 12704 10706 5545 15953 897 11113 28285 20812 20333 8525 18198 17137 2418 17065 5 8027 17354 29980 21372 14023 20818 13662 11105 27475 27710 29479 7585 3078 13579 25676 711 24849 7606 4907 23245 19796 5420 11338 29745 10532 1793 20283 2380 14924 868 26307 18400 27985 9043 19515 30448 13307 32011 14901 11988 11536 15555 21091 22412 31075 13721 15029 24917 25101 32461 5570 27514 13307 28973 23145 19821 29865 6352 20152 13846 21548 28423 10764 21867 118 28817 8826 17473 15830 25614 26990 7777 26814 25782 23442 735 17609 1355 26610 28327 15612 8012 29277 9561 31053 8812 13582 7255 28001 30787 25996 7196 17562 20546 8398 3023 20305 26604 25251 6935 21856 9027 3153 15922 29156 2433 15996 12353 23617 31241 2634 28646 16998 11677 15813 27153 6226 22481 20353 18199 214 31936 11646 3589 13213 20221 29519 4659 1131 10701 19324 24348 28578 31635 38 5740 20490 13451 32489 29787 8657 3515 21511 28218 30417 15399 24770 8011 18 25669 20745 30678 20624 25008 5207 25209 15678 14112 24025 21440 32330 15002 28623 30710 30115 20964 13876 29498 16057 21308 29857 26581 27524 24137 2927 14026 4807 16722 6172 11951 5014 16046 29935 7356 12822 18044 23519 29730 29060 30868 12466 32669 20344 701 13922 20813 17515 12064 13252 25794 11639 14076 19307 10070 863 11676 2763 23231 719 6022 29850 1508 10725 502 2684 26608 12015 11914 6622 8613 21623 10047 20514 2292 15997 20124 23037 23242 11523 16429 4638 16172 16335 5427 785 21382 10092 24986 16482 12096 26482 32043 23301 5779 3591 27907 29941 20379 1190 324 14364 19885 24095 31498 13427 9962 17887 20129 26986 2068 29810 22005 32394 6817 19782 1865 28505 4366 2482 1068 11902 19830 5430 5289 1061 22115 32517 25279 11173 3556 9408 2577 29792 24288 31365 20445 27115 21673 5160 5938 18288 20692 21440 25950 14928 21321 24934 2726 14348 2198 20537 17211 27493 4745 
5286 25705 31938 16125 12262 27152 14803 8436 13511 30808 24692 16358 2480 9633 4308 20825 3039 8377 10966 12466 30710 1874 6839 2379 15286 179 22770 26309 5386 28845 8544 8096 8775 22225 9636 19976 18354 11744 16070 19186 3651 24451 25118 24424 24488 8252 23924 8225 17293 18333 7781 10069 539 30904 2312 8399 20414 11990 8658 23620 26156 620 3767 23011 11939 14922 13202 1325 24945 32022 28103 4615 16058 14073 13095 12302 17526 1944 6164 2090 1465 19526 229 14438 1847 6775 652 16895 17671 15992 13941 7610 17831 4702 1458 27259 24129 16701 12118 27156 3116 19098 3614 16475 1974 23074 24919 10367 29729 18332 7419 5276 20715 21276 1310 27532 4179 29049 6280 22785 30488 15618 3748 25552 10628 24173 27801 16016 2473 528 30134 1636 19179 11604 31507 25621 24254 2150 20085 17252 7857 28719 23667 5278 22444 25735 12759 19568 6773 9893 28743 5629 30073 7130 30245 27438 31690 18560 15795 1865 15716 30509 14203 26566 5300 24620 9198 20318 27995 25901 12363 32612 26671 13627 23234 7000 130 27887 25050 27322 5800 1763 17168 27932 947 12394 3264 29819 6785 22142 1865 14799 14841 32506 31085 8161 21649 16906 3062 6237 4371 30687 4255 24360 26786 28327 12337 32755 26104 15548 17389 23057 27121 795 24106 5765 6477 13337 17983 17504 22449 12881 27555 3914 29680 23521 5203 17502 27017 21974 19060 6459 23409 11236 19770 26967 11282 6235 2312 23959 22163 2134 23257 12829 27994 12341 8926 3682 25039 17486 27240 9092 31075 10720 8457 1249 5074 13384 13558 28388 9892 17016 2736 28703 4602 20644 6116 10394 12935 21054 9615 4971 21725 26661 32101 3719 28138 18202 1652 5336 15554 25203 5381 24208 14751 12051 29123 23484 30245 4761 23583 15644 21227 21208 3058 32562 11832 6536 30308 11161 28682 24634 23054 17560 5981 22674 22107 3831 11433 9392 4660 11793 15789 29679 13788 17963 18027 22482 15384 6404 11124 25915 24212 20653 10597 30174 8578 27803 23986 7670 17028 1275 19618 10806 3788 22597 2203 14851 25729 22292 24224 18912 25445 8757 11288 16938 4278 12030 16849 24069 
29266 1505 30788 32406 25886 20289 22811 15987 12967 8835 496 22871 10762 19305 9304 15387 16402 31131 18208 20705 31393 3719 11478 23443 11089 32107 907 31372 15706 29104 16856 8084 6839 12154 21791 5394 27780 25213 1299 25469 15019 20242 12411 11028 11967 6538 18227 17871 32296 6082 9587 17813 16257 24823 13395 8879 12094 4060 29583 11901 10130 27370 20616 7783 20368 26360 28300 17175 17808 14347 17495 16357 18644 25711 13018 22163 9835 3591 31035 6971 27990 26081 10780 9349 11754 32269 1568 3101 18549 28080 24491 21349 3876 31572 27626 103 16164 16770 9492 1805 5384 403 8687 21140 107 6339 1685 830 15062 19335 29304 13383 17892 23329 4004 24091 5283 6513 10052 10438 25662 28430 24424 17068 2009 1941 1541 3962 11197 6209 3389 17244 21429 29884 7393 15985 6327 26165 23861 15484 27079 30899 24307 11484 21529 12969 17554 18110 5750 27338 4295 11665 992 12318 15949 14778 31097 30806 1250 14729 27553 2141 28562 15980 20063 19247 10295 19043 23810 2798 7233 29108 1288 16435 24243 17632 30782 27554 27502 5845 10793 11713 12210 29541 15525 4362 31714 23031 8140 14910 17031 4221 26905 29437 18584 8870 9677 17044 11001 24916 11410 2326 23873 30288 12895 20654 1472 24637 9883 18739 23233 27338 6789 8701 25868 30508 14291 13815 19375 10444 2713 15862 3326 19004 8813 32073 18649 32368 20169 7314 45 4651 31409 9940 28093 439 27541 23756 23587 1753 26488 21125 7441 17156 1618 2855 1501 22989 12979 1807 5437 3999 7594 30757 9807 16560 10725 4202 21724 17459 4633 7889 30429 4048 20133 28240 20286 12113 32370 6966 24035 25758 22301 21183 28905 1003 24664 12518 23342 24624 32397 12410 29715 23513 4293 24948 17536 29119 9673 22920 1321 19032 3206 4858 21008 12586 17334 11699 14155 32390 3261 18068 31496 18802 9681 22794 18638 30183 28510 24291 8710 29501 169 8800 14265 16099 28595 30347 4507 32595 20576 18890 9801 19269 11992 18101 18639 28963 2350 30501 3949 21182 3136 7565 6043 10559 6110 14478 19274 17760 20014 25797 2925 8156 12878 4328 25528 20003 6716 14353 
11175 12115 30707 5721 14531 25956 15831 2985 1569 28322 25171 8397 29995 29537 18113 25290 2978 7148 1418 2162 21220 702 27534 5685 15467 5877 8390 29754 12183 771 17447 10927 9389 27559 32458 14429 28959 6940 21067 14207 10510 27792 9839 17620 14861 3031 23049 23795 9000 23905 23326 9183 28197 8809 2631 19163 19977 11632 27991 2175 1758 15082 30014 22284 692 16951 23341 27901 14310 21204 22779 9182 17566 20947 16584 16737 25499 11144 14304 22191 7730 19846 6369 10748 24467 31946 16673 24158 19790 23605 19786 19935 2326 14144 2375 18897 16324 25835 5988 13665 10655 22262 4784 11887 24538 10580 12454 14493 11102 17885 9741 7846 12490 28739 21277 32242 7608 20039 31459 12391 15171 16428 2535 2177 2502 7532 12299 5029 18917 10667 20918 22194 5842 21993 5170 14554 30153 8699 2387 4272 32477 12860 15962 1921 759 28032 12824 18152 21276 14153 30295 9373 3310 6718 117 16526 4214 30424 27986 18737 800 2655 15469 23064 1031 25109 17993 10438 30067 3761 29206 29633 32672 11278 28301 26600 12482 4389 29212 28679 24133 15417 17987 8873 11097 20305 8766 16941 22702 12523 6372 796 16764 9455 7631 3258 10695 29154 26045 26587 16865 26204 9782 20472 816 21180 30831 6786 18993 19226 25455 10358 20925 17789 20848 5682 29580 26702 29832 7559 20983 7437 24200 24079 20226 15171 20517 32705 29849 24504 853 25538 12826 17381 29948 22398 4884 10668 29128 32248 21327 12103 27225 25438 29708 8063 21158 28385 13965 4638 4252 9924 8152 28838 15880 31410 27065 13123 16822 2132 1286 27135 986 3619 4390 26165 16816 123 27860 6216 17504 29937 17441 30100 32548 22503 16312 31397 22700 8286 14694 7591 9154 30219 6618 17694 2858 32172 17321 5848 29900 16284 12181 13087 8213 23717 7694 12339 922 1302 505 27127 11774 26134 2225 31210 11798 312 25419 27481 17996 8784 13599 32723 28481 26500 19331 6110 28087 4006 730 5096 32685 705 31950 16768 25803 18673 3033 10438 17921 25464 30730 20000 16492 15375 262 15407 6009 7802 16717 27138 21068 28767 22206 20873 18531 7000 29790 19020 
24950 23879 16725 31836 3234 29418 10553 32650 12999 20655 399 31448 10287 24009 10383 22573 24944 25987 296 24653 28563 13012 28740 21255 1909 2612 16205 20401 6254 30127 2032 8657 13873 5944 3361 17949 23027 30015 9567 15270 16080 30086 6713 30032 23914 31280 8465 32645 19155 21787 20768 11818 32429 1391 15034 26322 17551 29559 979 23346 23723 7856 11715 18390 4014 29216 26694 2834 14824 13033 5575 10298 4525 15646 25822 2837 11515 725 8983 8080 2652 382 11509 4528 8462 8563 7990 18890 15458 13264 11609 30966 9826 644 16734 18881 26038 9896 18637 2338 4809 6416 21241 23472 2087 12576 25734 21265 29226 1505 9257 30646 469 25940 17583 6853 18176 22023 20545 1111 30133 22245 14566 20964 6875 20818 21065 6395 1041 29048 6333 8759 24285 22747 27006 20590 21254 24372 4153 2091 7230 21884 19919 11103 26372 32583 15447 32083 29897 13907 13410 737 19282 27745 6018 13028 29533 32579 9229 2797 2695 4919 13854 23608 11373 26483 6621 25822 30482 22785 21248 2379 11905 1997 32146 16883 17331 20989 11251 4417 17074 6528 26145 5584 27647 2026 11829 3294 32049 17535 11825 22782 27872 20621 29432 24844 7617 32256 22686 23398 19730 13360 3042 22873 16441 30461 17657 9946 30120 25630 8078 21111 23811 6838 13318 29069 23173 16680 22024 29882 6560 7469 7229 8341 29411 29220 5460 32413 26913 6569 20042 23152 464 2664 3560 7998 31919 16691 27021 10620 11948 16467 5933 24797 1028 6428 8346 11902 28076 13253 23554 9056 15856 18806 19897 25372 14426 17569 22329 9938 22741 31638 22376 27747 5650 31058 8217 9696 9003 18584 25812 32066 29830 30020 1754 91 3069 14299 25188 18700 20539 32614 300 30137 29545 19841 22062 1530 11531 6319 26288 28563 19236 10480 1152 32679 24225 8854 32125 23592 1780 13140 25688 14738 8448 5528 22172 6361 23861 24090 25580 8607 252 18357 31372 27819 22357 29047 32036 21143 5310 17140 26048 4808 12888 27359 6682 26276 1093 11227 21788 21758 3924 27534 18849 22997 25056 14327 25212 13887 29685 14082 17339 31904 21173 13402 28973 11551 6906 16767 
15905 30299 1853 7192 27249 28249 5303 20106 4287 22466 965 16073 18943 18251 14225 8047 10805 15732 14575 30475 31360 2165 24709 12731 21592 629 27695 28925 532 32766 930 3522 18607 686 28751 196 32459 1071 3210 9498 5366 28009 11755 2313 29485 3573 3828 16670 20382 10197 31733 29049 25266 25443 18221 364 7243 16264 18482 11589 15947 21038 27283 27239 85 27896 4027 20896 8407 31280 18456 950 1864 9729 10109 15427 23470 10214 14533 1731 14180 16482 21690 18924 21274 16114 24629 7486 22045 9280 13702 7386 10969 13465 15637 12183 31900 3745 31050 29523 17052 6725 2475 17287 31804 25586 26948 3614 651 14340 27724 27272 4877 4738 16645 9994 30655 14088 30692 16472 28757 1284 22258 30565 16582 23589 31858 31098 2314 9489 5316 20102 18978 21079 10121 437 15450 28068 16392 14403 23243 1337 29905 10899 18467 3484 4767 13179 28841 2958 28291 27106 3451 6718 9023 30862 27930 8636 15856 10295 9513 20912 7665 20448 4466 13388 3067 8039 17450 28031 19601 30810 19318 31340 12699 18700 28718 1306 28497 7656 20960 8301 14426 23814 1048 85 25909 24572 4318 581 10969 24567 1153 6631 9368 26634 26259 30222 13641 16837 17461 29164 934 4106 12181 9861 5619 3100 22708 12387 20705 6393 9069 32139 23985 8426 24243 14257 15260 29016 282 7848 115 2273 3736 26396 3203 2987 2957 29059 13755 20984 8450 27985 11793 17659 22062 15467 10529 32235 831 10975 1303 23381 24919 20178 31440 182 23508 9402 6460 29769 1748 15309 4103 20254 24312 1720 3448 13164 13929 9365 13209 32040 29465 13847 26776 24790 588 4872 1645 27808 9558 29686 11709 8101 31654 25641 16382 2963 28163 4056 17629 13432 24342 17052 16092 8917 17705 10788 13120 23541 4398 12587 26922 13436 1795 1703 9220 12611 27380 9539 23838 27235 10370 28432 16537 9360 22114 12663 29061 5289 15305 9587 22854 396 15079 16381 1596 14383 17585 26311 23971 1517 14820 23852 9399 11549 23879 32103 9500 2025 15152 4612 28798 19806 10825 25493 1909 11455 18836 20134 26539 13087 8109 30195 17728 12078 16208 25816 
29549 1876 5402 13832 16488 13820 17044 4738 18568 24627 10861 7361 1194 14961 4615 7219 6099 12214 31798 31981 8215 32473 8516 30621 3769 16925 10296 30144 19347 5382 1367 1557 10168 19563 8684 30033 25433 29899 12613 24340 19173 2789 22270 19228 12148 8834 642 10937 15974 28566 9166 19072 31815 25991 7544 3140 26358 24781 6128 32066 775 3771 6663 7324 22629 1948 2733 26121 8764 20226 32767 29898 13846 11867 32641 21216 26180 7621 5031 18556 25471 12068 23195 16311 25039 12145 29242 4227 1196 29269 25951 18657 22115 31734 32357 17749 20156 32017 8935 11671 11482 21833 7370 10636 10338 4030 29822 25204 15840 3554 16512 9317 6758 21640 3620 13304 27254 12094 18321 11330 4129 7645 15117 30982 1137 16478 10107 16680 26629 13551 29217 21861 1787 7238 27055 30530 21523 14390 14973 3138 7952 22656 30741 4444 2658 2539 24561 25260 1027 15255 14726 11113 17823 20110 30593 4631 8183 17308 32336 29950 5511 31585 13284 19162 2150 15524 15541 31700 32623 29930 2567 18097 18078 26439 7532 1610 28348 15733 9611 27452 28735 12067 22559 32224 30060 13199 11587 31870 4030 29015 24556 27069 23691 24717 22455 24414 23781 21257 24549 31018 1215 22275 20387 27689 17744 10209 1935 7701 5821 8525 26745 20750 17650 26763 10086 14223 976 16393 8923 1185 3726 14648 7512 19535 22105 14491 290 18521 1086 30 4421 21805 21066 13224 11226 15122 32752 3059 390 6055 26026 11164 26179 31628 27619 19062 8035 4191 26901 11044 21202 23274 11055 3815 31643 28058 12345 7092 1965 7987 21050 26762 736 6595 27226 9218 29491 21973 12100 2344 19031 21990 21198 5769 4210 13853 8924 15245 11293 25654 12673 28679 27566 5056 18536 27147 13245 17032 11123 26112 30433 24917 28321 13557 23227 29909 25397 1337 11830 17112 24597 6437 5388 24508 26992 24637 3213 12328 31651 9848 11676 13054 32094 19931 20474 10122 7426 17996 29383 25600 7502 14246 3653 28709 21819 4617 13024 14412 26404 30836 6507 27780 29482 14741 2221 24592 18647 19167 13340 32023 23554 31198 30696 8349 242 18375 5691 29362 13254 9044 
22976 3817 28435 29902 16738 4364 21968 12395 6486 23054 13423 25307 9563 8513 7501 27678 16448 9673 9292 23704 5287 5201 32190 10343 21258 29949 1158 9460 2299 13727 27513 1224 32176 9261 7691 17826 14270 28019 5159 17606 4133 29701 7518 28055 30349 4984 26436 13928 19151 9169 17175 24464 28599 20798 28322 10428 31497 7172 25697 28810 9921 5305 30438 29267 26527 10419 15227 5703 19683 4800 2057 1984 3414 17431 2105 1488 25993 22927 11736 8732 11105 28943 128 25070 15059 29510 4213 30085 8173 9628 4301 31152 8726 6248 23764 30619 5270 17763 27822 5864 4185 29277 32062 13825 31471 11310 28487 23725 32472 28144 8657 15586 22783 18539 19407 13787 8068 7633 6398 3433 26046 17836 3600 21390 24961 11540 30730 9288 30108 18213 27371 15275 17830 25008 5006 4146 14075 12849 24785 26455 769 12033 18423 6241 16048 2253 10315 29054 31569 22599 4614 29457 25733 21531 29811 21837 32650 8997 30545 3075 28602 7905 889 15544 25684 6691 16065 23291 4991 8 32543 24310 26252 24364 30994 19010 15228 13597 11581 28416 24514 3600 22869 11557 10314 19667 28734 6677 19129 12035 23921 18036 23543 24959 6049 5688 6123 14620 18078 24323 22149 25499 121 16561 20994 9432 25065 27692 8811 29763 1517 19592 4703 3732 8371 17996 12563 20411 16825 269 17815 26902 306 28482 1883 18407 7339 2131 16369 16389 18158 26867 14868 20178 12071 19888 8682 2668 837 7112 14982 4392 29091 27711 3249 3388 28136 19758 29418 8379 15660 11614 9899 19911 3420 9749 13038 12034 7135 5936 28656 5189 12153 18802 27701 22421 26992 2844 26316 32338 12782 31422 16084 31410 17319 29772 31807 8558 6843 21620 21974 10171 19166 1583 22653 15740 182 3735 5049 6070 12932 2808 28527 32580 17415 21801 3823 14284 8606 16925 25904 21233 5804 11957 24157 17354 25408 20184 17041 18067 21750 29382 13792 28835 26392 13993 31126 31902 11785 20590 21187 9964 4580 28626 14839 11882 7264 25792 14410 19807 24055 32730 5535 16049 11847 24918 15402 9049 19384 10763 30000 23572 7775 17099 25358 11099 8738 11764 23677 13206 
15389 5954 3348 9613 32581 5607 32527 13087 9291 21726 29262 6710 14532 5500 9377 23546 18822 16456 28482 29765 3157 30732 23971 9559 19647 25388 8554 11212 8260 7991 1978 28363 9658 4796 21429 127 21488 4447 8767 715 7058 1579 15108 17465 24652 6186 29372 10548 3378 32051 686 13688 18528 28420 31090 18886 2525 30353 10492 27100 6598 411 13782 7844 14760 30339 11181 18604 32045 14945 15119 30422 5627 23889 1139 5457 5849 24845 5242 2247 29203 19905 30068 2520 14112 2330 31270 21704 21379 9120 9675 372 23279 4167 21848 6027 6830 31296 3588 13050 31812 11541 5384 19624 31567 17141 13475 31588 12977 3405 21090 16668 17649 27544 15006 14415 9183 1143 17734 13764 31607 5380 14303 12925 17416 19043 2248 4583 16278 22939 26563 6227 26236 18852 12209 9641 1877 9154 9629 2139 7709 32273 10492 31897 9876 5216 14643 11204 28131 25410 29786 16420 10114 31075 29504 24797 18777 29465 9903 10783 29478 21563 6641 30110 25886 13366 16018 1858 18903 28765 9576 29215 22373 22657 18641 18855 3012 2498 19516 29470 2166 27556 21739 11087 20844 870 24567 5246 29482 4495 14740 24733 21543 11721 31126 27587 13682 21746 10548 23257 9883 7537 30220 4759 28881 1478 5736 6831 15688 4453 17088 16711 31454 10181 26752 4781 18173 27060 31242 31046 24003 28909 32767 6600 21856 11756 20411 16297 10432 22529 2846 28120 21867 9124 19858 26538 4265 13064 10825 17943 22505 29939 24519 27942 24675 26060 25761 30118 10749 26358 12676 24351 14699 8284 27768 7688 15771 8269 22886 23098 9296 11659 13272 29093 25101 32670 22017 4930 28980 20846 20733 1608 19567 529 23130 29091 26703 14306 13014 14242 28723 14803 27242 14832 19052 29444 9608 6597 10142 21652 18338 18525 8553 2487 9963 31658 11337 12808 11617 23366 24763 5665 2827 31147 24482 2665 23935 28070 21992 29742 28840 8201 25448 9460 31942 8609 26892 12 1462 7527 562 7784 16244 15098 11605 25773 7134 1357 26601 16266 26043 10653 16774 31305 3323 8871 10825 25507 2112 9239 120 13529 28574 23107 8548 28416 13471 21017 404 8860 
7051 7510 4127 21873 23014 1786 26970 31382 32313 27640 7347 12491 1302 3121 2525 15116 16214 26531 6446 26471 28069 31710 21317 22538 13633 30136 7151 25248 20990 11074 5196 31198 10638 29179 26669 21848 9215 9539 2753 19354 28037 28946 9841 4724 1402 13545 17416 22933 16035 4873 27927 29531 5301 32740 19864 32746 31511 26065 6353 20092 2282 12547 13691 26872 9799 22460 29988 32197 7879 12990 23250 7136 15689 14851 13545 29996 21743 31149 3662 6922 23402 21312 15053 26922 30840 24335 696 4769 11946 500 12753 1339 363 2884 3434 5906 15422 28418 30155 12895 16199 28755 14036 29585 29965 20530 19428 28060 21886 21605 6905 2196 6708 15024 27416 11898 2038 27720 6639 14934 29058 1418 21689 23941 22409 1517 22626 28501 18940 15414 31979 23247 28294 17131 4113 7892 20570 8457 17193 5228 23854 25337 12367 28506 13191 16321 15039 11508 9784 7800 20099 25905 6437 4092 17231 12804 6989 4327 26281 8424 25096 10174 29004 25276 2444 13164 27599 11730 16054 32239 18050 1603 13832 26450 10393 24709 5102 15579 14988 21055 10821 4229 28605 17755 12061 9392 4956 24925 20670 16408 7303 7924 19178 32260 3510 14799 24930 28352 25431 29874 25516 7244 21941 25545 7698 18262 29214 12604 23534 28774 20293 4099 24357 345 24805 20732 28914 11024 11943 20027 28645 19305 29254 8353 32555 28526 24817 21424 15119 17869 9201 2973 5825 5513 17547 20903 18262 3310 3880 31400 24593 31946 12723 23530 993 21466 6467 16955 20522 28291 21242 24388 25800 3778 29741 8470 11602 4198 19908 10246 20379 11645 28388 20155 25471 26380 15052 30853 22492 26115 5629 6640 10462 26735 28318 12186 19328 3826 9246 5953 29263 7792 4635 32544 3953 2572 17027 24444 14311 22867 2809 12922 19471 16054 6522 24115 2413 29246 13376 1290 27050 9339 12518 12350 29405 7614 26318 2235 23818 23944 8384 4662 12520 20033 20947 7288 17384 24877 4497 24314 13682 9885 9046 29363 20850 13922 3321 7726 31763 31879 174 10207 2762 15936 7723 8887 11927 27421 20234 26870 21384 3715 17007 14657 6526 30045 19434 10740 18995 23567 
10655 26297 28796 14507 30116 27738 29900 30056 18090 14035 25338 12112 17376 5548 15684 19768 12308 6789 147 757 12315 22003 15873 5325 20596 22154 28056 28460 3624 7739 24156 26264 26356 481 26508 13287 13482 10006 16166 176 22485 5195 6569 6143 30108 1816 30494 3917 19689 1232 16729 31663 26314 22873 8061 1869 9751 30778 8894 31510 31317 29686 12395 4274 14810 32665 19755 8376 26418 11920 11655 290 26050 26301 12200 10238 25003 14539 8802 26214 28401 4799 32114 20401 9181 208 28420 8427 12959 28793 25209 15491 17976 10700 25702 3652 9879 29449 2016 27526 26626 4719 12535 17318 10680 8786 26752 13491 10197 27502 7448 22634 9333 14715 30053 23909 27676 24066 6047 16527 31062 21870 2639 15067 31642 16998 4695 14134 17780 13146 12851 25786 26084 26204 11902 14628 28929 32562 15288 30600 15329 25513 14662 3907 4029 12844 7610 26418 6225 1684 30805 26913 4482 322 11210 24966 30787 17515 17989 1904 17081 23476 6828 16570 25501 16895 32549 30340 7395 31108 21720 3555 26009 27171 15606 22744 26385 31224 7930 4991 21826 5169 25647 16777 9836 4636 3186 32748 28155 14980 57 7897 24238 19262 17364 6127 14328 16639 28659 13486 8871 20849 4969 31022 16579 19333 25135 10001 29881 21002 21932 27830 9144 9343 8755 5295 30556 27173 9678 18806 25226 13145 13370 16731 28059 9505 25650 26305 3516 773 16881 20618 2964 2848 2802 7888 15656 22646 22266 4054 5884 16264 21080 24894 22651 22822 28011 20860 22425 12165 9574 21898 12215 16785 19024 22237 22471 20612 26191 3481 25520 11192 10789 19201 29940 28345 763 18481 7824 26015 15710 19727 16420 2971 22919 17279 7251 22479 29919 2774 11885 19555 27842 8082 843 31701 7811 27464 6523 30864 26801 20701 3230 25281 20889 18681 4109 2150 30476 8889 31939 19367 11107 15524 30327 17258 25535 18913 27656 18978 23446 30631 30494 28391 4459 1780 24335 31948 220 11906 17151 3181 15842 22775 12108 21447 21845 4955 8745 10317 5806 16336 17288 26424 11025 24701 21566 14366 7563 3788 6241 24006 14488 29397 16629 2363 23784 20250 6344 25375 
13666 29812 30875 16194 27754 12877 18050 11891 18015 5904 1166 25238 17768 5342 12968 6391 14961 24195 1984 32478 26480 4264 17960 17508 5869 31561 12090 20868 19649 8042 23105 20853 29726 13574 29335 2103 11983 19785 8458 9837 10689 25855 9348 3946 6851 31563 24044 17806 19338 156 21319 28883 22008 12765 28195 13219 30110 13292 31029 16877 4735 846 8513 28279 26902 3105 32058 8822 29595 32337 25003 29532 30851 12815 853 19185 25158 12415 11545 21925 17508 13489 3353 11044 12714 14547 23835 25900 18353 25509 27182 6299 5033 27181 16271 25805 13396 14763 30925 3364 23893 32207 32556 20712 8107 22314 13895 30034 7033 21987 23546 13795 32520 3243 8063 3834 30478 20466 13271 5798 29745 30043 24940 22457 27079 10094 23284 25374 27104 8590 22936 2924 17030 26666 17494 32442 67 20791 26276 12982 31204 28893 31318 22257 18813 15984 2241 16765 22189 1443 26401 2490 22051 30712 21048 17773 25185 29307 27960 7186 4544 19376 10211 9332 11701 15818 20465 16506 28498 16669 20914 27460 25872 27350 27636 11638 26059 9194 23335 11220 13582 19532 16319 1040 15505 7779 17370 27615 32512 26299 17443 18002 10238 25595 32758 9060 23914 25367 5317 24016 13793 27590 18618 19237 30852 4407 26781 12827 2555 15103 15609 31528 10938 31319 23162 20303 27266 16260 20890 6457 29995 918 380 7302 7330 14933 4632 5989 17454 8313 22937 8802 4343 14873 12547 17024 968 5478 31769 24968 24596 9625 26750 8352 1079 18986 10266 14623 5887 22083 10943 24480 11883 11380 6925 23894 21426 17064 8851 21407 2183 8792 14646 24027 12700 14590 983 1406 2661 3277 1584 15460 1566 10655 11263 20837 16911 23087 28007 4906 27919 392 4755 5438 18503 10429 23196 19304 9528 5339 2477 28473 1280 31004 8805 25569 15576 6493 20092 3143 17378 28882 15018 18264 3618 12537 27076 1694 6345 11468 17193 13077 3002 1083 24668 21563 5191 9177 24050 11623 23867 27862 13231 17755 18462 6445 22508 3100 19380 12318 12859 4866 7111 7903 8526 2827 32294 18831 6165 32116 28910 10347 5671 29323 1544 17732 32611 31423 6131 11569 
5847 19961 15300 10881 8417 29999 5227 23283 28819 12854 27447 30250 25692 6615 12701 22619 5605 5158 20533 9545 16698 14095 26373 6003 10026 12082 25346 20363 28400 10993 3284 14379 19219 31686 29914 20932 25994 25050 24686 31447 22308 13780 7274 2151 11815 25839 22762 17070 18487 29520 29268 6671 890 30870 19350 10316 2810 19122 7599 20985 16971 19193 24689 7216 5229 2423 12421 2695 10739 12935 22191 6463 19045 31393 21587 10174 27876 31858 6457 26431 15372 15666 18061 8649 4383 19250 9002 27997 10847 10932 9496 8052 8379 1280 13394 5289 24750 19892 2765 8370 10853 21084 21943 14996 23840 26690 31740 14615 4570 11400 11791 13176 18732 2675 8935 23135 12399 31754 9800 23824 16929 14560 23619 12005 17801 18222 24064 16636 29086 8996 5051 1069 14118 28801 28685 18239 30235 27234 28781 17755 8786 1367 1782 30912 7007 30652 20843 1465 15283 7239 16760 20940 25351 25309 6714 6965 32766 17322 26370 9363 23813 26736 20310 18656 13438 31 27705 2982 20511 28839 685 31088 14228 23306 18293 27775 12908 9653 4127 2495 8498 272 5442 2554 29146 6740 10757 9034 13152 28829 3296 9940 3243 64 13735 9907 6839 14430 17604 14387 31219 28345 30659 9792 32488 17863 18197 10270 25116 14597 4365 28762 25398 17294 30255 10240 10082 21740 19114 10766 22263 2094 16675 4905 15960 20794 12980 31119 30232 5221 10293 24909 22113 23617 2234 16562 14742 8630 4444 10499 21047 23125 31293 26480 6149 16616 27846 12871 4199 3150 12083 13928 30221 2182 10578 6393 979 17929 9863 16730 26344 21341 30996 32603 7215 13543 25239 25005 15589 3841 26068 20631 32389 13900 26037 16618 27112 6727 13711 4919 3505 15905 32423 29503 12264 13260 7925 19371 17125 19795 25896 8702 8560 30829 19946 28359 22054 30802 9828 17947 29215 29133 14341 25666 14029 32147 24959 29361 5927 13523 16659 6456 21511 27662 21519 12157 14289 4137 12181 8873 13654 22977 13981 25441 28152 19134 28989 28664 25358 10795 26921 20195 22154 29253 12150 3437 7897 25809 28579 5804 29194 14771 13273 30387 27699 7101 15986 24073 21776 26565 
7353 31066 26862 25082 22256 29037 10439 21880 24984 10070 30127 21017 13292 237 31598 31886 10159 22910 11887 9391 1575 27330 24793 5648 26218 16910 13051 22229 16600 5579 25325 18631 23529 3878 16244 24743 30249 23560 16935 26562 20864 7497 5328 31685 951 1313 1557 16595 12344 14815 12632 31189 3861 20701 24027 31505 25932 30131 22824 11007 21066 4523 20656 1367 5805 1909 28338 21615 14414 22300 15966 5316 10111 15929 6971 14038 18833 10343 12230 13114 3226 1014 18268 9450 26740 20196 30553 24031 28937 28680 25474 10722 24014 12433 8608 13215 10894 27055 110 16379 13673 14992 13749 13223 32284 23182 14262 5877 27267 23463 17864 3051 13404 28973 25666 27287 25677 3774 20379 30625 32297 29559 10960 26919 17007 30053 27910 11716 10515 8508 21105 10738 31105 588 21620 24467 9184 9904 27914 13258 16275 13257 10596 18191 21254 7915 20436 4995 18599 24149 7401 17792 13618 9831 23516 629 21298 1807 24106 4593 22469 32133 5763 7421 1183 20024 23267 30639 6993 15112 4607 10492 5579 27061 20450 9422 18464 3735 9688 27734 20362 12176 10635 2212 29358 4928 30572 4981 22305 12407 13396 16972 12330 12784 21099 10180 19146 25148 7498 7972 6905 5116 20828 5684 11827 23123 17034 10575 10035 9627 22039 17850 9983 6231 21448 17972 18212 10345 21065 15822 2371 24710 17100 25853 24524 21990 24563 23790 13322 9792 1008 15641 3424 4597 10731 7961 15826 1676 7843 7355 14278 11614 9305 29781 28940 21138 3562 18265 30493 14412 5435 10025 6304 10786 28889 25645 18483 25808 27873 21284 7271 9772 2846 31927 4364 31068 28274 27476 28080 4934 5495 2873 30050 21320 10341 20687 17340 15401 24119 6458 31520 31056 15625 31022 10305 17460 14789 28164 32485 15892 31486 9485 21482 4584 17180 19750 30855 29335 17850 9868 23253 18794 27724 17650 3982 10433 19973 14289 10516 22277 24312 3328 32693 1501 6781 24964 20269 2469 11478 29865 19820 9500 24594 29010 7834 15708 20530 24973 19033 2576 10891 106 5706 5601 31851 24078 27090 9009 21759 2563 7966 18700 15988 14290 25956 23643 21085 4564 6252 31067 
27989 11845 12624 16718 17893 23194 13440 8305 27304 12564 16648 12333 27564 11414 9494 2449 13084 11956 7094 7168 20764 11276 6113 23591 16117 29401 16566 24370 23922 16325 775 13888 12938 5375 23575 7700 10814 1934 16802 22285 24261 30437 19230 14680 11239 25271 65 22884 4519 21260 28867 20630 10788 1685 31077 32319 14017 23356 23090 21707 2180 9472 517 1851 18364 26368 13131 10965 24295 8917 26122 8473 3282 12837 2851 24056 25090 24181 5332 24129 11603 11071 26752 25180 7135 1605 7603 16698 4129 21028 11873 26508 29787 32556 31854 22323 3124 9839 20595 15096 2470 23320 13760 25214 26903 9727 22429 14964 22726 24442 17366 5391 12137 23413 13942 22200 13845 7109 21202 23298 18781 31929 28105 9694 5566 4082 19787 13586 29499 6517 280 1511 9284 25343 14538 8994 31708 22937 15126 20278 12027 10603 25167 7864 21809 19413 16939 5907 23693 15292 23242 9597 29885 17442 31988 554 13686 7418 17315 21439 1047 19002 18113 9993 31881 28977 27442 3823 24937 6171 29717 165 22377 1011 14663 16419 28659 10376 10025 28886 18192 24275 27556 7829 14473 21896 29802 21206 28748 28651 8830 2594 23056 1765 22262 7622 13372 16471 15616 30156 18949 28846 29987 5929 6359 15032 1479 25144 25847 25014 13560 5479 358 434 12135 26673 20232 8722 8369 21068 14085 22126 8420 21283 9328 24991 6976 19846 16679 3864 4666 19360 31226 13946 25799 16170 3599 7522 30934 4575 11652 11141 28446 6704 27479 9472 17435 18488 1667 24297 595 7922 20076 8746 27102 19882 9853 12431 12581 32177 27920 8221 17130 10325 18830 166 7561 2320 9687 32666 14205 0 22244 32288 3365 30871 14507 19813 15304 10388 16706 1332 19928 15154 20296 10440 7283 15519 14209 3550 27183 22959 21952 14862 6935 18386 9482 10842 11761 26948 8952 14600 23235 387 605 5549 31381 3590 28969 907 7287 5932 30093 21020 27590 3443 9824 17391 19372 1770 17090 22451 19430 28905 27903 10130 23242 2559 3254 21184 22664 14380 7226 9555 28592 3920 25912 29269 22260 7140 28826 21527 24624 17896 11692 18121 30887 24604 5245 20808 
32399 14195 18313 12343 4049 14021 30868 14161 13834 29380 5337 23805 5077 12849 31844 9251 30540 18000 18621 22591 30156 18329 26310 20404 29945 2736 2022 10338 17666 24983 11879 12922 12327 32035 22813 32145 9080 684 4681 15348 21727 10761 26044 28732 2656 30651 576 6434 26272 26473 2611 20372 24228 6797 22389 2824 15580 24428 13957 16 21856 9291 23782 19758 20345 10976 7880 27114 10339 4103 10212 3107 21329 31670 15272 30627 6834 3379 16532 27638 9907 22404 6884 9339 19717 552 6767 7867 3552 25092 32719 6906 25160 7840 23746 2828 16271 14227 21456 25450 29723 32316 31534 645 16745 22451 26339 8794 22354 23295 7721 2119 5261 8074 22 26397 12406 20434 23419 10102 12813 21600 15885 2633 22594 11006 16066 22971 22384 15909 18302 7224 4135 20661 8687 32195 9006 20968 19381 25482 1736 11657 21959 23998 311 27745 21266 27553 11391 14579 6755 17889 26476 7273 24454 8996 22486 1997 26544 10980 25124 32124 23834 2685 14863 28376 1519 24708 28841 8766 25192 29275 9117 13624 30261 24578 12728 3827 16672 18992 6312 22259 10989 7843 24580 17413 26244 32436 13709 22389 4178 29742 7860 22658 3052 26720 25436 9231 25845 4465 5600 9371 14147 18932 23640 1651 25149 1724 24344 31782 2951 24306 122 10042 13538 23140 16862 31005 26957 31264 31214 8286 17776 12098 16423 22045 24379 13322 12693 8129 20683 31538 29405 22761 27277 10622 4993 6564 20645 19860 13920 19684 1937 18958 9084 2864 13321 9678 9984 3482 4650 13969 24962 19697 26580 22983 28037 8503 30289 12195 32322 30037 12087 3182 23464 25358 12431 5152 24481 19250 19510 13361 22679 15892 7812 28589 30007 18493 30764 12679 7540 30562 8035 6447 23759 11156 11333 30054 16854 2231 1140 24914 22251 7221 14850 14285 6215 2804 20881 20739 2879 23429 13240 15932 23237 12446 19881 30710 7473 1994 9489 12855 10050 20575 25408 19233 4191 28336 7050 1991 19491 32645 20717 4927 32025 28616 32500 29689 25796 15489 10714 27470 5347 28421 14835 29532 17906 10601 9800 20242 30452 22333 12929 24711 14960 22135 17417 14736 21690 11438 
4716 6801 3955 7305 14084 21395 26195 12150 24532 15255 28966 1951 10676 12842 12053 3610 26031 24378 5927 20831 19881 9512 4616 10240 27716 31006 16648 27540 15365 5539 13926 24564 16819 15213 719 6827 9728 29814 15394 32423 4716 3410 24950 8245 21861 14527 16478 9516 4531 4478 16236 30055 32019 28257 12787 20345 29218 15526 6417 5533 22909 21635 30189 26348 11815 31746 4414 22739 8491 3087 23565 25795 8322 27599 19899 24106 17718 22068 25413 1187 27848 7631 9159 1641 464 25317 20031 1810 14307 28612 5268 32378 16057 12119 2007 1021 12431 29177 6600 23017 16331 29831 22428 19762 26591 23993 16893 15720 9583 9650 26195 24807 31158 7125 7490 6478 15654 32475 4723 27698 1358 23330 31128 29715 8705 9032 5290 23950 30133 14073 28533 17621 11561 19461 29783 1885 6731 28086 15941 24022 13912 1632 19470 21088 3909 10041 30948 26364 9310 619 24088 64 30253 19304 549 26704 19869 29054 30960 32265 32351 26795 22862 25727 10381 29874 11207 18090 15757 10862 13978 860 19513 7015 19200 21878 22588 24483 30645 19548 16575 29119 17589 10406 31302 4414 23619 28953 8148 7968 17712 21461 8022 10422 4698 10191 1342 5302 11123 8834 11119 9867 4868 5602 20313 19438 19889 19090 21349 26810 20158 19030 12179 5372 3538 11979 21857 330 10747 18518 2800 30039 15859 12634 354 7364 18850 8622 10886 5688 21731 5710 4535 30898 12171 8528 15361 17182 29352 30234 21382 27175 9990 1491 8736 30797 13560 16407 8008 29751 340 19439 5431 330 23488 19712 8522 28282 8748 2306 5035 10080 15776 372 29230 15245 23608 21902 8825 28703 3181 120 32616 3986 7573 18361 23984 27608 27053 28146 17346 18091 27735 32204 22770 5154 19231 16687 20440 19330 13058 14517 20470 14935 12081 10078 8860 3524 23826 1669 9993 1560 8584 30226 20947 2209 17268 31986 15241 965 3964 11716 662 22862 26891 981 1128 17158 27800 3151 12754 25988 1836 12205 687 1349 10014 12146 19657 4607 27169 11291 505 31793 27778 18258 6543 2303 7594 13924 10483 6205 15850 22773 28557 4298 27000 10227 23011 26399 
21684 4296 16385 29223 7600 4308 25374 594 22256 9498 28284 28389 12142 25145 32656 3476 23521 18591 31075 18514 9535 10489 10040 17768 16513 11501 29295 21956 21414 22540 12201 7572 19450 5378 18221 11028 27032 8976 15499 28580 9262 30653 22911 20254 19712 26824 23 14694 4656 12896 26648 579 18236 11671 19359 27501 5832 19221 18180 5351 414 9737 28675 18318 20211 17254 26654 19955 20972 20811 28221 20326 10336 31426 13208 24915 22240 9134 30678 17106 26100 8447 12406 30329 25768 16680 16239 11892 29767 14547 32019 16088 16743 18387 6457 2613 3621 10842 6043 7275 12722 10860 27517 26558 12559 26003 30352 22572 21780 6869 28437 12541 25015 5347 28997 26781 21131 1171 16369 30375 16519 24464 30822 18498 21769 5968 15763 20144 28186 15431 7790 23588 22516 24923 15251 17108 16322 21399 28718 27216 17318 31267 540 20242 17408 29300 7501 8278 23022 15552 7789 28716 5903 3253 28867 10699 29325 4714 857 16936 1882 20374 6493 22215 1977 19712 31175 11985 2561 17462 16956 21096 4765 4482 24882 11319 32600 538 31574 26957 14296 21143 16426 2859 18279 29096 29171 24603 17402 23304 9426 21956 9835 7853 31025 23036 30730 26691 21856 15837 31060 6872 25216 20251 9730 21721 20641 7060 14918 28733 9767 4905 7505 21248 7794 31693 21784 9171 23486 27611 26456 14098 28743 16045 19415 18422 689 14186 21486 21004 4520 17951 11076 7909 6852 8978 21980 23567 10415 13395 20306 19781 3209 29075 12129 28387 18059 14905 30633 7325 25067 20915 28335 4207 18432 30218 11302 19927 20135 17594 14957 19779 1509 25024 29016 31685 2254 5364 28211 25358 21925 20889 19716 3482 28996 23603 1809 31528 22974 664 6818 14701 3140 6730 24584 29961 8773 14596 12254 5818 18905 23443 16015 16592 7520 28391 20761 16609 7782 28522 12048 18877 22475 4753 30181 2468 27424 11952 12648 28855 3411 21778 23948 15277 13967 21065 13674 5831 2398 2243 29577 27910 13585 22942 26461 14235 22369 4029 1037 24991 8534 284 19578 5124 17256 23136 16508 32204 25829 18611 12142 27768 10898 30158 5102 18628 4245 2647 23774 19345 
7058 10862 18350 32547 9493 8323 12254 24716 18224 10858 30654 13672 11109 7345 28281 27083 16581 20529 22353 2680 7514 3555 30252 12116 3779 27893 17744 27162 7710 22301 14443 3407 2859 10030 12502 24441 685 5609 1818 3724 5140 26901 19892 30629 10842 6354 12565 5882 3115 24362 6381 13329 10056 26089 28329 7729 11053 1710 11578 3351 14066 20803 7705 31209 7791 19498 26504 1136 2723 9080 20506 14465 31063 14823 23413 18364 24574 20518 9303 2938 30176 13939 6103 25344 26999 15468 30190 16889 1305 21282 15157 803 1752 5488 22512 21320 12199 10891 22604 18544 19902 14041 25061 31061 17983 20231 10891 10519 25113 8534 19526 23345 25132 18741 6807 25516 7855 277 23809 18322 13775 9849 4808 422 3481 17484 9209 32594 11546 6008 9130 27105 12485 16820 1923 4078 24085 7837 30846 796 6771 28425 8426 15880 18777 20120 7094 26236 21944 10124 26860 32742 27287 6362 2940 8712 7933 640 13371 2032 6418 11290 7723 2859 27777 14768 32765 24374 14368 25299 14036 8501 18131 8168 3660 4071 14254 16835 18875 32730 29017 10104 21175 24539 25785 1645 12504 25009 25292 30900 11966 6923 2517 17816 20566 12982 3514 6262 32346 28179 24490 6607 2839 13001 30978 7834 29811 20663 19826 25055 1838 10285 10332 31873 18280 91 31100 3932 16996 8713 21710 21391 11659 2697 10668 1307 30388 19178 30007 23470 10658 26479 29689 1465 20174 19263 5833 22984 10087 9310 16110 12819 27288 15324 1415 9808 26633 7757 4650 6092 13224 10361 17611 17338 16041 19540 14047 20427 459 8752 22466 1279 7390 6705 10326 11450 3970 25089 23022 17434 28465 21190 21610 31112 16000 31569 26531 10381 18849 6808 11273 18407 11309 7783 22154 32221 25632 31314 950 20175 5670 27374 15905 6673 26389 31041 17417 22778 3770 21110 20537 21559 2008 18389 27181 17253 366 2803 375 2784 30009 31270 22626 3029 1914 4412 468 15007 5113 21101 30329 28496 3146 15245 1309 9357 2895 7047 8794 6304 16894 23558 23412 1224 8548 4981 28801 24275 26090 29482 22989 22767 26584 26078 15484 5054 21783 29281 4721 13992 
14395 13963 2415 25205 28865 3702 23934 12827 148 15338 12945 15828 21206 8729 12645 21620 24542 27021 27564 24314 21117 8286 19307 8805 4742 10920 4513 21449 22669 5948 10281 12961 12014 11414 19169 7527 1042 16912 19468 21602 12781 14677 30709 24256 7883 11287 23510 17892 23373 8709 29687 6913 25006 25335 1306 31464 23115 14700 9495 1054 2403 14647 14020 29490 18971 24181 23831 22861 15045 6338 10639 8459 32353 5805 2511 21897 14180 25961 14477 24512 8121 14533 13738 11793 25094 28509 2466 31264 6192 10002 22567 8422 4897 30137 1545 16642 20425 6672 30297 4944 15714 14582 8910 12733 14585 31451 4967 16474 25130 7541 31058 11439 11563 19892 28941 30545 22028 24057 12235 15287 6460 11395 8217 27209 21840 20009 12737 26810 31232 20815 24815 3224 26738 11539 14482 9249 10428 12487 21509 345 6308 1956 9199 15193 30633 9404 31336 6634 29768 11057 8797 24402 7800 9893 1589 25710 25463 10225 10676 15105 30408 6682 31520 19020 19581 25473 16291 6623 2226 10073 7921 16046 2138 15198 4650 7783 26430 9668 14850 32003 10050 14190 24607 2204 23786 5729 10179 22398 1310 19576 12714 3200 26666 11865 14134 5525 11785 11943 24777 14494 2019 29050 23410 25218 4820 13324 29133 27777 22511 23733 11300 19397 3459 18201 15322 24378 32156 8352 13834 20384 13773 26918 24939 13791 25645 27636 7031 31642 1440 17647 6348 10758 18776 17936 1234 6909 19867 20756 17566 16462 6598 31093 24854 30040 31122 664 23638 3799 7574 3656 30291 7421 9485 3939 9406 5061 29914 21715 16940 19844 32713 16576 14451 7104 25624 4 10839 23110 566 21984 24678 14455 28874 20461 32032 11491 29175 30293 15451 18201 19934 19522 16870 21436 13925 13463 15213 1754 6199 3807 22940 8314 32013 8322 25735 16244 25387 7743 28490 22150 11821 27094 28396 30627 5379 22533 14474 27022 12603 4790 10929 15272 4990 27511 1547 19463 350 12842 14654 29639 16463 25598 9233 19877 4594 18078 5585 19145 17818 17320 2803 2532 777 6240 28154 9339 12922 11686 24475 26243 9701 11301 18975 9261 26494 8398 17418 8707 20862 17797 
1530 17204 21287 16921 30673 29228 1794 31098 6422 30568 32364 14118 18585 12937 26192 20709 12118 27047 26934 4278 21148 8935 29309 31497 4463 15440 14052 17710 4394 13786 9808 4110 23913 25032 10953 15129 16165 28472 22725 25471 3873 761 29865 25507 1925 21148 29069 26317 22729 30158 19775 25886 1493 25061 28043 7114 19303 17336 25274 21889 5812 11188 13145 5934 20306 16428 5436 1252 30805 27121 14274 4885 27833 12067 857 22534 15104 12358 29253 4479 25627 31640 26270 12999 398 10914 8600 3792 5840 32270 16392 29358 4592 27576 24611 17485 16254 21256 21640 31076 13737 19326 2177 31397 31397 16782 31109 18231 27216 21935 27138 27749 7956 12719 12634 9624 25103 18505 19755 14466 26225 13049 6100 24989 21542 8719 18485 25812 26038 4867 7862 5759 7529 16648 25482 28821 21934 995 6709 2077 12477 4350 3659 30438 11132 21176 7547 3448 22431 18944 25293 24906 276 11810 10024 2870 17054 16096 15127 10793 19904 31941 7628 32287 27100 15286 5478 12111 28316 17354 7279 5538 15761 29788 18601 5226 32538 7518 3850 24145 9864 751 2309 13711 383 16176 7947 31841 22175 30292 15442 10678 22372 4343 28629 30251 26955 28849 7836 21817 2615 21226 11069 3757 21522 22000 13987 3161 25527 21574 24078 12298 10000 2624 6747 17850 22139 14796 9350 26118 7539 16531 877 23778 13932 21569 9942 26763 32254 22816 13236 25789 16710 1772 26022 13863 19338 20451 10689 2588 30491 15899 22159 16011 17792 15128 9559 1585 17104 30110 20639 7437 14432 22980 31728 8468 29342 20298 18649 25383 7741 12844 15670 17474 147 14711 24243 29430 3903 16476 10123 7449 11022 9603 14486 27068 544 13474 27778 20317 23878 20045 12384 6750 23727 16912 17763 14262 26564 3771 20453 6119 21584 31997 22443 15920 2276 18484 7530 20483 7802 18820 27018 14521 17752 22822 14377 13701 28983 23043 26211 23974 4261 9090 17617 31457 21416 15774 13135 17967 17828 9019 10755 23731 15998 32442 21403 238 28418 5323 7381 31798 3202 20866 23877 13412 24512 11182 32083 18894 15119 21094 15747 20853 7092 22756 761 32639 31378 21655 
19772 21991 4103 8563 14650 11123 3857 16524 13708 7910 7093 1251 19452 19063 161 639 9284 19331 26640 29632 9241 29311 7150 2289 20584 12080 4412 22044 21472 3358 17079 21282 20144 21574 7860 8714 21394 8719 3151 3994 13832 3711 19396 548 3557 12719 13853 19107 5136 7548 8206 3079 15493 8064 25629 11468 12700 24385 22533 1745 5262 11431 12637 18792 10037 4788 7541 16809 17171 623 4225 32013 16790 10785 4089 31288 14746 19652 31807 23573 13872 11705 7555 21288 19102 25785 30692 12576 10151 11790 10967 23212 5644 2819 24525 2960 31314 18073 3088 8440 17862 12923 2542 24076 30911 12340 19738 24260 6691 23200 13903 11518 18476 25504 18998 11214 18028 31250 20362 19733 11535 19457 6266 17749 7521 31000 31567 12739 8080 2397 15950 25758 3506 15388 31456 19392 12297 17184 15344 9587 28294 15913 23445 30597 15245 2715 25585 31903 7160 15220 30553 31698 28766 19840 949 15987 25493 27600 17706 6185 8821 22632 23543 13636 16607 19768 31133 9040 28670 26958 26947 18410 27085 32329 30552 14803 13786 21009 31866 12355 11081 10437 3991 31872 21531 10997 9042 16814 5553 31762 4776 24297 17035 5410 24787 16273 31062 14264 12398 1509 29990 3364 13787 17364 13056 17895 10466 13839 4251 19818 31130 13667 18535 26095 19597 21062 28367 16583 535 20144 21691 26309 19727 27180 29530 1268 7337 13358 17694 29061 23963 22695 12296 32011 22143 6871 25893 25579 9081 29282 22873 29709 5401 32423 15195 15064 30339 17485 2817 20318 32461 26910 13758 3283 29096 25113 23657 20804 13123 18370 9791 5253 21356 17597 17708 27500 21497 21147 3910 19260 11878 14580 20890 8548 23743 694 16428 4970 27072 23996 10041 31522 19516 6307 16831 29475 4539 13017 22848 1915 7271 13046 4802 24226 30761 14160 3354 28333 2831 29897 13418 4804 9457 6124 28393 5334 12884 15417 1762 32651 5774 28092 30208 19579 28971 26853 30152 17053 21136 3219 31079 6402 9182 12914 29870 12739 17945 24967 5211 312 11402 3849 19354 30058 30305 24947 23243 29131 19359 10711 13190 13093 307 1909 24028 12241 18531 27020 17120 18473 
28014 25456 103 23359 26992 1757 10763 5072 19333 14475 7030 371 15665 13058 16349 21014 9728 11184 29386 16299 12905 20025 24095 1567 16888 526 31064 30092 173 11841 3600 29871 12191 28568 26054 1948 24804 29920 1250 11952 10933 30083 5875 12744 5582 30301 28731 11184 19220 20684 18541 27103 17530 12294 4789 29793 1317 30896 5881 21012 7375 20140 12383 23831 31337 11570 21775 15232 20996 17698 19258 20557 6641 5528 12123 14494 25383 29377 12220 10529 4326 28398 8508 16333 13210 23015 20817 7635 2818 19074 14665 24017 29585 26228 30421 14921 17173 23654 11719 30803 22678 17484 14107 27278 25473 23026 16692 8284 9734 17879 17769 5455 14014 26687 30400 29918 1425 23172 3577 18013 10199 6829 5839 5420 12221 5441 8826 26926 4842 350 888 9084 25699 17157 30349 4955 26028 18360 23817 22380 13105 4423 27721 24355 4068 25319 30336 8314 5158 17540 12472 21991 17387 20568 6675 22667 20505 32445 26711 27308 1842 25663 7593 1637 14643 5622 11161 1180 4796 10259 18271 12341 13168 31416 21348 6533 927 18701 517 15882 3363 11920 5523 22617 23431 5804 24990 27735 10095 19086 29043 25516 20787 4404 30691 20085 28366 5574 27718 7225 28919 2090 30912 24863 9101 11219 7619 31582 3384 18649 11989 11508 29262 13135 3220 32155 32499 23761 16375 30969 23685 9308 23254 7447 13879 22626 16813 3348 28923 7966 17053 23579 6822 14630 7603 1170 21582 21055 25197 24468 15351 21620 18042 12450 6511 29034 22978 6549 21111 21998 15270 2775 27171 15312 13705 979 3972 19956 24207 14250 32644 4774 11428 27176 15888 20526 5825 6390 27261 8100 11370 17681 13092 8710 18044 28794 11344 2952 13605 9264 3675 31019 3892 4699 7955 17553 1683 10442 19042 18960 26129 10143 11823 21765 7269 4169 7551 9835 30832 179 24288 18860 31427 20155 10759 11190 24673 30694 10424 10322 19142 14674 32486 433 10536 25580 7708 30280 18172 16610 26651 26847 9148 6748 25797 20196 30696 15463 3897 22788 2891 561 32320 2557 16511 17276 27624 12205 31155 13901 24686 29295 15020 6372 1121 28328 11274 14321 24069 3229 
25549 9477 32246 2696 5911 12615 24333 27882 6451 104 32135 18722 19415 18393 26980 7743 25766 3643 22542 12307 11257 32535 31035 6280 6367 9935 4884 824 28259 10964 10647 18231 15885 21018 13626 21299 29611 29129 11473 8128 20048 4662 26289 7149 27294 24593 5398 18459 16961 15840 25026 29455 17596 2475 27879 19781 28008 27385 13127 18055 31417 15612 8090 27071 10948 26889 19248 11018 8446 17739 12759 23565 22855 19383 23807 14988 19495 15682 18972 19768 10327 1362 4172 713 17795 29043 2362 18253 13390 4428 322 960 3991 21201 13014 15324 29434 11962 4384 15922 15002 31027 9704 6778 28702 10965 1721 21032 2298 13781 9535 30528 23024 15227 32500 11626 25558 13782 28668 16713 23961 27055 11596 18953 8066 13499 10770 2359 21432 3092 27729 31958 4103 16106 5324 22447 15583 20854 7718 21480 28064 1072 5959 5080 3604 23362 23810 1306 2365 14908 5876 31200 19794 26633 31663 27786 20740 3874 8216 8568 32261 3585 22029 6940 9419 11225 24139 5203 23954 1412 29071 29941 31392 18109 25852 29866 28620 911 28093 24576 21313 17933 18411 13243 23424 9284 17585 621 32420 29294 942 22598 5866 25961 23450 4396 12400 14695 13869 21774 25661 12518 25404 11894 25730 32739 10022 28510 7711 30538 2158 22597 4969 1202 8361 13698 21547 23111 29851 26327 14059 21255 6045 1353 14190 26418 7745 6959 7806 17659 9273 8842 22250 24964 26997 15764 5071 5641 19084 23964 11286 7516 6237 19472 20286 1425 4854 18908 30555 27130 2997 14578 15455 2390 29356 1066 27801 3141 21322 14669 3707 4095 1080 2412 12192 18758 3714 9079 9486 21401 4087 7435 8376 171 7378 23946 16455 15379 25754 16241 31001 22341 7750 23526 1418 20929 32677 13457 14195 29066 17405 12205 21489 16346 1523 6751 23656 15892 28842 9542 26823 26362 3119 3923 30477 20512 10517 29403 21516 32672 12124 26858 364 18960 21656 30427 15604 19633 32078 31269 3333 22505 19874 1656 30311 24052 11567 27145 16201 14806 16951 19498 25474 25236 10236 6685 7709 24227 25709 13866 11285 2977 24837 7407 11357 3651 27377 29944 16675 32399 
32369 15503 22102 9291 24960 2517 12646 22453 20919 4370 11851 23156 18799 25930 19912 15567 8230 10001 30961 8989 2596 5535 7659 32636 15197 13863 2547 5062 12698 1381 9377 20417 27092 26487 28782 24470 1248 18925 29813 32389 8018 11299 29558 25046 24731 463 5152 20499 1396 9174 24208 14452 27008 17252 13077 24219 21548 4923 7734 28289 3291 6987 11766 3249 31296 27267 11350 14004 20746 6888 25372 1996 5575 23524 19667 13797 30210 30432 22291 23240 15535 533 6658 23954 26058 13726 10523 4196 5434 5842 24878 22109 29947 28114 22440 26053 15996 14686 20245 31371 29510 5357 21731 3314 2271 17660 27753 24711 3054 23974 27432 32598 32415 14197 27216 30045 30281 9848 29062 24641 15439 10133 16100 10048 30276 30753 20545 28519 6482 19374 4531 8197 11484 5156 21843 2911 8290 4116 30784 4005 14501 4936 22759 17445 22540 15775 641 1727 9799 5144 12764 32153 23346 12332 5983 24852 12540 31073 31305 8702 16776 7452 8505 16393 21267 14518 9203 25723 22552 27091 2657 5416 9840 14575 23768 5021 10686 4666 2461 15519 5386 16550 17320 31700 22444 7998 16039 10175 22892 29881 27718 23026 16871 11599 7854 6014 20277 26315 13387 23983 32712 738 12499 26358 5015 13251 26500 15399 10364 14063 6829 26084 30171 12875 13423 21081 27525 26483 31941 17195 14300 12626 28866 22442 31031 32752 7962 1870 7816 18058 11748 8289 15164 4072 28062 7929 21090 11499 7538 28713 23824 12646 17591 30072 4098 13102 17851 23698 9349 32629 3520 7998 10387 14931 1604 16272 6720 7334 11142 5216 21077 17436 27717 14843 570 18830 14027 31511 18713 4496 22314 17933 9280 2886 2758 578 16071 20857 27923 23014 25715 25065 8608 19426 7131 24293 24405 6667 11209 3866 16633 26524 4067 4009 32502 7139 8331 27772 30305 23866 29187 4825 8501 14393 11989 21047 25567 18218 29042 24401 21504 28093 24857 3450 23662 31998 5626 12848 25212 21379 2204 26355 20603 19946 4220 7512 10624 7043 13815 14681 2664 19273 23401 9711 15386 9495 407 6115 15116 8984 11082 29408 22537 8064 9277 1230 22065 2681 12089 2907 
10817 15456 24447 14298 16148 14386 8550 9553 25450 29249 13893 29901 17641 28460 10131 1017 7265 20237 30029 29167 28500 6388 920 26190 2742 23189 2984 20109 6897 28733 5088 1423 1324 2315 13115 6519 26061 15196 9194 9149 22588 15751 26943 26498 27626 5835 3273 10784 27283 23685 14017 31238 21440 20390 9636 22467 12687 28261 18722 30048 10934 20017 1079 32755 30150 20970 23192 10097 4525 4176 3408 22724 26495 32444 27307 24093 14710 13326 21843 22924 823 22502 18105 19918 12118 4631 20662 10598 17949 3672 25203 2031 31113 26685 21638 7600 12950 4966 93 369 956 5111 26336 18573 9402 6983 10834 10569 23442 23773 24440 5988 30421 12184 31230 3823 15648 20269 22550 351 30183 20951 12642 6369 28529 9801 27924 17901 9764 11752 9044 19230 28931 18231 19938 15169 22389 23698 27644 7596 29768 19232 7554 11473 2549 13827 31064 25362 11302 6609 8972 18903 8821 13384 25528 16094 26743 5181 18986 9171 28409 26070 5699 11297 649 20217 29597 15623 31545 28676 18288 5102 6559 23743 5559 9978 13600 8591 16782 29663 8047 10476 11487 12534 24912 5396 31549 5264 13474 25089 31760 9866 24476 25497 32755 20513 21847 29734 7514 7688 16268 26373 10360 26808 21920 5026 25184 22280 9437 3236 9066 28413 11779 22372 1240 10467 31743 14244 19897 14492 6138 25470 9998 313 32405 13210 23340 26311 31347 9124 9313 29291 2041 14077 20186 31922 9809 5553 12740 21026 14773 30122 17330 1557 25322 9251 20031 26567 28682 17247 1268 19885 19079 4250 876 11016 1645 17984 30389 9147 30439 28253 30202 4697 27653 14676 20063 13443 32188 11477 17965 29041 2095 16137 6959 28366 15660 12815 16476 26569 28410 17324 7861 31337 30802 1342 23921 24352 26027 28658 30040 16036 17339 2359 4973 6650 14138 11123 3791 30931 16873 18164 30177 21020 22739 12073 30377 25297 12242 18450 9846 26386 24150 10229 27846 27000 16738 339 5478 7337 16087 26906 19931 29482 19957 19740 4609 26997 26911 11968 19442 13900 19678 30199 11049 21836 10281 28786 30440 8133 8676 20755 24534 26569 22438 17313 5357 18819 14783 26815 
8083 9930 26746 19999 19207 246 30367 14067 6911 9459 13628 18596 5520 23956 27813 28615 25677 8233 9914 4429 4275 26451 28264 23545 24517 12311 10355 19992 4339 19762 26994 17260 1088 1196 27931 8041 2980 11184 4800 26532 27567 13467 794 25224 20336 25427 25414 3658 13205 7130 14605 1056 3283 32547 25704 7086 11657 18980 21059 25281 11936 11052 19586 15680 24501 375 2882 16736 634 15104 27489 9238 21849 17558 28224 18898 12635 16434 26311 20330 16201 30088 30634 8020 2065 12508 18155 26393 25706 1047 2721 262 4027 7706 21239 9765 25145 11346 13687 31852 30288 31372 15753 21811 15685 17675 17974 12268 18201 28888 8498 21774 16816 7770 12058 7506 29491 18982 19706 14626 13234 28696 15122 3150 10766 25763 24794 29186 20502 22629 4675 31989 496 14847 14912 2018 7355 27171 3717 10812 28786 30191 12430 25886 2323 19321 24548 7297 4865 7339 8604 12465 24231 25681 288 19458 18271 16752 20018 14526 402 7385 31789 21347 5152 19711 1678 27915 258 11270 32436 12844 24878 21532 9956 27009 30650 30220 16016 8008 69 32272 25561 4270 15507 31463 11858 27528 1399 31528 26375 13891 25334 21718 446 29726 28585 2868 15228 22934 2915 18139 587 9506 8468 5129 2619 28705 1005 23356 13223 3089 10181 18432 9913 16385 14524 4613 18480 31305 22046 23668 27489 19064 29834 8067 25980 14222 11091 20552 26129 18028 28966 15050 14547 17544 3053 16990 21659 10981 14324 31793 23472 11587 19018 22561 28997 18835 21099 19409 2115 27565 32539 13308 3913 31045 19093 24585 7665 23067 12773 31712 1878 20595 31635 19453 30163 13765 20865 28610 29709 28597 12822 7698 1843 12613 31900 4123 16004 23626 7399 3699 23570 5917 6712 21607 31430 27282 3425 15760 21925 31790 16937 29095 5201 14484 2033 665 16595 577 30104 12510 19095 14457 9373 18951 15032 10881 10115 21911 32127 19215 16250 1044 25894 14335 5435 5214 18913 27207 31028 9023 27423 8749 28389 6466 30220 25528 1930 10953 21851 5988 20474 7770 11844 8985 21967 19770 11976 3934 1991 4669 4412 3275 30058 6876 30981 28092 12781 20104 
3233 26701 24151 16446 28903 13442 7906 24156 2447 23237 32676 21683 8948 18070 3182 21725 26905 29054 8181 14544 20458 14916 11823 13236 20677 15460 3584 1266 8505 15293 1558 24974 18190 30858 8466 1974 11653 32659 3304 12443 8160 19109 2440 21631 19749 17727 10942 29967 14624 2446 29014 25076 16039 27035 32645 11173 1826 6340 27780 14463 6986 2409 31614 12311 28976 21223 14764 12495 7041 13258 18367 935 32265 1086 21118 16982 11127 11463 32432 9114 20576 30002 19516 25036 20358 16332 13455 28599 29529 1233 2110 28586 22718 8743 20460 8396 30480 21324 13423 14000 26980 25998 12846 20265 23826 31866 7117 31328 18801 31382 12301 2339 21729 25171 18157 5504 2831 17213 23062 31123 18548 1909 27765 10396 32543 13665 5418 7764 14517 31138 12705 22658 31158 3398 766 3785 27137 19519 15039 7364 26267 4116 15004 21077 24748 8919 2994 7737 11722 24151 20705 18144 11642 19350 14451 9596 26612 22142 12542 5977 2599 27087 25995 6508 25341 1884 17655 16942 17888 12407 6298 3499 30333 12970 28199 12245 456 11432 22739 24863 10304 24450 19898 22855 15732 8222 8062 27763 8390 31974 23857 32384 13167 27581 6261 16535 28611 5175 22241 27905 1462 2569 12967 30012 8352 3006 28276 22094 14909 6572 152 1881 7928 31015 22887 13936 1897 30708 26847 18345 27420 1024 10123 19059 28820 27474 9894 22826 7823 22591 27524 5865 12940 24029 6702 16288 16523 10426 13133 32358 20 10189 26953 32272 27258 16812 20657 26626 3681 27136 28638 17733 15486 11062 29139 30170 29086 30840 104 12878 8682 23516 2472 19343 18793 21723 29815 7422 26054 31492 2168 25797 15700 14577 3373 30315 5967 13179 25696 31654 18789 12586 9154 14192 15988 5615 29139 32604 23190 18198 10753 24363 24667 2934 3092 6810 15189 15339 31433 383 21466 22534 3517 18964 20485 21250 31373 26003 26110 11514 6460 771 9083 11354 2005 13393 20103 19348 12625 27042 17283 12052 15290 14056 29802 14197 8593 6067 27993 1013 31342 9547 590 31014 14054 29435 2607 8167 21425 1199 19215 28819 18444 5058 31662 24184 13149 5649 32318 14219 
3606 15188 14445 11353 25051 21678 11423 5185 19687 23170 14459 16865 21676 1161 7338 31694 19385 10273 12763 28040 20193 20712 28427 9389 7578 18314 9475 28268 20899 31447 4898 10557 14826 32537 14684 24271 23724 6052 2947 14914 25822 32430 27077 11927 32460 24417 631 24933 26624 13871 273 11725 13925 2918 11897 21423 6828 15364 26244 10014 8687 17612 1722 21522 14996 17305 14937 2653 117 8947 18333 9697 5181 9184 16959 9983 533 14844 18235 3923 31617 28108 9687 30366 26756 14672 6625 27651 5131 4823 31544 30583 30601 6679 1678 20339 27102 7037 9067 5867 13693 24002 19317 14212 22990 28095 30448 11266 31697 23682 12929 20223 18949 9121 16951 483 22408 9166 30155 16400 12927 29100 4647 29277 14776 25826 29734 5830 30094 7533 20635 4194 30733 29498 13716 13205 2135 1012 12512 25222 7494 21275 16334 19923 27475 12374 27704 11652 2487 22538 15040 1598 29392 555 20058 20153 25541 21330 25867 2420 24429 25616 4592 9896 22637 21123 22657 17018 18081 4646 3351 4980 11198 28141 7852 7478 19253 28818 11746 31593 6490 10025 5447 22773 9669 29179 18136 26484 1272 22417 8900 27366 32067 3599 11122 11686 31461 11972 15044 28829 3956 18430 7326 11189 127 16675 12962 12944 10609 17661 1342 4475 13496 9814 26089 13981 28711 29381 1705 15220 16537 10183 10969 25219 30936 15889 21801 7492 6077 32549 5862 11876 12696 22820 25724 15407 2257 9443 4921 26442 6608 4672 25683 14752 7707 11959 16685 414 19134 14896 3286 28067 19952 15899 11986 31666 20467 6847 15134 4459 31548 32463 23406 20537 20436 32063 23993 31180 17918 13653 3063 30922 1050 16643 12586 25025 11209 23924 28571 97 594 485 19558 17640 30789 22710 5176 9693 21598 20161 32088 18945 1451 11498 10980 3715 24817 28663 30046 15731 19789 21155 7271 2169 9239 15853 17865 7111 18443 5046 28091 23884 14251 1931 11361 11306 7903 31168 29843 13419 11231 2238 12255 10991 11090 19613 23505 1449 12216 28918 3185 1036 18437 8434 30734 7103 2446 31143 28730 7576 28969 30373 27670 9928 24464 3275 2000 12883 13575 26464 
7529 24260 20543 31583 23228 15390 29817 25873 30908 13845 23278 17377 30717 28286 29551 2157 1654 7173 6217 26841 29317 16670 14699 28520 20275 20286 17099 22349 11706 2634 16901 11198 4164 16464 3909 23883 31222 10613 32104 16750 16429 1070 21854 12387 263 16819 8403 13625 25382 22193 2062 1066 688 1087 18201 11048 12186 11540 32290 12472 24871 2807 24865 5379 683 22646 2747 26922 32149 17115 30310 28891 9388 14428 26063 546 25753 26258 13689 6017 23974 32045 25766 18498 19141 2277 21626 6924 22996 31412 606 26293 22815 12098 16803 13655 24103 2721 14439 23974 18850 31802 9149 18048 19650 32519 9992 2246 21434 27139 10920 25451 31103 9439 3545 13770 26827 5367 12247 29757 20072 22148 5191 19179 16555 5651 9938 25313 16447 7734 25107 32101 13859 28025 23987 22918 4854 26775 2002 6136 29555 31982 3497 4383 28216 18225 14190 20842 28363 4701 15224 12258 16862 17134 19620 13059 14034 594 26615 14282 31355 16030 9605 3855 3875 21120 4241 1301 1489 26996 19189 1888 23755 29755 32709 23750 10073 16778 26927 9161 25292 3839 28069 2852 7359 9816 6207 30884 20125 23271 28762 4665 4707 31553 29830 23885 5287 2871 15519 26708 26586 23047 1849 12965 7370 18643 13889 18056 17514 21841 32482 14736 16086 15557 20646 1835 31634 19244 14302 31095 3858 10938 16195 5207 16768 18311 5341 14023 31417 7046 30244 26220 12185 30390 10086 31087 13432 6044 31336 4748 6388 10224 10320 9062 28913 29079 706 26910 11999 24529 16458 5923 29500 8372 26618 9292 30041 31449 8276 28196 26976 11093 25962 9861 1942 24554 27203 16232 6366 8575 10625 18683 11391 17102 26945 30196 23334 10077 13891 14885 15151 30383 6731 14161 27168 4027 4550 27711 20342 20637 1201 23052 31909 1676 18103 5061 20058 6668 25241 27702 13059 19300 13523 13820 14993 4947 6525 18914 21372 31743 12655 18282 22792 1582 680 17321 22216 28344 30705 23128 9568 26685 957 21801 17550 7443 27220 23895 5740 3458 30512 27521 24559 7732 8615 27064 12980 27367 25803 15319 9212 12645 20111 8722 29941 26806 2603 10706 4155 22676 
27073 8385 158 17695 13120 15904 17702 722 13449 30305 9812 1718 25296 11506 28843 18133 2373 14423 14447 32498 19188 27771 2733 11639 31722 8008 12155 23727 5530 23413 24961 3125 19071 13727 7864 20141 32002 30620 30322 28593 7581 5644 30875 13838 13377 9264 10814 5681 6389 14848 9034 26844 8129 119 14743 31262 15306 22578 23844 1153 23998 20025 2467 27781 4466 21277 28983 20557 7882 26691 17532 16281 12762 14207 15304 12276 20042 18660 17840 303 4607 19163 32462 9741 2807 8307 22210 17728 9333 10744 1655 26260 28511 31687 15272 107 18916 30560 7586 31081 10849 31421 3915 29296 4486 6627 21091 27855 26549 5814 28682 8374 18858 2833 2690 6126 2145 30998 31799 24774 24628 13763 26620 27985 11077 25030 7832 29390 4891 25747 32129 23912 1424 7603 10983 11296 28906 16479 21236 18695 2888 3405 19027 12720 10560 24266 14831 997 26566 15113 14333 17049 11599 24763 29244 26398 17975 479 19835 4760 8288 8412 7773 29618 27165 17357 24409 13455 6222 29212 2052 1284 6092 12370 27027 5380 11783 28205 13467 4955 19693 6900 3100 1183 24078 21511 18878 1636 18686 25018 22362 21168 14587 30307 16828 6063 26064 25522 26792 30631 25593 14913 28698 17709 16392 1900 22226 20378 26952 9571 22032 21433 12191 20861 28317 25794 22713 31952 18186 24972 4194 2814 16188 18942 14388 29521 23849 2247 23155 30731 30428 1358 17461 26615 15807 4588 2758 7748 3865 2650 74 13459 11734 13925 23460 6991 18823 17641 6039 3133 30377 29436 19755 2900 31786 13162 3411 27086 6697 27234 32204 32639 11774 4462 15688 3686 22394 22440 21196 1154 879 4652 11351 4070 32627 4297 28868 14608 31458 11004 10481 30583 6434 6430 1057 29795 31019 28124 15263 28673 22086 17384 22949 31927 9748 29678 26491 1205 22483 26314 18147 19917 6365 22520 15029 28548 17009 7243 25287 28521 21686 16610 12047 30629 8957 5721 3596 23508 5447 31804 23137 24595 8967 193 19396 30298 27433 10422 28438 26125 3410 29624 27091 4557 10346 28838 3245 20372 8792 30293 31092 1793 7436 21637 24633 2544 15555 4372 6067 23374 
9094 1394 5346 22572 17908 28757 1521 30481 32066 20398 5217 4501 31360 5851 4708 27691 32542 5406 6023 28735 32430 8270 20628 19585 3563 22476 1719 28544 17147 5049 8671 4218 27377 21606 10855 14962 14486 17932 3574 3460 20585 11454 11172 10870 21988 19611 27486 31887 24065 8776 25739 21932 27389 32670 22511 4240 21852 24735 208 11644 17965 3247 344 7423 9871 22529 28219 11536 10356 6479 15770 19546 19621 10190 7462 6103 2567 30049 29576 26272 31260 6412 4353 18436 11980 23980 21325 10199 5478 10470 16590 3340 2786 20062 24294 9863 1385 9001 18341 6700 30487 25988 17060 19004 19967 19654 25904 1249 13679 21907 32171 20999 31862 7763 20016 21358 17828 26594 23158 27389 25617 3721 19703 7002 2464 3886 14161 22199 10885 27847 12780 12271 14853 2581 7901 8657 9341 19342 5130 24763 10918 5531 12431 27244 535 31491 24929 18451 24332 12199 22833 13995 19301 4977 16276 10635 28402 27015 23392 23353 11501 4036 15449 24704 15048 19048 10253 29122 5162 30734 19964 24207 28724 16863 1788 24437 7176 7174 9180 14874 24204 10851 3912 27529 18795 23940 18156 19658 7005 23505 28637 26037 6057 2822 2612 25095 30440 19943 2044 23734 21771 18991 19278 30082 16543 19145 20410 25805 20304 4674 745 428 23468 12671 4225 28222 20522 13995 9545 24125 9067 18548 28046 11218 27071 375 21189 11950 8171 8184 15473 2390 4906 24023 22599 24766 2673 1215 11664 12826 5367 4769 32720 15089 8693 609 17573 10099 17834 3279 12529 31500 20387 30168 8507 26425 5689 14846 24915 1179 7003 12293 5941 8778 28302 29423 21808 8043 28721 10283 5960 773 23046 30218 12248 17936 12526 15986 26492 975 1012 29142 21549 1120 7309 3685 11182 21906 1054 8066 5416 26102 703 20853 15889 22073 31551 28000 13905 29872 18536 20852 22440 5941 32644 14692 15434 18226 15392 27418 2253 29691 22799 7082 3397 8033 15026 8324 430 14468 3703 16621 24970 6376 9120 15280 10954 22475 16710 21776 1010 26550 7581 258 3449 12883 23161 32153 25198 9854 11025 29122 3170 27806 1795 25649 28289 13622 3737 7835 
27650 21943 1099 20774 19906 10137 32645 2590 11051 23977 15530 21993 23131 17317 11864 6973 11138 7174 13294 1936 29580 4125 6475 8144 10753 26209 17369 18773 7721 29448 12491 24340 1907 30420 10402 10005 29975 24624 19446 15399 24827 8827 23923 16338 27092 6052 27938 26765 30861 8183 18665 16433 21740 29750 22102 9902 28019 24044 14744 27900 22148 18942 28110 7253 17609 27011 12933 15778 1747 21717 29307 13619 16897 25832 1961 1714 30372 14043 129 5466 3936 3533 19061 13412 32726 1778 26040 7106 13951 21478 1608 5392 26075 28481 17964 29896 26828 32619 19706 13237 17980 23474 4253 15530 6150 26521 4949 17011 22804 14451 17151 12812 24261 14641 23959 5393 401 16505 32507 30838 14575 19704 15346 11128 11894 23544 28268 27347 3139 3637 5900 19510 2716 3820 30691 32244 210 28982 19583 12028 32108 30612 17188 13067 10625 31179 7001 14112 31590 23794 3494 6705 31882 20937 24733 15900 9885 19788 20247 25824 7160 28552 9152 28173 16185 19630 11734 2169 28205 19558 29485 11317 25588 4965 17271 28863 1631 11074 4290 4985 8861 23685 12610 16986 23831 28418 28241 32484 22680 17509 1204 11606 22705 269 31264 9250 25436 14110 27644 20385 9695 18385 15209 15878 8435 28431 14976 10129 24614 11583 16090 18181 16510 860 15702 5723 2655 13642 21270 17336 25262 1642 24523 29341 22327 9324 5427 7517 2636 13412 8160 10965 16815 13856 19770 3159 23731 12729 21191 30695 30109 25449 6826 4778 12880 22940 14698 8091 2090 14666 28917 1664 30505 7299 25829 18205 82 16204 25601 11431 23379 28329 27399 21883 12135 28155 17577 25360 21370 18060 27349 26154 22926 13673 3385 23377 26973 11120 24839 19330 11839 5033 7669 25892 23631 21466 19593 8509 4297 15189 18835 18662 4535 21525 8955 28413 12493 18953 12732 12825 21905 23728 5425 23235 29375 3814 29584 10723 27371 2302 9140 27512 10344 24848 9247 8588 27753 15764 831 23400 6502 1584 7408 3332 31937 5839 20803 31425 23466 10483 6269 3418 18240 26444 6243 8728 31736 24457 7861 11078 20547 18030 9465 13541 30315 16935 16761 8609 5566 11996 
10639 13315 32495 4485 10528 14311 32697 11520 13159 24625 6597 28000 28916 11452 8398 7561 28404 27795 1027 6906 21426 12388 18093 31721 15454 16689 27665 23445 10254 28489 23192 16600 5122 19831 31277 21243 11564 11385 4583 20687 15087 27315 10472 32249 10024 27685 28293 31374 18283 20123 28071 14560 19343 11811 3952 1431 30060 3524 12578 22019 32227 14445 20797 20656 19231 11820 6120 17467 23579 29088 16018 101 3428 18865 6873 17766 6945 19326 20651 15748 1104 16535 28587 13539 13138 15725 32726 927 4010 31751 16742 24088 23810 20214 9206 32653 2926 16522 14568 25325 23797 12870 9476 32233 1102 4242 21857 12878 8423 28336 31625 27026 15404 7921 5336 3756 11269 6953 293 23081 32416 20832 27813 9341 21362 10442 4363 12951 17784 21242 4596 12472 19139 15698 30851 20356 11571 14014 4680 14170 131 7586 14183 17889 14725 10768 15350 18915 19119 10303 4262 12639 27095 14136 22182 24025 25403 24531 27332 4853 7620 6114 11222 13124 13452 1452 88 16222 18845 6045 24406 19249 30204 17467 24717 23960 31462 1628 6093 28208 6233 27030 16289 30055 11478 15096 30514 17109 614 12791 5993 3536 27867 9643 25428 29754 7512 8764 6091 23454 20243 29335 7763 26747 12634 29285 26434 32736 13012 15421 12068 1849 4618 2072 13150 22121 22309 19974 6673 4121 6905 288 4417 21583 16195 30398 26935 322 31791 19946 11811 30317 26398 27412 1286 3554 22181 23559 20431 16353 18393 14363 23748 9385 10442 20652 9508 18574 11341 17868 24331 1612 2815 21301 26261 23451 21894 27009 16966 27651 15386 26526 18090 9714 28485 2172 7480 15884 32230 22792 12924 29890 21628 19038 20342 23078 16801 13370 25149 1021 9173 23472 14823 27158 9341 21022 14765 23771 9259 16478 18251 18982 15392 29248 30886 17494 30992 13879 17585 32673 13093 25938 15249 14764 10054 10094 2560 16216 13720 18347 19439 1247 26949 11548 29295 1057 11645 19395 16593 21816 21435 8636 9484 13650 20298 5304 28512 28608 18951 17325 11577 23882 30312 8396 11094 28102 17085 26548 25386 28649 20918 17381 22403 2908 23590 15223 9321 8466 24582 12812 
17993 1498 16573 6147 23635 19248 15519 6638 27168 2649 23475 25670 23704 26031 15289 20318 22035 13369 23915 1942 1470 2942 22276 1489 3649 7067 4095 27689 16286 4500 27169 6881 10332 29672 31673 4506 16870 11624 16167 28874 15406 14920 23451 12139 11413 11127 27423 22768 9231 29740 25048 26493 28802 13762 31368 3671 3440 32197 19544 2202 2006 10829 28117 16426 22868 26762 18744 24811 32397 417 1514 11317 19665 27062 11079 8322 19194 17738 24739 18794 4499 22728 28298 19410 30272 5722 25932 608 1625 15873 3257 15922 5337 17381 298 32719 24439 28906 8641 15453 3858 29059 13297 789 5970 18123 24640 5877 14733 19922 27723 20660 12007 20788 22027 23803 15806 22769 13400 10962 15941 11384 171 7769 21102 15109 11816 23480 21774 24109 12764 15960 17468 10936 24643 20564 11001 17326 17421 22058 19991 25524 21025 17079 8275 4249 7907 10082 16837 11565 30898 29847 3706 23890 2997 7799 95 28757 29400 31181 26720 17790 23057 25924 17106 24293 5608 4824 11022 5768 21558 1419 12895 10651 18989 5977 7711 3615 920 7021 20764 18102 14180 28821 25665 10422 17760 6132 12914 18556 16705 9207 23479 3 12009 5002 925 17333 21481 28043 20185 14720 16964 12414 25647 17965 118 27267 29842 1261 29364 3462 3725 23861 26998 21430 16609 10956 31027 18488 20592 11299 32619 18460 1369 10980 30955 3984 21349 4813 3405 10067 24994 27327 29630 18029 13645 25618 5380 31774 1013 29740 3775 13844 28894 11346 31726 30432 14756 17341 9910 20651 5664 2033 1887 30757 20367 10058 13472 959 21233 2520 10524 11034 17072 11373 556 6847 19330 12787 7135 12304 16528 7939 11839 12671 17112 29620 20438 22269 30672 6065 369 14005 4940 19599 10020 27131 14497 6749 4750 32383 30475 27260 606 1991 25932 17585 15126 25820 8342 25208 7440 3651 12971 3227 23486 46 9027 30468 14901 5364 14510 3791 28909 25535 11194 28324 8386 30596 21207 27972 30527 29241 2169 31329 26652 28738 20670 15795 8197 16428 593 11336 5278 17053 30350 2076 21955 1675 1255 32233 1044 30125 19846 21824 4273 9519 5939 26329 
10818 7850 17529 19752 31547 13651 9220 816 7518 15219 8270 26012 26241 11287 4731 18956 29329 7432 15489 8365 3799 3325 11915 21516 27258 25104 7072 23340 12357 11375 24959 12758 28075 340 18382 11056 27400 567 14964 21137 22826 25666 836 20116 30736 3077 18139 31339 6897 4459 18635 10614 11649 16364 15097 18708 7791 26373 7235 21690 21298 3813 27238 20546 2309 25962 11039 15493 18224 30539 4241 14891 18058 2455 15591 20162 29244 10078 26938 14 26055 14253 29621 14752 3145 12224 6391 12458 17660 13684 23736 14866 12543 17915 26032 18117 3673 13523 20660 31310 17467 5881 16163 4007 1157 28250 9344 79 9868 10634 5984 8604 7962 19384 10631 11347 14775 20706 2894 25206 30503 8773 32328 18269 13620 12056 23332 7688 942 32121 11989 8628 19119 18344 13041 11436 9763 31091 9559 16738 6792 8689 17173 10686 1779 11635 27273 8374 30804 31672 10438 14879 16890 9824 13880 31939 32602 2979 9868 25267 25356 28995 20426 13279 30486 21439 11460 28387 12909 13770 16052 13348 1977 1019 12833 26396 20825 24774 19202 31218 16039 27819 23590 5966 9853 24237 19923 7787 25336 262 30638 9582 6779 26137 20954 30198 6647 27048 16740 14324 9322 21063 991 16061 23462 10001 32331 11357 9812 3481 29500 24366 14136 17444 25656 23978 6583 3093 8800 13438 26518 6312 21074 31455 3076 21987 26447 28961 14299 7114 22937 28038 27427 8659 7199 2900 14296 18073 5468 20522 8684 32724 8061 15251 16528 1673 21442 29916 1200 4990 9510 2851 18620 16369 3650 31665 3502 24201 22127 29322 2377 24717 12843 31041 27038 6996 17086 2065 29141 509 14621 11562 21546 10080 8206 15945 27958 7235 4493 18571 17520 32210 23406 12931 30195 18505 22341 17546 27010 16884 31107 2902 31433 4697 23521 18639 30437 22964 18178 26397 4903 23715 32595 8710 16661 6179 22839 23159 946 20923 22625 18528 10752 30711 24192 32453 4802 26392 11554 30227 23942 26122 16082 4272 11491 28566 15236 19925 24064 7129 3124 7840 22869 15861 20937 4453 24758 2566 17215 18246 32397 22360 14085 26627 31335 21207 23460 2067 30386 13766 
25506 13555 7108 21684 10406 7102 29728 6828 2524 32254 24053 17581 2459 26817 13800 29017 28230 25072 7955 22769 27248 32733 3150 16769 4163 7963 28333 856 5154 10898 11594 12731 8845 10706 19012 15323 19781 2472 22791 6660 21425 21231 10702 23318 19073 17321 20071 9785 26257 32335 23606 1229 28432 17253 3965 2208 6881 26960 13275 8804 23873 1644 30226 15456 26027 346 781 28005 22264 31639 6177 22532 31179 19027 26771 2558 28204 29056 31834 28668 8307 21801 27687 12672 1384 5381 7843 2332 25000 17996 27383 27874 8267 32713 17554 6939 31939 27697 21542 24380 1031 22195 8692 8981 12530 26064 13642 8268 10213 30829 19786 17930 21940 22822 5868 9972 30144 15334 1095 861 17248 14772 10508 17337 23174 16080 16467 30549 2975 7935 16282 11078 9914 17443 6922 11680 493 11022 7933 4328 16116 8856 702 971 5148 239 6287 20751 7264 17199 16113 7115 29393 19251 30495 11219 7483 12202 17628 24183 2565 21101 15214 3949 9561 12560 23531 3595 18821 9142 10419 29369 3745 32298 4670 26791 15730 18220 8472 16315 27023 31241 297 23246 30402 1647 21050 19991 3505 638 25013 16871 17342 17186 12716 28055 31275 20129 28957 16063 14466 23920 18805 169 1588 23883 9554 6150 1920 10884 21645 9951 24982 29596 12664 11470 10749 31504 11108 30573 25906 11125 23143 30479 22674 12743 92 19374 13177 4607 6954 7717 21420 27107 27722 6559 10484 22050 6531 6480 31756 11680 19192 24163 7357 1807 27237 25139 15176 15551 26534 6333 28932 25271 9849 14166 15432 25348 31108 21401 29579 13393 20122 28324 29642 24248 28730 16516 3627 17112 88 22509 30943 22312 4192 25134 18252 20362 31353 12133 11628 25380 24583 18159 4720 9323 29043 8227 13994 8064 25390 21312 28841 12992 13299 22179 17830 21911 10317 7230 24863 16788 8026 9029 12225 12739 9422 21034 8587 11319 25658 11468 22321 2534 24975 15084 16062 12474 6878 13024 25470 13284 30561 15499 29979 20084 10175 24716 18950 27686 23436 30646 24856 13439 28687 11968 9850 19481 31817 29246 32706 16444 24114 22224 25438 20653 11590 20890 32566 3019 
13888 21748 12941 28887 25638 9570 24360 3220 14981 31430 21939 17424 17662 16852 24928 16833 8193 4551 14033 14547 32473 10834 19000 29377 21225 3546 20669 23331 30773 3042 28960 32199 2852 20423 26527 11010 19332 18349 8474 13896 12494 30649 4469 763 5035 3457 18750 21377 4280 18368 3727 3737 2182 1615 32054 28399 24806 5712 29204 20718 27491 3756 17859 4821 5391 20673 6780 15117 17283 340 16695 22714 801 3533 31251 21136 27292 4515 5113 6119 22459 12309 12156 26642 26969 13851 10500 9197 23217 6300 28204 23990 9176 8929 17000 6942 907 26954 14059 32159 22059 21567 22984 17679 24070 22378 24663 24694 24792 10531 20698 285 16018 3628 28512 25575 25945 3487 29162 17636 18130 8484 16333 12580 12957 13671 16471 10953 14879 3786 31925 21344 389 26199 6420 4210 8709 21240 26887 24149 359 21226 9001 17736 17093 2415 30723 9408 13455 1219 4144 18684 24529 8274 13758 32479 7353 22312 11480 6655 20564 6825 32674 8442 14232 386 16741 5129 25511 25311 3308 471 19282 12767 16942 24211 5596 11588 18221 20803 769 14192 20509 27484 5175 27277 29385 32400 23348 15627 2355 1256 4528 19023 10106 20242 24172 5033 10497 27900 27507 19847 6350 1186 12704 3305 31024 2852 7520 26901 11941 5147 28857 25996 4602 11053 1676 14396 28084 27615 23319 16375 27311 19371 32189 16164 12293 19027 20490 11957 14897 31860 13810 15705 11637 9310 7001 20210 10105 19747 29401 4169 21556 7150 4543 29440 18959 19350 3414 9673 29000 1651 32105 23766 31381 4721 18435 32401 10507 866 23161 2188 29501 26521 29610 16571 16296 8884 25478 1761 16463 27321 25549 23112 12706 7013 28185 26549 164 21440 13087 13211 7245 4597 5938 13455 30253 16737 22537 29180 30291 28394 16321 31512 26221 6034 2341 18966 6193 17739 22830 26526 19195 28174 29126 25210 5303 18727 465 28562 20993 3795 13934 17946 24971 22028 29050 3082 11967 1188 18775 26318 20390 1425 13803 1087 14857 14728 3819 12243 21462 21965 16217 18448 25284 9545 21067 10311 7994 24541 15599 23166 28270 3062 2508 9646 1994 7777 18762 19503 
2451 19553 27509 3696 16588 17407 26366 17899 10328 16034 20866 11352 25440 8671 19727 8993 14068 8850 28389 3863 18165 7726 889 7267 6706 7761 21440 32447 10705 15004 20393 486 32753 19649 16876 32328 10637 10973 28930 1539 32675 23561 20852 24079 2966 31531 11609 6072 2770 15379 25882 24146 21934 18115 11641 19752 11670 23821 28370 25013 13929 32356 10656 24087 7968 32236 1090 12224 15793 16083 26112 11887 8754 2788 17225 18270 25922 14169 32574 26813 13733 3057 1653 16736 26926 8259 1782 10421 5346 9042 27018 17144 28762 16737 28726 13738 2153 7177 7682 63 1279 2184 19454 19735 1613 2140 3975 20143 23850 12305 21959 32025 8886 28759 22651 18345 29501 30039 20473 3826 20574 4167 1649 31472 28268 24380 12403 391 28948 10048 11953 12588 23360 5285 7431 5091 13884 21913 21176 15977 13335 17146 14331 24498 20813 2923 5302 25750 14754 5287 15497 967 29777 1813 15374 17926 7014 14237 27487 24214 8809 25531 2521 26609 28732 29649 18208 22715 20550 14274 23907 17652 32466 20924 8418 16241 21681 17237 10413 28557 22055 20698 29870 12060 10501 12003 13545 17568 13842 11819 5635 3520 31151 22943 14081 11765 18363 15029 11347 5511 1717 14335 13329 29880 9760 16896 32644 28478 21548 16958 13800 9207 13970 152 5232 23769 10944 29402 20363 31528 20790 10895 6502 29675 26672 21783 29106 28832 14725 505 8871 26671 8143 9082 3913 17437 26316 32110 14058 26114 2820 30286 4592 8509 7340 32395 11224 31974 18891 546 7803 20996 21403 6257 21136 6656 29490 26184 10611 346 29025 26180 29733 4763 30173 2904 23443 3467 20892 29101 7707 16035 18562 4524 17996 27333 7741 10585 16109 9003 27246 20450 26689 5534 30729 26487 4746 11496 13310 24925 460 5515 28441 2110 24275 31411 30502 17604 14711 3946 19290 4198 31 14347 28654 2689 4228 26617 9485 25514 17848 1936 1264 4931 10086 30300 19784 2892 7771 32137 22492 24188 21061 18075 1651 3216 5307 10848 9716 26852 32126 27682 3276 20288 7167 13600 30864 6900 25121 25664 28387 5159 11327 1534 9627 18284 2673 2216 13855 31638 
12043 205 8211 14798 9831 4595 24376 7138 15333 20360 6285 21728 12335 10779 8891 10212 9410 15564 28079 16686 24746 3841 3465 9591 21132 7771 27829 11141 29674 17641 26967 13310 29091 20379 25069 4986 15801 22777 30000 25307 28247 15380 31034 10721 3603 13245 28142 6137 16752 31222 28309 16214 26023 31654 26309 1603 3239 29841 3719 17080 31322 1926 29112 13355 1834 9946 1712 20392 3012 24854 6178 4644 14875 26093 1603 19727 1968 22385 9007 8488 3346 15238 11912 7061 32416 8598 13408 10547 8854 20614 21337 21547 26696 4329 11786 32710 1192 26484 2981 5762 14350 21426 27607 24165 8505 26361 4592 26513 16785 18333 19268 18713 5806 29795 29905 8211 27934 23609 1058 1262 20579 7716 6003 27398 15420 1401 20757 7798 29478 5712 532 21549 7713 15926 26648 69 6583 32034 649 26256 5179 6827 17142 6515 24911 15223 7352 23287 9896 27383 14290 5149 17942 27985 19228 22130 10430 28062 24993 7140 20394 23638 3909 14548 19845 4616 22699 13420 3487 2639 21077 31539 3128 19201 15117 8158 25594 19369 5508 7786 21703 28984 1338 21863 10165 29175 29341 10647 5207 13760 14965 1975 2879 1646 27775 14493 2496 9362 23896 15235 23289 5224 3997 6819 27150 14089 14417 28164 2489 993 25215 147 21762 30308 30240 19317 3402 1021 9790 15260 6542 11847 2650 30104 2794 1408 26380 2992 19036 12091 27113 23090 21451 17748 23721 32263 8776 8489 5002 6538 12691 26375 6895 23451 14561 26083 26701 31982 732 8011 4679 10153 1772 2972 21528 32047 10165 28276 24626 11830 15073 20330 17956 22816 15903 27389 28609 8840 23915 12235 31103 15387 11921 7172 27165 19881 17900 3869 3465 29819 2164 25545 30464 19688 24312 26149 28279 14883 11943 31282 19770 24663 15061 1673 3539 1270 21500 30538 4909 18766 30721 27990 27385 29533 18361 28094 3921 14566 30124 9595 27547 16580 4633 5471 10417 20095 22586 14923 1087 19485 24776 1443 14188 9786 24002 14847 12476 11867 17259 35 9524 30592 658 18482 15552 24824 14357 19230 24019 17273 30120 16483 23629 29808 2003 7157 4001 5014 23866 26742 
5175 22212 29473 4525 15375 18440 27439 13108 29352 10744 11890 16240 6176 30278 16804 4806 6044 10901 11949 18188 15594 22411 10088 23358 3429 9768 17834 883 10265 18262 3201 13583 28968 449 3769 17209 3181 20968 24229 8080 27486 20597 11036 4889 29239 21193 11713 892 30805 31196 20103 6257 10207 9028 8309 21877 172 28819 7079 31681 609 22758 14486 18556 16858 30907 20633 25392 28108 5123 26539 4219 1704 32377 17262 32007 19906 24113 29552 13499 12210 31860 11949 6707 11770 6347 10838 29294 3050 29274 19921 22727 17089 31599 26625 12071 277 27483 18887 24184 14709 8833 27081 31581 1100 5292 30066 8992 22792 11686 29498 9452 25212 25606 23079 19260 29315 28233 17043 22931 22759 20004 5169 4718 8577 9753 21835 22902 32161 3401 32589 17915 23728 21897 31879 14750 30739 30647 13103 20301 22099 6735 16805 13941 2427 26169 20475 20082 11458 7653 6837 5707 25962 10906 6861 17564 27368 5131 28411 7123 23109 5676 27187 20127 22724 18755 27502 2214 18885 4162 25261 28535 7145 16724 10043 12223 29047 15542 819 27327 10239 26056 6211 6141 829 12900 431 12090 32575 17518 22425 11941 3530 16812 30591 20814 17147 24024 13829 2525 13610 19188 24053 5508 5139 990 8324 15154 15160 9508 23255 2826 17281 18457 21701 12819 22566 5161 23775 13873 21198 31337 26029 11860 25337 20338 2107 19183 17563 14192 4052 17068 18953 6262 29454 30558 15641 1813 24071 26422 23429 24876 12781 15931 29329 2817 7620 7156 24046 657 13411 24935 28125 15653 9152 6984 30872 806 29038 23658 6893 15922 24676 7289 27692 28015 25600 28395 10563 13344 17484 9780 6952 13942 22399 14137 15479 14504 29895 28936 25181 13382 1093 23750 27828 22474 20569 23016 16751 9328 31777 19111 5945 7751 17212 25773 21337 17032 26324 31253 32473 14375 27611 20114 5863 28329 3732 19694 15483 7989 3926 12471 1850 25581 15501 30773 32667 22911 24065 12958 1096 32502 25947 32397 7879 18391 2021 19633 2905 5225 9617 15042 30754 1108 8509 6842 16267 22381 3637 31297 8677 20689 22265 15977 16975 20529 16705 10139 27353 5484 
29503 20946 23529 25187 24100 1286 10974 28425 12773 27116 29684 25529 15935 30428 25447 19917 25849 10514 23004 17004 361 24090 12284 9123 26937 24966 23906 15287 27243 738 1719 8890 27291 18410 14107 8797 2948 3834 18631 3077 30918 13765 16625 13601 17127 6218 8944 3514 27543 31748 32417 1355 1848 15201 15881 12756 6045 17782 30268 27946 1042 17905 16253 23697 21149 2383 22694 5772 1668 29007 6603 23284 18447 3494 31258 4424 14735 11508 11525 324 7583 31223 6820 31157 12970 30974 14164 22923 26542 31137 32421 12080 20031 20656 5491 25112 28110 28265 22354 6810 23595 9454 21296 23550 16201 13046 31541 1239 7234 26306 3054 10643 6042 27987 28331 32080 2760 8666 6949 15601 4850 29040 15460 20593 31993 9991 7392 5752 12981 13216 7655 3628 3458 18111 15934 21322 12795 19228 29707 8309 22789 7068 24050 19406 10768 1151 3967 29124 2713 25819 31940 16942 1779 1097 18755 9111 14408 28894 32270 8408 19419 31069 27436 21741 3983 6058 14399 18689 10157 24450 26724 30923 20962 17770 21851 28957 22919 20965 26088 15546 8485 5354 888 4969 25913 28053 4872 32583 7220 31261 30019 27745 6086 17414 20970 22146 19292 31896 12921 2378 23528 23951 12296 9856 23776 532 14447 26281 24201 19436 11949 18394 12661 10480 27275 7882 842 19645 23420 15915 14534 12972 21192 10299 10496 31749 14569 32406 7665 32367 12853 9294 15922 5803 30398 17981 17415 4994 24951 15770 9629 19708 31384 203 4752 15315 323 5754 27312 9511 14439 16107 4613 11891 31461 18317 17937 28096 23281 15567 22612 18969 20667 28212 29206 16446 15439 30890 17760 24477 16058 19224 20300 4989 11887 22838 3966 3197 10985 28833 22771 24125 5009 25647 8186 9563 26081 383 27007 18849 18122 1237 16271 12412 15187 32549 20249 29616 21636 25198 4850 28747 21122 10314 12316 16855 763 18114 26440 32212 24260 26470 16281 17254 10945 5278 20139 29514 8198 20795 16852 9230 24379 20049 3242 9858 13125 13129 24773 11882 26403 11314 21190 29557 13077 12888 20631 24179 1284 17176 19701 5826 10270 30962 17452 1033 4033 15072 32290 6185 
18842 30182 12695 30065 23310 5355 27819 17682 3544 10951 26273 20946 28660 669 7906 15108 2748 2667 27973 21431 5458 19423 26509 558 9789 26477 16436 13200 10327 17822 615 14305 5862 29355 20305 6705 17673 22602 156 18707 13398 18888 21557 9041 16065 5720 1360 15582 6079 5547 30381 28684 26796 25280 21017 3839 3178 14590 16695 18786 11852 10112 9088 6744 20530 3760 25993 21174 31733 7191 23940 4975 9221 14451 20746 19536 30544 7178 2072 4845 11366 32063 4439 26075 2011 3427 7072 12319 8685 14285 2239 8423 12135 22317 7543 11128 20934 21789 29383 17256 12953 26617 3180 10509 28206 25329 14503 23093 4458 19548 7488 31511 12025 11855 5579 19338 20392 21871 18218 31861 16910 29187 3155 31111 3442 20302 8276 31528 3049 5403 10644 29871 28607 18329 2651 13013 14360 31081 6804 15977 22743 25590 11986 22342 6591 23045 4242 7043 28888 18573 19392 12009 23573 14792 30076 30378 32307 3722 20509 15695 740 25042 28790 21235 3629 19102 18521 32175 15117 28676 14938 20053 27999 9087 6869 11617 31489 30087 16947 13356 28726 30820 5224 9827 29513 9539 8640 8120 2932 6026 17628 18903 20223 4713 25079 11932 15532 1201 11119 31363 17491 32490 3968 17248 17098 20384 13138 10064 29959 14845 7990 22511 9865 31389 44 26059 7924 3741 8874 24601 4859 28917 2712 7335 7298 16904 19615 15378 32260 3450 3235 15929 13619 8770 17806 15089 8415 12544 15952 4859 15897 9360 20516 11571 16536 26847 25108 5129 2652 5117 15807 1845 18064 9588 8538 21927 11189 20441 13045 5053 10493 160 14591 441 757 6708 15373 13938 9063 5192 30167 25162 8319 30311 12675 15967 16172 24787 295 31750 29897 6028 27785 18549 11261 17327 32041 14527 20704 24321 19329 12806 26719 32204 29067 8683 14049 27370 1668 6986 14891 18975 2032 11045 31360 13484 21470 31197 30477 1056 6253 3240 12677 16242 23695 15167 7433 24141 1549 11735 29770 22187 203 30547 15089 10405 27470 8120 28223 23689 27771 13025 10480 10030 5793 10100 15974 10372 31674 12820 4355 30831 22254 22744 10199 30166 28505 23292 18299 3063 
6158 16599 4668 25085 29020 10253 29564 10452 20304 8198 23126 31548 27002 10911 1921 1052 14324 13599 29303 24345 8609 7532 2518 26472 24499 6015 21254 26848 14960 1813 11548 26452 821 8615 15102 28703 28603 27805 14536 10752 15001 27583 16495 5929 11530 5100 16805 15762 30193 22030 12540 10643 29210 22093 12877 32434 18883 9091 16987 2746 1883 752 9140 3853 2953 9264 4824 13370 624 20841 1437 23506 15922 28617 31186 17528 6834 25648 5923 13368 20127 12329 10300 7450 19886 23327 12082 28662 8230 31694 6430 4489 21410 30199 21771 9673 26898 16472 21010 9590 25604 18139 10435 29170 24354 15630 29639 23378 18939 29907 7108 19637 13318 3417 6785 4820 18659 3658 31051 28891 25061 17222 3735 30584 20686 27537 16104 21041 18393 4616 17651 32506 766 8538 17665 9223 5745 2164 12182 30687 1644 829 14160 28594 3118 23428 24081 10220 11332 13878 23905 15114 519 16597 28173 31404 25702 21285 13076 16108 18405 22825 19396 16367 486 6477 20769 11705 20775 10981 17030 31302 20365 12502 9615 2518 12576 11411 23861 15752 29782 32076 31803 3114 26516 24418 5834 7504 10226 29 22360 6819 32063 31137 23246 11132 14149 19230 6121 20146 28749 8520 21984 1712 22758 775 30280 3018 28899 13935 5685 30929 20899 29170 19107 9700 28053 11732 31764 9610 26874 10720 9594 6142 28653 31578 31318 18634 11681 14132 14370 19095 18667 3204 9965 1348 2560 25398 3397 27189 3455 21246 7001 17134 10418 1681 4447 19936 25361 24341 9524 7554 10503 27606 27458 28068 7161 2618 18087 25345 9093 16887 9364 26899 9223 12675 1778 8747 32354 7885 8780 7616 15613 42 4841 18695 4619 4498 27960 19909 2832 18956 11634 21346 7584 17767 19066 22078 29034 30251 28680 2376 2934 13263 9222 30156 16043 31020 23354 19852 1428 26418 16678 8979 10596 24538 14124 31814 23095 19803 20214 29500 7322 27041 17429 22863 12366 6651 14568 4211 21577 13076 15040 3783 3070 14628 20801 16490 18910 28775 7436 15248 8991 20943 18843 31445 28860 14326 22123 4561 445 22614 31585 4076 17080 23740 11367 1395 32408 12538 
86 24300 7325 22748 32536 2727 32676 25182 6926 7318 27305 18460 22959 25694 3722 22538 28530 10670 9485 29285 21230 720 15653 13546 2880 31102 7281 26181 15790 29174 23046 13772 16010 2129 5742 9069 10584 22544 29936 9189 17459 25080 14866 21811 12908 1056 13149 22349 14965 14408 19552 7441 8957 3180 29944 18814 27485 2457 15566 27940 25395 32000 18464 14297 25932 22345 453 29358 14792 5673 11883 22050 25464 27703 17700 4245 23691 6907 12577 4351 1642 13128 24764 27105 20704 12236 17852 24700 23678 7654 10965 31810 7230 18615 623 10890 14950 6780 4777 19079 17583 10267 8860 13691 25511 6907 3300 5928 8532 27929 23389 10887 794 11097 20522 11965 31454 12826 32764 10315 29548 6156 24976 17029 31766 15174 30330 25925 22430 9363 28962 21216 29271 13581 31756 25177 902 20974 1628 10709 24078 674 14745 11599 13389 13601 31921 25997 21313 7291 10301 13139 6383 23988 20487 4822 10757 32467 17865 9075 10942 19510 14648 22433 32518 10280 6465 24869 21983 30902 6803 11653 1027 10174 1885 1726 29130 26952 15449 11321 8271 15385 30473 30716 2510 22662 22849 25630 24913 391 17893 1149 30092 27660 31476 18611 15109 12436 3269 6725 16760 31483 9873 11038 6265 27795 13362 2108 26459 25719 22826 17578 15441 8732 22759 20654 22227 30249 21574 20803 28995 30089 85 3017 19921 25278 14941 14844 2716 16760 7456 23075 281 18534 31583 20361 13497 9548 25503 26417 5318 18262 4397 5318 5518 9132 28256 31697 25796 10310 3102 6447 15651 20738 12961 8385 7508 4851 28539 25445 26130 4604 17624 20773 9100 21662 24068 27567 1547 27151 27949 15621 19924 13964 5737 9846 11856 23023 3067 7117 27754 25732 16338 7880 15417 19993 20050 3788 8671 25428 1623 8406 22961 7498 12919 5045 2968 5964 1928 29815 19894 5892 23650 1825 14925 23234 3814 10147 7389 8720 14912 14090 31373 9356 8808 26872 31180 27383 30959 1361 27960 16009 24312 29240 1471 8839 18565 6714 28676 3096 9460 712 24836 19541 28873 9963 22009 24735 5293 27187 2943 7477 13751 14321 28661 26117 23275 8869 5414 27075 
3072 6074 25896 4921 19815 31601 7813 9438 7560 16668 23449 12969 22351 21388 10555 28199 7655 25036 28832 30924 13765 25616 14459 12423 28393 27880 361 10904 1120 6841 16781 20646 5390 15726 17271 21516 6570 1131 27723 27509 31754 18626 11551 3752 13217 18346 9124 9381 2886 24877 11785 22512 29750 12064 30236 1325 2653 2136 14259 30701 11729 17435 17994 27080 21920 20949 5613 30636 32715 30988 19289 372 25234 21910 5982 10172 17138 25610 24967 23540 5229 12916 1533 14004 17929 2381 10921 2127 24731 8362 28569 22443 23109 13747 32421 17232 17214 5207 15954 30910 12241 26942 11254 13828 937 28671 8477 2446 587 20884 2092 17471 18660 18187 17476 20928 5445 21629 20585 27415 32300 12356 23012 22395 197 10857 23013 12134 1904 10332 29293 21997 19909 2280 4715 7245 17877 1125 9510 17350 25267 23856 20698 20908 27700 29784 2214 27067 16370 5786 30117 8875 9111 5520 31580 2308 3160 293 23380 17460 32703 5452 15367 4574 29102 12274 5889 2934 17313 25392 21055 27147 18739 30662 2267 15459 30180 29637 18155 17229 6169 31115 15526 26675 17764 4852 11464 495 23558 15567 6712 23519 15794 18063 30952 13116 10132 23107 26109 7847 19346 16585 11057 5125 3794 13886 4469 141 4476 25272 18138 10015 25537 19256 23473 14552 3100 20186 6897 23523 17111 1103 16858 5266 1746 2957 23256 17581 28544 10181 16298 13578 24626 13718 1731 23901 152 20864 24561 24146 7812 17051 9276 25049 23794 32137 7441 21953 21574 21417 18080 13449 2004 8845 4482 20595 21669 6063 26527 21721 15736 23647 30799 29124 14344 15872 4031 26043 24461 9844 32151 23001 12421 30933 20185 17443 12724 9830 24332 17432 11882 4041 1179 11657 26116 1650 23672 13738 21685 603 30980 30314 31111 24569 30771 15360 15772 14960 17643 20678 24762 13827 1966 15179 3847 20174 2681 8867 1040 32695 5100 19714 24336 21922 32170 27786 3184 17124 2563 11872 26762 18170 15569 16389 32690 15996 15263 16100 3959 28492 30993 17959 11558 9491 12160 3791 13712 29166 28388 22020 27149 26468 16887 32169 24257 23452 11927 6964 7710 3788 
5484 26813 9642 17653 13516 19540 8195 10190 21211 27032 32 1277 21239 29062 25049 15501 14931 9358 21418 29597 26593 15084 28084 24405 886 10037 23044 15391 26665 26416 12824 17683 3580 22248 21919 16306 14014 14847 7809 28632 25135 28485 5663 2028 19814 649 4060 26970 368 4272 19676 18755 13626 12804 3340 3443 1712 24270 12642 30099 20263 550 21350 25759 5880 12042 30193 24219 27758 11182 13108 3714 8675 18195 3069 26752 14117 11483 15414 15456 29215 11100 14510 19528 27317 8179 14877 15268 3567 32154 31074 27232 23642 8637 270 4186 26539 27466 14374 11543 21414 18440 2597 8117 24126 11305 20545 31520 13054 10274 24559 27273 3495 4282 25257 14868 28699 28001 23279 22481 28537 8388 31372 24814 23690 32670 11802 3883 19292 18897 456 6797 15916 14773 17243 25431 30601 7600 1395 30774 14263 12295 26640 19644 26962 8435 19028 13327 307 1784 18827 29667 5528 10610 12648 933 28798 22897 16785 19449 8530 19654 27743 31335 20937 12126 29406 15697 25101 24271 540 31785 4121 1073 13728 24545 11878 47 9016 16290 11719 23901 21496 17856 32401 15565 20095 24814 3328 28893 5756 21934 23766 14930 17777 1036 2117 23467 8375 13708 9743 30383 20675 1889 23276 26697 7591 17631 6700 5781 21723 17971 22941 25915 15422 10066 15535 17404 13912 27439 31446 2954 31714 24369 1328 7325 3720 21220 12136 30019 18669 30703 24538 12407 12272 32326 2808 9206 26926 16544 32236 4174 31431 5420 15487 5944 14438 5759 30265 27687 379 30929 22217 29473 13515 16234 13736 16846 32043 26199 26874 14031 23432 21601 16309 6992 4651 10560 26372 737 21819 15371 16110 23937 25732 24051 25139 28668 29302 13617 25974 9848 31857 17469 4513 30026 30784 28993 7558 15374 31459 8653 10946 24310 15505 16076 2535 2658 7677 13495 2522 21681 4825 17416 22137 12887 5528 13810 10881 28720 2169 18767 22703 10261 10177 27610 28710 25516 28999 5022 17 24964 9526 19630 16009 12385 17423 20247 5817 5332 11757 12563 25152 27919 18189 2431 20950 1784 17805 5775 18739 7292 3188 15553 12845 27174 14323 29199 2848 5104 
16107 26985 13458 19545 19886 4706 16919 29111 15882 16682 21107 5583 20612 4796 13055 9123 2785 24920 21070 6027 24555 23860 17935 32135 1137 7535 26677 10708 5520 15686 20310 24509 29745 22922 9809 23220 31187 593 10036 28065 27275 29933 15709 11386 18504 12826 4831 21524 27484 17531 3367 25657 1080 19272 31967 8186 27255 7489 1298 26694 23839 6118 32145 9404 6179 28393 21654 11966 25388 4068 13224 29383 32152 28232 27582 15358 3011 19349 27815 24075 27014 20433 19369 12585 1534 1587 7529 5244 11407 4639 9994 27302 24360 12375 10905 17557 9672 22639 21161 11934 30529 4737 314 21456 7996 21795 1504 27522 17789 32662 32545 9519 31336 17472 27422 1668 27844 5980 11126 28598 11456 30193 103 14873 8243 6400 16182 9455 3112 26882 18385 1149 22426 17810 32180 26469 27516 30054 18441 9775 21501 21123 23827 4393 1801 1713 23756 12401 29715 27693 32461 19024 16658 26271 22383 9161 22729 18507 30768 12146 11852 6027 28504 7811 22976 18557 27356 2093 29282 16121 642 6957 18891 11462 27974 3488 27762 8205 9724 16153 2930 22029 17208 16625 13197 9745 1643 14558 30065 6303 26190 20935 25403 32499 6276 11991 1850 7852 24187 5329 14325 17860 6547 15779 28015 23237 27266 2621 31657 15674 24567 1699 22121 2660 30845 29761 16954 6703 31650 20096 5812 18532 28249 32150 30205 24096 9886 11170 7568 12165 16984 28664 13373 16815 1411 17593 14705 3306 25486 31400 31160 12066 14338 7992 11392 8859 29285 2282 7968 19682 14686 32213 4377 31235 18714 10374 9627 6140 4333 20235 3659 18034 21565 75 21315 3747 21148 11161 23642 22428 15156 22152 8102 27307 28520 25856 6464 7192 22712 10129 28743 27664 21989 9224 27944 13282 854 19520 9500 13166 25275 5947 32498 4825 9712 12401 29966 11398 8484 12648 14514 13122 10298 6533 6780 2239 23407 30754 23600 22596 10046 31969 20408 18850 31617 25151 26473 24682 32216 26220 7048 23389 15182 18010 18701 10276 7482 28435 28070 16194 9572 22865 25855 31814 13673 17224 2881 17989 25953 15559 26841 7303 11710 14719 19322 23425 26743 7586 28773 19971 
28007 30897 9192 24243 19952 25231 31268 32186 29667 11993 1300 3773 10148 27258 11211 29455 16777 22393 1789 1061 2692 23318 26305 4682 4098 4630 26005 15251 28434 32603 11427 12054 23242 2231 19779 12375 25062 13826 21440 28419 14259 26218 30559 1761 1068 28683 2973 15365 32610 24000 5817 18247 23585 16184 12658 18163 17872 16204 5138 10178 30105 29839 29867 6665 8906 8231 6817 26417 21115 20188 19304 15207 19058 4207 29839 14228 11075 14637 14078 24464 30139 25027 14204 14483 32639 6484 22644 11244 6897 32201 16632 501 30291 11881 21766 2374 30255 19625 778 15913 3830 32581 2725 1614 25063 11151 8365 21696 8498 22791 5237 18968 32606 29485 23118 9457 11752 23955 8013 5787 12077 3638 19023 20500 32649 8718 3643 23347 22977 8164 29063 5159 6814 23908 28414 22304 2011 14963 5056 13900 32322 9923 16010 19461 19217 9636 25655 32073 13474 17437 32135 16490 30283 13627 544 15366 13188 2217 5330 21050 9799 12161 17695 27667 3261 17250 2555 6469 6678 17347 22992 22560 28344 15750 965 6591 23453 4304 11840 22147 29942 18713 7849 18112 14357 15231 11890 5045 18569 24416 4436 5314 2187 5415 20699 27861 4249 20326 8484 7206 19040 21030 29414 23076 13023 31867 26287 19374 1994 20571 1392 27015 25644 11439 25148 11012 4177 28075 2381 18696 2275 26459 24648 11570 339 28287 23489 24917 25978 25497 11778 4905 7809 29764 21256 64 7934 1735 7631 24123 31327 1002 10960 4925 2956 29449 23495 21152 28360 7270 16569 29159 21208 9667 4662 2548 25960 23857 8412 14460 24234 9763 24092 5559 28736 15558 25153 12892 7004 17301 5037 12748 12838 20264 21350 21645 2142 25676 21202 1787 5954 7257 30399 18490 6322 25536 27558 32111 23954 1764 20273 1328 25456 299 4858 7993 28006 16980 31894 31840 9282 24075 26322 2763 485 22970 10300 21088 3049 3235 17126 30077 8583 17964 16742 10729 24759 11897 25889 15883 26264 5440 2506 32346 28435 8921 25125 3861 6075 8085 29201 3636 18936 17745 27077 4510 4197 20299 18010 21916 23414 15412 23434 12174 31070 30342 10935 6365 17712 22295 
11054 26160 20804 13807 26542 32483 4316 32086 5412 10421 17671 29490 1721 15296 12486 11408 8974 21167 22638 24449 16070 19243 20557 1831 70 10902 24208 3599 12472 15100 29796 29377 7766 29766 16988 6806 29669 1457 27667 18122 10623 4991 7954 24530 29334 31981 4340 2800 19766 15972 10440 15876 5770 17395 22454 17829 18594 16381 25830 29040 17779 23087 12445 23200 21280 19125 12969 30944 11640 13742 14336 31069 20671 23261 9124 3102 25009 28065 14025 7064 22212 10535 9274 8829 18094 29918 29433 5078 39 11563 29733 2385 20208 25695 20513 11228 4628 12262 28403 2674 1902 21952 16362 21301 28779 28214 9348 8894 29713 19909 654 23985 25152 19295 16781 18580 15416 14035 14173 20961 9820 5001 18456 16985 10038 27506 15674 18332 22458 20031 6146 3319 26831 20689 25371 22141 8715 8433 18299 21081 15806 322 26764 5218 17971 16755 19337 28656 22578 1721 20011 9198 28361 30845 28806 3377 7245 9554 30253 21256 21659 13353 8861 16917 11427 13768 5337 18779 13096 10872 1617 19863 18113 4094 28936 18132 3364 3021 24822 23610 28579 1402 29868 29223 16631 17776 20790 24193 28733 27621 3397 14154 27966 21517 22414 28532 8691 14221 23661 13815 9545 9778 11982 19234 2849 9699 14413 16430 30107 3796 29852 21785 19348 30717 31781 26802 14445 18379 8689 12016 22798 15637 10441 8583 14891 1105 21403 24253 3014 11528 21791 27258 11766 4999 25273 1439 31462 4824 28322 3993 29216 4848 19779 9782 10508 18218 18913 30647 9395 12532 28287 31526 201 15048 768 746 2027 32607 1933 23960 8485 4385 11830 30988 14007 21983 6108 15289 31257 19140 22606 2109 10556 17545 1458 7992 14611 32745 22311 21343 2386 5717 5800 17356 1398 10984 27187 4248 22277 25501 14379 15788 3351 704 11004 14292 23829 13474 6141 12310 24769 26001 19866 16705 30070 13319 3250 5064 8369 21282 12606 29649 7633 29012 20020 3466 31003 30556 16555 17340 23553 13173 32319 21666 28324 17613 8887 16635 29335 23352 229 10590 31462 7974 15054 5582 25943 21971 9483 23438 30959 5565 31087 5430 19896 8027 7402 24839 25026 11788 
31917 22908 32616 21838 18063 31777 22740 15920 176 29352 31942 22794 17500 29242 2192 22379 8242 9483 15206 595 25989 21041 20180 16546 25858 14262 14480 25041 24211 19180 14706 224 10372 21248 24001 5007 20965 4562 21168 31185 17455 28420 13608 8574 10282 22866 15816 4680 4621 21025 28203 30192 14567 22362 9065 28858 15679 8056 12768 24094 17143 23520 28212 17856 25207 30065 18324 7330 13575 30557 22335 9880 123 7223 2375 3069 17942 12621 17045 30629 14505 17463 10286 20754 24059 20144 27573 26347 24429 21669 16688 7593 19934 10380 25103 30356 23757 18935 16746 750 22717 4713 21898 5998 23774 9320 6827 21488 3049 20691 13056 21354 20556 26230 18424 6178 26503 8156 4288 2078 15574 9060 8713 3548 22288 18839 27403 12612 24015 7609 969 15579 31185 19614 12439 17209 5278 30144 16090 6333 15211 4750 7952 5503 10559 26630 24592 13190 15444 13957 28562 23868 23232 7134 17393 30 2644 23466 21296 14264 16325 480 31548 9425 10505 5030 16240 17635 30468 16998 32606 24014 27236 21795 2765 20940 10186 15374 14078 28584 5930 596 22836 4907 21108 4667 19058 10712 26484 32621 22663 28633 28919 19347 18504 31032 19247 22822 19741 23378 26456 130 6591 2697 668 31549 28223 16442 17460 6582 18251 31983 1745 30449 4781 31445 20794 7842 3348 9328 16950 22919 11543 25485 29612 5115 16247 23672 6409 4809 6308 26992 23778 27198 32643 27224 16859 27522 13679 15535 2759 31784 16254 28610 28176 3075 21765 2336 6233 7483 5982 27983 16995 4769 30440 16573 24109 14400 26960 21753 8032 14900 21775 30243 25321 32192 22068 11426 14824 4250 16484 18196 7113 8841 543 16523 944 15666 19780 22262 32027 11823 10456 26077 25539 22370 20483 22866 23235 22921 603 19748 16123 19730 10598 11349 6327 32048 30553 25806 20620 22830 25382 850 11139 4100 9654 19377 21114 2600 7283 8510 26822 13734 13578 21378 30237 22643 18031 9010 10164 23806 31521 4959 11428 19721 12463 23277 12690 28343 28795 2630 16271 14310 26046 14671 573 3006 29900 20892 14643 30346 22426 18656 22691 23495 25469 24487 7482 19067 
23604 14407 5960 27593 30761 23059 28961 16321 31220 29907 29891 7293 801 30833 5305 9065 1075 21749 31807 8418 28136 30387 27302 2563 1983 21187 24058 3259 4024 6066 20707 26147 1883 22135 4041 29455 20987 14249 26939 12004 2108 4335 15762 5289 9427 28343 12753 5728 28301 26155 2512 7830 17299 17248 28058 20537 10732 26577 7699 30890 18755 27917 23774 26643 12779 24492 2941 9211 5408 9863 17850 10263 21136 27177 31558 10595 32538 4224 19617 3954 18645 8408 12089 6146 23636 9227 7382 22740 12072 21745 21045 5051 21415 13598 24819 4338 14828 22989 6318 29618 543 1303 2918 15620 17399 24425 12585 28885 28540 25908 28399 4424 11026 23782 1219 25680 21171 26906 10019 14205 31868 2827 18346 5654 9835 10575 20716 9577 29031 28354 22946 7007 3456 5568 4871 851 15225 29591 30337 17700 1923 22587 30340 8841 8524 5692 14003 7845 30008 18166 3913 988 27374 7944 24504 31716 27927 26375 29840 28191 7778 27763 1185 6184 24524 32489 2404 5292 3102 19867 30359 17531 3255 14590 5416 19934 11147 27842 1364 9772 18028 22023 11280 22936 18313 18894 4008 1357 1844 28589 26534 14269 31464 17608 25589 11061 21898 19196 28486 3765 31983 14429 28851 20736 30879 15075 20642 8687 15832 9312 17645 7690 31958 4789 10304 22617 21330 26694 24770 13944 2121 10411 6647 21226 13566 3497 21989 22959 32578 26720 6517 4889 18675 8901 14365 4315 30915 30035 700 12643 16442 9470 24005 28010 767 23913 672 9161 17235 31576 28749 22414 14302 23400 20299 5199 28334 254 19640 27838 8573 10621 12473 18302 7986 8124 13340 28213 28331 25527 22844 4835 3770 31364 19493 16242 30573 31369 3577 25486 16531 10221 28563 29878 4475 13644 8041 21651 15871 31919 20151 29065 13505 17595 12762 21901 8885 26152 24569 5942 28640 25973 21995 24854 31071 21722 8277 842 11434 4735 28947 17232 26650 14059 9178 24089 17577 18367 30235 28767 11514 676 30250 14649 26009 21634 28063 27373 27267 20723 19197 32261 17897 15863 20113 15013 17457 2025 32413 27675 10558 12721 9910 29368 19185 5436 26219 10206 13551 2089 
4903 18523 14757 14533 29017 22773 5258 22330 2257 14662 420 24323 6253 22731 28238 5283 27894 16951 10040 2967 8005 28941 10159 18569 32170 9581 28191 21446 9358 10798 31190 20466 2646 16686 22026 26875 651 10726 22046 12107 31800 30274 26401 13122 32660 8623 6808 29923 12001 7797 20093 31693 20116 19783 5767 11117 6326 4888 19116 10099 24458 305 24293 23682 17264 17281 26673 300 9 18740 29404 8989 5276 23431 3585 5270 19385 5850 12366 19998 26140 31238 23047 6260 27859 32754 6221 4807 28324 30561 19873 26921 11433 3342 25508 20290 31293 15355 18976 4929 21532 6150 26444 23832 29381 9917 23884 28137 23587 14963 18680 29627 14445 916 24030 17778 28235 19509 906 6910 19002 4591 22533 5586 13617 29166 15259 11672 16005 6981 18913 21795 32010 15236 25591 27557 2939 6541 12299 20002 9243 21155 12830 7460 8093 28100 25099 2737 23361 14649 25285 17530 19009 9835 16096 20053 13931 6136 20051 24813 29711 22022 10620 8376 3355 7384 19812 16682 10117 31135 21829 26665 10985 27026 27977 26048 26996 28480 25237 5143 20480 4645 29830 29603 24960 31868 19258 22426 415 11093 14163 13994 21156 25831 7927 29674 10905 26919 15387 13329 25516 4250 4098 4838 3029 19815 12288 19703 14265 17072 20356 12686 31951 26146 11094 28897 22209 24523 14876 6793 31765 7212 17955 24629 26124 17552 21596 28832 4042 4508 31909 32448 12472 11302 5962 18753 30247 4171 25548 13873 54 9915 3297 22269 9717 2136 11707 26780 17610 8192 15501 9226 7956 7846 32332 29432 3599 30120 26547 23746 2808 19292 3977 16289 21361 7660 5670 10786 11558 2149 9780 26838 3249 24074 29363 7243 9147 4078 22079 27452 6756 4290 30614 9477 30693 10987 5973 26713 32372 31960 27394 8759 32361 3986 10575 31002 25758 15252 11165 30833 2075 20446 18624 4174 31475 12101 19714 15714 25193 22541 13162 27945 6743 2489 1086 29282 10193 32034 31942 7618 16133 25287 25683 20201 24677 7012 12928 4501 20745 24262 27320 6934 29262 17629 20728 15362 15556 25875 23510 6697 25159 32732 1987 18123 23403 26254 28557 1289 25630 5492 
20008 21658 11144 13341 19885 5311 15158 28666 18339 21369 22904 25897 23166 7417 27399 2443 30821 24408 6123 19996 21304 13960 14236 27268 18898 13451 18536 1769 14987 31202 30228 14344 24321 12873 29638 388 5401 18849 11555 21117 14656 27950 4788 12389 30199 11522 1422 1039 11406 20921 9778 15625 23343 14951 2738 16172 9247 22223 8213 20081 23105 4566 15101 27911 14044 16439 7047 24482 7325 26487 26739 19477 3040 28956 25989 9763 11307 7706 26922 24210 3835 20110 21855 2178 4036 29102 6095 26877 30003 12800 30011 9423 14262 12747 9247 152 4414 27596 31379 26399 14916 3113 13167 10729 30730 21931 3762 12299 24611 26407 20773 1852 30005 30013 26427 2862 254 19525 12092 5919 20373 11911 11938 30123 12274 25258 14020 740 23985 1648 15537 13476 14355 31136 26719 32034 27206 30019 7941 15300 26854 8978 3269 12340 26819 18736 29070 9142 13029 24085 13633 15545 31181 6346 1810 12459 5118 20828 3122 18450 16316 17803 25003 26841 21524 5570 30091 6887 796 3660 31556 15095 4476 4292 32595 20387 10029 12749 24096 13505 7553 24324 8741 4339 28260 8499 3411 18810 10465 20168 20913 26699 3816 17029 15687 10341 16462 27256 23866 7265 5909 17198 23608 9035 6382 4900 8214 8112 8700 31358 27320 9464 11483 11003 562 3830 23521 23593 9260 14270 10147 20437 18571 16311 22203 31430 30542 7153 8905 9643 13749 24248 11960 6737 20137 28265 12867 12569 31320 7812 32439 21162 10528 24323 16634 16867 30126 30186 9420 16915 615 30496 15693 28013 17926 28285 22207 20406 2951 28708 5518 6465 10565 787 1677 32285 13151 6648 1155 5517 11615 3654 5862 19896 32542 20873 11750 18338 12514 18679 24494 12123 13002 1863 2790 25719 13164 22726 636 1725 18876 21927 9892 15140 30256 28314 3869 15611 16161 10145 10934 3943 27765 29983 30738 25362 9851 28466 15272 1058 31766 20291 22285 25704 5150 27612 9590 5594 3587 9913 377 18756 21939 289 22547 9530 28350 19063 27887 2385 31416 7436 13285 4495 32480 7479 25538 28191 11518 11944 9799 25417 13202 5113 2420 1442 22826 11398 5638 1664 
26388 17535 12094 9393 10037 11067 8164 5485 31033 975 30860 31112 17133 992 8984 13036 16360 5301 20350 11847 29809 2704 7627 29953 18333 26175 10600 7025 2232 21742 22940 24400 25574 25151 6995 2670 2570 4253 26654 28067 4071 19405 15994 2057 18566 27077 28501 11880 7895 11714 25806 18162 12954 405 17981 27953 15488 22845 7539 4669 32142 29883 24899 27954 15811 29730 2369 20449 7674 29166 3785 13254 16658 6038 32579 4923 4171 24677 934 25322 7923 32389 315 16264 28995 5725 14244 9153 10884 17437 28 14958 26229 8086 4608 8462 16881 12880 28815 11892 22221 5078 26094 4541 12032 8277 12142 23941 29446 32101 16146 21339 22406 24871 13900 881 3634 20368 32264 5272 15854 16900 8171 18540 17973 27943 17629 4044 20921 6384 31941 17294 31818 16127 13203 21872 4089 25392 30596 3409 7549 23152 29857 9889 29654 29647 18826 25110 15152 14295 6513 24480 14089 12828 32617 21664 29590 30997 18145 29269 25187 26666 3435 4246 10811 16398 12739 28871 11847 8527 13324 11526 4217 5420 27484 10149 13100 6310 13435 3805 32260 24026 32232 18624 27164 14221 21789 23408 6496 25353 22804 9615 32055 9256 13834 31478 20582 26542 3715 31146 26673 24539 30094 11019 8386 20289 24138 17743 26831 30164 9385 8495 12408 21568 4980 14304 16238 14719 2960 15685 13914 20138 12415 10851 16253 5391 15913 19477 12947 2693 27613 10753 12286 26620 147 22986 30496 11864 31860 4744 31753 30080 31644 5237 82 12721 13854 14568 13128 25369 16712 16008 7502 25505 30249 9657 23164 18186 8529 12635 26764 315 24536 24500 3063 18137 19874 28586 4187 23577 26848 17974 26656 17874 20186 18453 28507 4311 13805 31681 22002 9091 18639 1951 29954 19861 18203 24698 4989 2622 3849 15408 24088 10361 29820 7339 5732 19867 2371 1811 15674 1579 15000 15170 15453 22771 26605 32633 21339 4183 22249 21585 19380 11750 10413 9460 14398 15407 13403 18316 17352 29398 27353 25084 21246 24807 10194 1743 32141 4457 5118 7789 8839 24119 31908 28821 7176 25867 17501 25095 22042 21212 20762 14977 19670 31082 7016 1773 13772 25367 
17139 27609 22693 22776 19529 31783 23303 3884 27617 26630 953 27500 604 6177 14600 6628 11786 2326 15977 25665 5552 31529 30047 32524 20617 19002 9631 16694 3978 500 4211 31220 27626 584 21340 22733 32482 18457 24059 7152 9906 11833 32561 30924 7396 14997 19846 29403 16852 19372 28359 5310 16752 14918 755 16271 30013 17250 13913 1139 10139 20080 16122 15470 7241 25536 18740 21116 555 26427 6050 29661 12875 27473 23102 6832 24607 12338 200 9923 7946 9025 3180 30890 24868 29381 9375 17166 21310 2530 29514 1608 14881 2249 3114 27182 13591 3371 25462 27181 2477 24307 6083 1945 23734 21812 4902 30272 31891 1888 18328 30533 8370 7868 2718 22060 16981 23568 21545 15409 29333 9635 25786 19934 20902 12646 5835 18140 2908 8048 24427 2058 31982 6314 16936 19404 26619 17868 15409 29862 22218 12936 27324 10761 5590 28932 28838 14188 26250 4494 24409 24991 20297 17036 9971 9820 11441 11441 20901 6688 26657 24439 3672 22584 30584 25033 20119 14623 2592 15103 31657 17159 1868 2064 1789 2230 16765 28931 22988 27283 843 4775 26617 28161 22882 12420 27196 7915 15819 17169 895 12192 2157 13864 21896 19170 18643 27574 18649 19513 27951 22199 3028 21134 23199 16994 3363 24820 23216 6560 30039 457 545 17091 25551 8190 29929 25461 29404 2739 11130 8430 18210 22279 7496 12395 11842 5166 29829 19419 4278 1476 12079 24283 15100 22624 20813 32740 16886 1133 3190 2499 1681 21301 146 26954 7333 14911 31205 29510 6428 219 20553 22193 2903 25595 19386 32552 9677 11332 12824 31647 23029 27237 25129 15699 27495 19880 8158 17152 15934 18630 30167 1108 25792 30976 20520 12708 12353 875 13406 7135 18756 23692 15037 22720 4836 11812 11468 30535 23922 20301 27924 22633 11360 710 3108 7 4957 28556 11992 29213 28354 1962 10715 28732 31533 20817 30315 11066 4203 17963 25692 15656 924 15597 11616 32644 29841 4396 19845 4528 2681 32113 17663 9123 25533 23439 10024 22751 15656 16180 6853 22434 5195 7871 12171 22625 18720 32337 11490 18802 749 20775 15848 23305 23659 1319 7865 1893 
6952 27832 12014 27467 30250 31447 3427 692 12245 1384 8510 7619 1807 457 13356 8697 17313 28589 494 27564 25056 26152 24853 25525 8590 30470 26889 7530 31739 23649 14672 4300 17775 9331 17933 17665 32204 20392 19911 32516 5232 5367 23660 18587 9049 16499 32662 25481 25996 24605 4108 32005 27831 13053 13452 13676 23061 3697 456 20531 7826 11716 23470 8223 1584 8194 31724 952 4777 18443 16820 1531 26966 8935 11964 30543 22607 18521 13706 4794 14036 22967 15598 853 9451 21240 31952 24061 28235 29199 6187 25420 5241 10360 6234 7623 17457 19216 11667 12377 14855 29737 22705 26881 23118 19422 25142 27591 57 10916 17040 2548 18496 18978 24475 6530 22981 30787 17256 24786 29688 137 12349 27293 16888 16292 13788 22061 14907 5443 11272 30669 3375 10282 13894 23934 26401 12420 13537 3051 2399 15483 18224 1951 32409 8967 17179 32374 28301 6403 17884 9553 21732 7302 16899 7694 8022 10864 11965 31160 30485 29251 15445 11002 14697 31797 12795 31962 25495 30083 22725 24996 30216 5895 6131 11811 4775 23053 9847 5399 23179 28515 30133 30436 20182 11439 14727 22920 14557 25605 12676 7375 23945 22969 6018 16074 32765 19570 22361 17533 30584 17280 29674 6872 23677 6000 15712 1001 4402 26845 15542 25679 10503 31113 30842 1266 29591 7084 30416 7409 11987 11147 8377 14300 9309 18253 27285 19492 13874 14602 26087 5583 7820 18214 8281 2416 26375 24285 29696 29527 23298 19742 11488 5893 31048 31133 10163 25315 10480 22564 19942 3123 13697 1065 4837 10054 22106 15014 22168 4079 17745 9765 20781 13881 10395 12570 27673 9045 21484 21110 11353 19158 9438 2169 4606 31777 32407 30152 4328 2078 10406 21695 1746 28468 5423 13576 21135 11125 21064 14189 28818 27413 10914 15338 16564 20257 14700 13831 22834 621 30068 7013 2805 15567 30608 8342 31511 1674 60 14385 30114 20493 132 2086 23963 12766 10789 18768 24127 26833 19183 17737 16780 25213 30573 26242 4099 28144 18632 3731 23981 25762 12777 9935 26716 24488 12254 7964 27443 19754 22911 20226 19304 31255 4689 27905 585 25623 25770 4136 
26749 26562 18198 28643 18061 7951 20730 22037 20131 1039 8823 30566 25489 11227 913 9695 20756 11723 32401 4532 22874 2792 31143 3168 15299 10660 5076 503 6373 14793 18695 7352 22482 5296 8583 18146 28829 28083 28816 32458 16410 26340 26177 12585 18662 24064 30902 3514 1447 1438 26737 2565 12437 7852 25598 1653 9274 26140 3798 18865 14709 2779 28549 17961 18117 16387 2312 24047 9412 16209 9081 6345 23538 20441 2030 132 24500 9464 13214 6027 31389 10635 17989 7608 20459 2910 12234 5993 5717 6888 24863 19159 28676 21301 1130 10147 991 7715 98 19634 15371 10449 19195 8251 19890 23637 20293 11806 28164 20141 27281 16504 22652 16376 17623 26228 2661 30695 2132 23908 22428 5998 15479 4112 15511 12991 18430 8269 4518 18296 24157 11986 889 25371 23647 21832 29923 3520 22543 1696 11741 19718 26585 18857 31694 21327 25837 482 9994 12077 11492 14989 24984 3863 9894 10244 4920 28001 3723 21328 9892 14443 19904 9208 15383 19224 24813 15383 25868 18817 4628 23217 19784 13803 2493 14407 29978 20983 31568 4521 24802 8217 28866 21772 25040 6475 31091 9564 23534 27395 16471 10196 11617 20834 19797 20427 6892 25006 30188 7377 26037 22786 16668 32506 28236 17220 17028 21882 2281 3672 12488 15218 26357 23955 15157 5898 14796 12659 25256 7872 29378 14221 22955 18688 17508 22214 12258 23028 18688 19398 19622 925 29287 27050 31983 19491 9969 21241 6263 11881 12226 16090 540 10469 23628 7812 1926 11951 32533 14069 25611 11991 10170 743 27343 9724 15925 28928 7216 28186 25435 21065 10849 16548 15016 3297 12628 7891 319 26355 9694 5181 5677 32229 16406 1961 22510 15826 25854 3618 31538 27963 21349 29770 16097 8441 6155 29169 8540 11382 3335 15334 31494 25117 26726 26637 8707 14351 7701 22450 31551 9496 6401 7197 7346 18913 3964 2407 25827 14951 30435 27532 11179 31659 23165 4544 28732 2476 6567 9223 10337 31122 20782 30464 5384 3116 29693 20993 16381 17564 22264 23401 1784 22353 13351 7986 22490 1334 26903 25542 564 14121 29821 16660 16905 28079 30493 11746 26581 22758 
15338 30565 16845 11451 2927 22287 10857 1372 20077 6824 24608 28657 17350 4768 2674 27527 19865 15012 4140 30284 6575 20591 8936 31490 10518 19683 9171 12974 31499 29528 17843 20112 24350 27444 4136 32344 12944 6075 10289 9879 3328 8745 499 23412 8262 27134 24502 29600 20384 20378 16945 18316 16908 3337 11783 28889 29684 4384 27281 7696 3088 4297 7646 20115 30601 17051 27128 2771 4442 30894 28521 27844 22780 3245 22782 3214 31810 21036 21707 9606 14466 828 7791 1884 22261 23357 32410 10133 18528 21492 25548 26428 9204 14558 30815 24789 3443 1219 22983 21139 18069 15757 21785 30923 28586 16987 19658 27815 15232 16338 11193 23327 6791 16051 2416 10277 8499 179 25511 21024 11682 8071 4362 10652 4223 8766 20797 12608 15654 31955 7708 14848 17673 11779 8775 3988 8786 28508 30942 18728 5578 11159 6793 4693 7161 12071 7100 80 15759 18194 8249 18273 16130 16896 10198 25751 29561 1937 6272 4027 14057 14836 10624 2434 21373 5558 5117 6662 22076 983 11458 21367 5862 4643 19266 27918 30494 17855 8665 19011 7374 31747 27477 576 11208 19847 4533 31637 17065 10113 12849 28717 16131 3918 8826 28033 3259 17486 23362 9483 1199 13301 27647 8446 7836 29727 23532 12596 31296 14244 7249 9320 955 28973 28677 8613 14139 6214 27697 13822 18392 17588 30294 27264 11709 5128 25490 30309 24457 3444 7455 24970 15093 30686 28188 11044 24758 22067 24208 18606 1957 32254 16300 4390 2845 31801 19792 26744 14500 15458 2257 16187 8398 9682 12538 15003 28511 9035 31568 6294 3760 18640 29338 9324 6740 3001 7841 20304 25850 16646 22837 16740 5525 22004 29808 30436 8123 30414 5695 15777 6987 6150 27933 9906 16211 5508 8738 16486 1073 23614 11325 11389 12536 21001 26814 26263 22549 28590 7447 20204 1842 16705 17891 19774 11866 16558 22311 8204 606 16021 20952 11273 24184 19800 21150 24524 26927 25202 32216 32713 122 8714 27872 28288 12584 2247 144 17652 15743 26599 15621 20319 30500 26507 4770 16932 28731 853 14424 15109 18382 13621 31525 25238 5491 17024 9947 16881 14377 24387 
27683 8364 3204 7126 26561 32520 19978 20660 12058 107 10204 31881 1523 23057 14489 18573 8571 6654 3455 10001 7308 23095 22739 16471 302 13361 26499 8615 2909 2186 6667 25247 2316 28407 25749 13515 31593 25214 6756 4470 23907 32229 2162 31167 13161 23658 9048 31983 18549 29364 19567 30985 15434 29706 29237 18851 18170 6083 4082 22773 21930 21245 20635 18224 25753 23186 22774 7185 14943 328 31999 14005 26739 17992 25739 28591 13552 10194 25387 8536 20889 3630 1875 2662 1050 25318 9403 16064 9105 10290 24070 6801 3916 9396 29090 27547 724 30565 19951 17615 27435 10192 12451 12314 8531 1662 21869 12929 11791 29105 30680 22128 31470 21077 11379 12367 5252 25907 21807 4439 25083 9320 13576 23716 30155 25877 26343 12939 23493 32089 15303 26157 2134 1660 17431 29004 19722 3949 2144 23134 30287 21359 13608 16608 30332 18703 15894 1005 16913 7513 15447 14095 16704 28491 3135 22869 31405 24458 28212 678 23411 18516 11976 31572 16487 12726 6693 29172 9376 22015 16046 17262 6455 19060 17123 2384 27211 8261 21125 25192 5448 4544 26363 10641 29801 4037 28405 3789 17276 17274 6479 18068 25062 22591 18232 17260 30182 8677 27027 11706 21790 29466 19869 3544 22095 14376 7377 23655 28772 10720 5129 27879 19122 11472 13797 26245 8830 12477 31856 16179 10687 9293 19969 27902 17190 20739 14688 16796 16220 13168 15658 9285 32651 9128 7799 7621 8479 25076 4793 27342 5838 23494 16616 2194 21205 15602 24028 28561 26245 8474 26618 28848 15103 31082 17938 26764 18236 31366 19848 15629 26448 9921 29618 22846 14575 18576 11906 7004 8496 28990 18533 26925 24465 20449 11114 24210 21051 29836 26535 19040 20360 21446 30937 28012 14531 7739 3914 12261 10799 16562 24568 16615 27722 8255 16371 21580 2642 26298 3847 29382 12809 29551 13723 4139 16566 17431 14809 23567 8556 27144 12303 152 24718 24488 2645 17294 6291 21031 2929 15794 7175 13166 24823 7249 210 10322 10421 8472 28861 9998 25933 21546 25394 23024 9764 7280 9283 6738 26235 12848 19695 6092 26588 8162 4256 32680 3000 17727 1015 14486 
28750 4250 16588 1697 21710 25203 2929 11106 2239 20298 23863 22132 27294 13233 30772 31272 14792 20133 26691 22649 16282 22046 5451 23618 5078 14821 19141 4782 72 2214 22648 22768 18346 11078 12423 4661 21446 27254 9902 31191 3802 29321 13513 26068 27712 18818 26774 3454 25678 27506 24251 10356 26492 257 28427 31184 3268 25674 28165 7074 32591 26604 10141 7838 28493 5213 30528 21009 2597 20354 8466 18458 15822 8829 20602 27158 19324 4551 24544 12636 28032 15230 19893 22571 5225 12288 692 5856 32624 14520 19816 16748 13331 312 14063 22790 6399 22152 5373 26141 14387 28862 32036 11921 27747 31439 32082 7202 32154 19621 15771 26409 28964 2930 28472 22918 4267 9283 11472 15833 27808 21720 12279 20213 24029 14003 32757 15249 19080 111 32200 4673 12858 29011 29036 10661 17760 6951 31833 22752 3042 32326 5454 5196 24323 11253 29005 17005 14985 25331 32230 23843 10525 23122 20665 13091 20468 11908 12343 23975 23983 9401 6568 15973 24704 14441 26738 6590 18319 10028 664 8505 5020 28370 11905 559 31461 29104 30203 19656 1098 13624 14975 18214 23983 28365 24247 223 29090 21205 10557 15025 61 23055 17574 30321 16206 28966 191 17221 17846 18055 14614 6675 17935 10864 1212 24121 23698 13642 4938 22143 29751 10297 23330 12873 1821 15345 31991 28434 15917 20939 144 12821 13307 15128 20168 27213 24300 2741 3290 20128 26270 9440 15579 3160 26756 329 18312 14802 28625 21356 21314 24954 9368 3359 3159 14583 30257 28519 17027 22690 17630 7568 32695 1853 20142 26237 31768 28130 25506 14396 4939 18489 9487 29149 7920 25838 21571 1925 23148 2658 29803 11454 13292 5025 17333 30993 11943 22933 20401 15063 14947 15481 10493 27724 9274 24975 31265 32485 1182 30998 1464 28900 20123 8311 20433 24873 25692 13503 30356 5451 21745 10577 32297 9703 10063 14045 5077 17720 22168 30348 3174 21480 25501 15741 8658 14374 8098 19573 13339 11001 5217 10194 4469 28628 11601 11201 2475 10858 1575 12465 20671 18115 669 21512 29905 10128 4979 14612 27457 3772 19636 22084 31000 29763 12603 8856 31396 16199 
22389 14166 20067 5473 19305 14847 26403 13365 20981 8833 18790 2377 29018 12718 30731 31767 25339 11245 5163 7776 21089 11311 13378 14020 3459 8997 13967 22928 2628 22193 4797 983 25918 30106 28354 27844 15806 4995 31496 302 4879 8478 22986 15725 1788 13469 5570 22892 10640 13929 27649 31488 12832 17943 27934 25208 18828 27544 14738 17782 18881 26799 23907 19453 5762 16040 3840 25546 29545 15432 21868 24040 31528 10240 22943 2687 7189 23141 26410 18157 15846 23781 24601 12823 29880 24754 10269 31489 25943 8707 19179 32157 16057 2940 25055 8673 27851 11754 31973 12572 26737 24628 4761 5514 18631 7055 15277 14374 31150 26608 15755 28863 15236 27847 10300 15438 20530 31210 2953 11655 31084 7375 1888 19374 11316 5631 15225 21420 7584 17095 23096 3938 3294 20273 25302 14141 28277 17459 18108 4619 23757 17957 32303 18189 29170 6008 20530 5709 28309 13222 20904 27441 21076 5733 24506 32081 18747 800 6520 29574 4746 24743 7363 15683 17592 32038 2666 5673 4793 20052 5523 26581 30333 492 8797 32253 25785 29281 14275 16571 28137 21454 18628 26920 28822 11563 6336 25645 16596 29127 16166 22422 26896 20210 3660 32104 26632 506 24990 18805 4123 19034 5883 3373 27587 19501 14172 3511 19296 30441 4791 16449 24631 17481 21283 8340 2234 25483 19260 21995 12810 9436 969 6661 29370 14609 19612 5753 17110 6551 21690 11338 29987 11437 3516 22971 21929 31184 24181 12900 4463 631 26837 7558 19334 4865 26381 20124 840 8172 25588 11314 12258 839 21162 6394 13584 11882 18811 21277 5416 9188 25606 24015 1114 19893 4254 10534 16694 958 19696 27692 22126 22133 5606 25907 10718 29149 3788 29800 31945 11446 9138 17579 16742 6128 11025 30366 27035 8806 19121 508 4872 9417 9161 16685 13383 27098 2665 23319 12146 1757 19477 32566 28134 6218 18866 10223 26951 14021 26791 22305 17861 14416 7996 254 24989 4544 8261 6425 32226 27757 27141 30143 25725 17454 15437 32139 12147 8581 14820 21301 5478 17430 14635 29611 24415 20830 2049 31331 27594 23457 9957 32751 25282 21796 16218 18130 32655 17309 
22928 10898 4973 18408 5440 1294 9615 19963 27096 32274 21604 31004 12760 31017 23577 8274 1404 5554 26207 28441 10395 30006 1902 32345 4047 15353 3146 31129 16598 32719 32325 9328 4664 6449 32709 21565 3626 2704 26183 12824 31923 29161 13732 22793 22797 14490 24723 9335 13902 30068 29296 17123 22344 13585 1596 24790 32173 7272 12004 23 13431 6558 13510 20258 6534 5920 19569 5334 27275 25838 10924 1134 22822 19514 6587 3506 27211 305 29661 32110 25834 26393 10009 548 5071 23196 9786 26878 24263 30307 27417 9990 32516 1511 28186 665 21186 6788 14073 28953 5163 30416 27335 31971 30584 17450 31535 18305 29786 18070 23294 31776 16024 712 23523 17988 12793 2686 6514 8378 13668 25363 5487 4303 22854 14929 26954 8639 13620 23944 12518 13424 18642 9948 4766 30560 25587 21731 2186 6876 23041 112 20222 5492 1184 9385 7252 3243 22926 28000 1516 13811 6093 16288 13936 17368 20485 12421 22877 13179 19492 24145 24511 3650 6727 24509 572 29646 16093 15757 9299 45 21001 10855 31974 25169 3145 27877 10230 14017 1622 12265 1455 31375 12363 11569 2724 10890 17416 26155 25947 25268 14041 24330 7436 4599 28243 4121 3494 5651 15487 335 25875 21467 26427 17444 1469 8097 16092 16292 29265 2543 2072 706 9923 25720 15652 4334 658 4941 27161 23786 10317 32340 10396 26073 30294 14071 32446 10905 31974 9753 9505 26450 5457 22094 30813 20815 32395 11851 6561 17677 8939 12187 670 6802 27440 3476 4256 5120 17090 12426 19198 6762 12602 31042 26805 15590 11555 22697 22864 9700 3074 4038 21771 31422 13205 11246 14391 22928 28761 4919 11744 26953 5454 13615 28078 12290 18686 13261 4361 9103 9148 6311 17280 10324 810 27238 21100 29274 14078 13943 24528 31907 27397 25348 15492 2746 29288 23843 11667 26765 22574 30541 8417 23679 22786 3089 5393 32698 10806 14601 14501 28866 12809 17934 1127 5200 5413 3240 21768 22621 15724 29640 18440 11645 15860 21434 24533 10862 14416 22101 13111 3569 10002 10101 11243 4824 12685 2475 6287 19041 27872 9010 5566 28866 11824 5925 4731 28677 
21044 16112 29651 1302 7671 6149 7102 15131 7385 14800 22343 12547 8151 26604 30700 23906 16909 5271 7240 17532 5753 26467 27631 21663 25346 7215 19098 23735 3257 20054 18052 20764 6494 1062 17939 21166 27174 3732 14523 11300 5051 4397 20256 14753 30597 18000 32378 28296 552 21403 21310 28050 13134 17059 22267 26398 21158 29160 3457 12744 30253 4616 19785 20796 15788 818 30481 24397 26497 9950 20679 2881 8867 31163 1960 9071 16865 2537 7593 23821 13418 7529 17942 20035 26514 7378 30073 20099 30163 5701 10429 12573 18194 27810 10131 3598 1572 1788 17941 3353 3985 5195 27049 26394 15768 14177 21801 4502 13683 12064 65 18582 6620 20201 32280 27318 18127 23383 14130 23417 31378 7982 31381 24543 4083 19598 10794 10554 11729 32365 1639 573 4061 28228 23851 21078 19618 12807 8169 27454 15555 5723 9481 21710 26500 26884 6283 2836 6284 18332 24558 25254 746 18059 30032 1846 5461 1075 32214 18535 25528 31851 8014 10463 18926 12335 22803 25501 11209 30101 25649 23437 30298 1027 24266 10586 18028 4256 18105 15236 22610 3848 1908 15538 9443 27204 7991 13385 20418 18937 8031 5437 19171 14303 3092 12072 21322 14709 24362 13721 11030 12788 12873 20910 13503 8321 21580 29157 21404 3750 19944 19503 13736 17155 6542 17990 27269 3137 4754 14401 27585 14408 24460 15718 31321 2994 23551 1855 30075 19839 17720 26352 3728 15114 11897 199 32378 30779 87 24085 8218 20479 1889 20796 5142 22773 22018 24586 20953 21099 32169 10309 18907 19848 25382 29319 32034 30410 12888 26444 11785 5044 13573 6730 3648 2240 4361 24577 3604 31643 12723 8594 12528 26001 24684 8916 2852 10822 20633 28325 19686 1704 8899 23934 32406 27681 8949 27211 21063 7185 18022 18809 11898 6011 11352 30288 22060 14079 9792 10883 21012 32520 2855 29701 32550 1094 23120 23839 26203 29791 28955 23232 16820 5857 22569 29972 21117 23164 27585 24151 27855 17006 25459 27628 23640 18494 31995 9641 1630 1453 20072 24438 27906 15082 893 4374 30658 1285 2647 24644 9538 22694 29520 4354 2636 5375 2084 20526 16917 17151 
24146 3158 13250 21704 26821 20685 20778 31076 19636 22270 13022 22707 32199 16897 13671 19368 25979 14444 31694 25781 6599 20588 31586 23684 26368 532 29877 14056 12538 5108 32232 13331 28528 13806 552 25097 18853 15941 23161 25173 5452 15607 25522 14330 15525 22861 13769 12716 20458 11696 24657 17472 17897 5566 20545 26978 12274 8861 17143 22150 25843 10639 27261 8225 26594 8391 9994 7448 3419 15996 31180 7800 9355 3643 5348 20329 10060 28801 11443 20829 13713 14473 28244 26765 24581 23651 16233 19622 1519 27462 11035 29119 19033 15911 8284 23951 25713 5770 25967 23773 20271 8089 25771 11575 7224 1395 13948 28391 28163 5830 3242 29475 23866 9376 25310 14980 19811 5250 6242 14266 29887 22711 22312 10877 7026 17123 27662 9926 21989 25823 29792 7232 15977 29636 1182 29177 29213 24902 11392 2654 21777 8004 31800 17254 25003 16796 28407 18189 1866 29252 24242 16388 23594 27543 25894 18087 9864 27884 19994 6703 262 23917 32484 31273 7760 4391 30510 13351 28672 25693 20218 14773 13503 8482 21988 21134 12717 25383 14247 16144 6916 28113 18915 24302 28664 10382 26398 12325 19937 13674 31496 14897 32411 21981 9219 14720 17965 4583 3554 7975 13226 21855 27121 14548 31061 30601 10294 5379 4104 24806 22007 30581 10711 17232 17789 29150 14320 6214 25367 29919 1989 22916 23393 27955 15214 10198 30405 16685 8520 21551 20035 16994 12003 32501 15726 26531 8987 16800 13751 25390 4996 5763 22254 26916 26892 29417 28934 14910 4059 18276 21273 18108 24190 23138 2987 32159 30789 12545 32307 7192 12009 31269 29144 4416 10098 12231 32120 18953 18008 25232 29934 31093 9961 25510 15253 12550 8682 16582 8200 23925 10113 18067 9516 31655 28755 32045 23665 6620 18921 21254 13652 31018 600 27121 26153 25386 14113 14972 21015 2033 2902 384 4196 30785 2302 11254 30962 4097 12731 13580 23050 25835 682 10873 15193 3461 28555 19213 21048 21586 6434 29580 2865 11081 17116 19900 19646 29574 19382 30141 22355 27968 11867 2457 26271 25595 19596 22300 30736 27390 2501 7142 23189 15880 31006 3006 27559 6719 8815 4393 
9610 9065 8887 31803 25296 10590 11199 5038 31520 25021 9978 15409 7477 27103 32688 10754 2601 9481 22619 20671 5620 19174 12114 1402 4400 14900 13988 1803 31 25533 25415 24746 17134 24969 30578 23229 4923 3666 3143 28142 31446 12600 24245 27777 10180 4534 25501 21988 16778 2005 26419 2184 9128 23711 15272 17904 8547 3799 15110 15624 14023 20455 8283 3767 19181 19738 31769 183 26490 6411 18365 21157 2408 18782 23727 26964 28425 7341 21097 17511 1864 15557 2012 29215 26163 28947 23567 30065 25270 21849 23050 21084 16809 26789 23538 13433 4622 2180 26997 25556 7827 11379 21865 31738 6239 30102 24239 6483 24330 26285 22622 28850 2541 22595 7453 1323 5789 32040 20945 28709 24754 2850 15225 28591 18125 23520 11349 12056 8409 6703 19534 32185 27536 20337 16530 26646 19777 25930 30335 26406 22481 28572 5570 6638 11265 21174 24000 15701 25070 6600 29237 22067 23262 4506 23322 16811 24633 31614 15309 8123 13270 27780 1388 19473 30072 11500 10369 22816 409 11233 2533 16756 11622 23396 16094 17218 1034 2182 21643 6724 26927 986 9858 3011 17602 11818 2231 30966 7159 15721 18592 27530 15246 19945 18838 20610 22356 5070 16511 21825 17132 16579 21162 6885 10191 29163 7162 13271 23698 14874 24647 8096 16744 7238 27649 14591 17895 2616 26646 19000 31759 15239 9494 15278 23688 28871 8598 4276 8235 30462 20434 9889 21188 32599 24214 27170 790 7963 2398 30421 13344 3036 13244 21779 29599 26612 21498 18957 14804 13102 28928 28186 30343 13250 14201 32079 28492 27527 27186 5713 21253 28004 12738 23399 9896 9991 3952 10707 28483 29402 30545 23395 15677 1587 21937 17987 31966 4044 948 28437 12305 6770 28477 8515 30057 2049 31247 24980 99 14479 21555 28414 26347 12776 21913 17852 26657 23355 6914 22688 4188 8466 27164 29865 24175 5511 8431 728 20012 24757 13433 7232 27687 5486 661 9309 22205 15916 31522 23974 20564 13897 25696 11365 18147 9074 16029 31687 29878 9049 2834 31023 32363 426 31240 6608 12865 2625 17471 7803 19602 19354 13199 2485 26013 23944 7888 15373 27785 42 
23800 10925 21415 10011 29571 25646 20984 17642 1048 22449 24047 27338 15721 4651 17783 4234 21339 26112 1848 6343 16999 12500 20758 25952 25151 13213 18427 4138 2997 12541 31959 7141 21977 17872 13029 12655 11874 12289 23343 15672 20816 30625 26964 246 25551 11834 25993 28058 13917 14432 24542 22914 29231 21898 10435 26352 13777 23072 29386 11963 25870 20437 16814 836 12303 28727 19093 24492 5575 11652 10642 22340 25998 15808 4206 6469 1035 23556 21160 23746 30552 13337 29370 18650 32353 11334 5278 11570 14221 357 31121 7843 6817 26940 26903 19503 18913 12043 11071 8250 32376 32354 30760 502 5145 20533 196 19232 30695 11826 29916 17898 32402 16466 10836 18232 26051 22703 18865 14606 1211 29077 9176 10569 28727 20955 5400 12430 5526 19316 6507 17793 4413 18497 30201 20535 17467 6441 7134 4589 27945 15212 10285 13562 18516 2100 9525 6402 31519 622 28931 12141 20130 14039 27944 31767 32151 25178 23484 3657 6519 21145 3490 1513 19168 13514 17934 30957 28986 18116 30533 19733 26010 7769 15524 23002 25830 31463 13796 26274 25915 21802 10140 22837 23179 8532 1287 10356 11915 30560 18184 26441 28620 5539 13419 31706 31783 29092 32622 22274 10847 19245 23680 16385 14082 30114 30280 2162 30864 19346 25321 15486 7903 140 32389 9040 446 17716 20224 9160 17113 29077 21766 24948 18141 10681 28239 9660 18908 12407 11553 26972 4850 23693 18711 4632 2857 25583 3362 14506 15258 29022 26317 2816 30421 14395 31429 7844 12675 31390 25240 18300 20042 13731 30653 18099 24817 26628 20437 26103 11461 9965 20016 21221 25147 29963 28307 20161 24534 4071 11576 1643 31307 10098 12311 9870 4068 13280 5476 27 27426 23994 2905 20726 14502 11311 5429 1263 5201 28076 8581 755 29099 3756 21922 23171 25473 21200 12923 25958 1747 9266 30356 12699 5357 27895 24911 18322 24787 12067 15211 8348 17378 20145 18634 24991 15797 16868 1911 11790 19270 7128 24551 10008 14677 9564 10879 27424 30222 30724 11863 10606 9702 20345 32062 7716 32710 1300 20734 2675 13419 27051 19937 32014 25869 29099 20083 32479 27966 26471 
7306 30714 1046 6064 15236 24783 30861 11430 10192 5027 3368 10957 12208 21057 14040 17508 18748 21484 17183 30450 2475 28569 10612 10017 8654 13915 3049 11983 989 4639 11019 4451 5750 15513 20745 19037 6371 8830 30745 27186 7324 1780 12312 30038 14348 31559 1904 14746 22168 32477 31551 3512 18910 23404 12982 12076 58 4458 2495 12870 1167 26821 12002 14462 11076 31189 22633 24839 4236 17039 21698 10151 19435 7163 31270 9669 31990 9192 14712 27076 5466 28382 22640 22671 1055 5716 5880 19829 9774 30499 17366 27704 8209 13371 1164 22880 1275 20884 21628 19669 28424 31592 32592 12973 27845 19872 6809 20035 26611 12172 17078 5001 27016 6102 7928 10911 24311 19641 28932 20900 17585 29806 13176 4300 23020 2535 3025 29874 16803 2496 5004 17136 13534 27507 15499 23790 10803 15051 21691 17655 5773 26011 27892 31122 11052 4527 10016 6927 13549 3843 12192 3936 204 14899 26091 6186 27047 25395 30840 3868 29509 3136 30687 15488 5782 5398 9531 31759 9020 9828 32722 9226 23115 29053 22008 25222 9805 6224 23856 1288 5258 20890 5525 24145 29574 7514 31864 15995 15050 7558 21067 12613 8167 26364 30653 30380 31929 24251 9767 27067 27369 30547 1831 18851 14517 25242 28554 6414 6900 2977 16752 1969 16468 27878 14762 6688 10727 5835 11367 999 27870 31303 29968 26582 16788 19420 7536 29340 974 4809 24 920 2113 14464 27138 22507 27476 11354 32628 27602 15656 28554 26663 1587 11989 7504 1705 8821 9463 17263 16128 11413 21354 7904 4240 17270 18001 4296 1855 30073 31837 24488 18390 11086 30284 6355 15274 13578 24495 9766 8061 11641 13553 27635 31135 10165 2709 830 15192 23287 22975 25644 4491 16558 30198 5304 10387 22734 4136 12200 26481 2155 27374 22463 26153 18054 9234 27445 9065 2855 14159 2916 15724 13484 7767 19652 12830 22368 12827 8985 27265 11087 12614 24043 5455 3161 4106 18743 5345 16518 29984 18020 1103 30873 2058 29048 6105 16104 29852 9868 23685 18538 18362 31614 6922 23570 2403 485 25069 17499 14319 25930 31466 32549 2196 14741 20373 8127 4399 3525 
321 5957 16193 5860 14369 22316 16440 1850 28077 539 16113 26050 13895 7932 6778 31194 19999 596 31260 7998 27988 25039 25241 5687 10076 17952 12466 9232 22949 20231 7404 6090 28028 32179 11412 1809 28975 31051 13313 22382 19566 456 19993 26557 5111 1285 27927 28130 16499 2585 26763 23736 19610 26340 11425 26186 32414 29672 28327 28230 24775 12890 2762 174 11610 6265 28448 8401 12736 30751 14316 1146 27876 13206 24861 3943 27869 13484 12567 8956 12237 23050 16566 5689 3081 20161 17552 27114 25466 38 31611 3357 9795 9696 26192 17881 26787 4159 11502 4621 4125 12496 21633 5319 23511 4398 11012 25510 19521 11290 3076 18578 11766 23758 25255 19370 19431 22671 3310 6526 3254 26242 1079 6527 32608 18880 28422 18612 6943 4524 4 11438 13967 17541 17992 29373 31247 6199 21206 3940 20842 11639 22373 29195 8375 270 8806 8436 16509 1909 7233 20848 1307 9891 10722 20563 21863 547 6260 20133 5270 19817 30316 26266 25436 6246 32202 27844 31827 19034 29595 24968 12193 16106 8387 5839 16854 14706 18425 24061 12819 8860 15635 21031 11121 17458 388 4737 9632 30512 2595 277 30927 30750 4654 22971 26828 21916 8078 13637 27501 11583 7260 19706 11822 10907 10661 4678 7963 31905 3946 28335 31985 13612 28139 16395 12928 18134 5158 25840 339 5392 8090 28013 16275 19058 18768 17399 11561 26959 1052 25254 9251 19085 20513 26786 10329 32435 26515 9176 6736 17732 10433 25329 4446 3660 24914 9092 8463 14904 24270 28810 3528 3050 26721 1299 13482 269 1500 1848 10937 1190 14333 28497 22334 12268 1520 28520 3434 3418 1045 28397 26939 4610 14340 28330 29604 16676 32207 26874 20968 11775 21127 566 1095 20455 10241 7537 30684 23704 9689 10597 28614 7370 31672 14764 2438 28422 10451 16436 24744 27831 23732 31469 5542 25988 21821 27076 15369 9437 24042 24789 29649 13780 21590 2780 12823 6447 22017 28653 31985 8635 31568 21606 7830 27363 17365 1057 5058 7552 6097 24046 14684 30451 759 13120 32087 18034 3187 20518 5846 21663 20523 16253 2451 26975 15685 8037 30849 25577 
7657 6641 2992 6429 19528 22051 28017 27672 14557 29975 8892 21765 9714 28542 17102 18997 15463 26446 21014 16243 23983 16824 17490 12177 22299 7515 27126 25671 23131 30903 19661 28734 24386 7396 16354 3943 21193 8323 9889 24977 14167 5878 14138 13115 6719 16332 15430 18598 650 19071 6573 24367 15608 610 6343 22748 10561 30421 16321 17973 27808 29627 14403 16981 11666 24110 2383 21824 15580 18801 10349 20599 20427 22565 9733 22986 12223 15808 30988 6254 747 29756 11746 14415 4694 31244 31867 14247 12581 11348 2494 13008 10525 4441 22570 8791 20580 10039 11199 16209 11399 2770 25884 498 18113 2830 6117 28251 5499 31811 24679 9140 7951 24555 15487 24955 14801 13470 27575 30491 3408 577 6835 20929 14553 30330 24012 7275 17213 9574 16122 9794 14292 17039 25335 809 5314 26136 2465 6806 28281 12859 28065 6304 27776 27894 18250 30042 882 25088 30403 1632 4169 8450 6505 20143 14556 27652 3695 186 13735 27173 11975 26298 26827 29328 15430 9541 26197 939 19459 3106 20931 14994 12288 26972 13509 24259 9228 4757 13120 22043 16871 6301 16536 5377 168 22851 14895 24289 17244 25451 2857 27356 15088 24929 15731 16573 8017 32109 7171 25135 977 29864 19041 5166 19149 19469 30054 23740 31884 23507 323 2261 1387 9467 22726 20132 7991 9509 16857 24567 27099 7335 23372 241 30523 31456 10196 30462 20063 25802 19027 25612 10708 2511 22361 25081 30031 15070 24555 29255 20116 30653 6532 5655 3478 26273 18266 8789 6112 27132 18658 9264 819 18582 29078 27085 19313 7135 3574 828 8121 30852 14797 20395 2772 1344 27573 27353 31440 29685 23005 3790 27626 4347 7178 15818 15026 23735 11996 18555 24937 25456 15443 1138 9390 18271 19857 18136 29530 12549 18914 30557 32168 6594 26361 20338 18329 9378 28285 6584 14998 31098 31940 1464 31319 22068 7390 25556 261 19047 26069 23933 18075 20779 32051 32167 30610 15659 8901 7546 32445 11003 10655 2379 26226 28076 608 29130 21738 10654 15031 32125 10218 4502 5670 3693 29603 31248 9222 4127 26840 14039 30412 25029 26174 30418 24714 12470 
14632 4641 22713 22300 20835 32361 28469 4844 27743 23915 28809 10524 31632 23004 8045 18704 18964 18032 10125 17493 9622 13113 11660 28305 3698 27951 8265 14778 13082 7184 12129 25223 15032 29290 2805 16676 8981 9205 20653 4650 13753 5671 18940 19406 22612 32515 24486 21337 15452 26162 26240 9944 12792 15444 10615 20244 8733 31896 21716 11716 29686 3210 9919 31746 24970 20013 2305 3324 32665 6218 30734 10476 31942 2311 23362 5194 23548 26299 12907 5951 11786 769 15496 6494 3728 21516 31696 9615 26655 14394 15094 27211 17308 6123 30636 2575 9957 22931 22118 20490 18103 23566 864 7449 4048 27444 9442 8438 19280 25262 17091 13229 25189 29448 18220 25423 1319 15622 31902 2537 14529 14140 11574 32695 4306 4569 18224 15766 6163 3268 10923 952 11321 29674 1195 22683 20765 13782 23396 29756 16154 18562 12214 27528 12470 20588 22516 12307 13189 15853 30697 14348 75 21702 14877 25201 7777 20988 11860 27519 22106 9191 29016 1389 14309 26757 504 26969 14069 9748 26449 29827 9248 29151 3148 9657 1093 31064 29800 3858 2930 8551 11706 4063 16133 12290 9266 27359 785 13310 14879 3250 5891 7972 18933 5776 17797 18056 30030 315 19362 15638 25904 27698 15147 15470 24462 27944 23642 4082 22033 29620 21174 13852 21016 5450 2358 11286 25085 21866 10665 6020 27546 15895 9045 17060 2059 23691 1247 7834 19638 30249 11627 16389 9609 2483 6403 2518 9347 28861 19517 31330 27254 13666 8984 20150 3339 28725 1832 28714 7686 17018 20723 24633 14283 16535 22682 5775 13089 24773 31164 1380 27191 16907 3735 14345 11493 24429 9840 16320 18995 865 31541 25297 21279 3970 27234 16858 31387 27784 29985 26471 14038 13944 2997 30146 1980 31000 10264 26381 1728 4262 31715 5005 9177 713 13679 29257 13258 25544 8250 18388 13223 7162 9356 14183 26005 8574 27226 27186 10961 31275 9066 16628 16116 6602 16568 17354 14453 28803 5913 17476 29295 15766 14110 26046 17316 31308 31803 32750 9923 28972 5928 4025 14310 21873 6024 10827 11103 28348 14537 9830 8628 11527 30283 28666 31976 14554 10948 14839 
6908 21441 16099 607 6582 7421 11059 7327 1953 3706 20803 13855 9813 17921 28676 2328 8696 28335 14194 12710 25093 24230 16246 22814 22348 15618 26123 11169 27451 17423 22689 19441 29787 29625 19646 14724 21533 18499 11243 23767 8663 18748 14030 11781 1802 1199 25492 10648 12518 19099 31634 1951 31504 15522 15403 26881 14242 1541 32500 28432 14452 20432 11542 29025 32154 17746 500 17884 11565 15568 24846 20239 14415 22651 17189 17607 20841 13214 32417 27362 6071 28700 28463 10847 7175 14362 16558 16567 8893 2041 24908 31088 18203 21639 24300 9711 25535 24950 13260 18318 25709 23565 18020 8174 25871 3613 8337 7055 16890 15671 8690 19101 32115 2588 12690 23565 7794 25717 13000 20201 27814 26308 16732 19944 11704 11931 30955 26946 18388 1292 19341 8898 28006 27488 11188 29 13857 24587 3416 6018 18758 28640 593 19058 32035 26498 30212 8914 4058 14619 19521 1599 23907 27216 26476 13217 14036 7796 23003 16131 16096 4347 18048 32674 28574 5170 13512 9283 11660 26670 23490 25034 3028 32258 10372 28681 9678 31542 971 18646 12741 4468 6881 23904 12542 32387 12228 13763 24822 18554 13444 11993 20972 2605 13805 19027 18079 25580 22886 17673 16729 25709 29209 26511 25132 32262 29012 17673 31356 23583 13871 23616 31166 11496 112 20213 6014 13127 2731 9077 24231 13589 4014 17517 32255 6537 16156 13056 497 19444 25943 7959 23439 13999 19107 23032 22743 27218 3465 22299 29237 17703 31866 12088 4426 11999 12981 22949 13548 15491 31851 4063 5742 20653 17952 3943 13345 3063 6996 11727 25882 8628 30819 29460 23094 25822 29610 11822 12380 8528 491 14310 30722 5429 23026 22504 22003 7873 15225 25 8527 29215 7498 21034 8915 27562 1699 9070 22874 21087 6110 29416 26532 7826 1617 1449 3927 6369 3956 7513 23875 25959 10049 32019 27370 20274 26081 12406 22848 26614 30852 18680 26799 20482 6545 1406 21086 14964 21503 6186 18099 425 5634 32372 13591 24568 22251 8061 16633 8352 21577 9375 2069 23806 10837 16457 7670 6660 19341 22282 24761 23014 7070 16107 2837 30230 12679 2306 10136 21875 
1276 2372 18739 21182 2824 4251 11513 26445 1527 3385 10532 28163 3187 1323 3417 4735 3053 7985 22573 16532 19007 11725 26087 10233 10895 28826 31879 10306 14710 32735 22792 14607 17505 5732 8675 8836 56 11652 25300 6649 830 8068 30176 5874 5689 17443 32151 29777 8402 15218 21655 12746 13630 23270 5713 27032 32542 28844 9488 20078 6564 20796 20791 17841 4344 25393 1481 29156 4826 7512 7727 16740 4744 11015 18742 21845 25570 10928 7512 21724 4556 15029 16956 142 29652 18558 21376 6697 18197 21962 24757 29826 20058 10306 11947 16319 15751 5972 7663 26054 29749 27710 23187 2806 19357 2153 14637 1812 31671 17913 25890 27272 23459 18082 17445 25545 327 9405 13050 6422 1082 15003 32640 19047 26592 29721 17390 20387 28887 24180 1885 18195 27026 27231 18311 2071 6724 5203 20430 11799 30720 26407 384 20413 20254 3296 29017 13921 27872 25034 32329 10693 3158 15816 17784 9219 2686 26600 6024 451 9648 26682 21274 689 19513 11235 18579 11823 15943 12141 2848 28742 1797 9057 21239 739 4358 16152 21728 30528 23015 13774 13044 29600 2352 504 27301 31039 28284 31447 25599 18057 10970 26702 1582 10634 2418 2289 30015 22182 19308 15966 23851 6026 27405 21456 28177 26210 6691 4849 28099 18764 32676 6896 644 525 30866 11732 6928 26116 24609 26640 6109 29276 8988 5719 6561 28805 8837 7601 6420 16100 10620 10703 11255 4553 31329 5531 6997 16546 14141 16916 12041 29551 10590 20313 21120 17526 11330 27651 30400 10808 16311 11960 21929 15779 1343 11774 31355 12425 11449 19020 13209 2129 5182 24167 20877 28909 8010 18924 22347 15372 2332 2600 32698 24720 13919 21808 15472 3650 18953 27438 4541 10692 388 4602 29676 17608 7180 28394 2501 26240 20824 13034 30807 14421 7036 19663 7156 27356 22542 5608 21116 26374 1159 11478 15071 8087 6637 29342 3549 5849 19375 24061 29712 27793 11729 6396 32045 2098 1608 7363 7303 13137 19880 16306 20180 14425 8956 27054 19764 22912 14069 25273 29039 13305 29256 28614 12158 25451 23377 12747 18510 31139 32508 31511 6592 7814 24805 3814 
12276 27721 14014 32563 31687 23524 29426 7373 21146 21955 25223 11693 6998 15039 25161 23943 19628 31054 28453 7327 8354 758 5587 24798 8523 13832 1464 32037 29397 3978 19210 737 32458 14709 29749 25056 25743 18721 9853 14947 21297 16893 26085 5492 12384 12419 5200 30585 12476 29035 27623 266 17744 31007 30906 4608 604 12144 21930 8910 25432 13191 12422 18453 4149 7198 22900 5234 2022 2032 24979 19611 21535 4717 3294 8618 10845 179 6996 26040 7718 15034 11606 28334 18578 25806 18256 7000 2314 11587 14491 11963 17232 8804 27042 30121 16063 9388 21828 27282 2773 18745 12666 19357 3310 16509 2874 22263 6994 5431 22939 8555 18802 22433 19513 15156 18799 2283 22747 5903 1756 23273 19539 26516 24261 6153 25254 26309 6384 18311 10861 15336 1634 25060 14203 29586 26917 10644 26816 15877 2377 31735 17773 26555 6953 11914 13657 16451 23280 19551 6308 25420 347 18378 666 6144 30144 29790 7130 14995 24911 23831 28599 25627 1944 19161 10462 17570 2125 3865 313 25465 28233 26330 26900 14800 12242 2524 10623 23428 1051 14864 1523 8760 12813 26446 8504 3751 15431 15178 10629 21560 3684 8645 4074 17108 3964 8448 20203 756 15853 5750 1134 22526 14427 11210 25303 23761 22517 6143 15729 28318 16378 231 13328 14843 1660 4318 16884 7730 23141 5304 13297 23263 19127 13815 18893 15290 4888 9537 1770 14001 4493 18706 30244 12346 18822 17583 25853 23015 6171 27483 23032 24378 32149 29644 19010 21692 8240 32736 21143 7497 27679 19597 30564 14766 29905 7702 12329 13942 31603 15493 16930 11264 16054 5205 11814 1237 30674 20335 13775 32313 10443 31320 15323 5888 8178 2472 978 24739 21680 21438 5353 26259 383 21170 17447 8141 7993 17035 10694 7855 9621 28594 1500 29450 13550 18855 22587 29304 3399 3571 12181 23280 30349 8030 29668 919 32283 23905 12296 4057 11652 4062 7858 22713 7820 15119 32386 101 4215 28605 29036 25614 25223 27570 27488 24566 6080 7792 29738 6603 18414 26147 16535 17715 8681 6357 26329 5800 25368 11745 12844 22662 26676 7082 22970 22114 15182 15756 
7868 4766 17172 22035 5603 31290 30544 363 8182 2797 16049 11288 21948 8053 22990 25063 27420 22059 32616 2341 19843 17882 3567 24078 390 29905 30280 17032 969 17975 17358 13842 12575 20895 26007 2551 31218 22748 7416 9671 25830 20503 13643 28679 9401 11295 26863 12072 17774 27391 6033 30390 13482 2774 12714 29906 10590 25315 32073 13282 11942 4832 6163 9351 22001 31889 23176 976 21603 31644 136 29101 3959 20379 15125 19366 23785 27760 3930 8140 31187 9432 9964 19440 32022 25412 30033 7444 18683 25828 22207 799 16410 11012 3109 11477 16763 5787 14448 8197 12284 25121 17159 8708 2290 28066 17303 1115 19987 4369 23318 10685 18068 26846 7682 22332 23438 20682 29674 9660 5030 251 4144 10151 29165 331 26637 5858 15365 26342 18901 7936 27526 4116 31101 6070 20127 21075 30298 17295 7169 20137 20011 26337 32248 24632 8538 19200 22747 22803 15487 433 20647 336 27430 31970 20967 3167 26578 20120 8663 30874 3394 9512 14792 3356 11506 22442 29126 27095 12005 5803 15993 24033 24226 5410 1609 30735 2429 15781 20933 1477 21015 18397 23366 29708 23848 16952 16847 18149 15228 25565 25400 6878 13628 15077 8588 25826 23151 2760 6063 25685 31936 28437 324 31585 30338 5735 22989 24970 25329 10644 30484 25737 11195 13095 8907 11095 4031 6929 30575 12168 1812 2715 1138 24794 10317 19615 32152 9998 29435 32248 31138 13814 9076 8759 1066 26576 29651 28823 1742 4562 28224 27956 19856 1798 13426 8823 10877 15704 24689 3797 31885 18670 25249 6841 7627 8631 252 10942 31925 26439 23455 8738 25830 5858 6792 27000 15090 26582 10398 19868 12178 16910 8177 19180 11777 741 19268 6325 2469 1080 24777 2284 12018 6591 23083 4127 23436 30877 3537 2474 8619 15669 28002 3118 15044 832 3460 25151 28006 17436 23274 31581 2658 28519 8333 26918 17710 29133 17209 15561 27531 7710 22092 22718 16486 11428 28091 2741 32252 17587 20821 460 17218 17537 30028 29956 28804 15160 23537 3574 14156 18762 17599 27586 24965 23301 19611 21065 5088 29031 25434 22940 3959 27955 14980 12723 14001 4164 
4439 20067 22885 10530 527 3978 3138 7379 13413 14733 3950 17140 6486 20996 2157 18440 5157 13491 4933 2575 13475 29885 28383 9051 26286 24084 18609 6047 15096 11060 27546 22345 11530 17169 22029 3345 2696 4941 31602 27090 24502 23215 13513 25241 3387 30673 9361 5372 27429 4120 4584 17838 7470 8937 32499 11600 31805 23834 32384 1929 14640 16551 3306 6232 7385 29863 28733 7081 2374 20862 25499 21287 8262 32083 4575 9810 13096 11461 9087 2257 24518 23513 25527 6921 32451 4919 16612 14574 18192 3479 11310 27417 19125 20854 7273 28188 12494 4877 14397 17426 20691 29315 27525 1146 4893 27234 27638 24133 15014 584 28929 45 31761 6623 8954 23369 1514 24590 1401 29662 24110 19057 24833 13433 14606 8455 28639 30522 11504 29227 21077 14707 26551 710 3576 11634 18756 3778 7255 7834 1852 28098 19677 23481 15884 28688 32249 7061 4907 2006 29051 4040 19615 4754 16450 6606 451 22212 12564 22109 18759 2537 30413 29428 2168 29357 6588 439 18370 31581 4170 16250 12403 18587 19164 28 6081 10325 14075 13590 15119 27896 32179 16979 4460 2272 312 5443 22109 32276 24016 12843 12764 30256 29164 11199 8608 5794 12696 14578 1951 25881 18710 23821 466 20539 21190 22014 28472 12439 9290 17651 17949 21978 30438 17704 8092 29765 28461 25853 7267 1630 18394 13644 1718 30438 9212 25337 21943 9996 19542 3787 30180 9440 23557 22394 31457 9738 8291 18953 7800 6844 12332 11349 12510 27877 32223 21999 24119 16296 26983 2855 27997 17164 5371 3689 23517 28661 323 23501 31555 16467 13500 17129 29592 14233 29277 21226 20264 20337 17275 19683 29577 7341 22762 4196 11224 16513 1893 13903 10310 31216 25391 19943 5843 27525 16123 28714 14682 26947 4618 7521 7374 25310 2451 6389 21955 15916 18791 14212 26160 13782 8149 21300 12403 4179 12491 23111 7061 17175 23615 11248 19664 22023 25549 14181 6734 6961 5026 4406 6964 3770 29336 29405 30943 29463 15778 22678 25965 32128 12907 12657 23424 9890 27962 21925 2878 29589 24089 14119 6301 19213 6454 123 3805 10964 1673 5579 11606 20856 
13495 11318 29043 12353 21303 27498 511 14693 6067 19829 24479 24191 4785 12504 32416 21310 14194 20701 11763 26714 6938 6187 28534 4813 12050 408 9590 29503 31403 31550 14705 29122 6148 32721 8224 16831 30765 23088 24244 25136 12940 18233 30049 28176 25472 27106 21273 20752 24133 17797 13978 13452 13848 12924 8362 14525 25243 238 15265 20016 890 15848 23593 17271 1871 20144 32578 23326 14787 22102 27017 32225 31990 6539 19385 23835 12834 21686 4210 6530 5499 14405 14137 16914 4441 32577 24769 16199 19608 21542 28776 32399 30783 30705 26373 29183 8289 24442 23265 14405 1089 15108 12547 222 14777 7187 31665 137 8157 11646 8755 2555 25819 12740 13786 7892 8998 15267 6209 3282 22995 21735 22227 27460 17475 1921 24461 3266 21762 31960 29445 14620 22511 10084 30636 17296 32669 10872 4688 20800 25082 29791 10213 25571 10286 16043 11396 31930 30150 26826 25524 27589 19218 24794 30185 7992 26315 3774 32586 1833 27385 30066 31671 24971 18708 32411 13323 607 14698 9315 4254 27689 16832 28035 29967 19617 3900 28577 2368 12716 10115 19421 5025 2698 13598 22951 18610 18769 29474 29651 13251 14490 31760 7151 7422 22906 32762 26580 4264 23988 9703 28027 27556 4652 7289 8466 4409 19871 7629 22863 11797 14226 27299 28165 11409 31624 191 9461 15926 15480 4239 24806 7808 23678 30221 18168 29411 27857 14567 20021 27660 23029 22493 28009 3177 10290 25451 23347 14315 21572 11177 5213 28939 11348 1391 7273 26379 13607 27324 11372 14718 28566 31321 17440 5386 4670 6841 20788 3437 2936 17444 24806 22718 24460 13845 4052 20469 14113 7136 11279 22702 12792 25751 15730 7210 20954 21039 26674 12183 4559 991 23989 4497 32145 32713 20392 8424 23872 32732 6476 28836 18775 1529 4880 7494 15071 31572 17509 1873 27619 24350 26574 5897 7203 18529 30006 28027 3596 16171 9863 9917 20456 12526 10872 4471 9555 1063 31143 32674 9454 3902 487 5264 24151 30381 7131 13357 7256 13925 32452 30596 5982 23149 9879 19077 11309 10957 24659 5893 27347 20138 28817 8454 4570 10930 2140 30777 18882 32443 31812 
8897 13487 1702 29102 25914 9822 8842 30318 19450 6237 18959 13976 22934 11900 20247 17554 32424 24447 13220 10094 16080 5653 5878 9079 9977 24078 32243 28938 30942 29128 31436 21928 12236 15338 30686 21320 17065 8533 10710 25074 18229 10072 27929 26505 23184 18979 4707 25065 29437 6015 24237 30514 32485 25020 16981 24674 29983 7914 2937 25130 14958 18508 6051 18426 75 19977 18604 5471 229 29477 16602 24974 15463 9648 10828 4417 7033 10045 3480 25281 6921 6550 31666 68 25931 17326 3856 3194 31742 8919 2059 23907 22514 7221 2185 22883 8647 25203 13017 10904 26615 25524 12254 15467 30231 21453 24688 14181 12633 9905 15871 28485 7766 3884 11897 30543 29706 21973 20334 20710 24608 7230 31859 26717 24688 24685 5316 21515 21959 21648 17453 2461 13286 24300 21290 32176 29389 22039 16973 24992 9529 19815 13536 29594 22635 1450 28364 5369 8491 22039 27065 6863 31245 8581 17783 3265 22259 11227 6044 17945 4563 25544 24175 11542 5306 29876 6917 29830 25873 13558 22186 7063 29728 17479 6019 8171 22736 28278 2161 5610 22197 9822 22583 7004 22091 11542 5088 22583 12928 14695 91 437 32627 13187 14185 5034 11900 22771 3001 13333 13164 23762 30800 29941 3862 22585 7983 26718 25358 7930 6960 15051 29360 19601 10546 18358 13668 7511 27765 23654 24097 26617 21063 7433 31792 19241 22753 16386 6451 25491 15756 4996 30821 7699 22024 352 23331 31269 6445 1307 28332 20637 6867 18500 18213 29336 32496 22788 3040 13490 10240 12023 14557 14969 9386 29242 6545 5666 8352 14534 24807 4219 23751 11772 645 11553 29336 22656 12624 16115 26310 29259 10034 8390 20256 1788 6683 26203 4026 19567 581 6542 29511 27025 5565 22479 8906 8051 7455 25558 16494 2205 1440 32659 10673 25252 21586 8804 9416 5631 24228 24459 32063 28694 27688 4319 21473 17308 9626 6593 9687 25375 29981 22098 20244 10717 15303 2788 3056 1754 96 26542 15890 15919 31591 29891 30868 21669 9302 31301 5986 22914 9256 14549 26083 675 20759 1615 6364 20171 6058 8884 8081 8763 29935 22888 4141 4483 26117 17054 
13155 20119 28894 14608 29526 27685 10819 22515 12726 27430 23833 5418 18732 18100 14050 19386 15865 29211 7559 19070 25050 32050 4692 15132 28462 21228 17988 30007 24410 17962 17279 4582 109 24787 20513 21349 3584 10535 28221 13579 20833 20816 7458 14204 3312 1338 16348 15648 14024 19109 19710 2772 18082 10105 11167 16607 6903 601 24995 24615 14693 29050 30524 12197 28244 27574 13231 5654 4057 4060 5980 15347 26587 30283 14073 2468 2420 16575 23582 22001 5529 23658 3846 22713 13054 10823 28052 13798 15668 427 29588 13472 28436 16669 6212 30401 3169 24935 25874 17545 20137 16109 27048 16532 6508 3390 12582 6152 14721 10473 7342 787 13236 15250 18214 10645 26292 26180 22073 16409 1069 26121 23711 28938 9521 26296 12703 26148 32220 30735 25042 1576 29752 22785 7465 15060 7774 3409 17969 21266 27614 29024 1686 21872 32353 16452 3303 22224 30093 16409 22424 10592 12841 2204 12621 30669 21634 6134 16982 8372 31245 10709 23413 26202 32333 1217 24040 18076 17143 12718 25763 3881 17237 20941 4830 494 30440 1704 11215 7634 18257 8302 22457 24484 7538 1675 14885 3921 18896 3708 15727 27995 19515 13538 14213 21638 16050 27861 19436 9173 26497 31098 12036 1204 13996 1496 11916 24951 12944 28391 9064 8195 6088 29674 12450 29899 12366 16639 29616 25087 9698 2037 2549 14079 21424 7005 3978 9238 23341 16356 31549 13925 66 10208 31706 20509 4268 19752 15018 28914 23203 7465 10042 25292 30393 11062 12381 7871 26886 23840 3700 32317 23938 17927 749 3210 946 9071 12554 3185 19847 12438 29668 1590 5507 17414 21935 29131 28701 27494 3135 20806 11367 31125 7883 20371 18414 15098 6386 14182 23009 17429 28411 22132 14710 3674 30561 8419 25482 22336 7567 10495 25480 30101 12776 16174 17291 6420 31498 20006 18375 10297 27732 18269 31013 12372 9638 13249 17197 7133 8295 15530 10537 8967 11725 16653 22151 10903 10840 19186 3712 1271 2720 31016 16119 18822 9553 12599 15012 13875 24180 11670 24177 20298 6128 15390 9764 12685 2896 16575 29759 19079 28870 20594 4388 27421 6000 30830 9597 26726 
21211 1439 13275 16061 25030 24660 21917 27412 12840 20536 16148 28299 9844 15491 20197 12353 16411 15473 11438 12649 21330 3060 15084 18337 10263 14501 24604 20864 11374 6913 27424 6510 7153 28626 5861 23225 16519 9707 28995 7397 12404 13336 10532 22851 11666 2901 2025 7877 2525 31038 6665 10256 13621 3783 19195 6099 22624 24365 30807 20311 8527 11053 16440 4952 9378 19571 3812 29460 30830 30037 12207 9633 27709 6337 25884 20867 598 3700 19526 29310 3647 18285 3966 20905 7297 9890 11318 17348 1963 20977 20510 8651 24217 3929 4492 12235 32758 618 1825 26101 3840 24058 682 20465 9611 24090 29508 30325 26441 7753 12996 1813 23112 8167 16981 11869 10428 5356 14947 22557 12287 17113 29112 18948 214 4591 8165 19568 13558 7327 32484 21893 15815 21315 12283 27261 4199 2059 26595 11070 21234 30522 9770 15410 28417 8082 31702 595 11632 32524 9547 25989 16229 1997 31599 3369 22669 24918 11 19183 16041 18939 2421 10219 29258 11414 20844 18412 21720 15996 27459 5897 28633 14768 25922 30076 16752 1879 6473 21940 12836 28268 28854 165 6115 6837 8073 29795 27207 4086 6854 4335 3096 23908 19995 1872 19985 9564 21699 16102 3815 19797 14762 9468 7303 27156 722 6812 15007 15391 3061 29863 29281 20595 29804 16933 3972 6521 9295 19673 28299 5175 11486 2072 73 19907 2079 25052 9893 23806 31689 10773 20123 9342 9057 1087 27523 28876 26019 5945 14230 18128 22819 28501 23982 30345 23604 18092 28749 17922 25609 10164 20961 18561 18202 7700 29254 13825 1737 27062 1421 22242 23622 26654 6140 22496 3248 10235 9045 6722 18557 23292 2396 21587 6683 6629 6035 5654 10199 12002 30792 1590 19711 23067 13521 27452 20035 17544 11543 21764 11617 5383 10321 31346 24578 23468 25362 8033 28126 18264 16006 5852 14887 22925 29944 13713 31781 3200 30616 18562 11038 8048 22908 25598 24952 32055 27620 7888 31521 28959 28610 3510 29487 7670 122 4885 17604 27493 7142 22250 21301 23933 27549 31492 7531 2707 13173 24433 16521 9038 2374 2870 3534 16638 14833 3395 14270 28207 32673 27045 
23164 7551 27985 26366 25467 684 13199 20530 7253 497 8831 32356 23803 10643 3362 16161 10511 27063 29144 27354 15502 32374 3108 16280 19378 16435 13232 21483 31255 20012 11409 13859 19740 18256 19659 3011 7564 1361 6936 17715 19582 3577 19173 14773 16249 11969 14750 16282 26588 30368 20779 5302 22909 545 29627 11025 13457 19896 21696 11743 26316 598 25402 21171 1993 28731 10553 19183 21675 11276 17565 27007 3845 549 23841 20679 17143 13360 15256 15577 14490 13558 26230 15852 5278 22134 26513 30474 27698 7732 7977 13576 20516 13268 18470 29115 4938 7655 4514 5993 20512 16645 29095 6270 29106 21788 5434 12160 17341 17671 4504 23365 19985 11363 15039 27492 32569 26526 17200 12521 27230 27216 2292 10061 7273 20431 13277 10661 19560 23038 2318 2073 27443 21093 6077 4504 22095 391 9016 26058 12818 12399 28198 9030 12040 26765 19216 17926 16022 26048 5664 18967 31453 28340 31784 26261 17889 1902 13029 29911 25579 12837 1670 22503 5420 12884 24680 30773 29346 1549 11044 10124 4672 2448 14283 324 13897 31004 2160 6842 3069 17669 9191 6141 15735 27655 22221 30922 23254 20442 1480 12731 24219 14342 29968 26043 20818 30457 10543 21437 20597 25943 17669 19630 31885 10129 2318 17831 4762 29113 22504 23144 13493 15765 25615 21506 9716 9970 27372 2003 32142 25146 8462 8887 5439 329 13239 13437 14062 31357 922 3992 19854 9740 31971 20759 7490 9627 12408 9432 18116 27148 4734 6648 6663 19351 544 7053 31771 26652 32395 24984 25682 15287 11581 28213 13473 10134 5504 27413 29000 23303 13617 31534 7093 21205 21190 21681 13478 25301 12432 14141 10639 32188 1340 4690 12603 12083 23968 28680 23477 31790 19381 30721 22889 7545 1759 7836 15751 18579 24949 21611 16296 31424 14205 18920 16564 31322 15031 7011 5891 616 16350 31039 26050 19570 28970 8286 921 27795 2585 14042 13450 13263 111 24822 15133 3239 15995 8788 1210 1515 21149 24424 30038 32720 14341 4908 5714 12098 7357 3349 11423 27515 18666 19270 31271 31189 2895 17669 11880 19420 20242 14699 19042 25512 16067 22111 31668 21098 
6298 19397 13058 1348 6144 7922 31129 21598 6225 21091 19030 2102 21729 13743 29124 18743 27197 29115 14724 11662 31923 9517 25330 22841 10260 9507 13573 25696 7352 13860 8567 31721 3523 20823 17702 28743 21671 18930 18363 9874 28138 26358 24201 8157 13098 17690 30392 2756 30302 5380 19106 4932 25182 2495 26237 25808 17574 2922 24635 4768 9302 557 18094 23117 19070 19826 3056 29851 8089 15185 28418 26773 599 5195 10419 5344 31648 3900 24515 25417 29653 16779 10313 23200 19801 24484 4690 713 2128 25000 3019 20240 21414 24674 6561 701 12115 15998 11302 17384 990 29173 4791 20623 21280 460 21148 2534 26187 3070 25903 18926 7467 26551 8512 14153 17067 14274 21433 2893 2714 325 19326 32343 7343 6828 23703 20066 20683 1763 7825 5080 127 4296 27169 22695 4558 15072 23051 9624 7988 22344 21314 31197 24807 23535 22609 24808 15196 18179 11257 6788 5901 10153 1820 2334 25978 7921 26074 23139 30573 27913 12281 7697 2179 24241 16522 16134 9192 12014 4297 4766 18018 12547 2630 29243 24977 22173 17474 4901 9333 26190 12380 4245 11568 30268 31341 23564 2061 32539 8112 2025 8130 7000 294 8251 754 18071 30008 1492 8950 12640 7327 32671 28637 32021 32385 30259 30129 29736 12252 3495 24316 4746 2600 4520 139 29287 13624 26570 21106 28944 2146 31772 31313 8249 1759 23551 19157 22372 31604 29496 23681 31133 30546 8003 9134 17256 14396 3306 10192 13560 14823 5143 16380 27809 30374 1511 30887 1424 6983 8447 1713 20154 12855 8227 27554 28178 2541 5893 12083 17407 23174 4442 21008 8973 28333 10291 24028 12259 21438 395 13941 32117 21803 28188 4218 14714 18206 6520 12555 32033 25696 84 23248 5631 17273 8487 3133 23372 10009 6900 29460 25424 11702 11875 14635 11544 9335 21783 3695 4717 337 25404 5161 5639 18544 26463 3456 25085 24792 15491 31039 2688 7244 625 30937 26825 30318 28751 10411 8784 20265 13684 19840 12351 9292 23675 31578 31526 3703 25750 6512 24304 1339 1317 26483 11030 11901 20360 26645 29458 15643 9009 21708 17175 8915 10237 32467 3327 
6496 17092 16755 24965 18149 14383 27008 18868 399 29129 13862 21663 30326 6489 22246 11603 14277 32368 2779 19722 30235 31294 17730 7585 26929 17833 31545 8268 11196 30113 32455 27785 3733 4525 2845 6994 10007 30922 26139 29335 7368 2166 15126 25835 31292 14856 4825 14718 1335 10818 3305 28747 25106 16169 15886 13970 1632 24596 22542 32649 16081 29700 32444 5455 19542 6707 28209 13857 23685 20720 22106 4560 24896 32425 4019 15218 2961 4426 3409 25432 28121 10182 12326 27969 2346 31218 24449 14029 18929 29338 2772 8757 14296 12239 30906 14648 23786 23934 1848 31833 10232 7751 16707 12871 20028 30347 28035 19357 28733 28103 31319 11979 1522 23073 27417 84 22058 2625 10915 15163 32044 16738 26386 11703 18074 14761 23242 11822 24219 8373 9914 7265 7736 17015 8673 741 30471 22084 16912 27858 16903 8744 498 17343 30156 26750 26699 18925 2012 21437 5245 1218 32088 21653 29776 11129 28383 9787 1778 28185 943 27905 20797 10403 10253 9001 26425 22160 744 18427 12002 23162 28345 1301 16427 28186 31149 15875 1602 20082 12550 15887 1558 30795 15294 30810 28183 2274 2158 3628 21308 5855 4719 3977 16203 6022 575 10757 29781 9265 11558 14809 2431 13310 14361 28981 17673 7621 25054 2520 22408 30285 14449 13535 23670 7871 15783 15578 17389 5978 16145 3621 2480 27241 25891 6518 23915 17266 15765 17586 8252 1713 17674 24069 23409 31940 13296 17713 5268 26280 4775 16166 8869 3556 22757 10196 26790 9476 7257 30269 6493 3145 4750 18126 26709 20127 27155 24559 19494 27343 16089 25817 13814 15606 11740 10919 25152 7222 19461 25520 9940 171 1103 5397 25119 17825 8490 2710 28589 23556 1309 15530 17900 279 22190 23758 8499 19817 9094 31773 24578 12294 16081 33 29836 10730 24292 23017 3954 23995 15906 13147 26578 18359 17184 1740 17536 12779 29703 21710 10899 14501 14650 27721 21796 29485 13113 30926 23122 5296 10182 19239 8585 6525 19014 4147 3845 21620 25449 27121 2193 28858 7181 7898 14229 15282 28512 21364 11343 19241 2117 548 18017 21457 3578 9539 1676 17393 9207 18293 
11707 30298 8473 28214 19779 4509 16895 4790 11369 26491 23221 7399 10021 26781 19343 5332 27173 134 15704 32308 12309 28101 26796 4671 25630 27247 27811 19392 19884 14540 30896 31084 10613 26705 19912 19058 21431 26318 23238 2387 26560 12777 30734 30964 30900 15563 1648 2034 18315 24089 30032 20021 6745 23078 29700 2248 6354 23911 21118 2023 21005 31527 21803 17242 20360 1147 26 2306 22893 19321 7521 31154 20499 9893 701 18496 16072 18604 23160 28379 3022 16469 29584 20126 27043 13492 23829 28006 28037 12705 20691 17889 28470 6248 12593 24040 5629 2242 7769 5903 14061 22020 26265 28026 26729 23703 22025 6386 28392 19368 10607 17463 26358 14112 10335 20120 20604 1495 10919 19394 24384 4100 3306 13782 13487 505 22666 1470 26331 22285 8907 9664 30912 217 26422 29267 10187 3751 24892 15666 12957 26919 10524 1712 32012 30308 6151 24907 13674 14839 14209 13187 24330 17786 16394 19437 26113 3392 27390 31619 8234 30019 7098 10814 24429 10846 9216 6631 31040 7101 10141 19242 26477 10385 25416 14572 26134 22024 23246 24030 13047 8572 12908 14418 20972 17131 14204 16462 31411 29607 23637 991 5106 3406 11116 23984 24444 5373 30143 31195 15312 1729 16499 7423 7907 30030 13755 24979 11807 20980 7421 24442 6059 28878 7728 29143 4333 7485 21641 3874 7757 21140 29782 26492 2108 27925 2090 15679 8565 26397 2362 11226 17027 30363 22279 20700 7812 7878 21053 2894 21804 2576 7899 17734 26125 16469 20885 31673 26901 3417 3191 30865 12376 11121 20170 29439 14095 1664 31803 2579 481 11045 24378 19850 21602 13875 10913 18663 24538 22626 16022 17605 20295 16964 13490 12907 21669 3194 30563 30113 7020 28711 26766 194 17499 25509 23417 30483 20084 28535 26089 18771 4424 20351 19591 147 11380 13425 3720 11080 4204 14728 21645 8351 1143 25208 18120 3600 19963 13731 3681 822 23803 18063 1560 28638 8670 17560 24107 18526 28786 25058 14202 17448 5168 9874 31209 27294 31170 1086 27142 25128 4546 15777 16876 13700 20677 30356 20839 862 28824 58 26968 19489 22217 13690 5723 21004 17513 31666 
28328 16264 13073 15273 30519 1977 803 26310 25640 13651 24402 23680 14433 7087 31077 17430 2169 7710 1079 11904 25813 381 3843 5285 12048 31753 9694 1486 24224 30581 23429 6747 30903 14650 8281 32437 16232 25903 2728 10883 23563 3673 29742 6177 2274 18948 4316 4173 32253 30994 25304 24100 9562 15252 12228 32590 23121 17047 23363 9333 14383 29760 19129 5627 15394 5660 13907 20716 15957 29105 2888 28721 1627 10073 17246 13831 32465 9040 21935 18864 19519 26891 9389 32104 19264 10443 3428 12443 14819 21363 31743 8789 4176 8342 10638 18426 19631 15061 26374 31799 13893 1640 6537 6712 23520 13818 19432 22812 20854 8634 31079 31654 28937 5295 30144 10293 8909 1099 5738 31990 28813 26180 282 13400 26699 6303 17291 28096 4647 4110 6267 28287 32130 16507 32246 28417 10594 29669 214 18502 19480 875 24971 5526 15905 9894 30232 7793 3147 19772 27998 7366 29976 14002 22429 13157 21863 15490 6200 10421 18513 622 9400 14762 32338 275 13588 6386 4009 7873 18736 28271 19969 19082 10147 27370 22864 19865 14781 17414 31744 18118 26825 11378 4685 1127 24719 7267 238 12392 23325 32322 32503 670 22983 5025 14078 27992 28525 9844 892 30775 32764 23166 19063 15680 6455 13065 15454 15408 18616 8410 31285 30735 4913 11364 26353 4872 28920 4156 10278 23672 29635 22477 6623 1349 31152 22093 14797 28273 4488 2544 19877 17903 29764 16219 18627 26037 14288 2395 13587 10514 7952 24791 9009 11330 11041 259 26063 10816 20961 21463 7256 27867 32177 704 20690 780 14969 32661 11529 12679 13293 6604 2794 20880 26895 29678 25645 4624 14581 27976 25911 20200 11469 21476 10046 29317 8990 29367 21934 5556 16465 20508 17099 20920 18543 12417 12184 30875 17964 12640 19192 10177 8997 4210 11284 26819 5478 29471 19452 21626 1583 16952 17041 27737 22008 28136 19106 7680 8626 11752 20821 9487 27984 4595 5321 16184 22406 30330 5625 26265 15056 12696 25060 1608 24503 3144 30187 23855 9296 23510 17274 794 15621 20371 5866 17422 29335 18125 26022 17885 356 17150 18317 11255 32230 19012 8088 11651 
25213 19985 14269 20910 10862 27172 21523 17987 7723 4024 310 1149 13525 28923 8685 14361 12031 16577 10 7342 20149 6778 25746 17729 20668 9825 31518 532 2844 19959 1153 22720 21724 5296 7339 17027 6925 26860 6094 9435 18186 296 15039 14420 23037 6518 21150 20894 24997 9514 28601 16610 10839 18647 18350 15190 21059 12410 720 784 8697 5620 30924 16664 20012 3006 8333 17856 1717 24536 14172 9016 30426 11010 25420 22109 6865 24623 21717 29138 3712 28727 11199 32594 14727 21964 9025 2884 31872 7599 18795 3728 17285 16163 17857 10930 8691 22691 29481 27661 23406 9424 20743 1665 32294 15277 4006 16447 29272 29710 15322 32476 8983 31054 19939 10917 9292 26945 8085 23603 31228 3689 3510 2111 25801 2669 18600 7607 22460 1222 6215 18960 31553 12732 5909 22495 24947 17809 10389 23459 20378 10236 12020 8933 16626 31705 17390 6532 1711 20254 30960 6474 10557 1809 25210 22466 28364 23736 29384 26190 11020 32145 26545 30836 15413 9348 20431 25721 22859 16150 27360 4657 5536 29407 26988 19477 15770 5950 20393 9878 28854 30539 32667 29105 7373 28685 11903 26820 16023 16110 18794 5280 2925 5227 3374 5087 26707 16144 21885 15736 21045 676 26449 20880 7025 28577 14986 11411 8854 20199 1753 12420 26219 30128 6110 22673 6964 5575 11405 10987 9520 24053 26070 31956 7270 32444 2181 15610 15778 26440 5735 14339 27834 20131 686 2921 11285 23848 1430 14984 11630 2618 21321 6645 24534 566 14848 1298 7928 10405 27500 4575 26529 2743 30036 14099 13696 21997 11647 6252 28202 10005 5332 27971 32096 17787 30144 13667 1685 7774 16856 12315 20395 5281 29376 18834 18686 30915 29259 29275 22179 15633 19939 5449 16114 14874 14636 8069 25153 5988 9188 20189 8179 11357 26382 14943 3250 28052 19791 18727 24056 14889 31384 2933 11988 7555 30469 10755 491 22848 24837 24469 9405 19314 2748 12497 22569 1288 1701 22097 25139 9354 26492 3319 27910 18698 14171 16512 22325 12631 27171 17500 22854 23411 20253 3773 9329 14407 17889 10735 24229 18326 14967 20455 8140 12336 11453 25630 21584 10344 
18184 16288 10462 17095 18446 863 25450 29442 17412 25806 19827 24362 259 10411 5000 20771 29360 16412 15883 23639 6428 15358 10037 2987 18153 2682 4698 11187 4783 13017 18542 1313 30621 921 24009 7044 26980 26304 1319 17455 24400 20592 5107 10614 6840 31676 7109 3617 11417 27066 15657 25882 32382 22233 6050 4457 25251 6773 31470 25186 28505 9385 15756 8221 10668 3685 23676 15399 17220 28608 18502 31351 28553 28815 829 9892 5131 18230 29957 10581 22560 6590 5971 4600 22479 29992 24564 26807 32236 20225 3089 23719 18821 17719 12465 8771 637 4139 13439 5658 8567 23303 5838 30660 28405 30290 10202 20762 7617 6338 5712 23975 25741 8785 30225 1625 23254 5522 9267 17788 7438 15174 11337 1769 31737 9259 4837 22651 15192 32020 10587 32451 9157 26942 20167 16893 27614 22242 16977 1858 15525 519 27311 2559 21799 6554 14060 18853 4444 15040 31848 32674 22607 13931 30241 12689 13694 21804 18736 13229 8580 3400 12951 12172 15861 24333 16953 778 2186 19302 18218 2947 18814 6318 20777 12613 16695 22978 27499 18244 22825 27482 29851 4880 23544 23449 14366 4357 30940 28642 11419 18625 5706 15598 31675 17884 14289 1307 14125 2259 31554 20743 24302 1092 28947 30302 7367 31329 21509 240 22807 20127 25605 12807 3282 8110 26704 2551 29898 15790 7387 4086 2605 20640 3826 19502 25679 17178 11551 10257 26538 17727 3661 10477 26148 31727 13357 14528 5264 12347 19673 29005 31094 4892 14264 7535 14615 26980 20897 25774 25260 13300 19523 21776 8943 10288 5316 16177 32732 3248 3496 6294 441 20024 8181 22591 27988 24811 26516 379 29580 16827 32507 20737 31250 11300 11785 16443 24945 22554 49 21221 27724 21568 1499 25303 11239 20570 17671 24095 5610 27653 7476 11091 10081 23974 8832 10278 14598 1440 13328 30264 26819 16842 20914 2611 15475 5408 29889 12563 25065 30648 28746 32709 12339 25336 7276 24820 19999 28167 20741 13600 8703 3713 29579 14576 28330 20847 7223 9673 16835 8310 5737 16543 5950 26446 16456 19211 22047 11638 3496 2718 2693 30758 12850 23158 232 2182 14014 31502 
9887 18973 32260 5210 21413 1420 31860 7700 24988 11132 10082 8785 13330 19413 24422 3671 5636 3376 23043 1458 4256 14480 20102 27525 8015 11596 27185 5663 25843 20816 20377 24782 18029 20870 9549 4088 3683 18062 30648 15207 32320 4533 29257 13029 28796 1573 13265 4361 28701 12889 16940 28752 27006 24020 24867 30319 22607 3859 20625 10728 5853 11712 13765 17884 12947 5416 13352 32 27073 10991 31007 30099 13981 19970 16179 12462 2952 12750 3184 32348 9362 31152 12298 1292 4671 10412 17223 20997 24972 14689 12696 20730 1325 29244 3081 25055 25625 18925 11228 251 12616 28695 26737 13629 28859 20044 25706 14547 19902 5432 13836 4089 9834 10780 28391 527 28781 2175 18105 10479 23310 27680 28048 2685 21099 22318 18735 28800 18437 18619 8627 29360 25727 14191 374 26383 1699 9337 19508 11389 13222 23243 20844 903 23725 11911 24073 27009 7567 20660 4418 10708 22749 2870 30911 6552 21792 30973 14333 12646 16225 3708 16115 31079 14063 1629 21494 31665 18012 1651 29914 12500 28105 4336 21338 6831 8803 5592 28857 393 26414 14517 7338 1885 25346 7821 23406 1396 6099 22545 30524 26681 7989 15383 16613 32074 4126 17994 17336 26571 29166 20000 28835 12031 24750 10765 1180 6937 18069 4855 11839 21583 20177 23529 14009 30769 30084 21003 12772 6457 22796 22738 31155 23715 12423 5748 30929 10878 2966 17567 2181 9220 16226 31082 26073 21543 9437 31884 507 20076 3147 31947 12771 12284 2560 14776 310 14073 107 30106 11371 25614 2899 17320 1580 23114 12385 1659 19455 28974 30943 12994 11813 11524 22719 10808 3778 4467 1759 17107 15423 593 10891 20030 10989 9912 580 13706 29163 604 26559 32033 3913 14619 21809 17659 14189 12502 20426 6420 13238 1408 23423 9757 5216 884 23565 9841 14760 7180 1851 6988 30768 2159 19551 9783 23716 3754 21795 5831 21150 7427 905 135 12999 12169 4397 27955 31808 13296 13259 32551 15680 24476 27392 6166 28414 11260 23381 22527 18641 27929 23161 2141 20117 13935 4302 18335 7762 507 21543 2263 16664 19861 8145 15286 813 8832 19920 12472 
5995 15168 30058 3484 2531 15275 4842 26135 17862 12099 23710 19657 12934 16835 26914 28784 11320 26104 2784 6492 23357 24274 1240 6947 12065 24251 31901 3733 195 12583 19872 26610 8118 8813 8625 15707 20200 6613 29379 20871 29825 6642 23024 14007 270 6962 20413 7660 20959 29875 16798 9815 4781 18264 8381 16657 25217 7965 19959 32012 16336 16039 1831 20298 32747 18720 14760 11084 21911 15937 24085 32718 10999 31920 16723 27569 21171 16013 24274 16185 21587 17479 12303 7544 22508 8629 5470 21002 29951 24930 15334 12035 26782 29224 9453 1830 30416 4864 12886 6232 31543 12568 23655 31316 27888 27686 29904 26015 22971 13565 6889 26303 7260 14941 17724 20904 21057 6160 1091 2423 21604 31794 25203 28770 14195 14033 1401 5103 5935 26550 29891 26981 12562 16001 10562 11904 4660 252 19054 17001 23663 19369 15499 2789 26305 16541 25643 14797 15603 6289 17141 1726 17016 18999 20900 12561 31896 15306 15187 24078 18382 13033 24055 10076 31854 30373 13357 28092 18058 22489 3126 17400 13591 5050 12351 1557 17484 17582 25574 28880 26443 21858 23291 19785 21763 10774 3459 1273 7253 29756 3331 12777 17269 25666 16123 32550 30356 11692 8368 28016 2492 4453 30766 20530 20987 25175 5774 5815 6595 14393 3957 13722 13457 17576 2525 17534 30157 32378 3608 9216 3825 5967 29969 16362 6382 28520 23766 16809 19660 31677 18003 18178 12176 21065 16480 28928 13666 20649 17407 24369 8175 4325 9694 27410 7181 8334 16676 14279 25245 11785 16234 27151 24758 8234 8710 7288 11008 19461 28816 25551 16477 15616 12447 30683 24527 17197 2772 21579 30102 15319 16666 26092 25496 18523 23083 6175 10502 26425 9815 22155 11581 9067 385 22287 12778 19958 30314 16378 12402 30142 10034 32383 9873 4510 7963 24931 5697 4280 29073 19449 15581 17674 19047 5456 17798 23619 21348 26539 31430 23252 4862 13361 15219 19785 10341 3814 14038 9178 2243 1754 13325 27709 8642 20129 26798 23999 1360 18690 8877 27539 671 19955 18816 20842 20591 15302 31360 20036 11407 10397 17555 389 5281 18467 18184 7755 31775 22910 14274 26879 
9115 12671 5273 13098 30027 13596 1021 18826 2756 22561 10460 2150 16390 29730 28102 2590 30649 2996 2896 9222 29878 19933 19894 9588 27849 28104 24004 3352 14517 8893 4342 10380 17785 25681 1246 21036 10962 14042 2502 16680 2817 7206 8343 8152 8142 31853 4089 23631 6349 7043 21692 26418 12000 28242 29047 21707 4349 25736 24942 5209 3634 31373 12985 12714 8422 10168 2979 21740 16225 31938 8017 29889 5519 1659 21924 28305 3072 18619 10847 31012 16436 26012 1933 9584 21014 17638 7965 25007 10950 20427 2000 12981 8347 5333 8533 6017 7273 26652 946 19218 9215 21436 32229 22652 28148 27782 26571 13626 25252 24310 19266 21958 11893 18533 10378 28775 18783 12416 23026 25162 6059 14073 23216 27349 2042 18813 29968 12600 21130 30181 7121 18501 15797 11440 29387 9345 3002 1969 19158 14459 30144 26885 5352 11100 22552 1608 4221 24000 29635 13320 14652 12484 26932 1402 14295 17248 20566 5228 23091 6648 4561 1403 22217 25645 25994 7302 24396 21753 6760 30051 18059 16635 2910 13520 15770 30479 26022 17836 27692 1826 9290 30311 26692 27461 25833 2743 20749 18175 31160 5516 4357 12520 23751 12103 2913 14963 26758 23590 14510 10764 31111 14083 30388 7011 23941 13375 3999 31239 13222 4345 15457 2614 8701 17027 9810 29684 1107 31254 11289 1114 30759 4292 28112 6449 27123 28591 25699 27327 1969 18553 2105 10209 15518 12795 19223 6234 6718 32058 26945 14699 21152 22166 21986 2212 10211 1861 18093 28921 29945 27392 8901 3608 13227 28156 22746 14842 9181 10012 24725 6328 30740 25189 27447 5793 11061 12210 1917 3209 25488 18857 15558 32355 1820 26861 24951 10259 25860 22421 12447 19581 6243 22750 25303 31458 2124 14620 20077 15980 10510 6647 21185 27655 25270 20179 4846 627 16597 23952 17325 20631 20355 30580 4215 22041 18851 32357 23530 4651 31849 27228 24430 13480 1050 8982 28184 25951 17939 8717 24271 5551 19469 28838 25005 4180 25759 22188 17575 15232 11524 19709 27505 16685 26655 2179 32412 4530 18108 12646 5634 29845 1305 6784 25187 7073 421 3346 6736 27704 12551 31925 
11848 29418 4962 14227 2082 13638 3800 26326 22954 21999 21325 29537 16015 16115 11117 8894 13693 18009 24304 88 13446 249 2588 26347 23750 14225 3724 15928 4423 12820 305 16637 29986 19781 14742 24356 5351 3717 26216 4155 16191 10729 19253 10788 20688 11920 2932 4110 30561 19764 9926 19876 12351 27902 2683 29315 1503 671 23640 16882 20676 23964 25239 2765 32675 24553 11568 15299 10950 21434 25687 1986 30382 21398 24646 11950 2556 30893 28220 15961 6802 17259 26310 24496 22005 29261 31037 1074 10485 15092 20624 1959 10897 6520 30019 6670 11797 10750 4280 1495 16517 16525 30126 9810 5438 13085 4615 8808 9691 2545 11726 16265 2390 2599 7032 24805 18031 20110 15722 1759 9554 25271 1212 25278 17524 5199 19773 21158 29886 28331 15031 22984 8429 5285 31604 26837 17465 27815 5120 2744 13364 21253 6193 18820 16886 18064 30053 24491 30327 17256 12811 2418 28220 16401 18021 2721 6198 201 29323 15487 23527 13593 13748 14333 27334 5035 19121 28722 16613 26715 19898 20743 6353 18576 28525 13876 22201 25037 22804 20075 11987 5763 9767 16082 2812 23850 5906 6839 29599 5519 24887 896 32727 18544 16439 1248 4312 1350 11373 337 23691 21090 23228 17086 2936 25403 27019 895 28137 2311 24333 907 3148 4488 23750 32233 5850 2089 11339 4712 30838 3401 2377 30608 4312 14295 19656 2264 23018 13599 23985 1306 31858 6883 2702 4419 6130 8110 12434 21327 16844 11621 21465 14709 32682 543 3312 16798 16669 21302 28568 21788 7301 9887 20167 3225 21296 22134 496 28749 24774 29405 3972 2165 6628 30215 24761 20992 7687 32400 25226 27531 8364 1040 14335 3727 19893 14831 25006 10457 19727 5243 32386 10811 10642 9271 2491 23170 7976 15222 14902 19367 5170 4649 26351 15434 16935 23542 5316 32347 20862 1162 4476 13851 27855 1583 16391 1347 3893 3745 31239 30338 4598 26141 10896 15661 15718 19644 1580 7475 24840 16895 1059 3919 14071 27307 31993 30081 5764 2263 4663 29630 14881 14915 17263 16615 7294 28907 21626 1016 12529 23004 26884 4482 31515 9799 31051 7515 18889 27348 
1059 13459 6424 2360 8766 5035 24541 22538 24234 11522 19523 31954 30875 29584 13238 11364 29291 15830 14848 17772 4575 21781 29618 31049 13740 1215 1990 30495 9273 15915 5250 19751 14247 9356 23456 29770 2831 5412 31147 14831 3338 32693 11436 31761 7031 9017 28166 27540 3192 722 25503 18649 18622 9988 27712 20112 23303 32546 19263 16077 6372 30470 14171 18014 18624 5381 20711 10845 26910 13347 17195 29697 32034 11906 5383 3769 595 3105 27865 3196 29599 2499 19361 1114 32160 3116 867 16216 18461 21395 27853 10106 30932 853 8218 11553 21366 20967 13622 5783 6900 29966 20259 28137 6137 7762 30363 245 26807 7088 2039 10179 32231 28815 14415 17689 26891 31477 30179 13641 24567 30971 10169 8014 6543 638 4232 23575 26578 19224 22741 26659 13080 16462 1116 4942 14999 22539 22193 25323 15916 9038 27431 23058 30041 31007 1009 7227 30602 19911 21639 7692 31132 2624 19276 22640 1183 30699 7789 12777 2523 5249 8204 4647 30738 25164 7582 21465 13829 2199 20113 2243 9785 22627 5682 17425 6139 2395 7375 24299 18850 17162 1048 27465 24596 17996 15051 18697 30604 19202 13201 4415 12698 26122 803 19404 25707 2927 10672 9010 20298 220 2947 2726 30823 21591 23777 2663 6103 11051 1328 9807 13277 32038 15711 4775 21096 4101 28033 11072 25564 18221 3515 24767 19221 7068 3681 4153 9898 20510 2908 30976 16238 13764 20175 17596 16445 5266 26362 21949 6901 3192 21342 20367 16066 644 3361 3535 927 28245 28341 32062 28441 7123 16053 2836 13910 13597 25103 7831 8535 10435 31080 20715 13178 16438 28092 22316 15683 31356 12357 21178 15195 32552 12703 31700 9945 15754 21545 23145 6849 3107 23982 298 29386 23643 11333 32484 18277 22135 12917 31245 27386 29125 32413 10909 19573 23833 20883 9759 25345 19325 2188 12807 1811 31013 24124 4166 23723 31905 18238 31260 13015 14422 28085 15661 31864 47 4148 11992 17992 18320 18395 27076 19996 27532 31171 2491 8039 27991 30621 22972 22784 12542 5013 10315 37 5205 11133 13836 1215 29233 28455 29328 23271 26072 26130 31599 19882 25270 
30793 4503 28425 29778 32393 30947 18756 14976 7586 30192 13657 30167 28959 24108 31431 14437 18729 28207 7319 3746 32681 23119 30621 13475 10413 19822 5628 11152 8717 18967 23528 17240 17998 8650 29104 27811 18118 30355 3835 26377 28929 31457 2897 8065 25444 25494 22494 21276 29968 16475 18035 18931 21770 11830 16846 15965 9368 6238 23323 17510 4334 31566 20667 17789 12297 24088 29251 25709 9436 30204 1480 23951 20138 10297 4698 14141 1971 24099 13262 22153 14098 24438 23489 19503 14822 9962 9177 28105 26544 25863 5454 3906 13820 9531 2473 28813 16196 18730 2252 13207 12561 20037 18483 28282 25955 4510 12153 11763 11091 1530 1566 31766 759 4136 11911 16192 20614 32146 4678 1358 19132 18706 9116 3852 10368 8711 6204 12272 20933 27047 16722 22025 6062 6807 9412 20018 14325 20153 15288 6283 12173 22341 31318 24874 8326 6939 1231 28941 20274 12119 13726 11091 31366 24102 22798 27308 5058 4057 16892 21263 6485 19000 7134 27563 6394 14873 7684 5407 7464 31537 1054 12269 2473 4649 28671 1836 11144 19700 6304 21374 49 32097 27240 27202 30676 16876 31914 27915 14090 20698 112 3408 7099 31109 3191 14437 2367 20468 27258 16297 16323 13998 18867 20738 17135 15056 31392 21382 5062 30302 6147 31867 16845 27863 16684 12418 5999 5644 18810 1295 26016 2865 288 30236 12993 2613 31525 9247 20675 17231 29871 11833 7824 9434 16768 31920 30886 6498 25025 3999 7429 27647 9470 9708 1612 18145 32371 20603 543 45 28294 17825 1739 10504 9620 2268 3117 4848 17392 15041 27600 16211 23337 9525 3157 27994 5260 22496 23576 14854 8426 26847 24336 1663 21916 11705 21495 6313 6851 149 13483 10743 3796 26026 5589 22660 853 9462 10696 11872 14049 11315 27308 13095 28786 19719 12251 15321 24544 11131 12939 27877 26532 28846 17838 8839 13282 5579 17686 13140 17063 23352 32733 16660 16751 16400 8708 3023 25578 3540 24922 31531 6143 19549 29087 20981 15122 12821 1002 16381 13442 25703 21832 17959 6518 7284 4262 8383 15834 1032 2033 11277 22180 24268 2171 30505 4444 21437 20129 30993 
17627 27356 23723 7161 8019 4903 14579 4834 30095 17609 22346 11630 6012 5006 12695 7667 19945 17817 21441 26062 25995 16985 24271 23546 27460 28089 18254 481 32164 17303 21235 6769 22449 18296 6530 14195 30947 7290 3310 12568 3699 22922 19650 15317 470 28118 18623 4209 20612 10629 30407 23133 4349 16038 8186 24643 18702 20071 2334 6881 31056 22152 31300 11800 499 4879 27048 30784 17593 10300 19930 11199 10309 10431 23323 9946 24726 19497 12298 32203 8399 27041 13696 27411 6713 2776 13752 6673 27786 11071 28339 32724 27496 30583 9178 13870 23849 8456 29414 3337 5853 6743 28669 17918 6542 20178 19741 11812 5318 11118 4286 2598 29266 2899 8115 2201 20294 23765 7762 11916 1601 4775 27860 29280 12018 13643 17151 30938 14043 10445 12034 10358 30549 31409 31648 1790 27861 19498 16784 5468 29549 11405 10276 7597 11414 30724 6442 10134 29228 3719 27664 1755 31418 30472 19531 14381 4856 17134 24312 68 4242 17861 27588 302 25131 30004 3338 14823 24738 1327 11068 9257 17812 5229 18308 25733 27426 32029 22955 16563 14580 7637 17721 20519 25213 11979 10718 6884 23169 30535 4880 6805 8149 30552 19190 20954 18279 22983 21637 28128 26494 16969 20713 9780 18498 19448 21542 20185 32126 19460 27903 20632 19877 11430 25623 31639 2579 29782 30294 26669 15510 19774 3726 23029 20013 8430 16990 22817 2831 7249 5719 30225 10223 12256 19806 27429 11391 24597 18257 4303 26419 31267 13038 22508 20039 228 5872 15956 29187 26131 30330 29103 25662 25531 5305 5259 14625 2543 7110 22956 1325 21692 10953 27043 31871 24156 3940 18083 5971 428 11855 8847 24520 225 24383 23383 19683 1142 16397 4485 20181 1640 17172 3347 28801 32166 31963 25728 12857 24003 29940 6691 456 16111 32291 9150 29622 16933 22979 4182 8647 1446 10854 16450 21189 15781 31164 25475 20351 17732 21942 12883 2322 15295 18666 5120 29799 487 12858 10235 16125 11219 16304 25900 16617 15058 4269 17289 20507 13219 17219 9191 22754 25833 28895 27152 24499 29145 24107 32021 20518 30006 25138 8678 15681 20607 18630 25631 30457 31591 
13342 293 6390 26501 16836 2418 30359 19533 30383 11309 2102 28479 13995 24830 15789 15454 19202 25632 23064 17124 15445 14520 15581 27188 971 9573 15338 29456 22382 24344 29502 6412 5585 22054 11691 26690 5366 22939 19162 6984 22640 1234 18063 5471 29381 11074 17710 19693 5654 13979 18815 14894 6146 11026 30638 7718 27847 17912 2454 13786 23978 27282 22590 11711 32410 20773 7844 26995 10000 11344 22970 29611 29241 14494 27055 10861 2647 27228 22639 31615 17253 11688 26989 17695 18681 27851 22176 12020 25455 20681 24267 3909 6212 28726 2306 12393 10688 24650 16746 2686 14808 23608 13120 17758 5202 30396 1053 5839 25642 2547 21624 20730 22581 22896 10604 13599 31492 6796 9147 24198 16907 22269 10260 22969 6146 23979 23697 15344 26252 13759 8068 20173 25367 18428 23411 9289 8963 12882 23649 9967 15110 31152 2639 31304 28111 3611 11523 16278 11753 21757 7432 4804 30435 11711 1526 21406 16814 9369 7668 3902 6214 18345 30330 7622 3220 21059 19036 18517 5780 8841 27908 2867 7603 11579 16126 18511 12667 25552 19387 32236 13681 16581 29838 21911 1086 28213 19707 8028 19982 15018 3121 3385 13878 20531 14293 17107 29721 25014 27649 3432 31564 17032 25741 22533 28408 7227 11149 12281 25728 14007 4378 28041 14692 1676 20566 21733 102 30087 1450 17243 18923 6532 23122 15563 19363 19842 2332 27995 11116 24829 8300 29547 29044 20856 9604 1484 26014 16985 32002 18988 23592 9977 15530 28629 13706 21244 19046 25240 5537 25822 27787 10755 5644 16079 12126 18651 30679 449 17367 12486 6230 16063 15269 7751 11604 21120 18033 28911 3182 7996 21607 21458 441 6334 16883 19001 31147 22203 28872 29846 568 8546 29223 8637 26427 11316 9822 80 28184 29462 30095 1147 29855 28068 1458 21986 30516 3273 4573 23000 16941 13964 18115 11730 21116 13357 18556 9755 10638 18033 17796 9417 6259 21562 15109 23791 17982 26458 20057 22036 30127 27561 24522 17380 19983 25686 15005 1574 11100 2938 1616 25838 14758 4083 23839 23828 24505 25967 11213 4324 15612 23239 16032 12567 16025 27279 8110 29187 4062 31211 
10839 24846 27108 31139 30739 11880 1646 7546 2670 16122 14867 7612 22096 6809 31136 14103 5250 2688 20152 23723 31598 31741 32701 20580 17958 31594 28404 5512 11432 23391 29923 29068 12641 23590 14846 28460 26607 26479 21379 6075 6443 13381 10147 22199 26727 26433 23778 15264 24052 766 22720 3594 31464 15564 4505 26610 14877 2473 14282 19022 8829 30573 31253 24551 20093 9796 26951 25195 3304 30305 16151 21950 32478 15857 3154 3474 22300 6990 4661 12599 7806 14198 19226 12724 8641 3259 26200 26134 27790 1468 15204 16904 30132 2195 30780 23204 24758 16976 3845 11657 30853 18087 9970 24110 18318 22501 5225 23926 28919 27432 7265 12164 12070 15568 1807 17360 7044 2353 17857 4986 9088 15754 12298 31199 20182 13627 7199 31595 15121 22322 22145 28334 28750 10151 15580 15281 29508 8713 47 9610 14465 28472 21038 21038 23798 19444 485 1159 18358 13206 19357 15558 6395 8957 24579 13051 2666 1996 26247 24546 9368 12243 32515 2048 28108 19658 1693 31983 30215 24645 9198 2295 25665 9188 24164 14558 26870 16842 17636 30720 14817 29009 26548 12962 31496 19452 10649 29315 14584 28334 11324 10676 22610 15129 23506 8106 7814 19832 24060 13458 14303 31361 26604 28388 24256 27029 16330 1851 2093 7995 27990 26212 14732 3020 24014 18868 27565 29296 32530 415 7945 15432 5638 32391 1351 3053 21560 8146 25605 9498 28867 31039 5332 31909 18547 634 18052 1204 18729 25838 25507 2349 11393 23514 16960 12398 17843 23207 244 29759 26295 28025 13604 9988 8365 2052 20096 22840 25467 13985 21455 13078 16568 26016 23791 5785 21961 13024 28183 7591 8521 32158 6240 18569 18351 10379 900 28831 2858 16929 17637 21330 31440 1846 10193 18761 7416 29650 19204 32224 6372 22078 14190 15062 9124 6237 21559 7237 13366 13119 23553 16600 17138 244 14189 19000 6182 24734 24800 16839 28157 24778 13703 13713 27045 25601 22424 8576 12208 29593 1499 30927 6075 13521 3178 25536 17230 13342 12981 1426 7172 31423 19144 24237 31980 8855 17873 7969 2862 23612 29148 32078 498 6988 17634 25828 30077 23808 22786 4623 
20893 15619 32270 27883 5960 19588 1097 14654 7552 24458 9327 28262 22905 17543 10486 19344 29182 6705 15508 31787 8721 14221 513 24733 11986 23116 22782 20276 29858 3931 29846 24927 20359 2486 9892 8478 25298 23421 1173 10935 1024 17737 18799 5803 19679 4032 6418 16360 6386 9063 2239 14912 29205 21176 4310 3354 12388 2677 19428 1639 20826 23611 9948 14808 18998 5978 26277 78 22947 25572 9941 2963 7319 5124 13757 25159 27260 8081 29093 22557 15502 32227 2904 22087 9348 20966 20964 2094 5746 7276 27547 16487 2542 26824 8285 10722 13938 10136 6426 6501 28417 11234 14482 4921 24845 32355 29023 22820 15001 31523 15670 5271 31643 27981 6506 28967 30372 7486 11441 15169 17602 1244 31275 22298 12454 7721 17824 9190 23810 24 3338 8010 10805 15775 15187 23827 7978 15117 30815 10024 22909 28062 14925 22973 18656 14668 31738 20426 14782 24809 15559 29628 29470 15467 11677 18538 27593 10631 12078 32330 23215 27265 1405 26853 9863 26434 25760 26760 30902 1195 15044 7229 30578 1577 23411 28665 27431 11657 28690 23319 21273 3342 20910 25349 11596 16321 12280 13886 30113 31753 10637 29560 8257 13435 14715 28958 4926 15091 7681 6400 25464 6628 7319 11338 22718 6124 18222 946 32054 6572 9913 8182 15359 21974 28396 7814 21268 3975 8004 26237 7284 19160 13639 8662 29312 12208 21517 22237 13220 3804 1279 13795 10553 15713 30175 28470 21930 14864 22537 9553 28118 20828 17656 20303 438 13161 19467 8102 6208 12389 3465 17169 17035 3867 1764 3022 27187 12741 29754 23818 24319 32034 27425 27290 26561 13769 4772 8427 23166 18365 7305 18748 32719 11329 25558 15882 17799 25070 21651 17356 1174 11010 208 23009 24110 1531 1770 6087 29732 5221 11531 27277 152 25584 22000 18059 4312 19909 13039 8528 26498 24602 22328 18396 18921 1540 4187 25872 15546 24973 10250 19554 29664 3079 29472 23765 31140 12448 20963 4137 20761 13622 1414 2638 6071 25964 32499 15647 27206 21501 2759 29773 4350 26192 32413 23961 14060 15949 19343 24903 12439 30320 6650 24271 5604 25627 21122 8661 13111 21553 
14422 9051 5595 30176 30901 27446 14244 26558 21426 9662 3538 6936 16948 16842 32569 390 15680 10972 1439 14531 2683 29592 32358 10428 12778 1147 28267 18407 253 8905 15661 31190 16076 25543 11058 15372 30112 24619 1958 5391 30133 15313 26950 31167 30014 21935 28284 7397 29098 13323 18635 23823 13862 235 5998 17564 11107 10958 21820 20499 21657 32153 24015 28345 7628 18388 19941 29026 24398 24598 17158 23431 14981 7870 15976 19097 13294 8164 12047 26517 11874 24976 26424 5849 11160 4649 248 23094 30188 9008 30241 6470 5982 29742 28517 17407 16862 10730 3774 905 3271 1504 14605 27981 11177 20975 8961 27727 587 13394 9530 21693 14832 32721 7086 21960 15322 21560 21580 15794 13581 8969 20704 17448 1877 27758 24631 20179 19338 18545 21123 25642 18707 4207 19712 16522 1705 15562 216 16776 22621 19167 18757 7046 3805 16184 29941 3460 11251 6146 16050 1849 16462 17345 14658 30050 22149 28738 12940 10331 3929 17873 20989 2284 21307 25261 30250 3941 15630 10937 5559 12525 8749 16244 10103 14103 23472 13355 21972 13750 13547 21102 370 4851 9016 704 22287 21916 10999 11666 31918 11711 5586 10355 6644 27512 24134 897 16338 22535 29790 19235 29540 9509 16322 4602 24601 26265 753 22292 29973 18950 971 7267 29139 263 7506 16750 9743 4477 7857 30279 26851 40 7038 23229 2864 2421 4412 7634 18751 23703 1572 12656 32680 3289 1317 26199 10099 11571 6953 1114 23934 18971 14746 13003 31006 13725 8740 17716 30217 22958 16317 16455 13684 1214 4323 11032 23160 25740 1829 138 17850 9022 32741 21767 29771 23217 14940 1141 17869 21006 28383 31845 28120 14750 27488 30349 5276 22751 22839 14200 27335 25303 4131 9596 13481 25768 6795 19437 4245 613 20234 7824 31883 30244 9003 4434 24341 1364 7025 22586 5999 24657 31899 25501 22762 8246 8741 27793 21906 22259 7698 9635 31759 26015 1513 25549 19657 3343 4350 21410 2640 27815 27634 3788 18682 25456 25981 9656 8654 1899 22635 29072 3232 10021 30437 17002 9598 2444 23282 15807 24907 24577 62 286 30122 7854 2841 23841 
30750 12058 194 15521 30831 12538 21734 3110 6735 15691 28772 13729 29245 24477 5459 1118 10666 14770 17478 1332 11866 1351 1742 14079 28942 26674 17217 8016 30560 20141 32186 5986 17646 16370 10849 25936 24506 24840 29933 30086 29649 6620 8551 18549 23083 4243 27184 26764 1747 28447 32581 31843 8775 10000 2754 18745 21026 10157 24229 14752 29944 14916 12245 15479 21890 30910 611 4121 6395 4726 11023 19924 27849 21324 2574 18845 14176 8437 25354 6657 20580 25237 30315 23647 1037 1679 16341 2389 26064 6811 32241 28024 13884 10778 26481 6728 24610 22183 12622 25443 20728 24303 19028 15352 12415 1986 28641 2175 15268 7018 32746 14503 18084 29499 11326 15760 10868 16235 29455 12347 8544 292 174 15423 22258 27352 24214 8893 12053 6869 5036 27029 2170 25625 6597 2778 32315 6503 19561 14468 27839 3738 13527 2149 15837 17466 22344 7263 16452 29005 25976 6867 3610 24431 31331 2908 18147 19749 17228 27582 8357 19055 14852 4377 5193 17308 21609 10595 10565 11874 19757 28948 9336 3374 27097 28963 7765 15545 25105 22834 17476 16348 19481 18950 18757 32165 12952 9273 18903 9642 14236 12083 10008 11933 26847 11350 7469 8993 10569 10873 6372 12508 21429 11672 4248 11726 31480 32457 25686 2017 27423 14450 2365 21185 20473 25274 1067 26605 9430 13373 30614 19727 20877 19204 18615 21641 6340 29108 8174 11344 15211 17669 18530 20221 30090 19830 13032 2849 14397 24896 8230 5337 17660 25224 13816 21923 3616 11736 1042 28272 163 19664 15335 8187 6952 16665 8138 3416 30267 31643 27987 3280 8665 21488 18181 31468 31795 5144 24877 17360 26031 27758 30221 5834 30256 25562 17722 30763 6039 6217 8771 9558 10634 25434 22163 32534 4724 14170 23193 28213 25036 18547 10790 30282 26523 22048 14358 27346 25912 10468 17714 31362 15190 6204 7765 1244 14657 11474 1486 28161 29029 13043 19462 25798 14096 20803 23395 20233 10617 30640 15211 20550 28672 15012 20269 7781 2999 28287 21212 6358 25122 5956 23742 21984 25915 146 25924 6710 31929 4567 6779 28364 5266 12992 675 18664 29887 21492 12828 30844 
17983 28673 6282 20659 26974 6294 10545 16074 311 25588 25249 17185 22648 20127 31128 146 869 25945 11044 22017 25376 19280 31240 13876 28199 28823 23393 12773 25118 3283 5769 26646 17103 12855 23612 20645 19055 3250 22777 5408 12066 8550 18091 27610 25026 8797 16777 10559 10716 10871 25659 31588 17148 30119 28478 995 24363 26975 32649 17381 12981 329 6257 3712 27952 29752 1226 30020 17337 9566 21327 25360 28801 13759 29252 22826 19337 18917 11865 655 24745 22486 6354 4488 9943 4419 6373 7038 15526 15874 11363 26383 19981 6847 7067 24674 1898 4078 9340 10167 14790 21763 24825 28226 5211 21478 27826 5433 5971 24737 3536 17196 9171 6492 25904 25493 19768 652 27077 17584 20385 13159 13111 18316 20397 9883 22480 22114 18310 831 24985 5415 17694 29194 7872 93 23992 21187 20797 28206 31403 26104 437 9659 25442 16115 31135 178 10408 4586 10405 19230 21794 12918 31053 21892 1821 22086 22744 27947 22411 28693 30315 11963 12871 14041 32108 26378 929 11582 20271 30258 24342 15698 32722 26855 863 15490 6757 15367 24494 27589 28750 32371 32308 18455 30700 17694 30694 16169 32379 9571 21889 7255 12600 10652 459 16858 16837 29680 12572 575 10702 876 25118 11799 20973 20309 23505 10737 8139 11453 19666 8325 12169 12885 28636 9522 15454 3714 22927 23211 31873 947 21360 29165 29769 32497 26674 5492 1170 31928 1332 5294 14436 12293 21834 25520 5583 8112 14528 17192 30233 11772 32412 9362 10524 15981 17188 7855 26601 28121 6048 1587 23217 4290 22369 32446 13798 27619 19970 6158 12957 23305 4846 19315 26167 23076 15906 28035 15680 9374 23093 26638 7575 24299 14229 20565 29647 32354 1299 11638 12246 25419 20898 811 29908 22841 23387 29876 86 29082 20421 5138 3244 27788 24916 12662 12943 9202 22063 16121 3592 11463 29750 7309 10893 8883 28228 24628 31340 20956 14001 28272 23917 13055 23324 30458 31410 28095 19815 10678 29155 21821 15874 14311 10120 4840 27501 30112 12470 29591 2808 12155 8686 2773 11982 2188 17730 8315 19761 29848 31673 7301 19719 8835 19957 25886 15254 27400 
28691 25341 3980 6061 15571 8180 7490 5621 27641 13254 8257 27351 2035 29498 32262 31343 26299 5485 9730 30708 10751 17260 13029 4586 2688 17922 12572 11928 29368 17871 11928 19645 11455 20890 30674 23679 10095 7913 9740 9380 5831 14542 25305 2052 29581 4355 1247 16190 7735 10041 27100 23211 10508 15022 12775 8336 3463 14846 16377 7064 20732 25915 9131 28033 23677 22079 20545 14869 3071 25409 17640 15964 14521 4007 2620 26640 17101 32539 10509 337 24106 7905 32355 17562 9905 31080 4287 27892 16279 26655 19108 5737 522 6025 15958 700 32535 4500 22242 5719 22731 16935 6750 8581 13976 10746 24946 18913 22779 13226 10264 10255 4188 24333 23455 28073 6966 14019 18934 10108 12151 17421 5671 28661 13098 29922 22050 9686 26707 10304 15804 31533 4122 21697 31479 28807 18732 32110 10116 4193 11615 26839 29574 32479 29333 20068 28057 12737 4834 28134 3091 25746 16369 17777 23434 7458 9635 22894 30358 21559 16378 17132 10967 5760 18486 30775 28474 12746 32061 940 3961 17014 19264 7371 12513 13611 5788 22414 5208 4296 11774 24057 14750 7325 10187 26611 18387 14042 11967 25940 24378 28487 468 3647 14396 14902 11109 19890 13232 20407 13203 14939 16473 2826 20968 4526 14768 24154 25146 26932 9188 11944 8402 2598 26912 11269 29134 11066 31756 31236 14276 31933 918 15471 32168 15074 29682 23609 30704 14938 14559 6324 8437 8996 21805 14596 29853 19879 7036 29140 3895 30206 25670 21319 13222 14739 25888 21297 31938 4847 3388 18312 15867 18384 2867 25877 22336 32124 24577 5743 31 26454 9041 16170 20013 17327 23804 16204 31400 6878 6092 19200 11099 29843 4485 27279 17090 30568 11302 13963 31599 9913 1132 9294 21164 12982 20888 30371 1634 3766 29298 9922 10809 16847 19342 22914 6145 9635 23246 13514 16209 1916 9256 10568 6253 24476 23465 1126 15981 4814 28858 24186 29852 29249 24227 14653 6943 28054 26189 25215 22231 11064 5452 28441 28808 31468 15900 25122 12090 22185 17835 21606 12767 26025 27160 12307 3127 13760 26299 21686 10993 7917 6501 14182 17171 1327 3305 21311 20635 27801 
3291 32275 26726 5033 9879 30043 24914 2006 15237 14196 6304 26728 2204 32008 21916 19340 18213 26314 4223 31144 19138 13158 8340 29420 16558 4535 5530 29482 29766 25403 16490 26599 15561 709 11993 3250 30812 25458 7904 8628 14417 7134 11514 28809 680 12696 16846 4942 19670 14547 782 12795 5062 7262 19359 10739 13598 8662 28410 21466 28099 32282 19410 23463 8607 3583 29175 24314 20642 1861 24442 17839 23814 13770 6418 2227 1752 6398 8638 23318 16564 30103 5548 26978 16848 12166 27738 9004 31035 41 9723 17128 18023 23746 26652 2050 6886 8488 19847 22314 26993 21180 28007 13551 1582 3999 23982 20111 23603 32290 13492 1293 7238 20606 20000 11909 18662 12486 22284 445 17296 10521 25956 24572 16187 23580 7823 28959 15397 8615 12626 17897 28881 23487 9969 29851 17488 6085 20375 25540 15809 20460 19959 14171 3348 24817 1588 5131 4371 2054 29694 11470 32418 32015 11263 20157 3397 32016 3189 24359 19684 22758 24864 32736 2251 23606 32350 19931 23541 8356 6037 28155 23178 8517 21713 23591 29862 8790 27566 12445 30300 16686 16249 20360 18683 16497 19602 14036 22927 25735 25364 24129 18603 29772 29880 23990 18278 12809 31223 19929 17828 24740 12911 5852 21911 10515 17544 8601 26757 29718 87 7906 18635 3110 18883 22802 29986 7080 28134 17384 16673 23399 26550 16022 24323 1345 22500 15380 13995 24353 13316 17850 11749 29229 28911 3086 17903 16960 11365 31195 12856 6554 6647 32131 19559 15574 14116 31893 2463 6941 2755 9634 21761 20122 29601 5197 29555 301 19050 31650 21664 2404 23245 19113 30016 21415 30683 32570 13978 27570 12208 6930 20295 14921 25174 28455 14648 19238 16358 12601 16635 12087 29168 4010 6713 20230 29725 14223 7556 16761 24595 263 4943 31419 12441 13772 12350 26490 16380 9735 9889 18515 1457 32617 28987 24970 22331 6775 15175 21247 12368 12837 2493 11357 17975 14759 2513 4501 27252 17540 10428 907 167 13548 22720 8462 2994 9291 10086 29710 5658 14878 2315 7945 31152 25862 32154 32455 19056 10778 29339 5191 26793 32386 1645 19193 32350 24386 4303 28462 
27628 6995 5286 26828 26606 1016 32506 3654 22110 30543 22337 9163 6909 31014 17632 23230 27380 19985 3567 25959 25019 19641 29500 29416 23866 22903 3475 10098 25902 16418 4157 25784 8655 24613 5319 30372 9648 24276 21509 30793 3814 21504 28757 1306 17260 9416 13608 2649 19654 179 28607 19666 5861 13564 17715 30408 5707 18989 10680 16944 6511 8175 23842 4893 18787 31521 4265 5756 7604 14887 6633 14593 18322 9093 22317 2657 22576 684 10476 24770 9838 1811 9364 20591 14262 6538 25735 19409 12323 7116 6499 32667 3561 18003 16519 16196 13297 6256 9171 5562 1987 3738 1710 20053 9897 4871 9294 2569 30225 23673 25396 13537 4916 12123 25077 28584 26101 13580 16704 16873 23308 23931 20253 10267 2403 32500 30579 21013 18112 10297 7629 9672 28581 22741 17501 23084 26229 5037 9282 15995 3543 32728 6918 414 16991 2992 4459 3556 5996 17961 16231 19706 23372 25186 29037 26648 9895 6522 13038 22648 31514 24229 544 23564 13602 6527 28926 8816 21820 23200 22416 17950 25674 15984 31596 26081 30521 29244 20605 29324 5601 3978 14083 1259 2348 16810 23259 20474 21627 27022 6145 853 24133 13276 2131 12784 3073 21824 7831 4360 21831 24839 29376 9049 4658 28138 9069 9362 2312 32039 28851 18694 32541 22487 29724 9636 20724 22139 6639 21545 21928 18136 16306 10132 4490 25605 7150 1242 31756 5314 21298 13276 23774 25611 24154 15510 1110 26605 9745 9369 25365 2713 30613 8379 17640 27063 14011 3853 13036 16380 28978 19725 16630 3327 14091 15901 18993 28488 23673 5684 24841 25770 2262 15572 30280 25812 14055 23612 31615 2594 2657 28894 1192 15545 7852 27923 11529 5074 13030 17678 17244 24918 22315 30478 300 7084 32532 25560 20866 6606 7549 2917 27329 21923 11660 472 16335 10377 19695 12467 3189 13872 19300 14409 265 31151 21375 1399 20810 10449 4264 28559 10891 25008 30307 29333 21780 22150 3284 22958 1221 27583 26242 28117 7420 31827 9051 31952 27577 14418 9464 19554 8192 20929 22563 19907 32639 27556 14230 9549 8049 32604 27654 23160 9410 11315 11616 17416 20340 9526 
18771 1157 21825 12611 29454 10988 20354 29026 16459 19364 16463 24920 30604 9651 29416 18042 5028 10290 15187 192 8314 27646 22855 29210 21770 30129 585 28679 3756 21457 22293 29539 4505 27975 18495 31360 12971 5138 11802 20857 20068 12348 6105 13507 12594 5901 5620 517 21745 25216 974 27434 6066 23795 5268 24500 20411 21794 10088 8275 24783 28246 9919 12470 13999 16602 30471 7073 18656 24239 14478 15680 2991 4224 24735 1979 29299 24280 28142 30218 26386 15251 15413 8459 23238 24467 15136 10961 21537 12468 3175 29759 7759 17409 19769 20694 32156 20520 3809 11468 3381 9259 17060 22878 10803 30297 7400 29543 4053 8061 13212 6192 2317 5717 23507 23690 23359 16197 2738 14874 20037 25677 15757 26357 30134 26937 11597 19309 8040 4119 20757 2602 2867 25070 29733 20092 20472 4013 25342 21743 4578 24418 29638 25120 28140 31148 28143 7120 16036 11123 5396 30775 7726 28630 23331 14234 18827 22117 32193 7200 18716 6545 4842 21474 609 31072 18648 18753 5895 11878 23847 19836 13602 2288 3894 20866 15543 4226 4560 8452 24189 14212 16396 21455 6116 30520 6513 26969 12375 26607 18782 17049 7102 10621 15785 28188 26184 12266 4231 31318 3431 18538 18860 16950 27164 27279 15027 26621 4212 10686 31423 29263 18515 23264 17763 16266 880 16985 16575 17240 29857 24126 28396 17024 11353 8386 20123 258 24174 12018 28408 5730 13600 30627 31445 23620 21848 13992 32516 11065 30765 14408 28676 23001 15788 28911 13025 12818 7385 15651 11605 20671 5361 23994 8499 9084 1010 1098 22277 30905 18013 994 23540 22030 1083 31223 22249 2254 20318 929 14578 9439 30441 21256 19687 26057 13331 14616 27213 9740 5159 30589 20346 24759 17359 28363 26362 28982 8083 31996 31794 1388 11677 8224 9027 30210 25791 12624 22578 30974 25783 19428 6469 25239 945 13542 176 26695 21773 22214 8560 6691 3427 9550 11128 1640 26564 32217 6923 15190 28739 22464 30569 6977 22452 22806 25773 14053 13492 9109 3318 8698 21994 28119 9413 30216 2444 15562 3750 30589 32292 20830 25107 4349 8340 7808 22933 6393 6999 23372 
27692 5507 23307 1406 5617 29280 15404 26666 5114 23903 17955 31406 6014 15594 6015 11236 13369 29915 26498 28060 3602 28049 16607 5193 2556 4418 22978 24314 1562 13202 11537 15244 23846 5989 14577 6942 14611 1778 1677 27334 30961 12826 24339 1154 11794 18167 20990 11378 29803 30903 28827 28228 10812 26795 25286 28399 19188 9627 14581 1700 29007 13661 8057 14081 17601 23717 22272 20873 22039 6431 5725 25169 12124 443 14732 13051 6905 329 25072 31208 26145 8005 27616 2474 8812 19188 23906 5304 10946 23728 12854 22886 28539 16767 10519 18964 19908 1259 30269 1445 30277 11534 32550 13363 9985 7405 918 7168 15485 28935 22493 688 24100 2605 5208 11958 18922 14995 24122 7437 816 18728 11660 16168 26855 16163 13427 21803 30457 13278 19378 14427 14052 2792 2159 10707 9128 22614 24378 31098 1252 24409 30795 6449 1340 24342 6411 28753 2045 8625 18135 852 516 427 1792 17362 23004 22895 24598 7344 4902 4391 102 3732 18750 16084 11713 28827 15643 3230 25215 10575 31351 22888 15300 29651 22576 18344 7426 1377 22511 11894 11455 9975 10503 8419 3737 5964 21152 32651 32391 18697 18708 18542 12641 20790 29337 6395 7843 6642 24353 5742 5998 11624 14206 12380 20175 11518 10186 29068 14148 18639 18694 21257 22908 19292 19969 17781 2143 3454 30587 25760 5710 26272 5003 2394 28588 27946 3134 11653 16029 6976 18817 22126 31757 11181 27201 31069 4597 17178 6352 3690 29401 14724 32395 17811 19094 6125 6842 4620 11354 7761 183 32726 25076 26075 16723 1939 16462 29529 885 21657 9527 19950 4100 12613 614 28166 21767 3473 6588 6287 9227 21481 20170 31335 12229 59 12691 6160 3321 11598 9875 26027 15003 3156 20480 6948 30003 31426 7247 6314 22918 10847 7674 28514 6770 3995 4225 25180 19994 2595 11951 29638 5699 31666 15902 21087 10238 16682 29693 15151 30344 16867 5905 9078 1390 2371 762 16098 9716 7823 28856 13828 9144 3840 10349 8453 9363 24090 100 6805 16320 20537 19795 32549 4160 17261 10205 11350 18044 2695 11099 21681 32045 32372 4572 15256 21881 14794 
20842 28028 7774 12961 7824 18513 2900 9892 30745 26687 15918 3432 8217 19611 10306 1276 9778 18709 1737 27841 26384 5939 32393 8827 9526 7166 6833 5545 7933 13819 13060 9490 17881 10076 32057 31393 31455 28792 19874 22898 29828 11897 19213 4653 12712 21076 6632 4499 7635 17407 17064 15702 19134 17886 22379 4910 25365 11390 7387 15913 14971 16005 14934 5699 7887 20713 13645 15926 20141 29537 15338 21395 14648 16665 758 25874 27415 10666 15097 8998 19646 17993 24739 32469 5615 3902 27754 10951 6784 1433 9589 12957 21598 9504 7097 7300 20178 12939 3426 18697 22275 14836 15220 1327 5565 20873 29106 702 30320 29828 17855 10975 32636 2653 20867 32486 32683 28221 27856 31599 13567 2743 10821 12716 20655 23987 7027 2813 31852 30890 8255 27329 17640 20761 17799 8813 3481 29999 30473 27611 29115 30921 2176 24036 13972 11937 23055 3888 13051 450 7139 23373 20507 832 29973 32255 1909 37 4557 30935 548 13230 23725 30471 15717 27064 26477 9077 22614 9589 18114 9486 28414 8291 25989 13661 9870 13695 4881 1372 20198 3254 20717 25738 15707 6812 9131 24125 17592 18528 27407 16698 28290 22528 1396 17795 22913 22713 17004 17520 24955 16322 26791 14081 29763 31033 21270 28275 14323 1374 26959 15121 26229 30207 30516 30029 584 24627 10191 7439 18560 5707 10113 845 1039 15878 12636 12764 9796 5892 3021 1414 18577 1405 14462 11868 31633 13619 23418 2637 1865 26789 7571 3576 175 18566 3585 12223 22632 18285 18251 2333 18134 28110 23403 8761 14674 8745 19245 7099 9398 16769 3288 10974 24863 7184 26128 7110 29425 10809 7419 19989 25883 3518 17571 24505 6300 13107 10395 31239 11590 10163 7142 29966 26561 30417 12052 17701 14548 9425 4526 26311 18912 6425 8916 15521 12973 3298 29989 5096 15465 21043 18911 17136 21998 1808 18247 5627 7492 2287 28236 32335 8807 15467 4967 14219 18250 32060 24261 22330 24859 19047 6056 31401 32457 690 16139 1782 30916 17755 15749 12138 11780 19209 10351 13832 4684 19203 25161 6758 29104 16544 6746 10940 3413 9471 28567 11067 30072 28919 
15046 1952 17585 31569 17379 17160 8313 1845 26307 6662 8939 5859 27383 2803 4551 22180 4851 14469 1724 13311 9840 23203 27879 29999 31758 12664 30615 25813 17982 11975 30291 26091 10079 18814 10782 1017 20775 12173 32761 21387 13125 18936 21674 14050 32068 18219 9660 23274 30643 8079 21447 108 30851 18522 23025 25989 30384 2219 7861 25431 292 9430 16867 5118 7384 21500 3048 5317 20028 13280 25168 14490 20953 12021 25993 16064 18484 2236 7146 25028 22774 1100 19955 21170 4427 22834 30679 29832 392 27260 29751 27627 24080 29713 17457 22297 10104 8772 6297 16927 7657 18344 134 11084 966 9509 24849 11237 29583 30795 6745 6426 19718 17383 32203 12601 32144 1748 31136 10530 10205 21780 7590 11771 28363 1823 23876 12069 26504 29563 12984 1134 30455 26253 1956 17544 7766 19631 1737 24506 31517 17027 15122 21205 32297 32646 8148 1642 7705 20200 1620 11834 2297 2715 29834 15598 6430 19626 24868 16392 4432 19148 28878 14362 25647 4153 6321 16693 2767 2492 19001 8101 11942 6153 3100 1243 10920 7250 9368 8363 10160 13077 14588 21176 22562 4408 1641 4140 5838 14167 6106 20908 27928 28509 7522 7563 17494 18513 18613 573 18042 1139 21226 5391 12785 11656 3967 18710 9419 17266 12446 12901 8987 14595 8350 2435 23713 13075 5325 797 30118 15824 15725 20471 22312 27734 14076 22824 18999 5760 8377 3207 25247 10493 31843 19809 31943 15270 15172 23917 21209 25102 7278 20993 27939 27227 16453 27013 29118 32341 5437 21801 5997 23229 485 19155 16327 4320 28709 29531 31897 1644 7619 2299 1158 10113 22060 14849 23280 32523 31090 9159 12060 10576 29841 31205 13968 21701 3830 11685 1728 17702 12610 10680 12778 3269 2379 30247 11071 28707 12131 22668 13891 10173 12510 17537 25974 29736 9166 12377 27700 14432 10257 8718 18394 3678 31118 2171 1066 2536 30651 13515 7921 7597 18019 2098 20198 22161 27558 10715 12758 24902 3905 22817 9726 3612 16143 12289 21177 18202 23760 27087 9307 11341 6442 553 16220 19040 8173 16426 11961 8045 22939 479 20887 25107 26152 23551 19497 16073 
13566 25046 32725 32625 24132 10627 20114 20785 8544 24675 11669 7294 11450 973 19244 9081 4803 4608 19434 23167 4151 18265 25348 12027 1951 15306 18939 12415 22041 29831 23419 20500 25947 15874 21892 10702 7926 25114 1735 3235 9432 3727 27475 13436 29461 32698 31856 27277 20199 17275 14283 32738 9971 10354 8660 22075 18637 11634 18277 27418 4031 1330 676 6426 28870 582 1834 898 2014 32590 31077 24602 2687 5998 5434 4926 17256 17150 10223 21040 31643 11394 24905 16307 29865 20956 16369 14037 22575 17856 7452 14348 16545 9577 7019 11396 16198 5770 32016 29624 900 24968 9523 28480 1886 31718 18580 233 25915 5889 4465 12043 15081 1789 15018 25367 15841 5631 26147 30320 25805 6044 12906 380 19015 20626 21402 8442 11492 1718 13183 9622 12401 19758 23802 25018 17532 24800 13991 2472 21527 10538 20670 22982 8920 12500 18999 30520 31524 11075 4402 16052 4525 23023 661 30098 16954 26135 11511 4387 2471 691 15037 2116 24876 27306 18306 25395 24290 3909 9405 32161 16258 2787 20893 12040 15728 11247 10808 19774 22777 11280 4581 15691 30169 26527 7398 1656 29185 10590 32075 7080 6551 24167 14098 20203 7229 18018 24467 9041 26518 29691 27676 28924 2822 12692 21464 3961 2234 7734 2293 31313 14313 5838 3333 9178 7257 16278 9381 27219 22308 16849 28253 25392 5308 4539 24776 28851 7213 20672 29685 21948 25506 8172 31244 15330 20011 30371 27445 24514 30397 20882 10421 22423 11387 19941 31578 10252 1075 1210 20762 6990 9004 15062 32247 3684 10015 14487 1062 10435 20355 24106 10095 12829 19469 18430 20439 31355 21624 6009 32637 2187 28034 13289 24514 571 32567 6077 10668 902 8305 32245 28045 22414 15264 983 32223 18412 28871 4836 371 30276 22727 9994 28875 29724 3552 17691 708 3310 7541 13694 19575 30331 18191 22309 6242 23395 11429 7870 14531 29683 22555 5678 22853 8510 14856 28731 5086 15983 1468 1160 19704 7261 3714 18375 6863 23392 2594 5162 15386 5988 23722 22042 25069 6715 20846 28972 20702 2104 25934 29009 7527 15097 1591 23629 1931 16004 27629 14186 
14780 9366 28167 5485 28413 8759 31547 16585 17476 11154 5595 22035 14626 516 31136 25270 9125 26739 20135 23528 7038 29153 3513 476 8287 7744 31183 825 32679 14728 21205 29900 15681 12552 9647 29049 969 21241 23930 30328 24561 11353 31252 20414 19236 30967 4062 10424 18793 22986 29888 5439 7817 17798 15982 9929 24180 26481 30186 25052 23777 24691 9291 10185 16437 7789 7356 26774 15270 15820 10183 12604 13472 10590 29652 27155 22375 27748 28396 22922 24319 27368 28099 16155 5193 29777 17398 6782 18542 25652 12689 29469 20096 17773 18900 13257 14431 11119 14135 28331 23258 13784 171 7549 23831 29257 13347 12794 22325 4212 6739 2706 17455 7286 22455 8035 19204 13160 7896 31589 8981 26160 22475 21988 6094 16029 24826 24628 28552 6836 19751 7072 14766 21060 17069 19363 18463 23233 24585 22619 22484 23886 18842 13626 11459 29468 17573 8191 9475 31731 924 19428 1840 17166 1952 19737 4113 26156 15172 22642 888 13028 10900 11101 17514 28217 31830 12310 14464 14958 4239 12830 31373 3868 26697 14057 8321 30593 14996 20182 6286 2843 23243 29285 24969 21621 21528 16293 8850 6722 24122 11243 26103 16040 3974 32201 31574 10462 28716 9022 17666 27897 21180 14379 29864 9731 5609 20742 31539 13902 13196 24018 12268 25095 16620 14671 29414 30734 17468 14446 20121 32005 869 19975 23757 3240 12294 5838 29370 25948 5305 24964 22637 21002 10137 1898 3949 26157 9729 10491 27807 16426 7574 8922 2407 17889 1671 20234 20496 3969 21267 26205 10094 29856 6220 5679 449 28555 13339 7763 21213 19162 5253 2894 12680 19784 1068 24771 10276 22466 8217 18479 30862 10686 23224 6103 22341 16334 12324 17918 25039 117 28581 7258 21592 11065 15992 16329 17053 15865 14286 24641 22536 17537 19990 9477 25372 18012 20863 10527 12308 18153 16313 7178 30407 2994 16636 23215 24527 7416 30284 5267 25834 13459 31995 20814 4256 3833 19311 27199 24871 21148 19238 19582 21123 377 21494 5906 21489 10477 27802 26980 11398 17355 29802 30196 4884 685 6762 11595 32077 28295 17798 5425 27179 6530 21020 8223 11151 20999 
18619 6391 29480 3097 29227 30451 9878 29929 27821 11739 16079 25764 9859 20092 14018 8848 25011 2901 19771 12119 9481 30099 7687 2467 15963 1600 22104 8426 14864 18359 2155 27276 29667 13147 25191 19739 9445 6024 19593 22009 4801 6602 12926 27945 17476 10573 31760 31583 24349 30101 30981 13913 4833 15727 17476 1906 13650 2600 25146 16501 29664 11004 7804 4783 15984 1233 27822 31816 20317 2598 20643 8147 29884 28486 4549 14883 32485 28353 15800 10848 30767 12828 15930 16475 2554 13000 1614 17695 13043 10065 6809 29129 12947 20696 30988 18585 19945 15555 9155 1096 20890 20147 21293 4508 29990 9910 4974 18235 876 14271 20737 20413 27761 8787 6306 31236 9309 10116 3691 25552 29638 18467 24637 12942 7473 25650 14177 20081 31702 28312 28015 21444 32676 2328 2159 11903 10885 7300 16959 5144 29411 16686 7989 20379 12139 2976 22532 5117 28689 4493 6884 18606 26708 15111 26605 1133 20163 13297 3268 10848 21952 4536 890 23908 8580 318 14513 15778 24419 4375 32001 9315 25169 27640 9626 21029 26790 5996 8234 17133 28446 2761 32257 7392 13604 12899 14963 27917 22096 13055 16509 9870 7470 395 29612 6095 29505 8972 16443 18989 4679 10455 30331 32707 23231 15620 30072 17280 29609 21280 26842 16253 6029 20770 7689 19854 12990 17568 13461 30232 14048 30787 11732 20770 18344 32121 8141 32174 9443 32361 3924 9033 30138 27692 13687 12769 22836 23866 13337 21463 24572 12322 32221 18005 21349 18047 30022 3042 28075 27687 1820 11571 26492 16037 17425 31812 32438 10474 15780 3496 23155 18239 10822 23582 28739 18302 5307 19044 20152 6530 6852 30544 28968 988 32507 6172 174 28871 4606 19714 9842 1887 14031 9224 21290 25869 1659 15902 8161 2886 22266 19046 11255 21877 10583 19411 7274 2869 17169 23797 8275 25284 30400 26131 7860 1972 24571 31099 29040 31204 5754 18966 20891 22703 7288 28735 22772 28259 3163 28885 15536 4085 18839 14991 9594 9459 14544 3472 18615 27577 17215 316 9998 19944 10582 7241 5160 22804 26791 13081 27572 12221 14594 71 6063 1665 25821 11136 19426 399 
249 12948 6828 1631 18243 26828 18177 21921 6393 127 30643 371 27661 21216 12272 5078 10190 23066 12557 31075 13509 4511 10625 1082 17373 12476 21813 6972 4296 29554 29435 27002 9117 25985 13147 8684 21958 25541 1174 11111 7705 18373 24549 18633 26693 29066 31746 4471 31600 9133 2281 19977 13342 26036 22752 3395 5461 24735 6837 1351 29951 27069 2375 5386 18319 12228 13383 31237 20199 15905 17984 3629 12409 19085 27605 8740 13997 225 16459 18353 16771 16683 25415 8302 10874 1025 7128 1216 8112 22805 11447 5900 14922 13322 15822 5928 21526 31622 32504 2576 24687 3721 26632 2523 19554 13309 14860 20973 10767 10382 9683 23405 11089 16059 15276 7674 12193 17709 2161 18585 26935 10056 964 1778 23923 31745 13209 9917 17532 30447 10485 12663 3111 28580 14836 20057 538 29501 7441 138 26929 5176 18850 5524 32288 27782 16802 22549 12122 1505 10419 23223 3122 7264 19555 28513 12096 28489 431 7855 10247 5158 31686 13216 10196 27 15 12175 30185 15222 7020 14949 28379 29576 15553 25356 4921 24244 22704 17447 26990 9925 31399 24832 14057 19844 26397 20161 21627 16267 13080 32232 8704 2388 29939 14325 23873 25237 29278 9573 24601 976 28582 28644 2519 31269 1079 21695 22500 28012 6239 15256 29094 3200 28756 9565 11171 5085 26745 1915 17898 8814 18141 26446 27055 20640 17924 18908 10805 15803 15595 19396 3313 1906 2118 30065 23788 24505 6412 8083 19817 13526 19509 31696 12232 8123 28611 5558 16554 3219 6399 24565 20566 20891 12293 8651 19035 10291 21634 22719 24695 15413 32701 25234 23736 17797 2004 883 24289 24553 26696 7282 2319 5403 29628 9783 24476 19741 21242 17396 24644 6349 30007 664 5254 2745 21912 6214 9037 4660 14837 14341 9680 3242 20188 19897 17335 304 17625 13906 23167 14943 21236 18499 13343 12899 17020 16437 4332 1359 26627 26109 2234 23987 11690 32204 1860 3953 4767 22950 26574 21708 17379 7958 29704 25026 12881 5407 18998 16796 18908 3701 28302 12995 11800 17390 3041 29909 8188 13107 10110 15608 28902 21947 19540 17519 9951 17402 29014 9579 
13856 6357 7972 31267 29654 10586 6375 29222 9763 25774 3196 20976 21861 28742 3542 4284 17082 21594 24989 2202 10180 19607 23323 27841 9129 4373 20825 31270 31070 11144 28549 5710 806 11450 25751 20576 32597 22073 13877 30846 6746 3148 15059 16725 23036 9260 32542 8179 19940 25201 6811 24025 10588 15819 14219 4434 10838 14834 21011 28675 29104 28384 29337 12226 12470 4157 26481 27052 20457 2331 16825 13169 29439 32739 6529 25331 32298 22159 23856 12304 157 31514 12322 10427 10317 7221 7318 11090 8948 5692 7368 23339 4188 11368 16218 17265 27098 25158 27384 7214 792 2408 1340 26024 2072 22362 207 19953 7286 6103 5842 5306 32750 20285 12156 24936 23581 24895 15876 16234 8076 4058 5057 13513 2538 26250 28304 9984 19865 26045 18038 527 27245 648 7814 21963 9648 20121 23813 23928 17257 23661 28365 9625 25821 13251 14831 17415 12375 27216 9116 22081 9765 13492 11590 14851 18147 941 27906 13338 28412 394 25905 31094 2925 995 32607 20097 3020 17800 11883 12463 13705 31927 31720 15958 15477 8594 1220 20673 17536 30927 10535 31872 12487 14002 29598 27649 25550 20024 31609 18533 21769 16534 18034 9356 8098 225 28047 7794 28278 16399 2377 10943 26977 13598 10477 16025 1979 13715 22851 19389 27682 12838 32366 17102 11642 27580 1299 4076 12595 29845 11965 17801 31434 20935 32128 27000 5267 20715 733 6215 30133 26134 5606 29391 2422 9739 13474 2569 15289 12462 5299 15652 11972 8124 10038 15828 32327 19898 5099 12012 13210 2347 28566 4399 20295 2054 12709 29283 3016 12135 11538 4776 15762 901 4235 29704 29778 21476 12753 2127 16758 30668 10334 28957 18415 12025 31562 1593 31029 31380 26223 5672 9100 610 31436 5375 13703 23100 7719 11637 23242 15295 11766 26684 22035 2116 18816 23954 15484 10002 1856 9491 30202 5075 6538 30673 10026 12613 9841 14502 26701 13362 22247 22217 28048 15010 24870 16032 1170 25423 4687 19669 2848 31065 6993 30636 17219 2107 9485 8852 10364 27646 28600 20476 10830 12717 384 9575 28669 23560 10354 30147 2454 24700 21403 17910 12847 28755 
1901 32699 1904 25129 29029 18092 23122 20383 24299 9119 32039 15187 7034 31286 13019 21263 31232 31922 9081 8768 3464 4616 31216 18602 21782 25143 3864 2395 24274 31960 17904 17885 9833 19959 32042 14768 12977 21793 14825 2551 13964 21182 28617 32114 14606 24482 2592 28844 2274 8926 6787 23158 32489 6620 20620 29843 21541 9899 7899 23733 3798 22679 12635 16809 19170 8957 6342 28878 24954 30301 20332 22475 13307 28593 31536 20097 7698 4605 4307 15679 21284 15912 15477 29493 10989 23818 13144 16684 8551 28614 21224 11380 3565 31322 12536 19997 21920 31860 335 12906 7434 27784 29795 19586 15617 26911 29540 21097 32462 5234 23932 5423 25487 20023 10838 10599 31450 16315 5597 29659 3235 28209 14662 28286 6752 18249 13648 14754 31594 23557 20938 19819 6311 15817 13910 24452 2918 12721 8302 20752 9098 11814 15012 14564 6379 22196 31022 24051 27641 27158 8097 13833 14755 22163 21501 15549 1655 26766 25322 13985 17674 18264 6465 13499 7066 13384 22222 27705 11506 16398 15957 13920 26766 27204 9938 19654 9728 24390 12805 5569 3986 18500 11310 5407 8237 24981 6422 21783 14457 19278 4686 23424 3910 18452 23227 32577 299 24110 19283 12809 876 3806 32033 4672 15905 6130 21647 22845 4501 29590 20964 31161 2797 2668 19212 643 3082 19423 29336 6518 10928 8372 20485 8873 2791 27617 3393 26597 14497 3491 15723 21596 17566 7371 218 6295 10381 19032 10850 19121 13940 9035 18898 22211 5969 9399 16321 21407 7426 22040 16011 4033 27490 24037 23702 27266 15541 17513 7130 19855 17734 22734 2720 23194 31310 27771 24969 8527 16408 22688 17107 29066 17251 526 32472 7623 520 20301 471 16858 18140 17640 20215 25056 7384 15372 11401 30069 32119 26449 25998 13095 15968 6616 17529 12331 581 1174 11062 10319 12555 24047 27754 560 15147 10119 18941 25517 11352 1621 15574 27291 20834 24825 27109 23994 30042 14415 26727 27112 31223 28228 15717 16277 20280 28392 12414 9335 3659 28613 24039 19839 15278 14704 10672 5387 29844 12125 30793 24925 2954 2551 20548 20300 22618 30448 18780 30009 16175 5078 
27831 21061 13051 30440 27240 15809 14102 14887 18488 27367 9256 15536 28070 21703 13384 3656 12588 9859 6757 14649 19140 29631 10469 24157 20395 21844 19341 22392 7013 15940 22689 21450 18945 7411 32076 8933 10142 7316 18753 8637 14638 6881 7587 32254 17018 9743 803 17314 28007 5889 11112 26818 30327 7100 8627 19372 658 17947 28355 22327 519 29379 13302 16723 17614 7258 434 6116 9232 28404 27907 4049 25832 12238 10373 19031 14444 19775 9349 1188 31975 10987 31331 26017 9321 32314 10042 24079 25730 20233 22979 20181 4938 28831 22391 27032 21924 1762 15604 32653 708 27594 7586 12939 24815 2327 18070 15461 8066 31295 10423 16502 12854 2731 11807 23421 29090 25634 32452 26028 9474 390 30807 6907 22838 14782 23916 7618 10510 30451 32732 1927 23236 28159 27239 31764 30410 27170 19870 29389 15302 247 13313 10817 5084 17063 16740 31231 28459 14941 407 30379 10138 21242 2629 7249 20948 29705 29725 29432 8081 27381 28464 24955 14104 29817 30362 8852 9217 31321 26469 4154 17728 22864 32426 14637 23647 17225 761 29903 8715 4562 7419 26933 978 7373 9046 14206 28459 26984 24017 16995 19895 17744 953 17168 5830 8738 31107 8242 6685 17699 4530 15186 26615 7984 21756 10337 31305 24824 5544 916 842 8040 21050 22898 1331 7271 11090 21803 5955 1988 28882 10539 31751 19564 2623 26095 27864 15841 15978 13079 16037 14823 7759 7869 17395 4737 5949 30470 4129 21531 28727 25078 32753 15369 13979 10121 11076 29488 24065 25087 9253 24835 5990 2167 9993 10930 9098 1983 8277 12957 9366 23915 11041 11279 13058 26916 27964 5929 14774 26691 29808 14620 23919 20383 30983 25756 29541 30626 10637 9873 19243 20131 25560 11023 20438 1391 32582 28296 17505 27177 3142 3904 8016 25941 11546 21250 18836 19759 27611 13586 17583 833 12733 4194 31768 4148 17300 14856 17889 12775 26519 8176 22167 4030 6244 16334 11370 2365 26949 2647 13709 21205 32690 1713 13792 21757 17943 18984 12237 389 15319 6178 21615 4903 1680 15957 16122 27488 10401 311 32599 638 233 11446 14350 7673 30674 7466 
21353 16646 32142 21640 5079 2922 15777 28632 910 31372 11168 4329 1908 16591 19768 4163 6464 10014 25969 2909 27868 11465 25908 8976 1294 22927 17676 32332 31576 30204 11305 25866 32541 7669 2218 1921 20484 24977 32028 17821 14242 26666 18237 2733 18003 18868 1030 4444 22376 4686 29929 9186 8328 9239 10840 11387 20560 27459 14214 10776 61 6254 21361 23893 32204 21807 2848 16812 11999 9969 26921 9960 5475 29694 13943 32476 13872 24285 14410 13140 26416 27614 3967 6220 18628 9459 7442 20064 28259 12225 4065 10628 31365 2551 32691 28661 12735 24543 14712 1392 18735 12595 8403 22177 29722 14385 19157 6366 29908 18161 13836 12821 13536 3831 17340 23811 10329 1797 22124 23975 144 25394 14756 23031 29175 21312 14070 10961 4414 31531 31803 14644 3003 23038 14111 15280 16143 4842 2528 26651 29703 19609 15698 28038 16576 6848 21543 19055 22031 9716 25453 21305 15391 1470 21592 31961 16988 241 29506 16337 9872 10299 28656 10082 14156 32507 13079 24829 30090 9810 11550 24572 31120 15997 550 27023 7960 29282 14152 7417 15533 24936 17693 19452 27224 23436 13188 14225 7036 9138 8863 1245 4095 11320 25887 32353 24746 465 4034 30065 10963 22673 8729 22503 7993 28484 11407 19992 30767 15620 6055 29959 6909 7435 28805 2265 26755 27845 24240 5001 287 20521 10006 29661 32721 4170 24657 20633 28829 18473 15400 19442 1585 21454 2649 2885 21192 13719 22678 26377 2126 26063 21453 22275 965 16514 20140 28344 10215 1424 4453 32296 19213 7937 22190 10937 15439 8600 6668 5234 9197 15275 6994 23401 17134 1586 15204 6527 22022 27677 5697 9290 8125 7147 32321 11091 24014 14200 15515 1666 11725 13846 15145 18646 9485 11488 31600 27481 8129 29003 32475 9300 2913 18942 1095 16063 12368 8676 16068 1531 16059 29055 27034 6596 8900 21119 23947 15969 25568 29075 2904 32029 4989 21119 32647 10491 3817 6767 21346 7078 6255 21642 12099 16039 3011 25803 16911 13530 12704 7436 20993 14371 30383 10340 19113 32605 2475 16563 27700 16531 9411 25211 32749 9075 1599 29426 13828 14335 23655 3157 
4238 17798 10400 25726 32718 1491 24025 441 5043 8356 15909 12756 26273 31582 15273 30581 9589 12542 24761 25008 22723 18003 830 473 21345 28267 18267 29591 27178 29515 13648 11066 22780 5858 26270 32335 30979 64 3692 6769 11322 2308 24873 24162 8750 32531 8051 18778 23046 11920 18487 29854 1472 18440 13850 19285 12989 30444 11288 29847 23424 15429 5483 9160 18099 24995 31919 17188 22378 6230 32323 11418 12972 6369 14834 25822 24112 22188 2003 3258 15460 7161 29805 31909 2483 8729 18463 16022 16136 31200 7616 23066 32142 22614 19586 9893 26555 7087 10524 6181 2956 7294 25128 14813 16914 7973 31689 19313 10285 31120 11922 13373 5272 16675 11683 16619 12069 5360 6165 24389 3402 22574 6553 19527 30685 28902 32347 26745 15900 24304 15917 9852 14832 16158 17121 18402 26995 3767 28150 23619 16815 17191 8568 13964 7849 2548 20513 19611 29854 17652 22724 13577 9868 5822 12524 14151 9716 4958 8896 8685 16350 26957 8745 23374 15135 5792 32055 24656 11223 32383 27585 9595 8253 29401 16972 3663 2719 1622 19502 28379 3236 14989 4340 19339 2005 24184 2304 19266 5979 12580 1399 4008 22282 7341 20314 26566 7071 7530 16882 4304 70 10597 25714 31041 28000 11278 18136 14893 31874 27184 9748 15059 24001 25123 7020 12915 8749 31812 23327 31839 3995 8098 17992 29267 25000 32506 21510 16649 7162 12774 5594 27401 20937 28241 23376 28095 1694 30254 14562 15567 3163 3433 30233 1965 636 3102 9973 32104 23196 24842 29839 710 1595 6207 22781 3734 12734 14875 21110 8258 12471 5754 20918 1188 32615 20523 26532 23834 32130 15521 30259 7389 17969 27627 26758 28814 18781 27879 13911 17426 2603 8626 13977 23200 9923 14434 1372 11544 3414 7160 242 663 607 29072 8784 30536 23593 30171 13494 25981 6033 20175 12435 25854 10765 9629 15779 21664 13549 7396 8282 8730 32225 30500 5765 17429 20668 373 26415 6786 11895 5753 10689 10544 28025 19855 2158 24734 12053 10825 462 26894 20053 24609 28105 9178 11254 32359 18871 22283 31667 6270 4037 14120 30407 15944 7579 17228 6061 22751 
28220 10107 17194 16262 11053 6454 653 6367 22745 25165 13110 23646 8756 3573 20309 2045 1951 27674 13300 24113 29964 24311 2104 16413 866 9955 10723 30726 26915 8302 17182 2056 24140 10412 28022 20743 30588 7121 1572 9704 15449 8702 6033 7936 32047 15963 31769 16844 11227 21606 7695 20707 15336 6027 30978 22570 19959 6388 16447 18759 10852 26530 20119 15448 20262 30397 17251 10468 5367 15912 28869 11025 12214 18777 32560 10520 3593 10344 27178 27895 23622 30565 14928 1638 11924 28655 8347 2315 5709 14594 22243 31473 9895 26897 27041 1847 11412 28245 20217 18693 7654 20836 28408 17092 951 1541 282 21903 25608 15939 25359 19684 28328 29632 19646 21152 29016 6988 1419 24362 22316 14006 32469 31214 14132 14562 30659 24077 13916 28700 3649 22354 16529 27308 24901 27497 23845 2475 10327 9035 8821 13845 25680 2301 3273 27679 3426 11642 15483 4298 25176 19182 24412 17848 15647 22308 18771 12094 4230 6722 71 24764 29506 7604 16191 25385 23605 1894 13512 2546 29680 13622 152 2565 8054 11433 13424 1832 10306 13020 23623 2960 9612 8382 20900 7599 2761 18301 24140 26701 32625 31038 29213 10458 25604 2577 28730 22531 10319 23844 22376 16515 22252 21047 18872 30780 31240 10063 14183 28550 15720 8879 12546 2759 29102 6404 9421 31300 21721 9184 2918 17462 17420 7273 18342 13601 14992 11859 15816 10849 16923 5899 26061 27397 14419 25909 23838 737 3470 19545 15220 21471 24796 24793 12021 20886 7495 20519 9120 6942 31833 26932 31210 26402 4575 2348 4265 30262 17645 16480 9778 32619 23074 17284 21694 19233 29485 32026 11795 28701 10128 21294 14944 26332 6820 30020 24168 26406 13022 18063 27874 17382 22096 14435 26400 14648 20595 10477 12528 24772 17699 6690 15296 16459 21739 21749 27909 9855 22147 19661 17373 18968 18839 22326 498 24356 26314 3030 23458 5790 28923 24740 29534 15427 11207 22100 9296 26273 6991 18709 24641 28017 28987 14719 9401 6694 19199 8647 19304 18118 9564 11062 14788 24313 10538 22489 13300 30560 13654 29817 22253 28455 18983 26317 32219 20446 14789 11247 5826 24452 
16891 6925 10853 6373 29500 16481 7015 32295 2276 25699 24752 31135 5825 4925 16146 16617 12242 14463 17964 28215 27214 8980 5263 17385 25832 1397 10016 20062 12626 17948 14270 22538 18432 13372 28452 25545 26926 29871 28176 8563 3876 15151 29093 4273 21945 9162 5901 17935 31510 16528 612 1618 23996 12175 27857 11275 7113 19713 24054 2924 14198 21955 5259 18523 25829 3593 25157 21189 25882 16465 32509 32053 4679 10389 5902 24997 332 8133 6399 2196 23678 7028 1634 1624 23463 21970 19451 694 32079 12762 25893 24240 25914 12236 20082 27806 1074 1502 2962 28288 27911 12590 17526 20115 31443 4860 15796 17954 11394 28182 12334 26271 22930 22675 17391 14578 9240 30148 12885 26385 19460 3176 21365 9169 18341 19743 6843 17660 17776 23842 18129 17315 31485 31024 18626 5813 25938 17612 9824 7121 24164 6565 23523 601 11227 27478 210 27848 27414 4943 13351 15429 32367 6419 5038 14968 24512 19109 17070 5532 31782 14652 17355 25301 32004 28222 10795 6852 8779 27756 26072 17497 4601 20826 12133 16873 16608 11043 22229 29825 22697 22106 31160 10617 16152 30788 25751 1612 8850 26948 9106 26279 12252 9110 1608 24767 21797 2624 6903 25576 13895 7238 25828 9572 13898 26654 20990 20344 14889 21347 13246 9925 2265 2766 16209 6614 27784 11873 22777 28406 31011 3557 11953 1092 7194 2455 26128 22025 22887 27423 24943 16200 22989 19137 24654 10391 11869 21719 32500 6446 27967 895 22870 24126 2991 8337 21818 15492 6470 9172 22428 24605 16507 16753 26961 32412 12393 15527 3818 24410 21459 21185 22491 15885 31077 21061 26845 15260 20796 12911 1424 20786 25513 16093 23909 31122 25906 11148 8123 1194 3034 9475 6984 18794 18851 12494 27835 10710 4176 29230 159 7514 623 9999 27779 13662 13719 28986 25432 20507 27119 16332 18714 28077 23279 27879 10675 23401 3435 25511 5916 10608 16077 25176 12997 7812 22946 11494 26167 7707 4952 17300 3832 13490 5957 29169 8622 15972 25324 18953 2184 23483 14204 24536 16602 10438 17562 22788 31751 27244 28768 9419 18340 9727 24742 28729 218 22293 10624 10911 
5900 14227 17671 11842 25018 19978 14429 24912 3494 13895 2539 25368 25909 22565 27885 6521 30743 166 17969 12955 26154 4418 28187 28382 20892 14719 21485 18192 15441 28354 26181 17123 21636 5733 25832 5022 29872 5641 32701 18194 23217 15918 26397 9936 23078 17153 12618 6041 3611 14196 14652 3350 19941 16020 23204 26057 26956 26392 12075 17220 28656 25909 12538 12953 2021 7866 26240 14609 6049 15704 31599 6433 18200 15169 27400 25497 7205 7670 8089 10527 13868 21337 11076 24540 27902 25866 32257 20853 22268 30192 15590 9533 31360 15894 7847 23209 11896 30905 29017 18436 28244 30879 11643 29027 9507 22186 14902 19420 13304 28332 18148 16627 14227 7805 24016 1621 20797 31563 5180 7625 30452 28978 31657 4451 3784 268 14418 16378 22917 4235 24826 19933 28818 133 3047 3522 23321 32142 11567 30207 32360 16076 10802 30205 28056 9991 18024 16361 23660 31744 19805 23212 14715 10244 7673 4126 13202 14784 31493 2934 11860 5719 17643 15366 27171 4530 189 20517 25412 24856 20601 23660 11325 7166 16524 805 18306 16160 3732 12288 17489 26064 19818 15368 8923 11662 2656 3542 17316 30682 22471 2564 26156 32326 24757 26597 31439 27855 27141 15987 19434 30317 25758 23945 16959 6121 29945 18259 18587 31983 5085 24066 4790 15204 11373 6596 19290 22777 23397 23283 28103 20225 13217 11404 20055 128 11231 2788 5726 22148 6597 662 14164 30392 24102 15296 6454 18486 9857 17775 2089 15005 26570 13655 9569 867 30317 28616 24385 17773 24465 11229 13507 22237 26521 2039 18459 6444 20977 17001 1175 6008 22023 27253 23498 24351 26007 7544 24041 18060 10284 9313 12661 5713 20452 1383 11802 18550 11123 24060 7896 21009 6506 6396 28512 11031 16570 21803 18625 2162 12915 4062 24899 31828 22738 26616 915 28874 22395 3352 4385 12436 16643 12049 967 29236 17841 411 12971 6469 16262 10312 24166 8718 16250 7865 18534 27479 9 28945 22928 21115 24814 22698 7210 21951 20527 4359 3321 12514 17497 30986 1958 10230 11277 21607 21095 29806 30395 16729 3291 2167 6830 13972 1589 7308 15433 7546 16028 15172 
23184 23697 6098 16239 9450 26165 30996 30818 24100 8074 27202 26767 28858 13237 27200 21081 6226 10060 1180 1830 17546 16394 27249 11445 6387 5320 4747 27826 11869 22952 9419 17031 31062 15508 13517 23414 31213 26087 4041 15588 6332 29033 8631 9464 21797 29569 13751 22885 10459 24230 5551 22660 17572 23831 19766 8358 2654 29388 5041 424 26688 31660 8635 11464 31075 23040 30155 30390 3969 26920 19472 32751 2556 2188 19872 14150 7714 21206 15058 27331 29871 21855 5352 23217 16531 23526 2802 755 13046 9352 11759 3735 28794 4076 12340 10670 27584 8639 13330 9562 18733 25952 28083 8744 12270 2780 7237 13472 11321 20508 7770 14363 1750 2653 9615 17365 13791 25569 19820 30275 19140 8676 6540 2727 401 1746 7934 27873 21876 9399 23786 16264 15994 13303 2168 2105 31897 16959 20461 30255 5107 19899 22808 30484 24153 8330 32492 3607 22030 111 4718 8511 32206 1737 8914 12543 2575 13509 4320 11786 12167 6098 29085 24936 15086 4693 1064 6858 22021 7326 16098 6427 7639 4635 14289 24919 28223 24268 27719 30624 1706 8439 11198 11919 27678 4893 10759 200 11388 21036 31908 10449 26370 21494 1906 27428 15891 8674 7307 18050 5691 11234 21354 32395 18030 18341 23376 13452 7568 12301 19687 664 24891 6371 16165 19674 10684 10954 9076 15657 16222 31601 11536 7389 23788 22029 18352 225 31601 26631 24936 31754 2882 9713 3022 19367 15934 31935 14428 12890 18261 9012 5141 29990 13127 8090 18027 11976 16046 21942 5985 27979 19775 12539 16621 19927 26189 16126 28576 2762 23182 20010 13960 12297 30498 25781 31318 27033 27089 9170 6076 8297 14997 27433 18713 22898 32344 20612 3928 2818 9982 16331 8725 23637 5286 22322 11010 870 19501 21425 20618 13572 30452 8629 21428 23336 4068 26133 17737 1414 25007 4935 5689 18530 14936 24276 1851 32165 30709 11017 15284 7216 21172 14575 29658 6512 2076 13950 12825 2355 19349 32014 20406 28602 8235 5134 17586 31247 32655 19448 9969 4249 29278 1412 9371 30701 32166 31005 32195 29671 2471 4753 16710 8442 9686 13580 20726 30660 20008 31559 
28920 12005 5516 18429 26219 28434 22969 15007 26954 3429 25643 23624 28052 16375 7272 6387 1962 177 12168 22764 28664 4703 20724 20100 27095 23558 30830 19465 4530 3704 16722 13813 22120 18469 20251 25958 8690 11060 23336 3790 30022 6611 20417 236 31611 3275 5205 20475 22573 14423 28421 16681 13603 29494 8039 2634 21295 5119 5763 14798 8790 14517 28706 23280 9521 11419 4425 10801 9107 24649 4096 28165 28781 10240 18519 18380 18158 13371 17067 4355 750 30854 20262 6332 14476 29843 31365 21835 28438 5003 16414 24131 810 5538 7457 17057 29723 14318 26910 3910 8342 3705 6087 6571 13958 17557 18424 25296 23092 14191 17396 9845 18611 7911 22258 27277 31099 14495 7128 8944 852 10578 10566 15696 18550 2152 16086 10606 11758 18887 22434 12685 25155 31211 17927 14119 30554 57 15529 10208 21399 23440 26807 16056 15941 3362 369 25988 2872 9602 28903 19103 10672 10237 31235 32477 6785 14382 32713 12224 4465 17869 20958 20975 17890 10952 8775 20451 14001 28565 2164 4324 25949 10694 13693 27700 19564 10462 15787 23690 5386 25955 6970 1985 20468 26164 20061 28370 13716 4125 16003 23040 12653 5033 16601 21842 15546 27959 26640 20806 19538 11088 352 15300 21967 28472 25293 9553 12271 23491 28329 18053 21051 26218 28762 31167 14310 16030 13917 32023 27127 16221 3467 4244 29867 7938 411 17568 19476 20833 1769 3256 25607 20499 29045 27240 32565 15631 23855 17527 31128 4986 27506 15967 4625 23233 31182 9215 30543 4068 13834 15764 7154 14613 13161 8166 5616 22401 25901 19647 3384 11118 8794 14241 32150 32390 5820 696 20439 26738 17707 2062 3629 16811 32526 766 14293 14477 29982 28139 30710 15534 17773 26674 17357 13421 10918 14428 9223 12494 12438 16025 11630 4997 4587 27498 27848 23376 9020 3741 18940 2698 28490 4734 9847 23550 26758 30540 15054 14841 21459 8938 30629 11171 20620 22743 28111 11406 8649 28256 439 8848 7390 3860 28158 26062 24869 9593 22885 3866 15614 15357 1006 127 25619 27183 20286 23577 23265 8751 9798 23850 15220 29283 2082 18283 14193 3948 14913 24736 
31578 14937 26055 10351 22286 22298 9263 17010 20367 18231 16181 18059 32264 23746 10227 27512 24591 31114 26954 16295 32039 11921 6531 25675 1417 28608 3894 32431 20004 12250 23915 21450 19938 30895 23296 16917 45 21394 14667 3481 20658 5644 28159 12876 29796 26322 29780 12445 21444 3829 10594 2126 27232 27481 18382 21890 16282 4712 18089 17431 23723 519 8085 19765 25576 27081 16426 29479 11587 25955 10904 28522 3092 15201 2445 1796 8730 29719 15193 30999 25532 23769 6224 15286 12693 19311 30831 31479 11056 13763 15427 3658 7952 29149 23815 22537 15348 12817 18445 17232 26457 4471 2399 21518 23871 17564 2469 32092 32048 17015 25417 12814 26751 31135 4826 25480 21966 26043 1710 25300 15826 6457 20940 22513 17755 3907 1544 17261 2190 23022 31088 15926 11125 181 31463 27565 21435 8999 14864 20988 28592 13276 26222 3241 28307 24493 18889 3436 19985 29988 25043 24382 8457 24626 15627 8115 29586 3616 7906 8841 12351 19912 12060 29569 27298 5 14458 10861 13070 11368 14998 17803 22433 20013 21262 32273 13954 28013 16868 19209 1384 22677 3365 1631 12892 4630 1993 26681 16831 18014 16347 19590 19854 24072 6106 30426 2533 79 3934 18553 29378 6601 32510 7346 1804 15186 19314 16238 13524 25925 21493 12808 23258 4851 8173 12895 851 6733 4046 14378 15337 13284 5436 23692 12036 16148 13936 24553 25160 5755 24796 16887 15967 2224 20242 8216 17400 18738 1506 19943 4623 28063 11458 23568 8559 19239 17780 358 22902 18495 1762 6703 25113 30362 24397 12738 22311 2389 24998 19029 16594 31602 8764 22288 30059 31367 18072 7270 18541 27063 19621 27300 10941 4322 19733 26314 8240 19481 15615 21915 11854 20309 29389 7408 10326 21096 29269 28497 31874 14643 17478 21958 26251 3098 23750 3051 11120 21685 21849 25155 17012 13000 32261 6862 3941 15734 2484 29662 4644 1201 23001 21798 12130 18165 11606 21268 30376 12086 13982 31841 2458 12055 23830 9702 2172 18780 11714 10417 10229 24738 16157 18008 21523 24141 3144 10125 1168 17859 2919 10483 9812 2008 841 27184 15930 10888 25671 21316 10519 6380 
10350 1049 7417 12135 32480 25178 20396 22561 18039 14729 26243 19382 7084 8524 4948 18991 32183 7688 709 24625 20216 12209 32710 3188 13462 17121 28767 22903 6502 14375 4012 16242 22542 30113 2342 25229 20586 14029 22819 335 27694 3740 5793 10073 22221 20424 2623 30804 27802 20328 13964 10024 9517 13762 13700 28014 32009 20832 3928 5929 8828 8294 28270 30384 27078 1058 21673 21743 19581 21221 13802 12751 30767 15377 7127 26867 12362 12916 14043 3749 1849 20692 109 6416 13008 27851 21142 10671 32746 19414 6317 2821 10576 11944 32102 13967 5597 9924 14859 30455 16864 27210 27400 31370 22466 6673 3501 27116 15337 11767 2864 22282 4059 31605 29937 6225 28839 2679 22018 25630 29825 11370 15847 16501 11180 2454 26778 6901 10397 6318 10195 7435 21341 13477 29061 4199 3119 17604 14252 26540 24947 11002 27974 16236 23754 27763 23711 27475 11131 18539 13010 25506 9749 12613 25741 9951 31574 23511 20500 25547 588 22793 16521 32661 30650 28062 13930 19533 10941 7249 6491 923 23727 5668 14118 22961 22604 1269 13312 15486 1043 25682 20494 4901 29679 23694 9767 4525 15895 21524 18396 29946 5939 11004 23221 15100 31168 21724 6846 11046 23733 17633 26178 17186 15719 24606 14039 23491 170 27171 11162 6715 28473 8146 2236 398 20824 29806 20542 14406 28087 9461 22520 22121 28570 5552 224 20392 30775 11784 29577 19929 24415 9883 1514 4007 26465 32143 11873 8072 26668 1318 10232 30448 13747 16531 11238 25029 17814 781 25689 13842 22526 1313 31858 13311 10184 25676 29073 8705 26087 16585 2516 31054 1027 28072 5082 13972 4710 26400 21453 8938 13593 806 16799 10503 29770 4158 31891 2737 27633 22162 6144 2681 7860 12097 9554 23974 28679 9721 8017 31343 2455 22728 6822 5741 12265 2607 24474 26959 19006 6521 20770 2000 8635 21834 17689 27366 7110 23675 12748 30524 29619 293 21691 6371 14240 25084 13982 18245 3229 11743 12455 1370 32273 17837 22279 12830 23641 12377 27827 15682 28337 5441 17512 5153 31832 12475 13036 23287 28911 30449 30360 17997 8226 22768 14355 10424 27787 24571 
2144 2243 21971 4901 27 21290 12827 23327 25599 32073 5786 22606 29356 11219 13191 24352 16295 12743 10041 3745 16291 31648 3213 13641 27135 15053 18568 30744 5007 25952 23357 28646 26271 24074 14321 12532 7221 22599 26750 28870 23191 19670 32757 15925 23821 4716 8327 32704 18664 28329 6310 11299 21443 13131 23399 28971 7945 15266 22571 15560 27832 24132 30078 23652 4452 9985 13119 9843 18302 27929 14338 25163 18390 6573 19890 25142 19295 12916 4475 966 23090 31919 23270 2665 3030 19551 7750 2109 7359 21429 20052 18726 32020 1738 278 29725 15542 26512 23557 22219 30845 19977 2926 3926 11461 182 18713 2171 4393 12627 13865 31709 24974 12737 3139 28316 14436 30020 27122 23594 24104 12782 15946 858 12845 13915 6092 2490 4253 18335 23178 26915 22970 7037 8588 23438 32362 17114 20337 14633 13811 6256 4697 31915 16643 1991 24323 25060 24051 16481 10035 21144 21068 10549 20311 5517 11659 10336 10089 29667 10529 4886 27415 18596 18878 23006 3362 11932 9679 17663 20996 16491 30022 21813 32213 7896 20121 7337 6511 12648 13581 9248 4817 21808 23604 12403 15553 28135 17588 31807 29110 3391 5707 14813 24052 9333 23312 29077 13561 29735 32764 4110 22040 11879 16040 14601 9316 32525 21592 12879 5583 28241 10809 31464 15763 20889 21223 25230 21969 16015 306 13666 3192 13431 23586 20445 5993 28608 21561 12040 21465 7128 24055 20720 29942 22341 13732 31060 1485 15858 4169 11938 17003 28102 24064 802 3138 14715 365 32368 32207 32174 8333 15151 24954 19506 29358 3324 4030 25002 12223 17057 30857 6487 1226 22667 23526 21294 12735 12159 30169 46 13427 7048 8586 18672 9448 24372 14246 640 9935 26367 11267 25963 5195 22800 11907 15129 17912 19747 21306 30045 7212 16583 1491 25675 11645 7113 19503 32330 16003 22768 7248 28266 26335 9962 18806 23799 1915 5511 19591 9806 30228 8997 27572 29679 502 15980 1370 27604 13831 4155 550 27137 31751 8673 12925 30813 1302 13201 6939 30912 7031 22288 29946 13645 16787 8881 25717 19202 16961 4227 11181 8845 5700 24009 23596 27489 17173 32426 
19400 19722 5860 31274 20682 17085 26073 16985 2384 21812 11423 23754 12784 9913 15395 28487 20382 1408 21145 1219 12496 30777 17857 7824 2528 30950 8808 26067 12465 20970 25905 4404 15253 20835 12437 21210 1902 18106 9257 25238 26900 32377 14623 30814 3575 12380 18448 19198 20486 5034 7161 26378 207 3525 13955 29207 28647 12032 10631 11818 12428 29106 10705 20849 25225 28553 16164 1585 602 288 13695 9984 1169 31699 13215 2868 16504 466 6853 30619 28152 6260 5049 1901 15033 30926 27919 8574 14987 20101 11945 19896 14085 22752 1661 32457 8811 8737 29336 9241 12757 16662 19555 6143 25230 22763 6438 15924 28347 19266 17354 26248 30013 20613 9187 18387 22744 27259 30190 10031 6804 25882 10454 32612 13155 22941 9406 15524 12549 26582 28410 24697 6697 6596 20318 8699 24021 9576 23228 24134 20999 213 1704 27947 1437 31879 10878 11814 26994 22517 4519 24976 5322 1129 791 8726 10480 2576 25114 4714 6173 17229 19537 4920 21404 25171 22775 5468 9516 29939 23913 23634 14246 23218 23270 17646 4831 24863 31123 25677 3792 31332 13506 4875 500 16922 7283 14518 12018 17506 20507 27523 13692 15153 5797 14400 2679 13803 14263 9866 15196 24372 31286 19776 222 21763 27660 2872 25805 18167 22313 14384 32570 20207 1991 25095 3804 14293 18419 27181 28850 9914 13385 5976 15082 23080 19967 28536 32514 29619 28197 28142 30509 32722 32298 27128 8952 12269 6563 16752 5933 31415 32072 7095 1271 5822 26431 22764 15432 833 19614 353 11640 4929 2091 18767 11823 11994 26214 31944 1412 16084 13001 26606 870 30326 10830 3939 10043 28570 30514 19712 6600 19719 6648 9418 32337 22266 25522 26145 24321 17926 25980 27963 14476 12318 31049 6353 26898 19441 18402 18456 1607 32374 28715 29939 24273 26311 13224 15975 10993 23602 19521 30543 12390 4749 20290 3409 23950 22731 16806 23568 8143 9677 16789 16547 31029 26490 26923 327 6492 18450 20091 23888 32145 23999 17620 22886 23604 30830 17219 7149 24416 476 5208 28101 29391 9204 13101 13108 10487 10584 31141 28960 31609 19518 1010 12930 27324 26493 
27994 25111 16597 15847 19002 27737 31659 19418 843 15789 8792 22290 30244 28894 2514 12481 32512 16842 19658 24034 20418 6235 31444 6602 14390 16313 17097 26368 17306 7614 7273 8782 20317 32427 13637 19480 32550 18713 9437 31725 12824 11826 11269 12892 23893 10784 909 32009 28608 26822 32288 8448 8968 25262 365 16200 24034 17987 6789 10172 2965 321 12676 19990 3260 32361 8308 5453 9543 27513 12654 25889 3012 7003 18434 15859 32221 22685 14810 16091 32289 15393 6809 20981 7943 23574 32521 29435 32559 26406 31606 17433 23276 32753 24917 25852 22272 27835 42 16429 26790 28513 28072 17053 32470 22930 6425 12673 20676 12603 11776 4703 30122 31043 2557 22889 10695 29305 18930 21003 25767 26827 12900 30144 9382 24760 30500 9513 5040 14600 9774 30560 26954 5306 14801 5002 11734 8510 5648 18603 17170 3300 30025 22463 21987 16789 2068 9222 7505 14273 19566 15775 2770 30104 24599 31320 20427 3709 21048 4293 23636 14007 14409 27023 15164 16234 2610 6927 28492 3782 2480 17179 13776 26751 14587 13088 21076 6781 9382 8817 18348 25044 1222 23263 8759 7158 31062 5002 14180 6184 26074 28151 32372 7474 12355 18786 26242 30555 26387 24661 19905 8852 4801 25721 32262 25844 13919 3245 21126 28004 17274 18773 27360 19100 1346 4852 3934 20046 18154 1790 10871 12448 14674 18151 31641 2016 23524 19840 26406 26739 27836 11907 1981 16655 9227 29804 25786 18219 16061 4235 29184 1971 7257 4440 15606 28671 29737 4870 27343 25350 26012 7771 27663 11983 26600 27070 2378 30249 23795 12434 11567 25244 19316 5314 4038 12959 1109 16029 9974 30731 14173 12005 74 6864 15115 30498 26613 29671 3013 19516 275 5256 17970 10057 13105 3484 8420 26788 4368 19317 10554 12607 7334 22973 18308 26170 3174 9132 20073 4788 30145 1150 6534 7137 237 15397 32600 31580 2533 7227 6748 29631 21169 314 11636 29554 10983 27631 10125 6592 12402 20268 2687 4656 3474 26046 14644 14866 22564 9374 28941 17496 30244 7532 29313 20391 11120 25880 7432 8878 13518 21219 567 695 5169 11142 13356 22651 29240 3248 
21292 5947 14584 11446 7819 6668 19451 17030 3276 27507 392 10718 12042 11057 16677 6075 25495 1632 27483 29459 7138 30143 28345 9670 14750 13899 11804 31187 18208 12303 7213 22215 3849 16188 12330 29564 22310 4988 6122 20479 17044 6532 19227 3026 7976 8936 25551 27732 8717 16436 24631 10109 22447 312 12717 18126 19160 4003 15608 13960 10009 22484 12236 21789 23148 13292 20369 5860 31255 19752 9573 4624 28372 10094 11108 1763 11310 2853 24359 14367 30510 16714 23946 10174 55 21952 27571 3042 21551 21480 4432 4111 26847 12658 10271 13976 18589 23411 1204 28247 8488 6583 7287 12449 14803 15448 19692 15225 5350 18319 10295 15364 16449 4555 27359 32062 6466 2048 32466 28394 2025 3138 12201 6351 30010 8850 29742 20001 227 24568 28955 13630 14879 20434 6437 30619 24538 17259 3641 11773 27670 16335 10246 23788 28301 32222 17339 5476 31384 12448 16658 3535 11343 1496 20621 18224 2290 5340 30463 4769 16008 12195 27215 2815 1733 18976 11129 22244 12593 27598 469 18133 6279 24461 15260 9149 1883 5548 22440 16794 20480 27719 31867 10871 7081 20947 24707 30106 13518 30199 1949 7934 20690 31901 31191 29444 7394 26442 22394 25189 4640 10410 28232 21099 21761 5744 13314 15713 9203 11613 18989 14152 6468 23453 28438 10955 17471 17754 20 25205 23960 14220 28941 12834 6922 15630 23867 21683 26174 2551 5424 20998 31471 12583 19992 294 12364 22560 22079 31422 29085 23832 29395 4052 10794 9036 19178 6323 10328 31126 966 12329 15382 20290 29272 12019 5239 11038 1540 31606 8352 6352 20644 432 30693 108 20431 26477 3375 7238 23387 20670 12705 261 23840 18599 10875 27641 13823 8728 24126 19375 29732 25886 23825 14018 16007 7259 18531 17651 6585 5812 24018 32380 27101 29001 10571 21922 22004 32170 8819 24202 28767 22600 14662 14669 18590 17193 5630 25166 19038 6368 4151 23756 3507 27581 8528 27571 31906 9537 22036 19640 29154 14804 922 10660 13539 17594 17257 13296 30480 8260 31456 7827 13906 20035 29142 27160 10453 17602 15485 14067 5646 29429 31884 4629 16637 4716 15773 28606 
18351 6284 28883 18579 7176 23616 19393 3312 31167 17388 3719 25215 32170 4003 30014 24586 16956 5017 22679 15245 9548 30427 16830 7824 6935 19005 30085 5299 12937 2964 15038 18571 11960 26918 24552 684 22962 22879 17423 7943 29816 23238 26349 27767 26698 28719 17493 10902 7461 11569 32466 6613 6539 26330 7563 20940 20354 23714 24937 20942 15071 28062 30076 32705 13508 11766 32411 2348 8296 28825 20043 23186 21782 6447 15587 8447 27001 19024 28397 2528 17430 17395 2510 13591 5402 1577 7082 3407 7510 3083 14978 31373 26248 13040 7839 8968 20700 8676 15412 11835 6578 17750 8255 15928 16290 13073 5296 4927 26557 2670 20429 3471 10262 9415 13013 380 23426 10798 23523 4546 25243 24159 3862 1049 30219 14836 15087 17418 28167 9176 7162 2048 8985 24318 17329 19618 19491 83 1693 6752 32161 241 5566 18764 11822 16533 18221 14124 25674 3155 20992 9165 29018 32136 366 10138 24048 17681 9012 30828 27469 14010 13622 28836 20004 10489 5738 3192 1697 31965 16114 20874 31146 25153 17288 21695 12133 11333 10271 21070 23290 18943 17863 3095 3994 14189 18386 25143 18112 31406 1077 23001 7094 370 13105 1614 24668 29360 18994 2145 28453 18583 32247 6116 24162 18118 12275 19343 30915 8383 19187 4875 7962 25753 21250 5961 30563 32246 11401 29976 3330 25909 24251 1527 17995 20201 21808 11047 21319 28553 25808 20229 31157 10089 6131 4247 25168 10984 1479 19813 19280 31467 14577 32138 17459 16779 26999 5642 22205 26379 3549 25958 16702 29453 1934 7790 9747 3589 28286 1367 21615 14061 16398 29453 3676 315 30000 8906 28668 28432 17355 32232 23573 15282 3937 23028 4556 10812 19695 23811 20401 11412 24084 31817 10236 30366 10102 18663 27158 20911 26210 32517 17756 17477 2482 2849 2335 25077 4596 31142 9711 22436 15560 1217 21529 2042 32650 13424 878 19476 5425 17628 30790 11385 9079 18152 14789 9808 15163 12042 13661 20688 14371 18010 15252 30455 17285 12776 14856 31103 32392 1107 22192 3342 6022 3479 20580 10413 20149 23847 18592 14459 11783 10812 23173 26786 30798 5740 8992 7307 
5028 32382 7919 26190 29450 19837 161 4717 17231 1547 25886 7105 24372 30200 2247 7092 20173 18451 25087 2737 22058 26688 17642 25817 22327 28107 29812 1784 2785 32764 17558 22455 21882 26860 12757 4371 14943 19094 4619 15885 13016 10801 17001 16547 27711 17854 30397 29696 12645 26589 3569 16112 817 11748 4052 10902 9354 29746 14366 20833 7543 23745 12974 14908 31109 9211 27925 29701 17770 14287 8536 1345 4071 17667 32242 1038 29171 11980 3865 27224 25109 9372 19778 31312 22290 19003 29927 18202 32200 9753 2952 13766 1626 18915 13808 2690 19597 26964 17337 22030 24434 21326 5138 22384 11334 297 14272 9704 20630 12363 29795 14118 22438 14840 3323 5563 26388 7532 29610 23502 7865 28711 18620 17936 12240 10377 19172 29426 28506 30366 7368 8725 26561 7995 960 2049 11707 3402 987 2587 31857 3426 32036 30417 23777 26523 11811 3608 23680 19360 16294 28184 5924 17157 15809 14373 6178 7643 8723 498 22195 3458 21323 26369 20893 25023 15851 20062 3599 7182 27212 14477 32204 19770 13282 10689 4235 28970 1474 1103 29854 15614 16481 26465 19155 4955 11423 26095 20888 4866 8196 10731 19298 29608 13897 22460 9295 9474 17434 17902 6922 25631 26394 23848 28911 15098 22312 13406 25967 7760 23777 15687 182 7599 4453 5394 29068 22992 19294 19797 633 13606 23871 16710 27181 29367 2250 19245 31518 14123 19413 28185 30323 8226 27213 18386 1569 26059 22907 24336 8788 15027 28806 8682 26128 24026 570 10385 5912 4876 17415 4158 25871 30062 9805 617 9181 22616 471 15420 1364 10850 16037 10823 5652 3778 22510 27765 427 8405 24933 22079 25089 5627 29116 16159 7668 12712 5734 14152 6975 16312 13474 29844 18336 2307 31669 3006 15674 30258 19574 18897 1592 21713 14864 16864 17331 29349 2052 25336 15317 831 18797 10835 4927 977 1416 17870 13737 4417 1395 15005 12744 25724 12085 25662 3189 26893 4607 24491 20235 8686 1970 14036 21777 20637 4000 24652 7449 4723 18071 26435 8423 26674 8220 20404 30934 23517 17652 2783 20088 14540 15081 4090 25213 2559 14794 27940 10710 21171 
20916 25754 17946 13619 18064 27181 23848 31729 17629 5364 5134 14549 21424 22846 12585 28373 10232 7882 10638 31174 15623 1851 7593 10353 22094 30918 2340 15594 20072 16686 10762 18205 22363 25842 25389 3498 4122 28357 7621 30963 4942 21310 28249 13426 25429 15569 227 31313 22411 21502 4143 15668 28361 22472 27780 9306 11052 6761 21894 3556 23320 13892 11099 2932 29564 3867 15117 3322 24407 29570 10799 11723 26747 29331 17860 22516 7569 14820 14428 12749 22877 4022 27520 2513 20291 15727 6224 13484 16650 32331 19307 4502 16865 17998 24591 10464 10911 30077 13954 6348 9039 19277 10672 17570 26092 11868 2069 31232 7785 7263 5085 114 3060 22107 20042 18242 18300 7449 4695 9618 21361 4564 17051 24743 22731 3892 3695 27784 13645 3712 4691 6856 16139 27919 22414 11168 24874 9727 30485 30017 30183 21546 25518 5479 474 4182 8021 24882 13436 32684 24543 1842 20968 9836 26333 6080 27102 21214 4291 26517 13 13452 24394 149 2450 29614 786 5356 25532 23782 10380 10332 10258 29997 3095 25557 407 2573 6505 18247 26444 4626 6705 11700 24567 29051 14330 22409 13091 30516 21843 28462 11112 9737 557 15324 19948 7700 3972 30383 11050 14967 1602 30204 11506 14161 1376 8932 1457 29674 19278 27945 9459 9521 28309 12609 21798 3177 2491 17577 26273 1567 24166 7292 3045 1375 13253 16964 19234 20263 29740 2832 10493 2588 19966 17607 28816 30332 23504 19899 15538 25172 6091 19073 9849 11763 7762 28161 15614 29854 997 1993 10848 11653 16966 19623 10764 22774 218 3446 13371 3537 15441 20536 700 31548 4490 32613 21235 12951 12208 9091 2338 19891 13738 23287 6375 17726 32434 1051 22278 2946 8771 19856 6249 16208 11065 8406 16997 2870 18996 6937 12351 1272 1853 2126 4591 8510 13996 5247 10275 3979 13640 10083 391 4718 12209 7730 7492 10236 30971 22455 5830 5757 13468 18087 16067 12646 22408 32305 17785 27272 17562 27862 23095 902 2102 14715 25630 29580 30509 30397 14377 21822 13536 8324 28779 28911 25769 6107 18584 14100 2678 4351 9159 16120 24247 10165 8054 7601 
6523 3553 22479 10578 30933 2133 16682 31842 1669 11751 15058 19853 24788 7366 16140 28570 2752 6670 21589 3485 1881 20377 9196 30574 17515 7193 22928 4697 6237 10595 12427 16919 22361 15630 20975 24061 17326 30525 26656 1652 23922 29625 2962 28329 21867 323 27860 28294 10032 25384 24526 28896 7819 20757 11335 4594 19490 10541 18346 522 11606 2137 23561 130 2924 15583 16482 754 21994 18231 17953 23716 31812 23834 32743 31304 2744 8923 25994 1513 3703 3834 31069 1824 1285 11255 21169 21384 23266 11364 12699 25457 15722 1342 32760 24281 17402 637 25519 30360 13396 2538 17974 24026 26181 49 30040 30674 2693 1079 16693 3501 22750 29869 15242 8389 27024 29670 31794 11544 15861 24037 3821 28664 15457 25787 28257 1796 9036 18192 12382 31574 14259 21759 18278 3326 12987 14119 32109 21167 12952 11262 3037 441 12973 12137 29917 29239 20212 16522 467 13194 22177 14809 2855 17670 29186 28535 27979 18154 24490 1983 20216 14230 3278 16925 7354 4344 3311 8227 23982 23112 13497 9433 17802 501 23596 7765 10207 5087 3065 11660 12443 8134 6703 104 1490 25602 31254 29211 14014 4213 17243 1458 7172 13759 13422 28397 3384 13488 13353 7502 4004 16899 5810 32112 25157 21065 10658 25754 2839 547 19303 23188 18835 20148 4583 13753 4725 12886 17509 15694 30914 31116 11433 17938 10250 25657 859 32022 21482 26383 31665 21711 16598 8521 12874 18538 18965 23197 857 26975 2317 7532 3077 27465 449 16701 23312 8693 30872 31081 5303 9657 21856 15383 3546 4615 14226 5483 8797 4673 8152 15099 19150 12495 21196 29571 13640 7280 22787 9945 26007 22477 16458 10787 8348 1876 559 7239 9971 20803 13252 26275 724 1027 25247 13823 27959 30392 17189 32703 3644 22550 5129 26461 7369 24438 23311 6167 8565 5161 24342 26341 24741 7948 853 20654 12276 23132 26597 10427 15065 5068 29567 2924 31364 13525 10888 26922 25864 17742 30538 15772 6079 31804 18309 18206 234 21227 8998 21103 19609 20030 8278 28329 6347 29251 22710 7543 13525 5130 17385 21378 28680 32184 6996 23852 15246 6359 
11041 31617 9109 4848 13450 19818 25520 12380 17748 22820 6777 16727 10393 18929 24700 27990 21707 13838 18000 18587 31478 228 32263 26630 6981 11650 13257 26414 17096 13643 22971 5296 22132 14060 27429 14535 3948 4498 27349 10781 3199 16473 8382 9441 7409 2567 23269 6170 10366 22778 13694 23867 22684 20319 11857 3575 26369 27557 1891 27734 13669 20785 15571 4361 4745 2388 4610 21499 20600 20602 31222 9000 4108 17316 24321 15282 26037 536 3485 31025 15222 5974 18075 12107 5168 16719 15485 16774 5155 26322 32 27993 29362 21063 8350 31369 14694 1183 626 17843 29750 13451 12765 22820 14086 19948 13449 2033 7277 1419 7789 16197 8635 21771 28144 501 1083 29468 29521 16986 949 7153 18246 3679 11831 15859 5347 16857 6421 24247 15038 13079 11055 19501 1873 3514 23666 28187 5279 20423 3746 19402 1819 7419 25430 6656 13253 23647 13124 25901 29078 21532 2750 11241 6686 14223 20349 32158 32108 23456 29598 29058 19758 1360 23018 2505 17177 1682 20314 22296 1675 7516 15834 28732 5487 18685 31822 4636 13410 2481 24531 31724 10771 15987 29255 23460 18928 5394 29195 24241 4607 16519 32519 15082 24585 27014 6383 17349 510 3411 21189 24523 9621 16087 24480 29257 27443 32243 23723 3401 8206 6420 31856 32704 25490 19720 30551 5129 15364 5904 25961 4754 24165 27958 25946 23766 11673 20704 13511 13451 13512 28582 7612 796 8453 18017 23929 13657 32301 31364 26742 32622 15122 23984 12196 7441 14553 20354 19190 25088 27041 29104 11552 11947 16998 25172 17567 7469 1060 28807 11769 31361 8255 32562 23366 24563 15394 2593 21743 212 6182 345 30646 114 23990 28332 21494 25672 6322 6538 4652 30321 24592 7450 183 11363 29129 9353 11996 26073 17907 16803 14605 6161 23850 4512 10859 14648 20021 9280 6025 35 22247 22810 22131 19519 29762 10032 30703 18891 17891 712 26114 9796 16538 21879 19382 26913 29784 15487 10779 17601 26958 347 16012 29602 22611 151 7731 30163 17030 29413 10960 17068 11317 19566 17589 17084 32510 9830 24085 9731 22324 26339 21375 27233 16517 6895 11686 9807 
9689 14043 12387 27597 30844 12503 23293 22427 21120 10688 15783 8364 6237 6201 18506 15320 24027 10749 30341 26577 4658 20340 31987 13656 14191 9604 23468 24497 10521 12713 31246 2388 13845 9288 12221 12517 4551 5440 24296 29286 24698 28355 974 26796 25346 31332 23937 17167 1439 17520 5098 25446 22053 18818 32526 6195 9562 8786 29583 18202 22432 8654 14454 7064 10452 6508 2607 3569 26485 14270 20181 22122 27401 13639 24497 8377 18876 17293 3069 5050 4427 29295 14573 355 1824 32697 17136 21242 13247 17654 1075 1413 15712 14213 9318 19075 21981 12015 5572 8409 16335 25976 25421 31247 12020 26356 13398 16316 2005 25052 10564 19775 17061 3745 30101 12720 30059 8512 23328 19991 18788 30999 27293 9179 24482 759 11623 26493 26874 378 7297 11141 29981 12183 2263 14269 15621 29043 22727 24734 27795 1914 16096 29448 12150 30639 19946 2102 1358 8512 3622 22000 8465 11870 30679 20226 22446 22603 30464 10222 25073 12725 23664 5086 30119 27458 24572 19932 31234 18028 6156 16965 23359 10895 2649 27771 16773 4160 14836 15579 12049 14049 22155 6895 18832 22642 28904 22500 21196 20394 22714 9534 5259 25671 1944 25546 17332 12706 15683 24276 7860 23430 12587 18331 19232 1346 32053 1282 13980 16125 9660 11144 32507 23882 25302 12666 9640 28413 3800 13160 4676 17724 24092 23765 10384 16857 17409 18738 30094 24543 10548 28942 14307 10858 22318 30599 18304 5564 15614 27652 8321 28302 29001 21542 5461 21412 5519 4603 27680 28068 32431 31349 27485 22824 18094 12315 6600 30482 11188 5631 13691 5920 24663 28400 9815 12480 12572 31984 28581 7717 9019 13545 25853 3482 28835 23195 9831 7446 1342 6361 10177 21521 24950 27125 18273 28567 1528 25721 14331 13467 19640 16407 16836 15501 21301 9955 7895 28719 23038 9920 30424 9380 15733 22296 15832 3785 27603 1745 31353 201 31852 1660 14163 9708 19509 25295 9110 12464 17283 9045 9968 12059 10517 24932 27825 31055 9813 19280 10797 28255 24795 26590 9313 29537 19763 11771 14554 26821 7904 17582 28115 2533 31136 32588 19870 27356 18418 27115 4421 2204 
23254 31256 24176 7995 14036 14285 7305 14990 12863 29341 9503 13561 18619 22322 21384 6277 18429 30969 14283 5683 14802 9244 28861 1937 12131 2993 29033 11914 20919 10289 13749 10114 23417 23083 10819 16803 24572 9529 19350 12657 892 5940 16502 20901 2215 12196 29589 26168 22363 23418 28786 5566 24754 22786 1918 3317 1084 6163 32126 158 23179 27273 18992 395 2293 6388 10801 22266 661 12178 2078 21281 23187 6011 249 22026 2981 20508 1999 29345 22742 23782 27800 27148 11143 15175 19039 28986 4787 29914 8355 29887 18295 8667 7164 20191 23249 28637 20994 9192 28840 191 29802 22726 11276 13788 16242 22481 12480 15234 10112 6121 24053 26790 2565 6597 9817 18133 26024 20360 10576 22126 23969 8853 29057 25359 3170 2981 31893 31821 27005 28951 28731 26280 18114 16263 8304 6333 10407 28833 19197 6334 32238 29751 11329 20000 31361 12178 20784 7059 6561 1798 19100 21815 2879 9673 9652 26381 4266 30726 19914 16300 3179 2860 15193 21301 18797 18572 5190 19080 15714 15907 8550 12984 19041 27060 15681 16573 17364 14875 8213 32105 14993 15069 11550 28062 21575 7683 9493 2749 12828 6185 25079 8033 10900 17106 7 23630 23221 30974 6166 14756 21097 25087 28418 30809 24611 7816 15997 22501 16325 19463 31503 21567 12482 21044 15198 9 14207 12010 9390 20231 3584 13367 164 25814 1984 27823 24655 15323 27872 6661 28777 14457 4228 476 25305 31879 9851 31962 4477 3841 7198 31742 15911 11261 30842 30772 5093 20705 1969 39 19846 22740 21917 22615 9561 15730 15287 24939 29240 20420 1591 14536 5573 32111 29821 18274 8180 30251 6320 13010 19402 17783 23205 25770 14692 13452 8706 7173 2362 2191 27555 15714 15525 28938 20028 21682 32671 15005 12864 32175 16330 6641 16642 9840 13493 8942 20251 24634 15706 16430 17931 12954 14059 16049 20771 9392 12494 16850 20898 28878 8678 13177 24094 5698 788 1171 20773 15727 29437 20927 11045 8739 18190 16458 19337 30756 11710 10078 17701 32268 17939 22902 20948 12887 20584 8725 10591 24251 23661 19384 16289 28088 6255 16905 11753 15983 9690 9301 
19360 27319 5884 23616 14892 13166 31243 3256 26643 1805 5482 27943 20324 22143 14632 25837 29523 11316 18890 31501 24867 14705 26698 28198 14409 19946 23391 2214 32206 28050 7679 1338 16117 30898 14114 6025 18206 6712 16074 27937 27882 28754 13376 15025 15008 9020 2464 10618 30159 24151 2199 14592 18997 24442 29804 26885 7136 4236 3389 16311 17555 24403 22668 41 16491 18311 21242 9472 3522 17195 28497 29551 17492 5405 1736 14949 10144 8683 7811 4612 14482 19176 9818 12118 2654 32639 5339 8251 24239 30920 1170 934 19713 21337 13960 4617 31051 31583 7689 2574 7650 7917 22954 21896 27802 6803 15755 31401 2862 5171 21210 11637 12002 14352 28824 5494 7014 19496 20896 7090 2302 3524 19429 21722 13792 3405 3323 23492 9949 31841 32729 12315 23364 8742 16349 27990 30724 27102 15632 28134 11792 16316 30124 11956 24584 12278 26843 1738 19221 31772 9922 1872 14101 6824 8638 6075 29176 21718 9453 8769 6761 30390 5105 25744 32177 17791 22512 14527 3289 12326 7647 27269 11535 28207 18945 27817 26444 196 17578 697 15155 18948 1097 13055 6459 11933 30885 5297 18448 30109 15207 20072 14647 23173 10713 22739 4337 1439 19437 22957 25955 24210 11393 10988 30963 27956 1761 25148 29685 15519 28046 27819 24967 29831 20030 4774 29625 7371 30499 30756 21234 16201 368 27937 31887 23543 17690 8782 29900 25392 14811 5639 20456 10827 27005 19845 22148 3698 22357 11861 18765 14769 270 3080 2010 15950 23720 15917 7895 31833 30655 21116 356 1411 7185 12116 29112 29492 7483 14952 23818 25303 13251 22453 11953 3193 2395 21687 24202 10130 23140 5084 16026 4642 20658 3129 19444 28160 31631 29051 1757 10351 2306 6177 5679 8179 9297 27113 14843 23651 7620 32392 20850 3390 16300 11422 30726 16962 29860 9961 32204 4667 8983 31161 16165 9242 25090 31908 8093 20038 27387 3194 11283 16439 28019 8572 10267 27200 10040 5576 2720 6060 26173 12312 11726 28429 22430 18092 13870 19665 18399 3717 29971 11286 14453 27348 18998 4544 28295 20658 18589 11720 24309 4881 8897 9942 7066 10995 8687 17427 
9678 20442 11503 26936 18991 29823 8676 6380 27042 31686 1907 29004 21396 14834 22823 22219 5510 5653 29460 16700 25544 24523 24763 24365 32644 11560 4910 887 15871 21743 17013 4371 5404 22789 32303 22831 20770 21797 12668 8065 22462 17876 7707 14556 7244 15256 4816 30721 10578 20069 24841 23735 25421 25944 21952 14622 26801 9896 14755 16704 13099 9177 7283 14569 24105 5682 28586 13241 13980 16242 13408 7031 30716 17087 16495 28840 23181 2527 24278 31072 22242 2730 20315 21081 17055 191 26997 5698 10883 28535 26216 3929 3493 23 5810 10044 24061 4170 1702 2300 27175 1230 22103 10612 5220 13421 18615 10713 31458 32559 19968 18578 30013 26062 3411 21577 2885 13674 12703 21826 18690 7038 32197 24811 5109 13843 27642 19381 26017 29747 23660 11555 3914 23201 5928 27168 27389 199 9531 14742 7632 23024 17687 22332 20331 7863 32313 22704 31431 27327 6153 22725 15414 25253 30722 27934 16548 30259 11026 6652 14876 4823 7748 14420 32142 23123 19100 549 11727 12725 22594 14600 6113 15498 31972 6921 9333 6223 6485 6581 686 27688 23162 1908 28712 8405 24934 12057 16953 21729 14020 2488 5238 24860 3445 1719 16505 332 6267 6696 738 29984 30742 1366 29084 11621 556 3486 10082 22908 27118 5505 18561 26892 2745 19447 17631 22004 23098 26117 31548 19076 17878 5777 8632 30700 32585 14454 6037 12532 31885 24276 1087 7406 12029 16297 26505 5865 13754 11430 32570 3368 3918 3643 9672 29907 3727 5365 3683 9707 5830 5385 565 13187 25361 16433 745 5166 23814 12726 30314 11956 18073 206 16365 7945 15168 19753 27185 18303 19541 31175 18181 570 15547 2572 10252 1764 8132 21782 5309 22691 24402 846 8621 20552 27965 2621 19729 5834 9205 6818 1150 9202 6761 13505 14324 5463 28455 22269 7707 29069 20164 31401 3532 11162 14718 21276 4307 31401 19488 771 5108 23043 4134 15356 22572 17722 5922 31840 2360 1191 25950 24415 7516 7703 28611 13139 25181 15810 12537 19022 23503 11133 6608 14581 22167 8240 24799 30610 21928 3977 30059 6500 15376 14834 6538 3642 22584 6849 
26503 8768 13415 1711 18057 12312 20617 3724 4720 14636 10543 31281 31488 22595 12246 28597 24129 16979 6252 6884 8741 18838 8208 26860 20844 5856 12570 11354 32709 3376 2139 15685 14646 2949 16294 27081 189 243 24974 19128 8760 1781 27250 20619 23426 30213 23223 7327 8415 10346 15957 31390 154 24402 19861 3642 27116 32288 2841 2338 23328 4103 796 32046 15093 19416 4091 7901 24900 2584 18420 3074 4834 24918 30766 27322 29896 23739 20730 29857 14961 227 10073 16966 4996 4843 28606 27356 7347 21964 22037 19506 22499 12775 5891 3813 28557 31457 32368 15060 18788 18352 12099 28628 11320 4342 6252 5797 32026 2446 15144 7717 22465 25957 9856 6340 1580 652 19475 20024 7049 10379 4630 5490 13910 20983 18073 2768 11718 13383 22540 30356 11878 31203 30465 30613 2560 25214 1332 17972 16063 15782 30152 9106 31125 29593 723 18688 6106 4187 23581 27575 27702 1285 13093 10442 19136 4960 18533 27992 8295 6066 24023 12038 6546 9432 12984 2220 7171 9877 27788 3919 6145 32298 4450 29520 29878 19751 30553 16866 7126 25216 19811 23233 26753 32227 8521 28194 32107 23881 1776 5861 17978 18636 17626 25874 10287 4280 10735 27779 9737 12772 28798 11230 31526 5187 21119 24519 29164 6070 13083 5715 31079 25380 366 5823 15923 10701 14475 29026 19101 23259 8384 19424 29189 28474 13852 15777 2951 18858 22575 20609 16346 23827 10001 31177 28279 3352 12710 8031 28158 31982 22815 32057 11222 16495 3524 32535 28436 9066 18673 25202 17055 31550 26719 13487 19089 13991 20133 409 2272 8151 27903 17934 21821 1225 6733 31480 3132 14802 23391 19584 14774 10873 111 20862 17004 27784 15343 22323 20716 2403 5766 5434 2489 29081 25685 23996 19110 20153 8062 7652 31107 10087 19431 17042 9723 2478 18491 21844 701 12184 12338 26002 31194 20988 13331 4616 24686 7576 2423 18041 3459 32351 22863 418 22578 13588 20264 14190 16651 27416 11694 9064 19128 14465 3183 8053 17884 20587 8930 21187 5185 18323 17576 19709 10035 10530 29457 25025 15655 19910 10210 22611 8865 10503 15702 17299 31316 217 
5986 5676 20618 17261 29245 18191 32198 28493 31264 6688 7336 16808 4171 24878 5906 7914 24904 18729 3721 27024 12403 1935 9182 15163 31930 31784 25101 13315 25250 6899 20581 21517 24458 12896 28649 4960 23092 25023 10231 11252 5249 21497 26151 18956 27260 4734 30070 5830 666 1150 20644 20721 21313 28252 29658 26654 8582 1376 29072 19962 23867 27564 20142 29147 32297 10353 27121 6808 18074 28770 29329 4766 3867 21097 12833 23104 32639 7321 11702 21583 22823 3429 25163 8427 13953 9487 8292 6808 25551 11107 19186 10645 13610 15780 32119 24937 32198 30919 23914 7358 3191 5087 6877 2930 20852 32473 25693 26348 4444 22889 21018 16556 18806 22084 3144 7974 10557 24208 12484 23761 17692 2456 15355 32123 26230 15557 30984 28127 7401 1994 15644 24953 29908 4382 29219 17049 30486 9903 13476 26807 22041 18133 2281 2310 27664 13700 27489 5451 28284 29127 16450 31984 31477 8041 26226 1108 24871 14581 29096 9830 19995 7650 20431 13426 15544 20743 23979 10299 20361 31573 11966 23625 30656 1732 3181 7812 3451 25998 28767 20738 15687 22940 32294 3358 28386 20541 16417 31946 2374 9758 11168 24102 14306 26487 12362 25937 5419 24706 22204 28798 24147 4657 12915 16971 5208 24352 10988 13903 11841 1225 24585 9202 16549 13559 11703 25474 15980 25469 4814 10627 14041 7207 32569 11334 13513 29937 19798 18365 9013 28791 27295 5005 23294 25773 29579 8037 15850 14800 18095 18830 745 5532 21289 25540 6046 18112 9790 6725 15130 1167 31810 20775 13803 22264 22712 27630 21333 15032 27067 13150 32735 21966 15005 19854 12562 20527 31181 31806 31357 9404 22014 5482 29692 32369 13957 27168 21818 30175 21251 3982 27253 17116 28229 15967 18049 13945 14440 15432 22032 4404 7233 989 14384 2415 31740 7850 21 5665 8450 25983 17433 20940 25377 6923 7681 2479 19175 5292 130 19772 13134 25990 1540 4556 11935 16339 7333 16018 12944 121 13185 13517 20399 6370 19761 10306 30724 19208 7057 23530 6386 27599 2246 5864 3167 8088 20864 26045 9493 17683 5245 31679 23143 596 31567 18632 22295 10282 24670 5931 
28535 24492 5680 17900 17103 22036 13288 29488 3071 23249 2829 10994 25957 9175 10893 28152 1025 11322 4866 9477 11735 24827 51 21585 28565 4130 27614 9014 21878 19980 11701 3116 11110 17671 23718 18679 2151 8988 21855 20255 10547 6700 2578 28833 24099 9791 32629 29924 4175 3608 6926 15854 8695 21005 9901 19928 11810 32021 11578 16511 27524 3107 5296 3453 13989 24498 6506 9816 1856 27553 3742 17656 21737 6466 2087 32351 12019 4014 20871 28052 2961 22107 22060 2784 4667 1520 24306 829 25940 31575 18666 9228 12041 16660 6490 12038 30076 8918 4868 10869 31266 8012 12459 420 10345 11322 10452 2452 22431 204 24266 15856 25615 23082 25828 19011 25453 28236 29706 13161 30836 272 31862 13636 2509 20362 13240 10416 24627 17819 17405 1464 28629 12741 144 22026 20731 27453 17313 11176 11245 7746 22854 28641 7185 12974 7103 7808 20051 203 9470 16707 24265 18535 14695 16270 14743 7723 20436 22113 785 17192 23260 19592 19232 6835 14165 14097 4071 12915 25623 25091 21414 4280 26371 12621 18910 15630 836 3581 24502 14099 9429 13234 9117 20357 9539 29268 20529 6047 19893 14338 32351 23206 14889 30540 17100 21951 512 15779 14964 8707 18877 3597 19090 1237 8714 21534 6079 6771 22524 803 30813 3788 6807 13728 26166 22674 6549 24829 13153 10895 355 29052 1638 3900 30829 25198 24993 25232 411 9895 14828 7702 26651 29999 24696 11074 6242 20026 17404 12293 2669 19546 19730 2463 8525 5620 23005 27061 9186 753 7408 18851 13031 19125 25451 10259 24622 20053 1639 17615 19245 21252 2965 20179 26298 16591 14625 14503 19475 14731 8413 9963 16161 7179 26267 11571 18430 18326 17882 19734 1460 13207 6822 27522 7752 12183 29113 12370 28663 24425 25574 1059 26559 18340 16568 8291 8481 32343 19542 26026 13094 21495 5289 27726 20128 2204 8641 818 4530 24941 1397 4318 13458 12889 3658 2773 29582 12297 8599 30498 23117 7698 230 11317 21592 11630 32412 17133 9944 7981 26077 28406 14242 32616 6570 12629 17776 3191 12108 6465 30065 7779 2038 1845 23045 8862 11686 9795 
22209 32754 30540 4011 1466 30392 14382 19628 512 20810 32395 10906 15208 30907 9598 5425 14223 16837 15910 27433 25627 1538 5124 266 24132 23903 20644 17986 21396 3023 640 16501 24554 30524 2849 20756 3269 14787 14471 31025 21951 9248 3531 3986 22104 17511 32515 7428 1269 17654 9318 21233 7977 14247 10417 20533 11058 8522 30409 10286 12999 22866 27297 24594 6929 4558 2398 22150 15863 7067 1209 18796 10398 15064 3493 28156 9008 8091 14898 20246 26077 22242 690 26070 7968 18381 6682 8298 12100 4362 9643 19232 15654 23184 6097 4035 2108 28560 12875 32552 7126 13480 29580 22788 18340 20059 29537 1536 377 3006 29397 30736 5198 26995 9042 25856 16522 16603 26888 3920 12673 30600 7314 4417 27706 17137 4055 24112 7029 21610 23087 28195 23788 339 12232 18338 29658 15247 18503 23496 1210 28216 6322 26777 15953 4752 25741 21910 5102 4411 27203 16015 27889 17324 11976 8377 28042 10718 11389 24064 15555 10308 26964 2718 27585 25090 14388 14573 25158 861 10655 14201 29819 4208 28562 30042 1517 3105 14508 193 24021 2900 18067 21456 4252 2143 17300 25519 8862 2749 7049 9692 18479 30470 23552 32706 26331 6942 24473 21646 15346 19117 18608 9534 19525 8144 3900 30458 298 13327 9719 29608 5830 25998 31424 30907 16267 31879 22077 2123 8447 17655 24260 20587 3519 28824 17020 15543 8388 21776 19647 17964 7654 23144 27331 30013 15262 11711 25466 18978 14864 3136 18102 32628 27465 14929 22417 23287 4293 31501 30220 183 12852 7157 19446 31830 20861 26850 16656 29860 8196 7231 31342 15728 6441 8052 26912 15262 9745 12197 11282 20346 11944 15005 18737 14668 15334 2053 463 11309 3922 730 17993 792 21445 14110 3303 19524 19313 22477 4099 7857 7969 24850 14190 28161 12994 10939 12559 20618 8995 32491 31949 27561 20729 2318 28592 31321 7462 12562 29250 8708 14907 14037 32316 2457 14139 8665 8030 26334 10146 22847 31647 30216 3237 30707 9862 3977 25532 12580 17368 20521 32350 22775 15731 1880 1803 25980 4218 24514 22416 31713 30130 30245 1159 24037 26924 21087 16925 19344 
21797 30412 1560 11553 25642 31182 2840 6473 16000 23981 6428 2966 14018 6818 14153 24370 10700 3886 10983 25037 5592 19120 26541 4824 11495 26167 21822 25332 26211 24469 3571 1962 21506 10933 31451 14172 15853 27950 28928 24955 18978 6167 13292 14075 13078 21534 364 5892 20895 29652 2708 13291 32274 24651 32259 1120 3240 13283 1897 21737 26919 30561 26694 3471 5566 13633 3572 32726 4400 22350 18663 20723 26677 623 2356 21562 30237 25796 17488 27094 6326 10737 26650 13756 23408 2490 32540 17122 23999 9425 27150 26283 30913 9195 21148 30886 26657 19737 15210 12921 31291 854 20820 19480 2944 25692 25082 10299 20764 30909 7036 9486 14039 10798 31106 25898 21561 29734 896 9412 15602 680 16440 28452 12409 13148 640 18521 27890 11493 29509 7980 10581 111 31952 6994 31437 2439 31560 7142 10590 48 22136 31254 14283 28979 26835 25628 8887 4278 22453 25712 6922 6928 16620 26939 16278 14300 24951 24591 6651 4940 6541 14806 25287 8641 29154 27401 20706 16792 1573 15395 30762 12102 30925 32340 31578 32679 21525 30841 5424 5267 31813 8268 15567 16307 5940 29656 26978 1938 3339 1841 14594 17143 1611 6753 32474 32371 2834 19365 31880 24630 10138 14810 19143 32294 14850 11058 13643 23091 19793 3115 3565 30948 9656 23234 15112 17974 25111 20963 1315 15527 22211 26917 26576 654 1415 31924 27091 29101 22248 12686 16519 15625 30893 27123 17022 10490 1439 24086 28008 2430 23182 11545 822 31442 15508 31288 639 2116 13470 27205 32290 13635 17447 5460 6189 7352 22343 16567 9213 6809 6125 29997 13223 13242 1640 17750 5271 12263 31533 22634 32631 6705 30164 3371 32595 7045 23907 18712 21498 25475 5583 18404 21415 5004 3776 32550 4064 24605 12181 27218 16799 23644 17576 21224 16560 9201 20947 26859 2650 22295 28211 16277 6977 7411 3371 585 8331 8228 22700 30153 17474 14747 180 6569 6393 15789 9237 32260 26803 8038 13944 8557 27392 24097 1953 27432 9833 29013 20469 5531 270 9906 26169 7423 17550 9837 668 1627 6439 4568 13048 4787 15391 28725 25685 12924 30050 24012 
9647 19796 4204 12603 2041 12784 23657 2830 16225 16982 30619 911 27094 12364 27133 27359 7879 24080 21286 20294 11310 14153 12143 15816 9422 5694 30808 28921 9144 2374 9256 25106 26900 3199 18644 28739 13342 3011 26146 4683 32367 16600 6926 17991 31870 16871 19053 13255 1894 21552 29392 13351 21482 22267 15787 13597 6838 23250 2487 10638 5607 14573 29844 31910 30670 16110 10163 15143 16113 17103 27763 26369 2899 13080 19338 10532 22774 30549 15271 21906 17309 13511 9046 30136 14294 19290 12835 19710 13624 7895 21762 2973 1514 91 18926 9136 3941 19464 5841 29839 8314 3834 26532 16472 24726 18812 6103 8142 17477 8572 27379 26727 10997 6461 14462 14496 2557 7756 3871 7828 18653 1205 4866 3277 12999 17014 7038 4442 8543 32564 21493 801 17600 19501 25596 6519 11455 6254 25276 8686 30579 13638 6552 18542 18677 32506 23057 9608 28772 32186 27366 1798 24108 4820 20607 9927 20360 1576 29835 17354 21318 2012 28905 20872 3019 31313 452 12679 21078 6229 25347 11052 8073 19354 7392 5585 23845 18278 982 26903 1301 15245 28609 10109 12718 13213 28225 22322 821 30296 29791 32040 32417 31079 21363 20074 18851 15692 30021 2991 26596 9625 9074 15151 23950 8543 24081 13493 23309 14314 1431 13302 22039 19883 23544 25889 13289 13686 8463 8119 26836 25070 20032 17309 12537 19261 13660 27760 18001 23816 1732 28440 14320 161 722 21920 18058 6015 23156 19780 27190 31212 794 15052 25970 19966 467 26905 2407 19144 29106 1534 3951 15313 18807 24913 11221 22726 9323 8769 15836 17771 4748 26345 16642 19927 13290 550 25477 13025 9041 19366 26151 6870 29736 13890 10542 31341 18329 8334 2736 2556 15603 5038 31245 6891 16716 25707 25789 24937 618 27270 24652 1631 2276 16971 13730 5538 15748 19562 12680 7277 24048 24579 24168 3086 9353 25344 2900 13535 10132 15527 17482 28024 13208 22127 8119 14883 9478 7955 1337 2193 1311 17382 20905 21451 28179 5222 31833 17514 31334 17427 8602 8459 17304 32386 5762 8958 13317 429 27116 830 12298 12941 30399 21414 23145 24555 27508 30817 
30703 10099 27346 21923 13908 12554 10748 1430 23138 13409 12206 10904 6489 31946 6340 12707 8595 24395 1532 6412 5732 22257 5884 3953 836 15207 5783 32493 2608 17863 15436 22669 20813 22448 9999 13320 29647 14489 30029 6058 31257 15717 7722 31890 7461 3639 28685 25373 22823 32391 22622 2978 4973 11126 22670 10080 22410 21598 19544 5556 28595 8622 25927 400 23657 19957 32633 29480 28505 25916 13218 10734 3456 3737 19027 21185 23698 5121 29821 28257 24477 7262 27953 31783 18153 19425 26793 15603 30500 16026 29836 8805 3003 4422 11630 15952 22667 27752 28054 18027 11961 17819 22789 74 26846 19238 27316 10637 616 11729 26396 12376 15933 15607 22523 20483 8353 2269 30038 26130 16473 32578 8122 4967 13072 13879 20424 32182 6395 22833 7921 17722 3001 27741 19837 678 29821 23091 27090 24927 3438 32590 31987 10728 4686 10363 24647 20637 25690 14096 8348 23717 9586 24447 4715 15138 3706 13866 31581 21162 1280 32377 29967 27387 13343 28714 27922 15594 11427 26345 26167 16029 20589 12321 24329 32762 3354 27409 410 11103 10719 12066 131 32404 11447 27768 17702 20478 6849 15047 21302 29717 6115 2664 1402 5912 10676 27564 1997 24319 8601 24688 12906 27057 29230 27633 10854 31607 29671 21730 27518 29104 23799 19900 7955 19911 28784 30550 25715 27747 10412 29109 28250 15581 24813 28453 6585 3319 16960 32136 25013 15563 30631 31215 21747 28417 28022 25191 28691 2373 8190 31254 378 6392 15721 29574 31317 28710 7909 5440 20698 3769 23813 3229 22481 11244 867 25305 12116 29698 10123 18537 13011 20023 26388 10894 2139 16119 4368 18219 13591 14926 32423 13012 23319 31392 24318 1319 1104 12186 31326 8031 7908 6504 12434 16678 3748 25640 13968 24491 30675 22431 22364 29429 10029 12075 15402 11639 15144 11769 32707 20964 29306 17272 4393 6980 17371 21518 10622 27464 8972 31241 22818 13018 5912 21208 28700 18681 1498 11387 17851 9156 22719 10040 9084 10196 24270 8080 22319 463 4069 29809 12374 15930 5445 32173 27854 5007 15184 18091 22705 4752 12434 24925 9594 12506 13823 25969 15466 25021 
9339 28620 4139 12619 27552 13876 12724 5551 28091 844 11372 27329 23831 11974 28050 19415 32383 26068 15068 16349 29950 22495 31838 27560 31465 7036 23982 16007 11295 24476 2630 19739 17808 15618 2345 20073 32252 15355 31690 28462 23549 25161 17449 28530 11592 23904 22079 15968 816 7381 14492 2133 22636 28947 30799 27447 17433 592 5126 17672 24067 13247 8822 20667 14368 18183 14333 1350 4445 21493 20358 27384 9629 26733 15022 23309 16127 25767 23845 23936 27744 26520 14166 6432 290 24493 1098 2534 16939 5055 28361 29062 25648 14404 8643 13892 16179 25794 14319 9225 23370 32138 20146 17334 15011 26018 16450 15544 1221 3331 18699 29917 30488 12036 7250 25189 16040 21783 11288 17501 7974 29107 10305 13608 2864 10129 30965 19295 4561 4379 14407 15579 17740 7202 28436 14351 32533 19919 6446 26523 9505 732 13498 21535 21599 3 24791 6221 5255 26295 20353 6979 30994 25107 3764 17687 21385 8208 27860 25011 23299 27386 31820 9699 27882 30501 31350 2732 19197 14556 7611 29408 31387 22170 3835 20207 10558 2941 4654 13056 14918 3575 8780 4928 25080 20167 1131 6778 29126 9255 5671 20201 14800 13639 23367 31050 9132 14843 3742 564 27234 25264 14894 14764 5051 31909 6804 15605 3772 9816 20896 28325 7021 10302 11331 13566 24543 17846 32686 29306 20076 6720 25016 27816 16705 22250 16512 5431 28442 29708 7508 26960 7501 11061 28370 23338 13066 19813 28237 31192 4577 18813 21619 19301 22404 30451 18732 3362 27855 30922 2757 20031 1541 19650 4173 6297 30813 23244 11071 7123 2237 6336 27746 3752 6085 5714 20462 14975 20239 1347 29936 25920 13237 4564 25583 3431 16916 8064 10448 11351 30416 15850 17399 29424 26905 27157 13999 13411 23084 28627 11980 29509 24092 32640 5519 17635 466 19439 1481 32470 4690 17573 27971 25303 26945 16453 23902 15572 25252 11084 20215 10051 24555 3838 23949 27062 31790 1185 15782 9647 21942 26856 29294 17846 4287 25522 1698 25258 30588 6133 19628 4949 23388 4084 27152 23106 7052 14777 12806 9683 29885 1983 4968 5774 32295 2543 7631 32696 30670 4813 
25082 22053 19972 15604 12655 334 30255 25792 356 17060 2252 27210 29919 10020 15540 20377 21021 14124 10142 1814 26417 22669 26598 1601 8685 5857 7053 28835 24325 17951 18560 28419 13426 13164 6685 1757 15125 22580 6131 1552 7069 17274 14793 22231 25258 11628 31970 20474 24626 26939 24192 21830 5669 10537 24487 23610 31308 18660 30243 10499 3959 4626 3789 22443 6615 12077 1289 1421 29353 16529 13203 12044 16148 18387 636 5508 3669 23893 5743 16769 8985 25623 1337 29999 27690 12240 13192 8978 28750 20798 16371 15607 12653 31930 7995 28459 19185 16143 19921 7146 20338 29836 15000 11034 10643 13912 20203 570 1063 12806 14306 14485 32153 8041 21713 23483 10890 18602 28434 22577 11195 22679 7941 23144 23342 25406 596 15340 21640 23739 10108 20702 23738 29262 21129 10660 27872 31153 32544 7391 25705 27304 17347 11677 9849 5849 31313 8657 9867 5086 20940 23808 10331 2969 11615 21308 14083 26311 29856 10326 5988 1496 14610 20304 14791 31743 21742 15889 28356 133 26403 2396 25444 2658 20635 32003 10370 18958 5824 1112 18807 30101 20287 30437 13814 6890 30987 7517 820 27773 26278 722 18508 15375 7580 26151 6627 6085 20304 24521 26887 15740 20218 3994 18781 22621 10481 26414 25212 15537 16166 25658 4244 5622 3825 20297 30803 15154 1041 21169 4617 7559 31982 32198 28682 1288 25632 2125 17492 4043 821 27188 26993 10047 29359 7040 29343 24512 19277 4230 1839 30313 31884 18014 3371 24874 27756 29589 26427 9498 17527 12578 18889 26382 4096 12187 27492 27242 4009 19625 5218 29239 26152 7354 20938 14454 586 15605 20337 28596 27191 371 7522 735 19449 21420 25731 1880 30520 21807 20086 5449 9287 6807 9406 31289 11365 4794 27427 31198 5948 28195 31063 4402 8622 6851 22489 28617 8657 10211 25626 7009 27704 9821 32735 29115 7797 22796 20454 31913 29403 18817 19916 19561 393 5367 12590 19505 4772 1417 29711 17675 26083 19363 30329 739 4945 27575 1383 20446 26958 13361 18659 14830 27607 20396 23916 22180 22792 18278 7322 31045 22239 2545 22789 3871 11843 18988 4450 5661 
14149 19058 24303 24986 23205 26641 8978 8563 19608 31486 14396 24416 25800 24007 10772 26244 14237 12744 14546 18754 21691 13218 11240 31059 20172 13289 14312 9749 28799 2077 31650 21798 17104 2012 22668 26930 18571 27221 10856 2825 4875 6144 8736 10485 5192 17549 18421 74 21009 25882 26840 25918 24213 22184 29464 15611 14888 18640 1598 24051 580 16562 14902 19060 4558 18479 25007 31100 30363 7512 19395 8654 24627 30245 18651 15173 27605 11371 30413 10857 29115 26120 6216 19008 14238 3424 31602 18535 11389 11790 13263 1888 4507 2515 11109 31534 13511 31186 20254 13343 8159 28672 23149 3050 24983 11478 1588 10489 21367 32073 7910 19464 291 5371 17897 7151 5343 22707 25150 25532 27986 11531 1123 30469 16522 7528 16760 12413 28737 28463 18850 16068 29535 30006 15789 13188 30912 14201 2037 2233 10038 17167 15494 4176 7890 13916 17538 500 8031 23943 22723 6949 30768 29486 4034 1418 9500 22873 695 30600 15558 24237 19970 17171 5154 25571 28874 18116 15156 30072 20452 29996 14107 11685 24566 26217 7503 29329 15068 10230 29735 25798 9290 16072 31902 4577 16819 3990 18774 16270 2410 8568 18141 25268 11528 28339 6448 5869 781 14291 29309 10809 13258 3323 18221 4339 11646 378 802 22020 9151 15774 9277 23382 7707 25293 24100 32396 23040 30161 11074 30192 985 17268 28431 31148 2938 29517 3473 3390 6078 15577 7203 32038 23918 29390 3957 25825 23909 22699 2772 20763 19954 30356 13483 21025 13182 24413 13386 4757 27759 7397 15591 18021 13388 13989 18914 1533 25121 1672 28750 27068 26149 20477 27052 31141 19098 19787 15353 17752 15349 10022 8940 14400 23615 2687 7801 32269 26043 20640 19097 2917 24777 28023 25677 7894 28938 6194 8160 19984 32197 25101 13421 29521 14729 12136 16546 3872 19732 18205 27843 29246 10612 27664 28146 17370 17772 13576 20141 14340 18969 5821 8344 2660 29397 21554 31613 4396 9308 18756 28049 31819 32558 17283 16633 5348 28980 23874 14988 4350 2725 3818 13787 20349 6699 27284 17006 4177 21570 13782 9809 31981 2529 21980 27088 5370 12893 16827 20606 21325 
19594 28419 25468 7959 23331 27795 28919 23900 108 8114 9459 13991 32021 22363 8007 25851 5730 10711 10985 7692 10121 20626 31340 28079 25180 30247 3527 5264 807 10941 9560 16163 31708 29334 26153 10461 23149 8933 4977 32675 28282 224 350 7043 29228 22295 9489 24226 14945 29956 26091 20853 12809 19683 5127 20276 9423 9156 10247 22156 7421 2014 12308 21141 22681 294 3616 28675 6612 12320 27502 21152 22182 20213 1365 16122 2994 18631 14145 3160 13935 23361 26106 29427 14985 30322 12329 2659 13957 20187 2072 3160 2981 21958 6841 12170 7435 3034 10218 12019 2592 25069 12279 20795 26679 7193 6752 1140 16238 27410 14813 25095 20181 12214 20896 12014 23507 7398 32730 11300 4293 11157 12672 19290 12007 5406 847 7148 6008 18395 13326 1043 28697 2547 3091 6748 26231 15987 24072 13145 22313 161 1263 30614 23516 2445 868 5582 1197 5096 10274 25951 16598 12825 23497 3324 14989 19086 31711 418 10793 11856 26388 29133 25735 32219 7882 28907 10412 20524 8660 30481 28843 20507 25726 2285 18889 17387 2510 7164 30688 13088 16906 2812 26625 7824 29306 11941 13917 32445 2671 28308 19302 31842 10629 24200 21553 5964 31524 15312 6687 12139 27469 24324 32188 9257 6291 30196 6375 32250 10087 6622 19508 22069 23193 5604 15246 28962 5404 29116 32289 15956 10506 5290 1399 13113 6119 5291 32736 13295 10282 1523 14872 32345 29689 24218 17444 19315 21813 17043 23933 6882 21174 19421 27760 23760 29400 8957 1221 28150 5942 31659 16799 6650 17845 18892 30371 6140 709 17056 31836 13676 8419 32317 7134 8990 10594 19772 23978 6304 17004 5810 16338 16843 13892 21090 5982 10904 32717 29488 8429 7477 80 21977 1184 9816 17018 2018 20787 13268 28324 31438 12909 362 21592 30612 26299 18401 11536 26192 14360 25176 31808 15929 31791 24028 12439 12755 24516 10038 27266 27494 336 19206 3059 28078 7915 31766 30048 27860 23407 21480 5134 13213 24283 401 9615 26850 22005 23242 21642 18752 5428 837 4794 10512 25308 7741 21561 21145 11371 15953 4095 5253 11060 1938 10661 5266 15434 14299 
10351 14986 28575 2401 24458 18293 4717 9098 27538 27917 14549 3587 10584 31090 2759 23053 2529 27423 22561 30231 26546 285 14363 24466 16714 7030 14306 9985 31985 32749 23683 31311 6576 22252 31755 10598 29089 29886 12780 22781 29033 17150 29347 22449 26882 24144 664 18776 22974 15439 21574 7314 25992 28102 4507 32416 17261 20770 21666 16762 23900 18727 21343 26651 31530 19427 763 19744 7897 24032 30241 6033 30234 19870 31399 29183 1296 17216 14961 14287 28247 30854 25490 3285 31813 11515 7093 4901 20336 10864 17084 13093 22128 28072 18598 10727 29414 18261 6838 20918 28605 2371 27601 22767 11439 5076 23593 23315 8971 22444 17432 4121 10166 8109 9806 1545 3696 14118 3375 6342 4697 16455 22391 7211 10164 20185 14368 27738 6890 6956 28037 22609 8402 24912 29639 6847 15407 16519 13936 21781 7291 12027 1366 16607 23011 21933 20675 2901 12946 26798 28882 3885 11570 20369 31772 24756 17584 12832 29076 24605 320 15694 14768 17945 8866 13421 17098 24232 16291 8865 15557 26158 32486 16533 14323 15561 19684 25196 11062 25570 13106 507 9574 31234 13571 14645 11763 10471 21741 16614 6348 14808 10224 18341 20863 17461 6580 13571 24993 10834 17938 11529 13936 22661 3030 26594 27063 31358 15555 12756 4594 6871 3800 10101 23987 24812 13010 539 32324 24813 13298 2196 9614 12850 1280 30743 6969 16334 24208 31099 11541 1894 21124 30375 32441 14916 14546 25674 31850 29863 22920 21452 30014 32605 30733 24964 8320 20372 9129 21291 4695 14574 28999 31376 25507 1491 634 12430 4392 27147 32191 31803 21998 908 23554 14947 1255 23952 12131 22837 9683 10731 18233 31803 22881 9372 21847 7312 18583 21922 30863 31053 9075 9489 20597 27716 29395 30052 32357 30449 16786 14357 14280 7085 24820 12395 19858 22309 19524 22676 19727 19979 28603 7411 7648 779 22180 25019 16705 10497 1214 1725 5773 25961 32482 23934 18691 5910 18149 17805 19146 29992 20160 25363 307 6712 9966 9132 1599 20437 27670 1397 9057 11828 14314 21607 27012 25635 6479 20963 2640 15167 22462 31373 22185 11367 1514 24158 1657 6256 
10147 16117 11696 31002 28410 26670 649 7747 21670 30454 22798 19291 4006 606 30686 18712 12328 23278 10798 16235 25002 21563 13070 27570 6239 19643 1517 1839 11732 26585 26720 29113 12499 11845 24863 29873 27784 2190 6224 12856 27362 18418 3337 5279 30268 12661 17424 21023 24125 16176 21477 22731 1020 3052 29186 14018 29032 7407 25953 21161 32744 32278 575 2137 21054 25636 4896 32212 9649 18778 21267 17534 15979 14408 23863 6794 29472 14562 13694 24754 7152 5078 20145 6187 26767 24605 12724 31960 24995 3792 10764 4030 6509 26942 7070 9656 20396 13627 26041 20075 3262 29627 30551 10109 30729 28063 30880 28674 28057 718 11696 28727 5898 28552 30362 2419 2985 31735 4269 602 15318 18951 31990 25428 11181 13688 12293 30526 16613 31282 28404 17503 10231 5336 32166 4509 5251 4511 589 19440 24816 15713 16943 24600 20820 27885 7081 23691 32147 20130 24948 28594 9930 31292 31527 5716 31726 13037 28413 3667 4528 4016 14553 24982 4516 32218 4743 7494 25763 20977 4421 2365 23662 23234 15490 29627 8339 10926 485 25947 25237 2885 10897 20806 7495 20246 13736 5543 25465 30148 15373 24671 470 22109 16751 19449 30733 17384 5763 18656 3375 24637 12432 9935 856 4378 6705 21130 11922 19314 24919 7116 29430 10504 9869 6016 28181 31805 12672 29235 20374 22054 11966 18122 9504 13026 31422 19824 7546 16427 7713 30419 1776 29226 24375 18320 3321 23184 3269 2027 31000 30178 26117 7108 31488 25364 17391 5831 15355 14682 26551 24802 16780 28731 4759 32508 25427 3559 19150 21476 22578 4042 29161 28039 7854 16737 4161 12903 17560 30029 31173 840 20972 21670 12281 9516 23289 14481 9535 1922 32194 16917 17750 15003 20133 9258 26400 10845 30778 21523 2984 28987 4734 5102 3683 22373 30001 2954 10934 21051 2428 25464 31417 6152 24279 5733 21307 7149 1834 27815 8454 1563 32306 22037 11107 31813 8231 5660 24545 20054 29596 30223 2899 23391 19110 29119 9240 17107 32576 4684 2463 13814 20206 27450 23849 32147 6561 28103 22481 2029 2011 1660 16842 4857 23571 14595 28393 18122 29531 11832 
25699 21581 14656 26754 3031 27702 4850 4708 6031 8762 1445 6991 31747 4223 7222 5819 8862 20305 20498 4470 14789 5398 31060 20795 17942 4740 2605 12934 22765 24337 6537 6311 4141 2475 239 9237 17213 8618 4521 8966 336 19459 9510 28732 17642 14526 3228 13346 160 3242 9201 15383 26911 4943 3036 23562 8303 19748 20296 3655 9849 11778 30713 17808 12999 8153 22129 9584 23436 7586 277 5324 11748 31380 20108 24251 7004 10651 20328 21912 24757 6406 2824 11349 18917 30335 956 31249 30559 28481 17963 7149 2196 16517 2034 26908 20410 11325 6542 27962 29388 9733 12156 7391 7634 19543 18078 14451 10850 510 10209 20804 24679 15309 20253 9429 13345 22160 14653 17018 9581 2371 23967 12065 9287 18306 22206 31603 7821 10305 32270 28 6917 9405 32551 13414 1442 17330 9766 21261 4355 1231 27984 16719 20797 8295 3577 27714 29658 28521 6309 4202 14626 3986 22636 8075 4761 6113 1443 14524 2760 29004 3000 26301 23104 10161 26206 6282 19933 18191 23018 2096 25160 6390 2813 992 14527 22076 14692 19778 18713 8434 8764 779 29956 23190 19802 18642 24722 10890 18922 8480 13300 18629 7765 11718 10885 24777 28521 19059 4874 8405 8884 13701 9527 18779 48 15136 20598 20660 5926 5757 26597 28435 27212 32133 20381 9912 10032 2719 3898 7270 27866 30918 28056 21526 26029 26078 31194 9709 14479 3912 9649 32620 5450 15540 21723 17639 24625 19766 1513 26424 16646 6813 30790 436 6427 9984 29557 5214 9400 18585 5018 11867 19389 18390 16188 7334 25992 9134 10825 28933 29721 28722 2650 30012 6772 868 24633 24192 21063 25675 31393 21806 9421 12359 5700 9405 27378 27299 16146 10226 22712 27241 22201 17746 22489 23162 25704 4061 30126 32733 4569 24569 26703 14936 31118 30893 28412 29501 10843 3343 4540 28295 1060 14848 1091 12837 20968 18454 12313 30614 17662 18906 10745 23478 13727 27188 5752 16600 19621 32547 16871 5908 31378 13489 28537 32483 24532 25639 9129 31209 2632 27517 28118 7697 11260 6420 30000 32479 12089 32680 19672 16642 19393 18048 21315 3113 341 18919 
8416 20248 7034 8160 18938 2555 8829 21782 30687 4858 23989 30226 7490 2317 19208 14512 18910 26898 12208 22996 24924 31005 9791 857 14711 32271 19937 20042 25438 28522 32482 13653 9305 7523 10352 2940 25008 32057 15265 19214 969 4038 18360 20694 5264 5716 11172 22418 7451 2481 201 18343 1679 1926 8963 12050 573 10724 31208 30114 15633 32032 26446 8548 25133 2017 32526 16223 12497 6519 27655 17538 10622 21102 9829 31451 5723 7011 24355 20234 29399 32279 17614 4596 30352 5314 1420 700 18292 938 12894 13551 5925 12531 26530 9982 12194 11961 24284 7410 13093 2908 19893 4955 4935 31771 13892 24201 874 5605 3213 18943 27224 2155 21831 19493 5928 3962 8675 8765 15714 3720 3529 26776 31843 2701 8421 778 30210 30228 15202 27035 14451 913 28341 11647 32620 29173 26590 19017 4231 1920 20202 5979 14056 11990 16317 28065 8735 27222 16398 21887 11343 4519 22195 20743 19344 3475 10271 5744 12947 1561 15401 20163 25733 14013 20751 11480 16437 23843 24506 28801 18040 30172 13635 10757 8141 15232 17847 20944 9533 7165 7191 2152 28805 6190 2979 4771 14199 16816 1624 26136 30366 19185 15544 22995 12065 23945 27337 20301 15337 10958 30304 26523 518 27298 17055 6373 79 15504 23741 14362 585 7960 26117 19170 31307 28998 24354 13780 18143 12938 14489 6890 26474 29891 19607 31793 25616 13469 9709 30405 27858 3101 14425 10749 29689 29562 28167 7907 18360 1071 11863 17383 28429 29262 16865 20692 19944 12311 14263 9986 21647 28617 12265 462 15937 30648 12111 2887 8985 31904 24706 10538 24886 30265 26156 5649 8473 8715 8834 6887 31054 10372 6158 31903 30031 6216 18354 29221 933 11208 12266 13973 3920 3350 20817 2988 18537 3064 23655 16508 24582 31291 27793 4195 15198 8777 29793 28221 25134 3070 16152 4057 11355 952 11113 19882 29400 6061 896 10943 18378 32642 5699 6389 31210 8729 30168 19820 26411 11690 32615 14647 25246 30229 4129 31320 12690 3446 2945 22763 25599 19194 5841 9377 3109 13298 11761 1648 6512 31526 30036 6793 23199 2668 27979 26251 27429 19065 
27270 32758 4047 7414 30679 30434 18088 15575 1338 22769 3610 30952 2067 24706 10069 31912 28854 9255 22517 7003 6444 23130 28382 20827 4405 1387 4203 28591 27529 7101 3529 9694 28771 50 19357 24069 22848 24292 31725 7976 31204 16918 12093 27078 31391 29546 248 17072 1998 32084 25362 24603 6820 24782 19692 11507 16171 21325 20856 5746 31621 6388 24733 22514 15480 20232 14301 14591 27434 15013 17973 29105 4136 28591 1860 10552 10157 25610 6576 17081 2850 17166 5318 27737 5089 5429 24928 9367 23358 4119 6668 10718 15304 8857 13930 2138 30668 4449 1494 14860 10523 14221 15687 3353 24077 16292 7287 17512 1990 26828 28229 9835 7608 11326 26711 28221 6761 22264 11779 21230 13687 27569 31344 6427 32473 24850 13816 25281 16231 4131 31441 12626 17053 26372 19693 19977 28060 13277 2334 3195 18289 7191 20350 7024 22170 5069 27918 22512 30662 27005 2205 22177 4573 14852 5868 5968 19264 24777 23055 5837 9298 14392 28694 13052 6967 15986 13549 5417 15580 29250 31617 5788 18231 31828 25124 21357 16592 30881 17971 24474 10624 29742 6902 21079 10360 29430 10183 7077 23430 4644 29047 22566 11156 6790 21229 5936 19058 5951 2320 18208 15829 17596 13800 15345 7071 27625 7935 1037 23392 32164 11022 32610 24861 626 25301 27833 9553 12912 31051 24899 7730 18829 7927 24181 20021 27639 9374 31254 7124 11987 12574 19607 22159 6449 3738 6562 3377 12607 21207 26357 6484 27068 26342 30065 1063 944 12804 20590 10351 14427 27582 26450 13772 16235 22873 25954 31038 1394 31344 15320 3815 9878 26847 4661 24851 395 28640 4312 6261 30398 7796 14800 25011 10195 22789 17391 11302 19282 11849 11295 17883 26781 29545 28921 30941 4134 27491 11412 3510 25566 32173 155 22323 1009 16411 2211 11112 13232 22530 18107 28148 19150 30366 15940 3974 18128 29873 12547 9888 4287 20845 12916 1435 19232 6292 1377 29164 15398 29662 30644 24741 10277 27547 12426 23615 12362 6809 9352 30614 2442 22856 9330 29237 8152 9244 14841 29140 31131 16691 18133 29983 28511 26936 6676 25529 3018 30599 28594 24449 10194 
26001 3689 15124 5934 5506 30666 14739 30986 12322 24205 31654 255 6649 22310 15808 19522 17335 30361 19365 5916 22995 21390 19754 26266 6001 7592 20540 31365 16521 16147 13348 7060 1862 15452 23049 6625 24748 18054 16055 3994 3198 13146 24991 15353 21599 20478 7454 2678 17975 16841 21506 6715 28120 26966 6218 23000 20962 31703 12077 2872 14307 18092 5726 17363 29635 20789 28303 15654 18016 20708 28468 2400 3957 9110 18313 95 22208 17443 4310 30938 28772 27955 13809 8672 16524 24148 29701 4225 25169 30538 22675 21963 13790 7590 24758 12536 6609 8347 7595 12773 21477 3852 656 24518 27854 13289 16236 14361 869 11452 19824 6616 23301 20095 4221 28915 10549 19633 12774 13821 26247 22185 6262 5669 9920 7977 8629 22377 15416 566 103 19718 10884 15655 25686 28723 11347 27901 20305 28942 20630 18162 15221 21463 29412 16213 30379 28252 4892 4756 22386 22964 20556 25755 11999 11312 2769 27228 7137 3983 29120 20911 9162 1905 32645 23389 13323 31759 10698 23415 28991 23848 18587 5101 30572 28991 30919 7515 28549 9475 32137 21030 7731 28431 25959 28616 20436 7123 30299 25192 17861 5586 9521 28334 2268 32271 7216 11733 17721 10433 5372 4098 4927 21070 2491 22740 20957 8311 375 19004 30226 17360 31683 29071 29616 19828 16290 19161 9056 3318 4516 11893 18918 2715 5458 15578 9382 29126 24012 15544 8039 32691 29105 8004 5976 19048 17983 7887 20304 29673 30140 11166 31066 7596 13588 6902 31089 12364 19651 19574 17800 19329 6389 14762 1742 29264 21740 9180 24623 18303 13731 21549 32286 28236 6065 8677 21394 25439 17519 13064 10318 25084 4701 11050 23654 10621 25794 15491 1279 14080 20115 20294 18006 18269 23702 13103 3844 13659 19143 3931 6272 2083 10491 1117 20709 17908 12995 13454 4597 24345 24211 9892 18782 17688 26660 13959 30269 557 23062 2144 8161 25846 23258 12786 10705 5232 16591 3629 10512 8226 12715 28416 7839 24728 20765 8560 15172 15379 17073 30695 4234 9087 755 20174 21257 23461 23511 16221 4583 26274 30808 29874 1951 8600 23392 22305 26625 27299 15848 460 
20347 25359 6240 13939 14230 8648 23377 17293 5315 27153 6977 4247 344 14969 13271 17580 6614 18443 9791 15190 28269 14790 14032 15268 11714 14413 3564 9596 27887 9695 24616 2355 12491 4744 25005 23899 7277 16537 2271 18140 26859 19799 25660 10055 2663 20976 1926 25958 9805 4275 21540 9240 16086 639 8390 23387 14289 22652 1096 1963 6306 17930 18393 25483 12171 9975 17500 24417 31274 22005 12046 19334 30531 18251 6505 26782 17856 15306 10313 21029 13558 8195 17998 30539 10794 27575 21889 5634 32596 5519 9274 27733 16162 28429 10561 5115 25152 31939 19251 15404 29143 7875 14119 13747 13140 7510 2706 1349 16746 28145 21608 28689 13914 17508 12676 13976 19314 17493 2122 29119 4563 26349 10123 17954 10360 26833 19624 25004 4980 21588 21755 30565 6267 31723 7794 11658 17572 30945 23421 12771 32621 587 24107 26705 20224 12351 7824 26535 12725 32577 105 14522 12503 10238 7171 3004 4267 7997 3672 22469 16814 21010 5243 6323 30495 29268 30263 7988 1725 26450 1011 10017 30162 14018 11225 10254 22384 31226 27192 5151 24571 13155 6438 31005 20967 6186 25449 14280 10179 8760 24216 17775 8055 32357 4221 11199 2762 10984 25534 15065 2343 23058 20412 8615 3744 27965 14268 24687 23603 7167 17733 18856 19788 7075 16840 1293 7820 23257 13191 18673 4553 9644 16815 15826 4950 17845 9159 16432 17540 29326 8270 29855 3944 9866 24224 25116 10207 11171 4122 1693 7632 29876 13438 6636 25777 5865 32153 29364 29773 30579 5667 16860 26308 384 20454 6165 14291 30826 32035 27055 2389 14894 31025 1201 4362 1569 9319 11560 5016 7134 22332 21439 4303 18051 4269 6800 1329 10269 25567 7226 25778 22880 26886 10548 12988 12700 13701 28513 23414 19180 8023 16356 12870 5809 20397 26421 14741 5694 26840 19316 6098 3029 17258 17662 23993 14291 1688 25919 469 30247 8163 8135 13635 20488 24056 2463 30138 21992 13012 8925 200 21923 24875 24182 3166 16637 6411 23636 26767 22603 18365 2472 28309 28016 7916 7042 24853 21259 5896 6047 8612 19439 28909 24449 24457 3796 31424 29125 9156 12876 
7194 21938 24144 5368 28009 25870 22694 5627 24211 26677 12674 12719 12508 14444 17897 22167 18441 23666 11115 1685 5829 21336 8102 6237 10821 403 4363 11562 6440 29776 9445 11952 22945 28423 24214 26961 17111 30547 19492 5779 15756 21249 23541 27602 26621 11366 16343 306 12554 20726 324 9432 11927 15891 10979 28250 13106 28707 11089 9843 26358 10213 21794 22268 26543 6661 8227 5911 13375 15598 4066 26542 26432 10463 25457 13340 1258 15937 29286 19241 24631 1592 23334 25660 23366 376 26212 1228 1789 22874 17380 23064 26099 10030 1157 23320 22157 17875 30078 18099 26727 24966 16616 21042 8437 14840 30589 7157 29546 19107 26527 13924 28632 19805 26012 24361 28057 19246 26928 13981 13551 12127 9291 2943 27623 4307 30485 3820 19075 9627 25903 1163 23063 5316 28732 17161 17396 6771 31649 6341 29508 12853 7560 26828 3637 15248 299 5127 2650 19678 15951 691 24654 10331 18958 25106 8858 1916 25818 27232 31704 12418 10687 16649 22553 2640 8936 19225 15749 8825 1893 1012 6209 22942 1580 11335 32150 10743 16989 25918 10831 15407 25802 3064 16482 15989 26294 26936 2003 12752 31197 2397 14038 8626 12725 20628 1332 31185 20980 8012 3823 28210 26194 6890 18985 10630 1936 28350 5186 13754 29113 6454 6721 21194 20392 6482 8309 12246 24522 4184 27996 14967 22053 11209 23491 30803 8089 27539 22575 7919 27238 6280 19836 24005 6127 32527 17604 3735 31678 16922 15490 16386 3015 23128 31479 20054 26097 5547 24525 32421 20178 10972 30971 20506 3514 13710 24296 30604 18932 11888 7123 14675 19784 13239 8818 5467 20420 13772 6105 31095 12477 23617 29854 28151 16656 14090 16699 28796 685 4074 29107 28939 343 28715 9337 9569 10405 11922 18573 9862 15181 6546 28392 3237 20385 4544 19226 32027 30042 10375 10034 24270 26773 5917 20190 10432 30235 8629 13779 32484 29925 15095 23919 4400 30944 31661 15773 28915 8941 17087 13562 20585 12844 4449 17462 24716 14970 30603 6332 16686 9272 9385 10901 14149 22863 28821 29065 7558 17264 28866 30088 17205 32673 28090 15945 11579 27381 19658 26161 28025 
27802 16891 21622 1116 8473 24133 25220 177 19162 19968 28832 20923 11239 23451 11723 32643 11505 2704 5865 15728 30104 24215 28962 2839 23015 8987 17289 22356 16670 18154 5115 22938 27061 8240 27466 5511 11933 11430 25755 15548 12745 8711 19469 25323 4077 25284 4252 14385 390 11000 3396 15783 3354 2462 28009 10292 11969 31234 12406 26021 6372 12661 4293 30719 29253 30021 20927 6931 13631 3308 14660 26708 5200 9352 14413 27878 2004 13195 1743 26103 26899 15284 14051 5970 15998 29758 805 28721 7478 13655 23641 29267 17358 14291 31317 3919 21074 32034 29723 28712 17288 29567 9029 23329 2933 10859 22182 11219 32547 11098 6190 4476 27042 19116 2574 1946 29261 1246 7965 15545 14414 15362 12922 23433 18277 26988 17011 27187 18917 6063 21158 13293 7167 14536 14694 28877 9282 11416 23649 8154 5475 2968 8319 18281 32058 2504 4365 4007 17678 1512 538 27506 1810 6379 12833 17261 23855 14761 12009 22355 3332 18644 426 18827 13612 6445 26225 2301 24511 18423 4805 3365 7707 31148 20363 6245 4580 20208 27175 29856 1865 9667 16612 24068 1161 31482 28310 4135 29366 32752 22910 10582 17338 14457 10605 22570 14743 13591 26924 1883 13043 15729 22300 31705 8403 32512 10522 6425 2471 5132 18341 16301 15751 30423 17475 31256 8124 13592 3872 27616 10626 30634 12281 14053 2572 12934 1592 19184 1993 4335 21601 21391 1766 29164 6828 14369 22804 2299 1268 25133 14987 30468 28623 15864 8270 28556 18687 10582 15281 15915 20233 17600 22297 16448 29731 23207 28676 9955 26707 20744 12873 5403 3798 22849 14496 28241 25279 21027 13924 26885 3808 4168 28312 14784 15597 166 7209 27210 24543 22885 12146 12572 32151 19694 1285 23832 15300 29509 31145 10616 13318 23960 32671 3589 21332 2072 6442 24457 18587 7687 23630 21638 18087 17426 25559 16936 7495 23778 20893 9593 28076 31726 17927 19668 32275 31379 28878 13724 28836 25446 7939 29229 24985 10185 27220 11283 12450 21436 28043 5755 31112 13302 8791 25830 17 8757 19535 6693 4901 27602 5428 17281 11054 1688 15990 29754 18373 2006 3066 5427 
20618 4531 19483 23787 32083 10946 8431 943 2442 13270 28363 2062 14032 28696 5129 6030 25318 21334 19976 28573 13518 2718 28533 19146 9517 29452 19401 11829 26100 29408 31763 11076 27967 26835 24824 27032 10110 9644 1528 3392 5330 9230 18931 19756 21946 29332 28907 19940 27374 1056 779 5242 11403 23151 7400 9660 15473 16113 5384 9647 30697 32216 6817 2873 11404 22383 12706 15390 5216 7086 12279 9518 23875 9227 8201 8892 16269 8082 11397 19793 26609 25912 31071 32418 14500 16493 3606 8896 9665 27632 13625 10639 12525 12007 29994 11385 18487 20527 1570 7267 3137 21489 26997 3040 16805 14198 1560 27045 29074 7996 28256 16190 32182 11081 13068 18431 11105 26047 26502 29756 27111 32689 15206 11453 22598 20533 19768 27244 19976 18874 6783 30289 27499 22940 12538 26048 29888 26102 1317 9937 32017 23992 4611 12561 9222 3833 9755 11895 27401 14222 448 12442 26025 987 10902 17952 18748 28649 6226 1146 8137 16057 7873 22991 8741 31704 14604 15157 32091 15156 6714 807 1873 2862 9974 5172 9897 19696 15507 5108 29158 26369 26957 21056 18896 1558 31186 12450 29465 24620 1 7691 29504 11731 14065 31428 13494 19917 26677 30887 13888 18135 13918 19343 18844 7111 28866 15885 9575 9687 21628 32349 20030 26945 24244 14232 6948 6156 5153 19242 22819 14117 25035 16007 21046 6577 31510 12570 15207 9890 22780 28286 20021 7304 16026 28913 4408 18346 26350 26630 5128 24150 16351 6042 8794 30581 22141 8968 12908 20322 22667 6305 4772 20221 20283 20822 6772 2299 30520 30904 25216 8576 23017 20771 18435 21487 3061 2101 16238 2817 13570 12165 14931 16148 17603 11666 9346 3782 31025 15098 15474 17859 6680 16365 19170 17883 3542 9696 32191 1624 11103 29062 27209 7566 28037 14588 31346 2227 27511 19012 18822 9713 14983 5620 13329 5306 7472 12847 7934 28764 9047 2517 14844 6357 8145 3063 16678 32232 5926 28558 482 8304 2964 24428 9993 15861 19031 8818 4169 23165 7720 5124 14536 7332 2820 186 28938 12271 30510 15192 28693 8542 25975 32257 32723 27200 9405 27559 18615 7499 
6322 17862 163 27116 32734 10834 266 27100 23272 28142 2130 27892 22801 26206 10876 14146 28161 14655 13574 25948 29894 757 2576 27380 1050 27110 14015 24493 22500 29158 18655 3629 29698 9201 10188 31092 25670 24096 29842 19564 15806 24534 13651 26561 17721 26170 20457 498 24326 27883 6093 3497 11263 26351 29495 23112 30663 1004 23431 8900 23631 21914 15588 32438 16031 27000 31011 27055 2259 10942 4586 21708 17763 8339 15893 30347 32680 23681 28248 19677 3484 11558 1318 1405 9954 26924 17874 16511 27910 26235 16117 24876 18693 29100 13327 24845 16912 22977 19057 22854 12685 25620 32090 13862 30815 15502 7520 18683 6503 13849 24337 11307 23882 28504 15579 11648 25461 12181 12329 12996 17503 4091 1487 19598 10510 17669 20904 27483 31709 7222 17789 27360 5756 523 28457 26527 4408 9262 8699 4793 6013 1004 3932 30723 26009 3305 21170 27227 21442 1042 29828 2621 4699 25300 10462 6801 31603 29323 19703 6087 7567 15422 26641 17702 25513 8329 13217 9313 32376 11226 28336 2924 29426 31457 129 19597 29200 17217 11892 9398 24017 21644 26922 25618 8065 9582 29930 1246 13115 16680 28995 9338 3245 10560 1011 4800 14619 32631 11016 27540 25254 3068 31301 28348 6351 29663 18375 2547 567 13256 3049 18744 23464 13033 30820 8556 26713 561 2747 18716 14190 7107 7638 5020 25279 13990 16108 597 10970 702 18855 95 5195 24827 3971 31827 27163 27600 3704 21594 18838 25575 31448 18570 6993 21779 8314 26483 7532 1926 24344 10484 25365 4420 17910 11092 27981 7127 4804 18061 16623 12868 6086 27115 7662 11071 19762 30678 15326 923 4570 5100 12214 15620 24330 5972 24276 5360 29620 8014 9025 10195 15050 27150 1335 21650 28908 30154 11744 29755 19779 5650 30561 14835 12717 29536 15895 20272 9754 10480 22304 40 9014 29905 20510 3209 28744 11837 23607 28778 6233 30246 4705 14721 15002 22033 24796 15511 14848 16679 23039 16186 4145 11145 15928 27058 18339 11237 26447 5430 24834 23367 30954 19039 10195 26417 31318 988 14936 2541 15748 2408 18611 23842 14162 30457 20301 15014 11532 17466 
20601 8083 23347 24636 20821 17821 31101 13672 7665 26274 16412 10681 6324 24195 21059 28456 6395 7987 12775 14439 7426 11021 8387 9681 21256 2411 4766 32418 15790 26996 5328 2659 30625 26421 20227 7849 23160 9972 311 13567 3296 15040 8969 7457 15350 1613 2100 8043 1012 5375 11864 9104 19472 5701 6138 12175 6561 29736 22732 21219 7812 14372 14127 20986 1726 12854 1783 9705 18786 5686 8558 9310 182 871 7835 25558 3473 10829 13252 12304 2567 1214 23345 8897 20296 21564 10547 13449 4806 23170 29285 23078 24214 93 10034 488 26905 24253 2199 1380 4059 24076 6698 25453 31163 24510 30044 22080 9293 9770 25083 6655 24700 28312 22523 30561 628 29083 20085 26279 18623 15777 31728 24274 16045 8136 27616 9491 7674 3827 3436 12419 29611 19742 8052 30228 3129 13038 7635 12487 27377 22924 5089 31264 20635 5812 30780 18136 5466 32521 30153 7121 22995 25260 17909 3919 21393 30732 65 27236 14504 10496 765 32428 3737 13843 22867 1083 24694 9246 17032 5076 8263 10269 15999 4443 14251 1339 17279 6797 3011 4399 309 19951 30795 21195 21757 32260 1546 28370 21341 9411 24685 22283 2770 11080 20079 28563 25552 22986 12987 7799 16900 973 22293 31106 19164 17561 1782 1620 30025 24554 15734 16564 18116 6889 27247 23336 24975 8539 4832 28098 18493 19225 20623 1852 31348 21952 29939 21576 20210 26281 21328 20769 11982 26908 30244 14694 5632 7360 17346 10792 32036 26710 22077 10818 4219 17575 2695 3304 22579 21435 2778 25219 13800 30796 22615 27580 23402 378 6126 17111 7873 16065 9853 12099 20334 4135 14396 22383 28916 18106 1880 17631 32407 26937 21982 28286 7268 12562 18139 15670 22897 21388 21186 16062 26470 27462 23309 31411 27452 5600 8487 7659 19269 6648 9354 28678 7789 10584 11300 18245 8383 4973 32512 28320 20779 31740 4130 12818 7302 27152 8627 1336 14802 17207 9054 30746 7104 1773 20473 28233 7027 24153 20072 19498 16519 21559 22974 3729 19026 18710 13478 145 24169 30659 27650 915 102 7685 11473 7590 14057 7562 12630 16918 477 10530 2423 2112 
1533 21035 16995 17572 4502 2636 12663 14396 24206 28007 26211 18957 13733 26568 2184 32507 22267 3235 9125 9185 19411 12477 10163 24033 1430 7529 8205 5369 28187 28598 26068 27863 19749 30695 20882 16367 10029 11555 12317 20682 31074 2414 32447 9633 30447 25048 12947 16938 11132 3828 3890 13234 9975 31116 20623 9068 5780 24467 11296 25353 28434 25947 27967 10120 3137 18185 12495 26192 27073 15941 1058 2172 22796 28726 27418 26742 22710 30637 4495 19911 28916 24480 11249 23341 14684 8667 19247 8942 27627 32242 10199 21869 10572 15482 10366 15867 21079 12920 10082 495 6873 6426 15182 22009 14739 3493 1982 7603 22917 19887 22596 10617 12396 910 2858 1659 24201 14096 3929 5392 31652 13933 31097 22862 30033 2937 29786 14807 8818 20766 4243 8437 12285 32010 14185 13290 19199 29093 17650 5249 11233 27718 3450 24809 26346 9126 21029 26051 9734 10901 26838 13946 12230 27371 6992 8147 24487 19650 411 10437 29591 24034 23466 5514 21173 3453 11834 8438 12633 20509 9981 24584 13908 16346 3064 959 1401 3280 14889 27950 21340 20944 30574 18387 26201 8534 7074 7717 10456 24251 21769 7276 12496 14252 3054 30165 24714 20955 10634 8134 1192 244 17960 22383 4965 6355 647 9634 28958 12276 4224 21732 24082 26155 12008 3524 29030 917 7352 3435 17772 974 18283 10869 14628 24932 14504 7167 27395 13708 1825 14081 20724 20 20155 5599 4509 11161 29679 24122 739 8698 13936 6412 29104 1292 22286 20724 5875 24464 21722 27342 24041 25186 1419 27783 24476 499 3360 9775 14249 2040 30919 29008 5701 28004 254 31359 13186 4244 14072 18736 1999 7114 8514 31183 28094 12253 2982 24076 4363 10031 3664 30582 20185 1246 4143 75 27454 25663 18590 30350 16386 31880 1092 23899 18596 3276 12600 10360 12190 17453 30313 1580 16618 31309 23102 31572 26053 19461 15481 1459 3507 28762 10081 14474 10435 22956 15392 1896 5908 30513 15978 13124 12696 10914 863 3529 20504 17972 18355 1777 28793 9930 12556 14549 25405 15977 32427 26052 8525 8940 11599 7314 12021 29945 4694 30514 12336 13107 
12838 10119 4646 19889 21963 18040 28147 3504 9185 6467 2218 9604 16565 16659 5273 31957 14759 2260 6095 3335 16339 17734 7132 25082 30192 31568 2776 4852 21879 16536 23975 18395 28424 2640 32634 7848 2571 24147 2713 1304 26515 6768 16993 23204 11399 17925 28296 28340 14083 8656 31657 12048 25340 27139 1276 6807 547 32406 11108 19507 2828 26081 23984 12812 17296 23914 30234 17660 27248 27900 20756 21572 9274 12281 16709 14717 12145 18672 1230 2257 9192 13170 8145 4458 16751 26658 16436 16939 4529 1804 3746 18078 24925 31800 4307 28718 21636 21118 270 16279 6723 10395 16108 8858 929 31877 15710 14837 442 16636 4593 15250 20254 29026 2385 17663 18548 6092 25868 12830 14435 31065 9881 19486 6834 23747 2969 25769 6829 7987 8028 12639 20683 2906 1447 31620 911 9917 25269 30709 28588 26960 1147 23393 23404 4935 12593 32437 31058 5417 16141 10200 24063 15910 22866 19097 3410 9386 5769 21990 25299 32050 17422 24894 22866 21343 2767 20072 30155 22856 20817 13158 22925 16661 32500 8357 16283 21706 1143 6006 26963 16480 19902 17602 15949 16922 211 21496 9094 13590 11820 28235 19902 10787 22060 14875 4894 722 26603 28336 30 17104 7482 20526 13222 2930 22498 10181 18035 30098 25645 3113 16829 15770 17576 3650 26903 30174 27430 7716 23446 13103 776 15425 20533 26540 12476 19165 29048 24540 27268 5059 7248 5626 20089 22071 1599 20368 6607 28971 3772 14664 9562 32182 16345 29950 2897 28097 16931 19993 23123 772 18378 2076 31143 12849 13058 31608 8904 18030 31656 29861 5153 22793 6185 2416 24853 29031 28064 22679 834 24894 2878 26515 4359 12548 13551 4789 15683 12456 314 17268 1120 127 3689 24838 10897 9857 4843 12077 28503 949 19702 3924 6730 15850 5489 22490 17686 29096 6672 13742 1732 16486 705 19484 25659 3837 1607 1766 10758 2141 12836 21143 4951 14463 27069 12052 25164 21403 24761 20596 19826 32154 5290 16913 26248 9678 2543 16351 24197 19169 20441 14845 19164 15115 4108 13962 20478 9352 11560 1466 21792 2634 13481 31785 9535 28907 10252 10095 
8546 22501 24884 12532 26656 21253 5643 25350 5729 22557 16236 1064 1385 5370 26433 31917 10770 24981 8680 31366 31064 8845 14044 1881 30235 12245 15505 17619 19489 5034 11167 17214 7259 13769 11555 9814 24169 18142 10338 3160 31583 63 21424 27485 1482 3034 19601 22758 13038 10349 31517 28600 31058 24053 17577 18410 30847 22120 20899 13628 3588 11942 27326 16298 15293 21421 12623 2625 17237 16397 14071 7218 6922 11677 14467 16421 8112 3947 16 28111 10233 26617 12915 29127 23795 20390 3032 18325 31698 16234 20392 23052 25840 29638 28593 7643 7186 31739 11905 14942 7661 18811 16658 13498 12009 21405 13229 20776 1828 9108 5640 7825 32698 23714 12978 24668 9540 5257 21936 19076 21406 4163 26217 17389 16110 14578 22719 8952 3553 23834 14719 6229 26936 4622 23035 15384 9348 18856 24309 28943 25645 28733 14015 4691 25785 9936 15009 7966 18251 28038 32635 22748 1898 21082 6571 1925 32260 30738 22577 22569 5555 2418 15121 2509 5182 27823 10489 23669 7523 19239 10276 30338 21204 16718 7806 13374 13695 19180 23817 5558 11282 16262 31359 16072 21183 29465 16697 15740 30781 20239 13391 2712 27663 30571 28673 30830 520 20551 26966 1017 28431 30592 20738 15400 25376 1712 7565 13178 1171 12636 178 12235 12449 4975 19462 3182 9508 17383 2266 635 30622 32719 18273 19306 32125 365 26902 20961 2461 22460 27224 25803 8975 21021 28503 8362 6425 21577 6196 814 6269 9866 24676 23814 9726 5675 3414 5622 8737 31276 28757 30506 14897 28731 32687 28618 27269 26080 2839 1998 30214 16888 3912 29972 30443 16996 27883 1711 27847 25090 1723 23171 27590 23260 2791 4367 20787 6304 27575 29577 8510 12113 19315 16432 29181 10811 24449 4318 1968 18220 3789 4060 1609 29153 20334 28411 23596 5055 1926 21728 18995 3012 30057 13472 11509 25276 25346 17293 27464 4024 10355 335 11780 24764 16892 1590 17674 23480 32030 3022 23941 11193 256 25524 28016 28257 13841 20649 30809 30101 20719 30181 4452 20853 1160 20653 16018 13969 8063 28712 8515 5209 6353 24431 2042 28630 20408 30179 19809 22168 
719 451 10381 32240 17015 254 21122 25183 25210 23621 9466 31565 12015 22629 5730 22270 26718 12756 14118 12995 19236 5769 5166 25453 9752 29201 8873 8711 17518 16352 6409 4293 11996 22501 22862 3127 2044 26977 20616 7362 2034 6136 28567 7249 23374 28425 8502 25672 26932 7995 24888 6074 17594 14936 22800 24027 19857 24927 9623 8376 17384 6356 10762 9253 21389 14171 5202 2295 23125 8837 30345 4212 28095 19946 6585 13320 25556 12408 28135 25914 25425 9226 15184 2525 16136 25404 30962 2187 8324 6526 27726 31055 17900 14696 30317 20130 22313 3406 12833 2713 5707 13843 18317 21596 28457 3138 6375 474 10824 5978 11389 27067 18175 3946 30710 4502 16600 7390 28891 3173 17464 19097 1622 7478 5699 24132 26681 29219 13306 2789 16193 2947 27814 12723 15005 9058 31610 9513 5802 10543 25716 8793 257 9653 6276 29827 32179 6989 9456 30438 12755 13905 29175 26838 14133 25043 21685 18447 23926 5263 30790 9545 31804 27167 25134 9996 15039 23662 5624 11974 28809 12655 7198 21531 890 28943 28713 10876 26382 30568 6681 1275 8419 30519 30471 11357 30325 144 29961 15217 10284 24528 18006 5537 23962 26836 20395 11207 9981 616 21997 834 14348 1538 12047 13128 16368 18353 31286 19581 656 23120 8987 24261 5905 25599 13489 4439 28573 5844 16137 276 3684 8653 21618 22806 3041 11785 25060 22923 21087 15416 26271 16580 12987 30289 20239 19081 13931 18819 30451 14768 21183 23661 5822 8174 24935 13713 8253 22508 566 9734 20091 26013 18982 19566 27874 12496 25499 17448 6562 19969 1004 21703 1879 18805 23071 13762 486 10374 23284 14956 15015 5435 3622 31271 8138 26651 16621 18645 17139 1091 16839 5008 4904 14775 2424 30107 28141 8694 30031 6552 19373 10961 30380 15099 2908 17276 23487 23486 8539 24550 5522 599 11676 17990 8010 5095 15622 23286 27306 7860 14875 24197 30168 10457 20696 21000 28260 22332 18908 30128 1414 193 8397 5538 22951 445 23032 6402 6435 25518 23351 1873 16974 11561 19480 30714 9397 28179 16699 8231 1958 23572 14076 29401 6642 4937 8018 1848 
3825 20281 1783 14632 3271 12299 5578 14364 20454 24566 28273 30767 10196 11512 12610 14705 12591 27339 9828 6526 28910 12565 21297 25430 13545 18911 32479 4456 23964 25672 27232 13808 29991 24442 16262 15747 14234 16862 31595 16360 28784 12428 22544 21290 20825 31494 31044 5355 9789 3877 24776 24059 2685 26963 28080 21546 892 21755 27404 20058 9310 4414 29128 16088 7951 11752 8657 6124 26247 13474 30329 24238 17997 29289 14877 24604 4922 30014 23813 15466 22912 4639 13195 15513 11243 1847 24448 9803 30822 3666 26827 470 1472 29587 18771 1687 32432 1129 28704 8585 11799 27327 32701 18965 20614 18547 19424 6444 7936 9994 23116 22164 30465 4002 27383 28799 17342 24359 19304 4450 3247 10954 31076 18436 19787 18607 22729 30166 31251 20710 186 30594 22225 10909 25596 15302 546 31124 22688 15491 23090 32721 17123 3601 7879 18324 26450 30934 29825 10637 10290 20759 11616 845 12830 269 31366 12795 23538 31036 27454 9544 15848 31488 23870 7844 17409 29033 16937 28851 16295 19528 24152 21242 15504 4490 25818 7647 7397 6341 5305 720 16548 9489 15231 5314 15427 20761 16633 13533 25238 370 8251 14197 9714 20779 29156 21821 5267 11429 27556 15543 29755 3748 30971 22511 16668 5031 20803 6761 5112 22389 12016 27480 13191 20729 3095 16 21785 8271 2093 15038 20604 799 23314 24919 19232 25386 31053 16590 7801 13090 19866 4234 32165 3519 11170 10775 7759 19215 24585 26908 26835 14 429 18317 29602 7286 26669 2593 19945 6872 27561 4359 23917 30444 20937 8405 21433 24102 3073 14273 32380 20105 11027 17171 30509 6080 11221 18650 30192 29291 308 23006 19389 8631 32633 24535 18367 21297 3275 7132 3066 12508 15093 26910 5425 22912 11882 6102 31239 13126 30342 29820 9572 19586 15127 20282 4122 16080 25372 6048 15817 18530 6349 24729 256 3992 20187 24734 19108 17617 11000 16937 2198 5762 31130 22637 22416 11141 3836 3140 3152 6067 14694 5481 22521 32436 10415 21479 2998 22806 28416 24017 16288 3997 32474 5428 24802 24794 19035 23114 27418 17663 26557 11760 20739 17394 24351 22618 
22610 29088 1416 26630 27869 1172 2345 7406 12034 15048 4834 5122 16711 187 8456 18133 6462 3779 32614 13207 22444 28837 129 16707 27625 11107 23585 13337 1674 30037 22284 17999 7998 13435 6165 14596 4598 14098 20053 29045 5961 23141 3257 30323 7190 5094 32445 25109 15467 4221 23158 7082 26021 24096 13270 28145 25561 21412 5420 19853 24179 10963 234 25523 2077 190 16555 12582 1507 12373 9588 23909 20884 15156 7482 1570 7019 13504 16805 8951 28398 25459 17428 20821 7959 3188 23265 7357 15794 7531 5094 5938 8710 10387 12352 21998 17079 26385 27986 9812 26347 13700 24333 3878 29356 16093 16239 29176 21134 18801 22346 24804 19089 23116 25671 31872 11336 8904 8234 28173 14395 27743 19800 20977 11915 30398 27798 9832 21204 31770 19 4726 26455 20423 32681 6432 25433 19207 25184 3291 26822 31776 24884 22341 15642 19377 22296 26899 18817 3141 25146 26186 26173 10281 10889 25267 30025 24955 29045 17032 4156 22660 20213 4980 19823 19528 16335 29115 24674 18778 26900 19892 6492 15093 13545 9600 2130 4681 11405 1782 18186 30739 13208 28125 11905 15472 2177 21086 31625 30963 11875 31672 9910 6389 9217 27446 29563 15404 3079 29535 31377 10112 10899 20332 13208 14361 23539 20223 16897 3261 26801 27153 2347 22873 23244 20780 19404 6365 14409 19931 23187 4429 18154 1888 5644 24085 15678 32676 18371 29854 1242 23668 5804 22302 29157 20713 6850 27060 5082 15144 21487 7604 905 19020 2092 26432 21087 16545 19689 12568 32488 9747 16303 17074 4754 32486 12804 19598 19636 23207 19599 3780 32462 20322 28028 19935 32275 13589 17954 2541 20004 13669 31715 11223 26911 912 20564 7407 18648 20643 5278 31944 5478 20461 27685 26954 7394 24499 8807 3333 30827 10789 6182 26566 621 21137 3017 1384 547 727 16640 5869 12379 27933 19367 8654 31098 5571 493 14734 8383 31129 22965 30613 10444 25680 13628 9532 9570 2863 25340 19493 23148 16391 21713 8397 19519 20585 21083 31588 9504 25878 10915 21212 5126 30135 10497 28224 2210 9423 20797 16455 28829 6125 9972 8489 23073 8230 1085 23217 
8090 18114 17293 14995 190 4662 16600 7937 19659 5971 30201 12665 527 10940 13908 17377 1710 18077 19898 981 24224 30874 1677 30784 761 27654 23332 32041 15981 25686 22128 12752 13075 15317 26592 3322 28009 15001 11907 2953 10393 22965 32621 11599 10234 18096 11099 13348 18906 15158 18330 22838 14203 32014 32292 27809 22107 6732 10509 4928 24248 13768 15645 5826 15188 30670 18367 31744 5750 30487 1049 21389 14385 11768 19325 30863 6632 20442 25856 12750 21266 4842 30824 26891 17211 16914 10316 27795 7499 11047 6006 28436 14347 15716 23948 14766 18405 27671 12016 17485 26092 10650 15332 10295 2076 3717 2802 8417 20194 290 21131 3847 19423 28961 5614 12795 9705 31629 2379 2878 15954 2815 296 8269 15213 18450 28933 3773 7247 28182 15675 9866 14803 22537 25642 32429 22753 22979 17043 14316 12783 14704 30531 25078 4551 23875 10738 13999 30603 361 14698 8137 21495 2620 5356 14996 19943 18106 17615 19991 12313 14133 26218 26463 25651 11339 7988 4119 7944 21017 19242 21337 8727 31660 27249 1220 13908 17080 4669 32207 17452 20365 25841 17756 11459 23878 21896 21905 18560 20036 14899 29667 11979 25819 29251 20339 11029 29770 9034 22942 793 7665 20861 3279 29282 28350 22365 5528 32526 28905 151 4610 3025 1505 19496 23329 19261 7302 6596 3307 30784 6040 18041 16458 30702 30831 31888 11119 18560 8685 15028 7274 24989 18354 22102 503 27097 23950 32079 30363 25980 6972 31431 496 17028 26701 17238 1085 26093 17506 3178 74 7727 32670 29417 14195 7945 22363 29975 19450 27261 19228 17337 23970 19228 15811 11899 21625 17283 14085 12175 19957 5926 22810 23191 24642 20556 24249 12997 10203 26459 13635 11328 21336 28502 1855 23754 8582 27556 19206 8097 1469 13075 10687 12450 26222 1052 21134 692 10748 11881 3593 21860 1485 30100 9708 19917 17312 4402 29965 5819 28961 28176 13202 19472 11706 5308 21345 13670 2733 22855 216 5109 12640 14410 7103 1975 17399 1319 15482 20427 11304 19857 6531 27160 19531 5711 24856 22066 18097 21820 23345 32641 20279 19603 26549 4768 15131 11113 11501 
16899 17166 6011 2617 15837 11146 1066 8962 25408 18277 31428 5615 26246 2215 14341 13404 31985 5017 17118 19976 18830 2078 24692 25869 4447 30022 2412 24086 31416 11041 17510 204 23530 24273 2503 23697 23839 21731 5308 25969 29061 1504 17788 23893 27567 28958 30925 23930 12600 4572 30921 5154 20905 10894 27362 2698 1180 23158 24356 1819 21282 12660 25786 24548 28771 13855 18356 20808 1412 4628 23559 11508 29902 22671 31189 29973 22540 6968 3823 14279 15924 16703 27033 16080 27722 21674 8333 26510 9602 14830 15426 14126 16037 1469 1389 32543 181 25888 7369 9670 7892 19397 16403 26484 17250 23706 24665 9109 30822 16539 28021 2602 28463 24551 31445 15737 27451 12570 8573 15362 21591 4823 17230 9910 13320 25508 5000 14180 8746 19451 2190 31604 25815 28317 6889 9943 18314 29482 30096 4926 28036 7919 31590 16266 9071 28671 17925 25476 29762 28293 442 27599 1380 10328 19152 29211 32276 2768 28690 1434 32264 3801 16011 22456 26452 27461 14992 8455 32654 16743 27137 21112 11312 30685 5067 26321 20029 14253 6321 26715 296 16276 18765 32475 16625 410 23889 6596 15249 16106 28691 2731 20888 5601 9801 9211 2581 13925 24848 12266 32182 12408 8756 21420 32048 4364 1451 13030 30433 16665 29794 26469 24500 23278 29757 8464 9030 27077 14681 539 24391 18329 23700 2942 28194 3388 23375 11686 1248 18596 17522 20842 26697 28037 14001 27968 32077 13350 5134 31409 14499 23149 3743 24586 12720 31547 29330 8789 23722 28672 20846 29575 12285 28806 29339 28923 14574 25873 11557 9759 25470 7850 3773 10094 31121 27064 29697 22942 7503 11984 30205 14618 17099 5582 20721 13746 27874 24357 10324 30353 12647 26483 19482 6768 18557 2393 25395 18442 11075 20873 8020 8912 1463 14624 24057 30685 32724 23095 23211 14124 8702 21172 22142 3337 22688 18790 22751 12229 23316 18770 28044 13742 31171 26439 996 1854 6029 26041 21345 16787 21099 19148 26979 7455 8018 7342 17455 11425 23899 14378 7991 2132 9250 30074 21660 14694 20843 3933 30705 31147 6668 106 3650 7059 8711 19108 1876 11866 24566 23886 
23599 12926 20396 3329 30426 29302 14361 20987 18278 21409 2158 16570 10797 13181 4226 28874 860 9497 6260 17883 13231 8909 7059 20246 19068 2088 10874 12465 6387 26666 14463 19393 2724 5043 22607 6224 26434 25660 11218 26032 24998 7877 2901 29966 6166 782 10215 8778 27080 23306 11523 3847 17826 7825 9584 1022 22084 32597 10086 31895 12104 28951 3058 4282 24520 539 13723 12514 3617 6105 10822 26740 247 25589 1111 6736 14714 9585 32537 27557 743 2594 8800 20745 6993 17504 20845 29129 22945 10498 16657 21885 29916 27018 6422 4064 20644 16028 17626 24287 29442 5813 14141 28400 1890 7449 9661 14757 4831 11533 32480 12929 15809 1351 8147 13834 22084 20387 3408 28447 28828 20759 13252 9868 18485 21993 29362 12508 17983 11807 30546 28271 20842 20024 10879 4556 19182 26649 13776 8247 23759 4170 25604 24711 32095 17250 24739 11314 19460 24512 6882 22186 11067 26492 20423 7916 15325 7837 32655 24405 7586 22925 21069 28600 6371 4042 12243 28079 5540 1757 3797 24366 977 10640 16204 25438 6344 24412 13337 26024 1560 30753 4075 1807 3464 26 31074 12740 5724 4111 31349 2804 10195 28108 28433 14053 27892 4307 18178 9025 9610 24398 7959 19378 10350 14151 30081 11438 23300 6171 32125 22677 16904 44 22067 25337 3979 21207 10461 5692 21048 23206 29227 10081 10716 15302 31462 23580 9510 27323 17365 22315 11435 31570 26845 32489 7980 23511 16235 12833 796 20617 13335 16160 29021 17227 11137 20750 7499 15260 27263 18302 7675 4809 18811 11331 23748 14433 14102 15237 19711 6890 19985 12821 20748 2258 622 22014 28822 7593 10706 27997 17431 3981 25390 6002 14750 28901 8606 15350 5840 14930 24210 1199 23596 12514 14123 5443 28052 31879 30952 30026 9225 712 24961 24742 11447 22967 5651 29207 22833 26403 5502 23562 17661 14 10763 9138 29779 7265 7763 4698 20514 29407 14684 20730 9044 4440 17924 25096 32083 17695 10659 28048 7628 26558 19948 4999 19891 25575 25108 14429 18823 1710 14135 32721 8407 28918 15351 27145 12037 15657 23398 18146 4426 11565 17190 29573 15866 29843 
21710 5691 8457 29457 18064 19586 25039 29490 14105 32608 13832 16716 14521 20983 26143 11955 6084 24154 26284 21804 24632 13471 11067 11940 26271 20533 5711 21794 22583 30584 10918 32507 5713 14723 25023 2885 24823 32325 19354 12941 5329 23768 23487 12237 74 11277 1921 30104 5102 332 6532 17304 29206 4507 24189 12346 8648 10492 3897 31400 26841 11260 7137 14584 4436 22409 15484 13986 7712 13060 27317 5944 13020 26775 10462 4433 13070 30665 14902 21959 23677 30287 12391 30498 24795 21285 29267 25939 17063 20446 8208 20902 31058 9273 30769 3826 8353 32756 8776 16914 14162 24293 681 30361 12546 25414 31600 27586 24398 10833 16069 11686 30265 20237 5726 20146 12237 3943 17478 21847 21254 18308 24797 12803 8683 14166 23073 20817 29438 18029 30763 7805 31190 14864 2812 2586 779 4493 9594 26887 10066 31949 2486 16287 14825 8491 10864 19760 30262 8326 26077 27566 12459 5781 23976 6057 3820 123 4150 13437 2868 17052 5934 24777 18165 16558 12089 28450 28862 15379 27910 22280 16738 27750 17298 12824 21591 1620 16294 6532 24412 9389 7329 30657 3422 18362 5751 8831 157 24274 7418 20702 16395 4136 19544 16863 5108 13031 20197 10008 5604 12161 3099 10157 30662 14915 18655 3963 17993 7214 7430 32406 10888 32258 25112 11510 28393 27035 32596 5741 19269 30080 14068 8924 15434 20154 22706 7847 27166 5346 32138 5990 25157 15486 12482 28894 10437 27534 10792 17967 25736 1121 32155 27470 11009 21165 25548 8886 12051 3807 70 23387 22318 11184 18604 2784 32443 8697 28994 30729 26298 11976 687 2419 6569 14259 32002 27779 18088 18796 11250 10396 22492 25750 4202 29333 18449 3287 837 21610 31651 20015 30038 32049 8350 11400 28843 19792 23076 12686 16146 29422 15119 3264 23005 10919 21464 31175 1763 30852 22456 24839 18119 27946 7436 26229 30845 19281 31998 23208 22025 8568 22114 16946 11914 11223 14302 26416 376 4758 30030 10528 24362 22588 11366 32499 12955 3178 31897 24419 22637 5833 30266 903 10030 11841 1250 14245 19675 20588 22801 11847 9634 19786 5400 2449 28652 15158 16694 3793 
411 26392 19201 14424 25232 5341 5127 6537 28785 9252 21430 18735 28585 27962 20601 17940 11696 27209 13348 2511 6284 204 32658 15837 28568 32582 24972 18163 29060 9012 29933 6803 11165 15168 10756 4830 20046 14775 24378 13481 10983 19261 27893 7122 16030 17856 10428 468 28372 938 9115 4762 23193 32603 10185 913 25969 17110 14728 8449 24408 32698 8013 17821 28165 25461 13601 28761 7020 31668 3911 27771 11654 16157 12319 16373 11092 3649 21834 21490 13090 16588 8207 2991 1545 4863 7421 15756 27831 1889 28370 16995 22899 4273 8348 3864 27483 6174 25374 3185 14064 13243 14709 8488 30677 8493 22780 8767 4052 22694 16492 7572 30498 19480 19016 12981 484 9890 15992 28149 7921 8271 10035 22976 29658 14847 27939 14891 31272 30117 32452 9935 484 24243 1806 30424 15709 30419 30547 13145 14885 23256 26730 995 27485 13300 5901 18773 10546 18731 32640 23285 18856 17671 23667 6592 13975 910 3370 19967 9458 31857 9947 795 20815 7558 13656 21938 26020 10616 28397 26602 27727 28350 24460 28678 29786 27337 20263 5431 19196 11650 26462 3764 28259 4339 23642 14604 7600 6468 7417 5563 10820 4330 20011 26876 28218 13595 5532 27103 3124 1669 30611 14491 23643 4671 19482 3877 10913 18176 3935 24578 10826 10895 4442 22361 17066 890 18608 29260 6448 19211 19671 8328 31907 31608 15227 9243 5548 3674 3361 9095 149 16224 7435 8724 13392 26437 26715 21098 23227 767 18555 30558 32290 15162 11451 18189 12293 4 5948 1063 3356 3274 24846 16782 17049 26755 2453 1056 30893 13867 5425 14032 17997 26995 16157 9468 4662 13239 664 28411 1327 15664 16195 11509 29070 32363 31947 13303 21501 19961 4551 12614 20862 30313 12772 4084 22189 26739 10047 23730 15429 23926 15122 7141 5350 32293 4499 17916 2070 24956 32025 24064 24197 30714 3201 22124 9109 14090 22736 14400 25 6338 22041 16465 12893 17359 11170 26339 18280 28592 22338 1401 31101 22819 8205 3820 22504 23261 7220 3515 7159 32382 20006 23714 20294 6596 7419 19822 10047 19455 11283 12815 14818 28613 22010 31727 28610 21734 
20111 25986 22352 22178 12390 23071 15708 8730 31082 4110 11993 16645 15047 2274 18401 15524 7 27656 29689 27896 12666 28577 917 18482 30172 17293 15071 18027 22322 13000 15796 11669 12021 28410 31983 22962 7538 14921 2283 21828 4209 25458 27971 22020 7445 18456 31196 29142 12547 20828 7462 8189 24262 7853 13214 23179 18803 21217 28824 29724 29576 14213 17467 30148 29978 10866 25293 6470 23856 2465 20785 13191 17002 4417 6829 9026 18150 24582 5105 6140 4963 5571 20309 17723 3495 16443 9827 22003 19999 2613 31893 13377 6342 24782 8031 31067 23879 787 26480 6600 614 12239 32566 8652 156 26018 29344 5671 4097 26963 27687 19711 28016 1639 17167 21274 31461 15859 16106 12624 16169 22446 13407 9792 2226 2378 24361 10307 14276 10245 7522 17310 29661 6267 28674 10492 20560 28862 25763 27 9264 168 19591 21189 6511 13424 25819 9218 14151 1404 21565 1932 27609 28022 8573 19843 22805 4002 1952 5730 26841 3183 19243 25394 27741 13132 29854 30205 19150 1724 5182 5766 825 18093 29463 3895 1451 29958 21826 30299 10135 2175 12644 6029 14199 16821 375 4464 29622 22142 4301 31649 26830 26489 27473 10474 31406 29674 21009 22969 7518 16325 22777 29392 229 24585 4577 3133 13419 24911 26827 27789 1179 15523 5477 17469 6475 3730 17878 15729 5727 17540 26294 13288 17386 13389 11358 10544 407 20990 16739 18710 2376 30721 15965 4705 17660 30053 20205 30656 15350 22134 10238 3328 23324 7057 13130 5250 7325 21046 5152 237 21206 17503 26981 16160 6775 12816 28890 23659 14305 18736 28572 23806 25555 20375 1009 22177 19270 13160 17473 9126 18069 30113 20323 16924 3041 8944 12827 13126 24756 20169 17888 28492 3812 17589 27874 16687 8379 25581 20299 7938 10324 22823 32197 21080 5704 10928 7485 1273 25483 19131 32743 1497 4752 9209 20355 23114 19380 21609 11486 28528 6361 2674 26779 32757 1105 14383 14643 511 7935 4362 4667 12639 12728 1420 230 2572 7663 12659 12746 18127 12690 28677 999 14399 29231 2725 19685 2032 9051 13732 12957 15336 3156 20313 15835 3666 16613 5492 
2658 28023 29066 17551 14385 14313 1749 22022 517 2305 3088 20489 7455 10636 11556 23535 17991 30914 19386 5837 8209 24952 28575 20552 18015 12182 5741 11175 15143 22986 9832 22317 4215 4990 2214 19877 29622 15112 11891 22078 32300 30753 1523 13977 28357 7833 8713 19233 12561 10569 6520 31131 21904 24904 24904 12797 24365 1378 9836 29060 2568 1477 27297 31745 28536 10238 26777 16244 11089 10020 857 5595 26210 9299 17632 22860 27202 31580 12297 32322 8781 20411 27058 10293 11753 26058 32030 27757 26638 7220 16280 14103 2053 6571 5977 1689 16239 734 10668 28963 31114 19621 13392 10374 8112 32383 5662 28746 1824 31039 19179 14842 27649 5634 24240 23491 7588 12644 7145 5438 16394 30452 31034 22153 18086 229 2648 32156 3171 8198 30759 32218 11497 24564 17440 9703 796 7053 23286 30650 28902 13737 14969 18163 21559 18949 11962 4462 19786 27264 27248 17944 14889 15498 32410 28161 2931 2777 30054 27571 22109 8029 5202 17603 18423 31095 2449 10661 23985 13414 2224 12228 1821 12802 6777 29138 5366 23980 9240 2653 6498 7045 27004 7332 7540 14302 3840 24488 20469 27376 24139 24454 4452 17613 21108 26883 315 5527 12138 21353 28788 9712 10388 7314 23884 21425 23220 2882 23623 26335 7441 19386 4724 13019 28117 14985 9458 22488 32180 20902 16819 14482 7886 27580 9600 30782 6871 20933 17213 5308 13429 18138 28783 28948 22505 1609 15099 25632 16114 26601 19504 8070 3054 7850 32008 746 8259 17776 32683 12129 12797 11810 16949 28456 25785 9981 28345 17814 27073 10799 11398 15183 27512 11169 1705 15035 18425 30996 7091 4278 24315 24687 31420 25993 30456 4183 20903 16921 32142 26369 20648 30047 10021 9028 26372 28184 12754 11251 15640 23742 20347 24937 3997 12726 31548 11621 20522 19403 15882 17689 12026 27355 9878 20861 29168 15056 30836 29161 15576 2770 22141 19683 12016 1212 27762 9014 31143 30924 23522 6468 21668 4510 28749 10908 29450 1115 24201 31695 24059 4398 4965 32384 22619 26615 21901 7099 12246 17732 16045 22664 7972 23421 20441 10431 9611 23646 9517 25629 30630 13994 
3248 4504 28006 23582 1150 31984 4438 9124 25639 19079 13603 7114 13650 32114 12123 24946 32678 9168 9845 20171 3050 7514 3346 5760 25194 12348 13186 7983 2205 24612 4746 13084 16902 15256 13156 22567 22616 5004 22792 25595 11997 20788 20138 8329 9496 24087 32644 5301 3242 21093 15317 17742 13938 23946 20266 580 23288 7427 19420 5141 25100 21872 12250 23945 19882 16875 18088 17823 19489 28057 27816 32199 13684 19326 6041 30801 30721 150 18525 8998 14432 5153 18943 15030 10382 31294 25076 18737 23115 11451 21921 9722 4288 17964 26910 2393 21861 21306 15162 2160 21538 20030 8895 3440 17077 30991 28919 8204 22355 2327 15726 4654 4754 22957 7930 25833 24710 6303 30201 31152 21802 8461 11226 25541 2050 30846 3039 28147 21247 8749 6432 10368 30883 15524 1492 4958 30053 7564 12236 14497 87 24516 17984 19254 32518 6064 31950 7633 28834 8660 28608 1575 5215 16289 7566 94 20250 30350 6563 9921 5184 25963 23652 20921 21996 1010 21615 29688 16463 160 7456 1784 17493 12483 32346 7076 13701 18131 6532 25429 32554 17157 26577 17663 13488 21022 28101 21165 336 3717 18421 13098 15088 22429 29966 21505 7236 13137 280 30632 27194 28145 30204 29689 2197 27708 13636 13537 16855 25534 7971 22364 18021 27996 10933 28833 9958 9773 21383 21913 19948 21131 90 30358 15574 14186 18212 9026 4085 7657 12888 19158 3565 13607 27495 3212 18014 18008 28295 11350 964 28440 11187 16336 5276 22014 14579 10099 12233 3445 31197 10252 30773 6343 24668 14445 25531 18299 10928 22371 2373 23265 17078 32232 6705 10731 8810 409 2810 14142 25002 31594 12052 28041 20797 1688 19479 30230 18195 27615 26656 23967 32718 3310 22388 31586 14722 9240 19815 20087 27577 11340 29821 17762 16571 1351 20942 9189 13324 10248 30639 31512 31285 32644 19342 26555 5575 14748 25374 2762 15774 9292 15541 28754 30819 27429 22258 22660 4436 18685 27554 5895 19016 485 20964 31891 28397 14683 19340 32444 11605 30913 16838 4619 22449 31246 13564 27219 29532 2756 25593 5442 14619 6946 28238 9015 27299 19866 30196 21075 
8539 6789 1076 28627 31332 23574 13764 25501 17367 22156 29235 6680 3917 4268 12934 16449 19877 4207 6948 1532 22529 20472 27887 23207 2578 32456 4532 22517 20886 25397 18373 20218 22302 28696 12516 11138 9237 25287 18531 8615 27134 32067 1162 22947 20221 12466 10041 3554 25497 19471 462 20316 9664 800 12361 25633 13579 25000 4015 29749 7236 32479 29612 30879 21542 1311 24443 8381 25443 25056 17931 8666 16364 12774 5466 9474 21868 15801 4389 18197 21781 6742 16580 24347 12960 16932 29776 32471 29327 14889 9478 24991 11702 6014 13552 15723 28153 30976 20930 10795 18519 18761 32514 4958 22568 23775 2923 26592 32674 16554 30100 31747 4514 19628 973 20962 18602 20204 4937 15346 12069 25267 25219 3546 23795 18427 23258 20357 11809 20261 7550 9845 22264 11498 22416 26970 31034 19092 8581 4579 7848 26222 28108 212 15559 6265 19120 18521 9700 3936 31615 28825 2902 6574 11500 27279 29955 20287 18610 9493 21030 28404 11386 30786 1871 17579 18431 23286 7595 11119 26224 5811 30597 32747 10006 28079 11789 5925 26934 26407 31832 3433 12089 13813 23465 386 15626 28005 13551 4145 30144 30789 19342 9175 15485 1595 17762 27765 23701 25436 29697 5078 15603 28153 17217 523 25273 7868 28923 17944 1831 22260 29198 30445 17598 26926 10406 8344 8101 4101 20414 4536 27979 18235 16355 7477 24398 15112 28987 9262 13724 16817 24263 31795 23512 4957 12005 1461 30207 13349 17689 1722 8267 17514 8460 7637 26199 11115 11989 24918 13701 20502 27768 32446 20125 21535 2220 28278 31414 1360 24290 4032 1882 31008 29826 16621 19941 1670 23416 18385 18990 4623 7663 7796 1129 24623 5980 30730 21068 25044 24255 4645 13169 12097 9766 9770 19708 9498 13170 3841 18557 22459 22109 30481 6680 20686 32700 8812 29155 19229 24066 10566 23695 24740 8966 13996 22347 24299 22278 8051 23269 13715 23787 25966 8754 13102 3022 31460 12209 1108 444 23104 22123 10483 5046 17931 18973 21478 32508 17688 31385 26825 16268 12030 15978 3084 12261 23755 4279 31047 22032 20983 26218 5069 481 29079 24208 25988 8315 5075 
20995 32756 26898 3994 1607 29597 18165 3221 1971 20878 9419 12633 28369 27443 32028 480 5383 17519 21524 570 31862 27626 32388 29056 28450 11693 23082 12554 6483 21484 23346 11233 9020 27170 4860 21111 3547 13924 5152 32406 22304 23790 22448 21399 10577 25091 1981 28372 6573 32244 21276 31840 14928 30590 11881 1013 854 30808 9805 557 22339 4109 9981 8693 9891 22792 23811 10815 30445 29677 4929 29688 20653 19760 12851 31802 22754 24800 17524 26306 6565 28867 9348 1188 15884 24744 14280 13117 17742 11513 23250 10090 28968 12176 25315 30967 29567 9931 22702 603 8006 13027 20575 26786 8354 15737 732 24490 76 32626 3147 32402 30264 6405 29652 14448 20340 28690 24744 19778 27474 18614 8258 18216 5065 19484 25069 22480 13593 29078 19334 10801 14510 32236 19331 31868 1863 3316 19508 5711 30295 22882 11337 28460 9387 14050 8341 6443 2638 29284 25361 17387 16298 3255 21284 27598 16367 858 27425 2406 10937 7055 12050 21802 18669 25520 30900 29550 22755 24262 17602 7314 26059 3672 25974 5497 11849 20097 15950 3132 24163 14405 27916 11552 8349 32293 1024 966 19042 30449 14729 31906 10150 19166 12506 6830 10698 30425 16378 13664 32192 6682 22286 21209 19823 16891 27867 29279 12377 10251 5255 23309 3963 5726 8351 17097 116 26152 30559 24951 23530 19594 31789 17516 4906 27052 12902 30246 2318 19980 32093 20026 29220 27158 8609 32141 12 7156 27519 10951 23586 20391 7880 13061 13662 25943 5077 25295 25976 20967 9671 15177 29007 11725 22035 6061 26763 9761 18751 18168 26753 1011 230 28132 18008 15842 30466 17687 9322 18410 32363 1946 30445 5502 3226 9612 15315 471 20659 3864 27118 4747 15299 11172 23384 18529 24133 20811 14098 29284 16108 20622 7659 14134 3740 26694 7844 18599 23993 13789 13649 30086 13989 30142 23042 3512 16772 10250 25251 19590 21827 28045 15393 15675 6616 12528 16079 19951 8139 28720 8711 1182 4341 14927 21268 2685 24200 13641 13135 397 4175 16457 393 22640 6455 1565 29353 4220 21775 5095 15766 10766 5004 18454 7768 11040 21648 11669 5242 29726 
6571 5954 24754 22262 28899 4002 1476 9327 7344 28883 20643 9147 32075 14530 11225 10319 7976 28062 16938 14834 4801 9868 13428 788 29078 3228 26330 31074 13426 26619 10529 29847 16111 3435 15962 10133 17468 16369 1986 12212 26910 23245 22246 11866 18229 22447 11019 8396 13697 1320 24012 27203 31269 351 773 17475 18794 19717 32752 2344 13830 2699 7566 3330 30367 15762 6729 30882 9355 7843 32471 23285 22490 22304 14945 25745 17558 14714 18917 398 15689 18853 28377 17815 16064 10697 14609 24128 26895 16187 26594 32666 2517 9131 26248 32518 7105 13983 26565 4166 24405 25376 25803 22746 28906 28082 860 19849 32757 24202 10032 3646 2952 23548 12951 13333 18460 2355 14943 17846 4749 15652 12536 17890 5222 9668 19670 4171 32095 11129 11799 30889 30244 10447 1894 24586 12376 19053 19999 13417 14298 11079 13747 3715 26951 277 31311 25062 12736 27907 16056 29515 31725 17578 378 2341 28225 26431 27969 2682 24192 29450 2183 32754 7807 28442 2159 11054 1580 15672 19185 10330 24269 26649 15416 19974 5005 8664 11080 16177 19252 1699 20964 25511 20278 30644 5039 14990 25583 8834 14481 15163 30253 2105 9820 14410 16879 6504 23984 30957 22124 14842 15900 31876 6999 16744 21893 7278 15202 19245 16076 31 6145 27513 21419 6003 10864 7209 13792 3906 30199 30199 29582 29749 28525 2542 19168 30680 32251 28450 20719 3056 31010 22685 32742 18446 18431 18332 28772 19812 1486 11772 16929 7384 20398 5359 30677 4951 8099 7155 19029 108 22753 25605 14079 2833 26952 15121 19801 22725 9259 7086 32757 10974 14933 21768 31896 26145 29518 28445 20378 14480 3034 7981 22160 20867 24003 24683 17961 24570 13528 1273 18262 19250 30006 21267 28590 22902 30406 651 6416 14648 14855 11893 23690 8288 23054 3875 13433 30180 24523 4180 2546 14745 23181 6056 12641 7753 25032 3927 6768 2565 25623 2339 14123 28860 26493 3467 24161 15629 7920 27458 11597 15194 31000 6879 11381 15134 3156 2774 15315 23168 1022 26535 2611 12328 29424 13397 7132 18257 12102 18202 9330 8735 7014 32345 14363 13875 62 16852 
6113 6014 23757 9247 7512 17746 20197 14421 2432 19903 31023 28681 15084 15132 2671 5503 3876 32740 18953 13852 29513 21700 19909 4380 26615 15601 15567 24195 31855 9407 17410 598 1270 20080 8037 10 4216 329 23798 16957 24945 12012 15527 2724 28174 737 20903 7749 11151 4214 18658 486 10479 4809 30923 23237 15559 29475 7769 18313 19056 2439 27471 17785 25191 19339 18881 30188 16886 23911 30932 22528 30225 14668 26309 19087 9599 24823 27693 27231 17978 19845 19587 8345 16919 4489 8162 30077 20137 24924 2572 31571 31843 30132 25264 26021 16638 31864 13032 8363 282 3027 11270 32007 23848 19336 31632 17331 17799 18565 8329 17975 6637 9914 9714 16159 22537 9515 26257 5804 7527 10308 15857 24522 147 15981 19114 8514 1409 21215 9698 16177 12588 694 13332 6329 126 18503 29457 11766 18032 28851 26948 25139 13682 4029 6713 11870 6157 26072 9313 22458 31943 27780 27663 32468 22855 31963 30663 6840 26809 17511 25016 13412 18804 31799 647 30333 7642 5682 14670 25921 13440 21675 29925 21181 31632 53 25184 25408 17259 12216 25816 13839 5266 22212 14959 1626 7366 3622 29326 22639 30574 19129 6513 1838 21818 30335 15590 17853 18182 8176 11857 27005 12289 13202 9716 4156 8974 29642 11117 30380 12138 8946 26496 4883 24719 5035 17175 18501 30041 4981 30599 17616 4712 25469 29717 25206 29637 13237 15545 6624 25032 21546 9762 24208 27961 4243 4857 30488 14005 27173 5738 9609 17747 9135 8161 13359 12424 21474 5137 14971 8520 29168 30523 11841 28270 4186 3245 5412 22622 14850 3977 27214 10217 9608 26823 3172 13425 13011 1661 18360 5453 26350 14430 20673 622 23062 13697 17097 10307 19473 12133 30438 29403 21185 5681 18219 5194 22264 29248 4639 19021 21390 30428 4718 10033 2737 12874 24287 25072 9597 32520 9862 29086 29132 6738 32059 30723 12880 1002 19531 16266 13535 2841 15213 20570 8973 11505 9719 24770 16640 10198 28753 9434 3712 26685 20906 16743 32334 12978 26091 26112 14263 12064 7145 21103 5736 14669 21471 19290 23684 6820 16923 16931 19188 4407 27127 13324 5119 
18436 17675 1183 23578 9335 27297 22349 15617 3377 19305 11349 32518 3592 21871 17639 31913 32079 5193 4745 25706 1623 8597 13755 19675 15669 31139 20438 20217 8134 2158 11322 6844 10225 721 1192 14829 21292 24567 25837 30008 17218 1812 29121 3970 23635 1362 5870 19325 1052 24591 24757 28537 26232 22341 1133 15229 25383 11337 23661 1430 2255 16569 23340 28783 16704 8623 14759 28706 4860 21307 25859 4430 7159 28689 28532 13930 10651 29054 2141 16216 4623 13217 16313 20285 12985 2519 6329 9361 14338 30583 12206 14194 4697 24768 30506 4670 15482 18447 20578 6240 14064 27477 727 12138 23768 21961 22326 32357 30185 14810 22908 14180 10673 10088 1629 8032 14369 29235 26599 18495 6988 23700 25955 12598 30316 23147 19068 16721 30246 88 18851 20560 1551 29486 32177 12725 32622 27556 11982 30235 13636 8782 24210 22217 393 14284 24427 32647 14265 27970 31551 10929 8335 16648 27986 17289 25360 17314 13161 721 32460 14578 31280 14746 15201 22956 10457 15959 12608 18699 20486 12341 20404 4802 32745 1199 1056 17718 18857 4956 26248 31722 28680 5132 3922 28218 2884 17172 31310 22093 9274 8166 6901 17477 2769 31205 1518 12728 27542 16247 21463 26980 26788 17243 8513 5918 14791 27709 20476 5132 6113 647 28054 17172 30604 4219 25374 4500 22272 2175 21037 28756 9016 9655 17192 22713 30800 15065 2239 12859 16690 25405 31929 11288 31345 18996 31220 24394 7285 31899 14247 19639 28889 30896 27115 2985 22289 28708 19322 15485 15440 28785 29878 5023 19112 25965 9197 4278 4980 10783 23259 13851 14579 7122 30064 21648 23349 25449 7636 16175 19515 26866 16809 31648 20314 9598 27792 17039 26592 18223 11246 25693 31482 23442 24560 26134 18645 29743 7628 27300 260 31071 1866 15426 30242 8030 15236 2611 13496 12705 17641 11955 352 10346 10376 4398 555 15513 31372 30896 5953 28101 7170 25245 9927 11915 1507 12706 24582 11046 17742 18667 14793 24128 3349 26518 12294 26632 123 22632 1217 23429 6972 18879 2094 30250 23246 25032 11286 30122 3303 25330 26235 14 26431 29859 10111 20996 19607 25641 
26242 10106 25338 29171 2699 4715 24387 32513 12777 13305 10719 11929 7450 3005 16596 20540 16619 20827 31490 9688 17377 3161 4265 23103 27352 24113 3372 15320 14570 12964 3605 3988 18066 19026 29528 4132 5137 21384 25820 28010 23313 1369 20791 24621 9097 28912 18874 9744 8160 32036 24493 31173 5205 16461 26331 23422 19870 11350 16722 15780 27343 16660 6244 27084 32382 14550 9969 12775 19237 25406 30953 16824 7879 8783 17420 9356 4567 15814 15860 21285 11605 174 4950 24055 15418 21807 25733 1943 19478 21159 27447 25456 8440 29180 11660 19640 8334 23600 25164 18850 30861 1845 27248 11989 1107 5379 997 5918 13772 10473 6540 865 1426 10016 21637 14038 11864 4774 21165 9073 14216 32073 9829 31394 4907 15874 918 13887 21258 24965 15858 11711 14610 2326 31868 2984 9981 11166 17994 14154 12591 27902 19593 1710 22750 32675 5571 19658 12662 17499 28253 6134 30012 7271 16996 13476 19761 8657 17545 18507 20537 14848 1641 6308 32124 13961 26130 21273 13837 30792 29891 26747 31178 18608 15092 20723 27523 23903 32150 19515 24670 14837 26780 29197 32377 25639 17082 9948 11986 7695 3693 18627 26212 6854 15419 10427 2707 24885 21052 9232 29898 20776 11481 29206 22883 32420 15572 31256 5575 22395 26249 17809 10710 18205 26227 25246 24713 19633 24305 19124 27605 14181 29514 8590 30675 32002 5103 24682 31007 24259 24577 16757 14974 20583 16403 32644 28099 21893 7729 15876 17395 18720 24353 11572 20647 17275 232 16018 15538 4654 657 32146 3076 30330 31017 24726 31438 7642 30222 9755 13799 2266 8810 4656 29295 21548 13306 8237 10418 6137 7956 31905 30286 20853 10728 23436 27545 2742 17670 32463 18493 13510 19744 224 27429 26615 6673 14274 31133 32374 32543 17461 436 15651 8317 8490 7141 32416 16916 18297 20471 5288 29572 14806 16674 21411 15717 3330 25971 31863 13266 16446 19570 30880 4648 31237 14593 7299 17419 31994 4743 25599 32682 26912 29006 23878 21828 7497 18986 13803 22508 19665 32092 7740 17289 7563 19637 30417 17440 25084 31999 31845 16982 17351 9880 26085 22832 29289 31072 10439 
22814 10790 30677 22429 31800 10051 28029 20202 12231 22902 9349 9268 5895 27547 7847 2906 11051 29608 21841 9768 7330 24291 17667 29225 22937 28243 18424 18620 24001 22388 1034 9578 12114 23855 28624 9847 11600 29960 13065 31671 4877 19610 26173 14243 21743 17216 30113 13996 14963 11286 11068 4304 22898 27680 9288 18794 22179 18632 13787 12622 3938 31374 1222 12053 4271 22523 21693 25014 32634 11478 21177 20823 22046 4507 24219 8802 6955 22313 6162 32474 30056 23227 12990 10736 16664 22041 21910 29137 2685 16 2439 29635 4507 4383 31581 26224 15166 115 5351 24193 4926 3350 12630 16751 17410 26467 28903 23190 10051 3773 28610 18060 21522 14208 25633 10416 19997 19768 26548 24326 14894 25873 28741 10306 15348 13455 15256 28706 24838 24703 12949 13825 15653 14382 1960 16810 7105 12504 5225 6762 27327 13667 14968 29801 17018 7757 19371 2105 12040 26084 15724 2224 7870 27829 11100 10995 6646 25158 27965 29908 10255 9736 17422 17758 1462 13447 25207 19373 4196 29924 21608 24580 2856 31365 2558 29465 8359 3851 2470 1971 18017 6276 3460 27255 25910 12258 4118 7167 27432 31661 3092 8493 10850 8948 29595 11711 10618 27785 8843 23843 18675 24174 20526 28044 25094 29066 17434 12613 17057 11680 21080 10822 10929 16770 25285 1029 11933 27522 1977 24462 8978 17962 26599 9686 30214 19757 32644 21580 6391 11932 31916 30642 24692 15453 15105 18731 31967 4570 8853 8597 28785 16886 28170 14104 9854 8517 7159 22783 4091 124 3982 7623 26941 27430 9340 14198 3331 16025 14865 25135 30903 11561 31137 8450 26097 411 23594 15624 7485 14045 13110 15024 26142 14324 14595 14676 14419 23605 27618 28944 4696 29624 14557 17107 6448 30730 14748 3766 25954 13602 2442 17549 8514 32406 30259 25276 23665 17679 3824 22349 14503 8187 22471 30527 21424 8065 9101 32 4789 31418 22861 22494 12989 28190 10478 32474 17011 24124 29455 26686 26922 4783 26678 11409 7966 7501 9002 19080 15101 16801 17053 27167 30886 28828 17934 21993 23856 11399 12782 7844 7214 26940 16130 7441 25137 15510 6408 17923 10383 29478 
28829 1205 30307 23847 25694 3936 13013 26548 1358 27149 27804 22073 31352 2984 15041 12328 2005 22871 6821 14061 31855 27658 28485 30755 19399 21586 1469 20488 22132 20598 17163 28718 9742 10436 24342 15988 8266 9765 20719 8245 30054 22260 20566 1471 19912 5648 4224 18951 31458 2096 6167 15003 12120 887 23171 23511 613 5449 30312 15708 17019 6748 15727 29374 23337 7442 26954 1149 21058 28166 8690 27959 8252 10980 14643 30491 26582 10111 16235 3489 20733 27933 21903 22392 2801 17429 24686 11456 14756 31645 314 15738 21091 25565 30532 31805 11191 11848 20231 8490 17550 10283 616 22818 1686 902 28220 30006 2026 8732 16651 11870 4080 5830 18195 20846 25473 20748 14224 26439 7243 9974 26427 11594 3956 12576 1041 29203 1920 11533 15957 10851 21877 22973 728 21085 32061 642 10872 28406 331 11279 17127 17319 4482 6098 21678 4196 8530 4484 19057 27602 10532 15102 23924 3509 5880 19022 11102 7591 12876 28170 22845 23056 30528 19428 26571 11090 11513 19839 7408 30532 15171 12161 9863 18658 890 1770 23141 8259 16554 12452 14231 32459 13045 24410 3308 929 6709 15246 26804 11363 17379 18918 13766 3609 12344 3015 10696 6760 4753 3621 26794 17673 12568 23194 372 7545 26529 32437 10306 12529 20946 7572 20876 18584 24711 16309 4779 22520 24180 21769 27545 12206 10253 7498 24057 18534 6818 27279 30039 14855 32463 29214 9392 13099 29203 8065 7477 1234 5055 7644 588 5719 30994 2941 7896 21923 11426 2997 32698 30624 15613 10982 6040 7408 7825 18654 20444 12000 25801 32099 11008 2199 5753 11023 23562 16532 8572 13407 30546 9815 12700 1798 8331 18525 28337 29063 23041 5714 26125 30466 22816 29571 8984 5454 1078 19858 15160 12617 32122 2925 20724 7532 24396 26752 21080 28323 3518 4138 30363 4955 16724 3438 16127 24796 12040 25324 32505 2777 29073 24335 12178 14661 6117 135 4621 12393 31997 32506 26058 16180 19672 19446 13674 26578 23234 8235 32564 30336 11478 26839 15543 31390 24770 10625 3505 22021 19914 9706 2608 22172 2064 26689 32759 3622 10514 30614 7971 23646 
372 21137 23055 24390 6144 612 31860 15804 6635 23038 15829 78 8281 13697 21274 27727 28452 19959 17275 5418 4313 30017 1183 6135 29700 20047 8709 13644 28078 21911 29604 15702 17699 19903 10190 552 11513 25757 9306 17490 19789 9314 770 19894 17232 1298 11530 11927 14851 12856 23075 20723 62 22743 30350 22035 16375 4515 13444 29280 15041 15217 19670 15224 12179 23021 13009 7297 19915 19595 16228 25790 22898 29120 6021 9311 25794 2673 20944 19358 17125 29100 8049 16391 6144 31894 31813 23575 10864 5796 10812 3337 22868 28174 31746 749 23627 17537 13022 9978 12415 14357 29658 19493 22242 6270 6180 19955 18359 7302 23732 4491 16213 3003 13615 7439 18471 12388 17931 14636 9720 9658 18933 20720 1645 22101 26223 988 6867 16101 13246 7739 32539 18722 31747 27570 4643 21254 30120 6167 9016 13881 31997 4742 6360 25549 4387 9906 29884 26667 6186 16506 22806 27469 11894 3517 29463 302 1383 29294 28340 24191 5433 747 22442 17820 9768 30858 3007 16318 29912 21621 8779 30322 30197 9401 27896 16714 32022 8089 30150 15314 19176 2344 7762 30661 18056 5911 17495 8065 26160 18123 3957 7353 2838 22962 19505 5994 21649 27608 30782 24848 11902 22709 25595 8217 7906 25162 3388 20378 5841 20076 5965 26433 19086 28255 1076 16267 21747 17574 4919 1590 10771 15642 26782 22266 7455 11066 25274 19572 32134 706 16422 7523 3936 32383 31565 6678 25357 10593 32556 7717 20505 32210 6490 19040 5987 3910 19781 6917 28799 29203 27838 11830 1624 21892 6584 20137 10010 1064 5452 5794 11087 15984 1 16158 22600 9081 28491 28497 16830 7207 31825 8275 28345 31859 12275 26903 17841 20230 28684 18076 1011 32518 20980 13415 17479 21552 30282 10544 22736 29991 20976 19420 31795 25611 2134 29867 7676 10574 15100 20147 20029 8387 29234 11661 3191 7416 803 27470 32190 21702 5905 25272 19993 20262 14306 22962 16680 16710 1500 28662 13833 4829 31405 26122 8827 31931 23982 20593 18756 30116 19816 2850 12241 24926 600 313 5917 13833 12015 7405 31700 2991 8413 29634 25015 18972 1935 767 
28226 26864 1014 4195 5772 30194 25995 788 25712 21927 14480 18648 5866 29220 2456 7047 8643 19488 585 15041 20593 8781 17249 28124 4153 8937 8183 25120 9622 23439 7684 14647 20702 23380 24609 23519 9763 15119 23698 25826 7255 32760 1412 14408 6068 3189 18067 6859 29531 4912 31631 23947 20028 16493 17536 29187 7989 3483 23271 31292 21630 29480 19527 10560 580 27802 15844 2002 25748 732 7627 29020 14459 20693 25874 23849 12396 13887 20321 18388 2017 11447 11186 20737 31301 29456 10836 24906 8466 749 19510 27773 32055 1167 22370 9220 12220 13547 29896 11684 9640 29184 23357 12907 15139 24935 11203 23011 6616 25900 25355 1420 22173 21212 1080 24713 4694 8415 24806 6042 8726 32264 8811 19786 648 1899 30812 7786 6798 4207 4180 19133 4391 12580 15088 22005 14998 3798 25118 13534 24769 4834 13464 23258 27351 968 10923 15245 10293 13442 18493 5337 17035 15892 16398 5389 6970 30565 23614 12633 6145 8013 20496 16518 8921 27887 22253 11747 24861 31305 17580 22659 26094 15625 27408 29349 25558 418 30866 30068 8619 7328 13409 31985 14007 17976 15272 8237 21013 21540 9231 6587 4446 17838 10116 21605 10886 22026 15675 12318 27904 2280 17395 4920 24105 25930 8572 7127 29923 21139 31606 1446 14464 19425 27995 6088 18147 23965 24512 12050 1505 8529 25815 14455 1005 11193 15929 12227 19445 8476 28642 30349 12423 25564 1149 5990 21048 4429 26339 18775 25926 16579 29918 18315 31356 14575 12082 20808 20310 3947 10974 26148 26982 26259 10143 4725 246 15767 28598 24585 32495 1742 25835 16151 4602 30797 24274 31606 7908 19129 15949 4621 4167 23129 23122 31371 18791 24175 10734 14680 16474 10953 20362 19915 876 12179 26990 20637 11713 11119 19331 22173 3900 17352 1629 27558 2976 30562 24440 14798 29941 7990 7874 12513 25902 29054 21850 16910 23304 15116 408 991 7733 17119 13389 21103 11962 3064 6988 16343 17302 26986 5417 26857 7332 6321 12864 545 11202 22084 18169 12504 22835 8302 29515 1211 26434 7257 17279 9596 14632 20844 20023 2247 304 11990 29614 17528 6681 3947 
8769 20747 4028 12208 17455 20563 6895 18993 15005 11375 5288 19995 2525 8955 9318 25606 6895 4227 11724 13587 13896 4157 16783 10295 7123 17399 5523 2518 23606 22606 18513 20884 22358 6433 29564 31336 1053 10821 20964 8434 25979 14458 31898 23566 20650 13982 853 937 26807 31521 25620 22995 29502 20921 9733 18966 27253 21847 7078 13062 28779 9817 4138 28186 1938 20737 25630 2490 13436 30758 23884 27033 27874 6185 11744 16709 30698 30251 30409 7421 9129 3965 18786 27842 29671 7512 27730 17840 11811 207 26545 19855 26327 11009 7276 1190 29694 21907 27370 25039 26834 8030 11503 29905 32474 24932 1729 745 4132 20489 21386 20906 1744 15488 12542 5128 26062 2691 28221 11695 20199 11847 25083 16537 10754 18095 27614 14559 20896 10176 9511 19151 26794 26965 1173 5952 15724 19987 31110 27170 24033 5792 16992 18265 16689 5392 559 14796 10872 5280 22928 6328 10441 27047 1741 14155 22643 15817 20809 12910 18818 27758 17439 20706 12169 882 31750 10638 16031 15391 3192 1047 22952 88 16403 10162 30166 20502 14399 3126 22383 6937 12305 8566 3024 25303 26223 8397 17586 14521 29557 7418 30892 27782 3352 17454 27897 32543 32521 2148 3196 11630 23004 8689 12289 10137 7530 8284 15302 18555 25204 32111 13882 24916 18313 26254 15364 28095 9513 12360 30023 17381 19754 10284 28708 5361 22875 14558 1153 20932 19816 5226 9481 18409 4093 22743 16756 2763 32558 25344 7689 32037 9239 17311 17505 3771 18879 2731 29037 584 31555 23780 9403 20407 11568 1964 13556 30357 5680 1816 3498 21703 31465 12871 31312 21880 28962 498 8842 3158 24103 9541 7080 4350 13423 22765 13164 11956 13437 13427 22548 15448 13572 25032 16788 12437 13902 29473 16420 18012 17630 19204 21498 17809 28501 19107 29273 17412 21394 14954 7114 29346 1821 8404 10154 19181 24262 31618 26852 12457 22921 3726 4096 23512 12981 15901 28253 7913 24398 9779 32442 23853 31407 25804 22267 17802 26227 18984 26410 9587 8598 25446 10685 26647 6872 4948 10519 5593 610 11654 32337 26625 24236 18341 11577 17585 26782 13578 411 14106 
29430 24715 20928 14319 24809 30869 18997 23066 28685 8572 9933 12207 22902 8718 31977 31518 3615 15982 31479 172 4748 13600 16697 3108 15790 4704 14280 32457 24327 19896 1496 31120 4111 26065 3645 30604 13525 28298 5423 27818 28649 17735 29514 15518 3450 24459 31192 7709 10684 26570 27731 15949 5772 7288 13094 14458 17495 9574 11188 13834 12856 21326 14747 19123 10592 32173 32058 24811 18363 29392 21361 19104 7633 11826 679 18986 25578 18693 14610 10110 2677 22799 16434 9636 10666 12727 2463 27755 5231 15200 30981 14939 4728 21749 3949 29419 1459 29637 23486 23796 32483 30098 21635 9574 1418 22756 32494 31290 5901 20387 1821 20903 8467 24549 11677 12697 31534 1797 11821 2911 9149 4853 964 32675 17425 9685 11733 7840 16334 6084 23249 30863 21396 10998 7150 4706 1759 17926 1575 4789 29996 10382 25731 15106 12894 19958 24475 276 20063 29321 15958 23742 15370 28366 9208 7628 8009 23829 28507 24122 18042 15696 8059 25764 21272 2852 24889 2814 21911 31296 10840 32133 24719 19694 1484 26101 22301 30951 30004 22269 31367 3692 2981 3056 31518 5522 9641 20669 4201 21982 25223 9761 23679 15377 17093 30235 7861 21061 4076 27809 31097 32313 29067 18577 20350 31210 21374 14570 31770 14947 368 6716 27372 14549 7071 10333 21185 20970 18655 30814 6072 12119 18914 20157 6309 28593 20918 9692 27572 129 18319 30898 20047 24218 21959 9665 19521 12458 27171 32328 25115 28688 2904 21945 7894 5101 10190 9581 2235 29310 16803 6295 18816 19625 7155 5239 26036 14293 19799 4304 861 23039 23467 21659 991 11274 17685 27389 29983 13911 6722 25719 7657 31638 3571 14429 10639 1500 7609 23177 14035 18933 14332 22864 19975 21755 834 6069 627 30759 10926 30685 17143 26344 21447 2499 7666 31538 8572 4653 31842 5145 26724 32223 6220 17054 30794 5390 12894 14537 7912 791 19155 12024 18419 1649 24983 13174 24152 23776 427 6223 21190 16364 7116 29539 27500 1426 29775 25786 16644 14649 10320 5911 3344 16616 3595 11984 11619 25269 29834 6876 228 16001 1665 31790 399 4066 21622 5953 
16316 19553 18980 1013 8868 29158 4898 3993 4641 6512 12992 1353 28085 8713 21298 20602 29902 2042 4080 11731 1096 15419 16220 24127 19764 4141 32677 4160 26840 2443 2796 29574 28150 12958 5798 10944 27474 15025 16962 4018 27502 31429 22795 32135 26008 12934 27471 5481 16422 4477 705 12624 18433 24710 30236 30999 16736 24453 8201 19925 30166 11093 32067 32618 25487 16385 30201 88 29143 27447 22132 3029 20187 17145 15097 29214 23220 29846 29425 32525 17313 32729 8007 12014 14228 12928 4114 9615 20209 30703 9588 7062 5266 20774 14273 13847 20238 2289 19172 31846 28475 30814 4351 24618 18417 28532 82 2995 29457 5666 94 27278 1990 22902 29258 8278 1547 14608 6277 25036 7022 2261 8621 25642 9491 31464 23216 22197 4859 1494 19505 6802 4230 31504 18221 11482 5687 24991 9438 30449 18616 26899 15839 30995 18718 2236 23698 815 23149 7965 11967 28665 95 9630 31357 5691 31585 19585 6742 25707 17887 4887 1190 23171 30401 12340 25156 22029 11574 24288 30820 25725 27056 25423 27068 4036 30768 23572 4838 22818 20419 13201 1542 22076 2892 17842 27052 9326 24453 3547 16124 9826 12865 28958 21260 16354 14068 30898 24461 1002 13428 4256 7854 2306 22529 7872 22077 22474 14724 1508 7695 10199 29972 26963 26019 24253 32190 17529 32002 1389 3462 10972 9449 10178 22185 17490 27178 21078 23077 22898 20560 8858 1915 1096 3970 7462 2484 22861 27050 15949 26018 7317 23254 30965 19816 22347 10462 6053 19773 24923 5703 13280 13676 13166 15463 14258 26015 5403 20682 7560 23902 31579 22997 25157 13779 11070 5801 23953 26832 29917 7754 29812 2323 6800 31233 23077 20424 14433 16126 21276 9039 16320 27458 11886 31552 23416 2492 26970 17836 20449 25010 12575 12710 11095 13667 14097 770 23276 21483 2796 21341 30554 614 28520 25694 24124 88 23822 26426 27517 11085 10057 23934 26384 1468 30656 30473 31457 9521 5091 4439 17676 19371 8388 15366 23118 12355 22825 26258 19640 15119 27103 7012 2731 14406 26705 27659 10752 18085 5977 29385 29575 1297 28245 3409 17075 17277 5758 13519 3475 
15118 21109 5929 10500 4477 1055 21892 7462 11198 17587 3083 7692 5087 17169 1771 31928 30258 23638 18594 9286 31150 8877 17786 30567 30611 18024 30800 8721 22093 5455 13466 13173 2971 1079 22953 5170 2544 30423 19243 11464 7450 14808 21235 20559 31265 25387 20477 16233 1650 3231 22188 22389 6716 7347 9815 16901 16923 4520 6148 14482 17396 731 27251 12399 27424 19538 3935 764 24524 6293 24064 26140 3487 15551 20180 18665 23966 6868 9375 26790 18253 32341 9905 12788 32023 10002 20583 16969 14320 30272 6644 7583 26169 29131 15969 27753 16868 4590 8915 21963 4568 3328 17165 18954 6807 5521 18229 20802 542 16053 9947 12887 11021 31392 32055 1581 19207 26483 29362 2844 16476 24150 24489 19614 27365 30919 3181 29515 3120 49 12942 20744 29405 31681 9049 32123 30024 20597 14239 5826 32617 10102 27832 31332 14328 3751 21192 2695 212 1918 12353 21348 22181 30739 32425 9465 21440 12918 9374 29949 23116 1606 4375 7449 10659 4223 7148 18773 25339 15764 20377 10961 16710 12734 63 17077 2135 2963 21483 22890 28485 13530 8219 30219 2580 13726 16510 27158 30354 15745 19196 17768 20608 22355 17654 18024 12530 31459 15823 6786 15609 28949 29355 727 1918 15925 24438 12594 19057 1675 24873 28990 15140 8496 19784 29175 32241 19744 8879 17247 32035 15503 14223 23666 10004 27265 2228 15707 22418 28309 3593 488 28807 17185 14429 30780 26073 12676 31847 4036 16528 22712 3848 13420 23863 551 14033 27154 27012 14528 22213 15418 25915 22089 5728 22020 10831 31479 19160 22108 16458 9020 1442 13425 32496 20448 27704 18536 17439 29779 15642 19537 16634 8002 9746 26970 8775 4456 20413 9538 6164 13991 16967 17425 161 13655 1910 29191 14970 2014 11754 18898 25060 21632 4515 2820 32122 30585 3523 5315 24088 29513 31637 30914 13816 15184 8911 14961 11035 3226 32532 3697 26859 18684 32445 11851 29982 2144 7897 5217 19421 21597 2162 13349 1830 16907 4883 648 5487 24085 20614 25270 17292 7951 1506 19200 7634 21002 13766 13849 27773 13670 8159 13446 20303 13800 22960 12880 15482 524 
25746 17660 26304 26525 25849 5564 20185 12162 24314 15335 1045 27611 7178 7079 22594 27725 7689 7410 2768 19609 17279 20155 12083 20852 293 19049 21129 1939 21671 27528 9341 22789 21672 12222 10091 3269 518 21249 11205 25744 15968 31752 6837 19700 3030 3327 21507 21418 31248 27775 9018 22565 25730 23229 4102 10859 26094 9986 3553 3108 9514 22875 20206 18416 24355 9361 15909 21246 21026 13403 25777 11483 28238 11219 16022 29063 28531 26663 17047 20942 17409 23441 8535 26069 25944 5257 32702 3572 1346 17721 12446 21955 13505 24369 12695 3448 26636 5980 28472 3440 31700 26162 5222 22539 8139 22576 26882 3517 19047 17029 966 26466 6627 12303 21360 10962 18056 6789 17187 19894 2602 17398 32266 15002 8437 17522 5694 27715 18282 8199 4842 21314 22948 30959 10669 14793 30688 12807 10047 6590 21564 5507 19288 6414 3519 21472 7117 8260 15514 28443 29436 16218 5037 26145 19819 21710 15181 13446 6828 11001 18757 31353 5508 32669 31258 24824 26444 10685 3988 3648 6806 20913 30841 16008 8468 28537 9628 21742 28854 850 12310 30898 31763 15495 13524 4770 2570 650 2386 16085 12457 5187 11685 1692 30541 12712 8127 30390 25611 910 29679 26051 30799 13758 22183 32507 24771 30540 23426 25888 23667 21796 15749 433 7982 8934 29862 21601 13103 26100 17546 22216 7677 30409 10387 18519 19599 19596 16666 30353 2740 9956 9721 21880 2482 2575 16973 31814 14893 16686 7546 23134 32075 23267 13679 14466 28950 21534 20011 23110 23586 25908 23167 21445 31855 9522 25110 26514 15760 30576 2228 242 6669 30569 6843 7752 11271 22217 17139 16336 12570 25032 19850 11920 1416 7607 7258 12172 23187 13784 12395 30522 11306 10867 27833 28981 14792 30246 30263 12341 1690 7549 21779 6719 9440 23747 15164 9497 20629 26647 5154 14081 7506 29122 16829 32670 15216 27335 10960 23863 6253 12732 32367 8739 24208 9177 20671 20097 6096 17487 29949 4649 30707 28122 14529 10978 4595 17050 25732 29397 31909 19999 9568 13121 10908 3523 17432 3953 31052 21308 19800 7147 15211 13681 3902 30187 17053 909 4120 28431 
11343 28242 25200 8532 30179 23473 31302 32577 7182 6295 26524 13410 18815 23817 6712 27128 22722 22131 4773 17391 11619 11325 9339 10768 10326 12960 11744 12664 15254 16312 26703 14921 24845 22234 13976 5535 30900 7719 5160 18374 20987 21089 2443 15018 25707 11518 18991 29838 31626 28795 24427 9985 23039 3827 1215 10766 6134 7920 6494 14260 16582 4737 19177 31638 29649 25741 23934 19186 3244 12390 13553 6359 5761 26529 857 31379 3761 6694 16591 20587 15037 1155 20594 26256 5478 22662 30383 8782 5907 29706 1215 3973 23924 31249 23920 25181 30309 531 14121 16694 21013 20886 16168 27358 8295 21503 527 3335 7576 17576 15775 24312 4643 16178 32707 21634 2529 10781 14032 32054 1653 12181 5899 25557 12519 14479 31084 520 20111 7701 6049 7249 32053 1246 18774 6722 31350 5922 9908 12013 31337 4268 13351 26011 20867 20785 31589 26305 30136 26848 13740 2351 6883 21306 27466 907 28264 21540 11363 20990 13848 11067 18159 9261 22101 4455 7682 26475 886 13491 1616 16684 8813 9820 19440 3517 7334 28455 17760 14131 11059 15864 6090 30882 23847 25761 4229 24975 23871 5880 14303 11687 15048 8236 282 17585 14780 601 15284 30401 28207 13401 10732 18606 9961 29150 24705 25799 27477 20925 21437 962 4250 5773 13746 25077 10759 28017 2500 5321 22708 3890 4455 21611 15974 30609 30250 3524 6068 9947 21749 20652 16744 8637 3726 28250 11560 9050 354 23583 2390 13723 4227 11861 8244 9158 7149 16274 12876 31571 19981 22561 20495 3835 25220 27058 30396 12305 18984 13136 29827 4629 20555 24980 22507 3207 9537 32536 28273 12025 29212 18735 5745 23400 22970 15571 26698 23244 2818 28639 31422 8174 18538 2687 18071 11386 2236 29924 28048 19541 5403 3388 26738 6960 18497 31201 24702 2142 21258 27600 14347 19682 10806 25950 1648 1997 362 22822 2852 29895 30585 13638 23588 28907 22498 11979 21397 16856 5530 24937 171 21252 25355 6000 8137 23892 2908 19963 24042 11498 28915 18794 27455 31039 21816 19987 8473 881 19868 20789 16138 28382 2523 13869 839 2033 20349 27629 8785 27964 
20131 32425 25045 20167 13312 29139 23248 14248 7206 30282 9974 5588 19459 20687 32085 29749 21163 1208 566 6909 30808 5864 20036 2617 7854 31998 28912 681 30276 3277 29203 4303 11617 13 5845 20038 31747 24655 28111 19797 12582 28471 26220 25284 9538 24293 30613 16878 13846 28340 6541 7960 12196 16423 5913 19457 18045 30752 31205 698 1854 83 5667 21176 24411 31995 31093 25640 8987 19147 16653 1410 13540 6440 6930 14177 12729 29845 30534 10898 18177 21871 10983 25707 5514 1754 3027 32094 17869 31227 18159 11726 12660 22888 30152 7456 17945 28892 14203 10006 1361 15664 20691 2904 17897 14470 6066 15188 6767 14024 11698 14920 244 26193 19979 17309 16401 18665 12984 11127 5416 14583 21717 11658 6124 20210 3148 7727 30500 15129 21168 12727 29356 26468 11625 19967 14012 30138 786 6724 31852 28260 24607 16697 4984 12994 28355 6487 14657 2108 9745 10101 24853 20348 29793 12184 20912 15322 26869 18444 15363 7960 8412 8884 12084 7504 31511 158 3557 23850 22523 986 26809 2130 26582 21389 25108 12330 19669 17985 32547 27324 5157 1663 2589 15346 19033 26016 27080 7945 12044 20704 4670 17475 19399 7348 29425 22236 29221 6750 1517 24384 25908 11198 25693 5499 12831 18795 1105 14321 31754 12034 958 14927 16190 8638 9414 24769 20358 1353 24378 7014 5592 13010 11102 13825 20792 18016 27116 12273 24282 22118 3419 20579 19847 18839 26720 19142 16449 16123 17846 1919 25642 15427 11547 25822 32162 5722 31131 1105 20656 18492 9488 30680 26787 11275 27882 25529 761 19040 13356 26741 8575 13279 18103 26874 1978 6414 25035 282 10118 5223 9675 16444 16637 23211 21824 31826 14746 17786 1313 20747 28318 27681 8786 8009 1715 16051 28778 8405 1744 22363 26041 25682 11868 30192 2186 17775 24214 22986 12709 13665 4404 28116 22552 26513 8778 31459 18999 13969 29038 21574 30690 21845 7706 12959 12806 8352 25426 12529 870 9404 22150 8185 1692 11118 3513 9154 23898 26153 28899 20340 11510 2178 14996 13164 17446 26340 27611 4498 19976 28037 14182 11239 13925 920 10218 24926 9014 11973 
1478 3309 10087 2774 16355 23267 4828 27059 23518 2172 946 12176 12649 16819 7367 16229 29934 4439 1404 2974 21878 5985 5817 7956 12746 31109 22834 12861 10455 16903 14569 8351 2391 8400 4596 21131 25774 17089 31361 28423 18706 13127 28183 27148 26351 31792 15903 17138 9610 30653 27554 1832 27364 2296 20052 27944 6881 11847 11474 7082 4521 8770 10792 28952 7503 32450 11414 24387 15025 5690 8596 12116 6559 30539 17171 16901 11327 20114 16902 8209 17839 6853 31265 28392 3053 26366 4832 7592 16628 32598 12748 24137 10024 21430 8698 16151 1268 31978 5332 30822 2994 6135 24603 17025 9675 27567 23853 18403 28703 3202 19844 1962 25255 29335 26752 15432 27736 13852 30310 6780 1611 26074 7336 31873 540 11276 16231 19845 6032 13681 7222 18780 30074 3744 545 25718 23007 27548 19182 28686 30040 3496 31138 20133 7608 15196 8775 19631 5103 32505 32493 29068 24878 7930 21999 23737 3916 1259 5495 840 16489 1662 18500 24973 27089 17628 18347 29979 13858 5689 20188 4847 21170 11691 21351 28138 11307 30012 18175 24965 24184 20030 9853 21696 23525 11230 31272 18779 3969 15356 11059 27465 32455 4666 21127 13410 11902 2387 25795 30808 20190 20143 24449 27884 29428 19508 23516 609 22344 25694 10799 8241 31676 13458 23326 6656 5303 20911 23003 28878 6019 13031 31650 13424 26100 16077 10374 6465 23883 11950 368 5653 19545 15397 10085 7790 5352 19690 2055 19699 31830 4331 21343 4637 28547 18078 32473 15156 15854 6549 31120 25978 4122 20307 30156 12710 7479 13918 27593 19347 25598 2965 14779 6714 27357 18884 1294 11230 19284 6006 16626 12934 3231 18186 32279 9392 4501 7433 26549 22084 7632 20663 4560 7623 13838 31464 31930 22993 24535 26389 29145 27329 1120 31407 7594 29871 31408 9907 2822 32162 32001 6015 25509 15363 3433 5860 6624 10578 3513 21628 24507 11544 3750 2110 3874 29725 6694 9039 26483 18394 32029 795 17469 31281 21561 23205 12616 14684 24602 17947 32725 24612 25783 15534 16678 5715 6141 21665 19009 21867 25529 3487 9458 9624 32439 5457 4623 9956 8491 14896 
255 15018 22609 152 8317 24909 15697 3614 27802 8233 4965 24356 24065 970 4413 31403 7807 4700 22947 6248 26307 16995 26459 27929 26978 18861 28749 4377 28446 22660 998 13618 2151 5416 26811 6579 30754 27516 32111 31683 15274 1279 8407 27893 21524 31998 25949 18717 13496 9480 5026 15969 31468 28067 16488 7059 21267 18237 31150 22718 11991 3941 20252 3582 12466 24123 14754 19605 28851 18469 9821 3644 32383 26564 10426 11959 17558 17447 6109 9132 12503 26430 6980 26293 17991 14481 27303 17844 31758 28721 17699 3431 3522 13807 25496 16956 8424 16589 27216 23398 25528 2738 7649 13360 2337 27746 24404 10129 17933 13740 13190 2561 13286 5606 22991 30092 15449 26774 13794 7205 29274 14962 4340 5180 31848 6795 30241 21395 29714 3013 11787 19533 24250 10890 7620 24648 9113 23231 3310 7852 8963 4599 5920 32708 21228 4583 19596 4877 1196 10011 17887 21389 14335 16359 12137 5734 8016 28575 3966 18347 14647 12810 19484 26994 9024 789 13261 2347 2542 7877 3535 7984 23039 32111 30067 3229 5874 24619 1219 11105 31431 390 4711 9365 17158 15991 1738 269 20226 19349 3192 10285 29535 19078 8139 16638 9938 21435 16838 10625 27688 18522 21057 30788 7562 124 21830 15410 31999 10649 10172 28335 11826 26944 26434 19429 32118 6156 4446 1368 6151 10451 7639 705 6546 4128 6239 9497 4856 16356 32117 16372 28240 2920 24202 15632 21547 1926 4451 7726 30235 15129 28350 20768 25206 13234 25656 2596 17751 21133 23918 6256 15078 26051 18531 26894 5849 25024 14626 11242 17723 20216 28836 20266 10348 16342 19187 17597 6250 25333 22672 17975 26446 1427 10002 2780 3866 6723 32017 9210 27825 6113 3394 29565 11303 17611 25827 28861 19003 16974 6490 12186 20258 27743 31001 24011 9863 24972 17348 10867 14543 18226 11670 19445 10657 7663 12801 6154 24486 14938 31124 25105 14733 13810 22306 5030 5203 27733 8225 13173 1729 22707 25680 20048 30262 26497 18589 30336 26790 4210 2373 19801 14307 19619 26429 19218 2587 15637 1233 14547 13218 5473 30091 4366 26098 7847 1366 14867 20465 26312 
31459 20191 4978 28629 22860 27189 13309 29639 25847 10225 25299 4208 28606 20632 19501 28593 12364 25395 18885 16366 10442 29022 7831 4287 24764 412 8169 26600 30245 27629 28553 8844 18930 25763 11094 30365 19349 10609 13825 10391 10225 1221 32021 18798 24438 6999 24629 4292 1933 14338 7589 10080 15158 2516 26637 30172 32495 2145 2425 19357 7129 29276 14243 29193 13846 6760 32117 32755 8821 30251 24010 346 16209 9124 4981 18260 21686 22719 4740 29765 16326 28967 11974 6228 27995 3676 2954 29216 26606 32261 14506 10158 31928 23175 8392 2983 15382 6614 11480 17088 22834 32396 16606 23929 11488 7992 30201 14858 24518 30712 13729 17050 32704 14922 6701 23475 1155 20255 14488 5875 1920 16177 14212 32260 13067 30103 22399 2510 11452 4246 20614 6634 32533 13499 10439 90 18022 5670 26795 30072 9454 11305 20500 2093 16963 17170 28900 24163 23028 24644 21182 22973 7532 11405 1040 29829 27929 22707 15441 27366 11470 12368 29575 1115 14182 20192 4877 4455 13739 11033 9107 29063 23670 27771 7270 13669 22039 16167 14322 12622 23286 6644 29061 5094 15739 10944 4181 21786 27948 23812 25541 4439 13589 11947 5348 9465 14701 18213 12598 7175 30838 1207 21176 18973 21157 29717 2334 7849 24067 26162 26719 2394 2259 6231 24691 726 20341 8819 16987 3500 2442 8114 5731 17289 4697 17744 10148 17070 20594 23472 26828 4001 24720 19880 5666 16163 26564 16927 14532 31843 20688 29659 28467 16241 30929 15252 7954 18421 3874 77 29739 12321 11388 484 20659 11236 25954 12775 4815 18529 23484 3753 21335 16287 5058 13461 473 13442 4123 6595 481 27386 31046 10185 11639 20602 21562 10196 24810 26796 3145 13559 29644 29283 21578 10434 17214 22737 8951 13847 12654 17658 20116 9785 15965 25448 3026 27686 7654 12832 21490 551 28412 27350 30253 17829 30771 23901 22612 17726 3457 20065 10932 13592 838 11864 4924 32117 21131 15542 5090 6024 21127 27488 12354 11400 11112 5732 5768 11010 26192 25575 20369 18035 16029 24671 14925 5398 6253 11010 22120 16379 16481 18045 8745 31065 22690 25066 3994 11557 
5922 11772 21737 8163 14629 4733 7182 28605 20479 22523 21934 11218 19231 6590 13119 30160 25420 5117 3182 25029 19247 8785 13245 2098 18706 617 32369 32354 7655 12032 939 10489 23948 26380 22229 7376 7245 13624 16703 512 5547 2965 16138 11581 12379 18316 17222 25446 914 12824 1879 31577 16768 20530 27037 21004 11034 6028 8020 17626 28957 23425 15800 9754 9808 1612 24173 24566 9993 29305 25375 14715 6642 30874 7270 29164 28173 1339 22508 9820 31222 19224 6609 13691 8297 25997 1358 5553 7683 32589 14489 20841 25677 20823 8201 7600 9718 3622 1147 16126 30816 3368 22772 12371 11871 19058 2952 16518 20541 3762 23930 6618 21761 21349 1700 26579 240 14154 10265 3912 3413 5910 21002 11448 32126 7785 8422 19682 17671 25857 13765 5007 9051 27694 3591 17587 22647 4229 32312 25524 5873 17369 21559 23818 22329 9063 25752 28168 28704 15953 1862 16121 6294 8270 18285 25455 14008 29855 19095 13528 8202 21829 13077 15186 12032 6769 416 6337 20932 15932 14912 10782 30259 10392 20589 21266 30504 30598 7796 10179 28414 6026 27677 26862 4944 16476 18571 1590 32259 10721 15203 6843 1927 3417 4401 6127 5721 18138 18183 4773 1997 11005 22887 26219 5642 25815 31330 8986 24406 28715 29442 30891 29332 989 13286 5452 1290 170 22828 10675 13672 14359 9620 1971 6 8103 14561 3853 18542 17489 1411 23688 7194 4657 18804 28484 4735 17534 3680 14411 28234 4540 29960 18537 25577 26675 20456 4158 10573 20127 20759 26257 13038 15657 20336 18663 16912 662 26351 2644 10309 2495 30813 25746 25652 4929 19504 8016 31640 14197 23725 16844 13964 17571 2895 676 8197 19826 17772 27114 28576 31651 23574 22902 16542 31487 4928 28544 14892 4238 11297 30574 3304 12810 28382 23786 27042 12691 30563 21816 21855 20900 18833 12998 32420 21830 28831 5893 30705 24708 11706 30328 31627 15646 31215 8971 7294 22402 24395 20645 2275 2039 27969 18432 16735 31772 19531 15289 27116 21649 13524 29603 6108 19188 19798 16993 16667 29711 13248 31028 12468 29263 13850 19985 9366 11384 32363 26615 30873 23704 
13787 1407 700 2874 25365 29109 1200 19163 2031 15142 22171 18338 16973 24890 12054 32587 29762 27588 11383 13669 14201 8408 854 30653 8148 19677 30282 18202 4434 20706 31476 14378 11574 27446 12351 8381 6758 28210 2533 9521 11537 22874 21814 14893 12692 2213 31509 28307 24223 28184 9027 4527 12947 2457 7392 2485 16431 4867 12334 28266 11884 2678 15769 15393 28581 8945 19956 13033 29691 15138 30726 13829 23288 22652 16197 16284 26739 22667 20449 15538 16563 19588 15364 25943 12247 13089 7769 25886 116 1195 17867 26577 9601 17752 20111 24163 15216 4568 19556 4134 9374 23083 27161 19518 17645 16053 8784 20310 8367 17300 30083 12690 25287 20017 16708 28868 3594 8469 7369 27362 24044 18943 24231 23736 6744 13875 12254 14554 25311 24852 20502 27357 13589 20725 28456 23238 12856 22061 16352 17603 26643 16489 10242 14617 8482 32327 12682 22622 32759 23328 8504 8168 27100 20260 22092 23173 1210 5549 22415 2412 19514 32205 12690 22900 553 10537 2618 30852 32289 11531 3452 24395 8294 18866 5990 25393 27662 11245 16223 9357 3173 27880 10415 11544 18831 17477 15426 21154 12399 8302 12200 12803 29128 6442 32097 22101 15522 28783 12888 24672 6128 5496 13485 16982 32623 24086 26551 25537 18385 27211 20810 16825 3611 26133 9269 24410 13900 7560 21519 6773 15679 5919 5684 14470 25042 10324 29706 16358 26952 14446 21129 28994 748 9627 4858 30028 3831 62 12542 4784 19636 4234 467 74 13282 23120 30931 10134 32090 4885 5437 27496 7922 15976 23864 18141 16032 25715 2581 22673 24803 5839 18901 11794 22110 14237 14827 25493 11462 14034 32579 27624 9983 14802 8066 5288 130 24897 32656 6836 2 8469 11092 25313 7503 24304 19134 10992 15994 19118 26635 18109 20538 9529 27460 15800 15758 27045 28424 23705 2724 3193 21132 3920 5882 17738 11488 5947 19139 5775 1396 29084 13196 1968 30170 586 21535 17760 6349 22183 11176 7213 27251 5329 14358 341 32223 27421 30660 7644 11226 5057 11865 4059 7907 16592 28909 22043 24692 1132 15725 6626 19335 2359 8512 19213 2137 12042 13098 16991 
30062 24554 25713 24089 8661 12599 27967 19659 15533 9511 22600 31337 7656 8307 29100 21409 19535 26704 7455 21356 9414 15521 22343 3812 1746 25195 26213 13141 10840 12937 32312 10902 680 161 23327 22938 21177 28246 6269 11586 22198 32447 18017 26997 9914 32280 615 28275 14041 4536 6105 26726 6239 1091 27418 7483 24668 8737 13381 19631 22368 14895 19729 22189 22147 5812 5624 7127 30120 662 13976 19555 28419 11982 15705 6440 23513 3097 25168 31480 11911 27888 29027 1073 3526 955 8110 28815 29997 4418 20518 26436 16120 22372 2940 9035 31495 9227 12101 30201 14122 2143 6231 22485 7323 4154 19574 31657 1740 3548 26416 6105 30563 19937 19973 23028 2947 18288 28619 14473 22094 7348 4945 5948 17576 32656 31043 28952 28221 20110 21837 32039 30661 32281 25219 320 27271 8685 5889 18209 9499 10955 15054 26558 18805 11377 26119 24792 19487 16329 10809 10448 2246 21857 27406 13502 32760 3099 10796 9406 8748 24614 19034 2698 19459 17964 3556 32334 22477 1741 21569 30135 26703 28237 23284 4429 20676 9353 1456 21508 15905 16688 29119 30989 1437 28719 22693 23538 15473 14957 1536 9954 31964 18105 25778 15178 31851 9985 26434 2213 22391 1476 20352 17812 13807 18377 6504 16177 11608 30226 3401 12960 1041 1036 15655 25832 14812 17928 29021 27905 31130 11246 18566 25647 22614 5168 3742 28814 1413 19198 3941 24045 20620 2489 26628 14559 10115 2729 7155 8208 29497 1266 28954 16342 29816 9412 22327 11272 1674 21459 24191 3091 27387 26119 392 19786 673 32372 18022 20350 6106 16524 31509 16335 7701 8595 4375 5569 2708 28244 23645 26259 10864 22803 14699 716 6621 9154 24248 4630 16559 14968 23891 8527 30749 21022 5324 22238 15813 24428 7762 16707 6129 31252 29465 29682 3865 60 20991 26210 24745 3634 10350 18785 20227 7771 644 18090 13000 25965 18033 24249 12628 16094 16161 22750 15495 15773 14876 31121 16331 13567 15530 29445 7762 19964 5178 17408 26272 31899 17924 30953 24394 27051 8686 803 20733 9396 31916 6809 12737 12845 21804 23962 5503 18927 26929 8936 1985 23018 
32062 12811 12986 8471 23477 21995 30598 30381 20288 32158 23475 4504 7280 24447 28671 25639 16036 21120 5219 24581 27693 20929 15697 13930 9647 24161 7739 26770 21706 13204 23892 15471 15866 245 13466 27035 18876 7966 9236 4752 26867 29302 6488 24091 6281 28747 12369 17678 18521 31265 28991 26678 10573 841 12287 652 9923 13493 28813 19375 3894 778 29895 24210 12314 27383 22388 30834 26887 18374 22660 9228 31258 30768 16025 9484 4505 17782 29127 14280 23765 16557 13208 31022 8277 2649 6228 2811 6960 14398 9599 18479 14779 19827 14754 7613 23396 30904 8527 23430 12254 3337 32095 4488 28543 26740 24190 19795 29414 15655 14826 19389 28128 28877 7031 29399 20877 1563 14551 10272 6590 17573 18968 22264 2466 4855 19310 15191 7074 14049 3123 17598 10377 28690 12076 9582 2536 8424 14 25049 15289 31111 16960 29782 16706 22825 23779 22808 20796 22965 2064 5729 3381 14738 24416 5363 18483 6077 32178 23752 8346 13849 1576 2562 29007 13831 15987 3621 24094 823 7761 4484 32601 24766 30803 2297 28866 19560 8164 21465 18347 11343 12423 30247 13404 31404 23136 17160 21173 25582 22518 2935 28181 2825 28983 9530 15482 26641 12221 24085 21737 29959 10319 12093 25872 7411 32171 17679 27178 8498 130 12034 28963 26898 4293 19419 8700 28572 9247 17952 6770 17329 5571 13518 23514 20057 9063 13390 20560 21335 15248 2982 11024 24577 273 12781 10276 7246 10190 18433 28480 12849 3782 23164 7658 16165 15185 32739 15581 1033 6565 10017 9392 18223 9887 10804 5555 7344 26305 31015 1818 2306 20087 28992 29021 12748 32670 13434 6110 4344 70 5429 5581 24074 20151 27181 12872 8625 30387 24233 16327 10140 3067 4853 2744 17039 11797 8465 7014 5814 31051 22955 20255 24121 2295 19787 3222 23568 28414 30158 6022 28953 17563 5141 18328 1896 14430 5630 9863 18398 15732 6291 14722 19965 16424 23170 31186 19962 938 13006 16572 24852 3343 24515 10921 27685 16282 16943 13700 21623 3642 22735 7780 30424 26195 4104 17003 5361 14273 14807 1774 11475 15899 16907 3285 28371 28468 29362 13125 17816 
13032 23761 11645 9330 18453 14680 12286 4077 31463 22100 30959 5287 4185 25703 14271 8286 2808 14453 6156 29005 11498 21921 29636 4025 23344 21368 28810 1479 17960 29803 3163 18832 31574 131 23921 3447 17507 14416 2407 27323 30566 29731 14239 6728 7267 17277 737 12243 3089 8390 11844 2853 27617 3394 8530 29623 11067 10562 28519 4736 26123 7319 28250 15883 20604 25420 8287 19660 4099 21141 29996 25012 9632 27138 9819 26371 19809 17656 13072 11102 30503 16482 16091 21793 15532 10404 22496 8182 30917 976 26677 6311 25573 19485 22155 19248 23011 11925 6673 5913 11517 8717 17813 7682 10780 27226 19948 128 12890 23490 3989 23847 3521 29361 22425 17896 23381 5037 29621 8094 16981 1932 3515 8163 18623 2021 22070 23848 29458 28612 16973 9477 4439 25762 24810 3277 23906 2964 2843 28774 20054 7874 29624 21335 17767 30491 23110 22563 30692 24135 25883 16854 14964 15581 26307 13277 4512 30935 4771 9242 11153 6211 25820 13112 10011 31803 16754 24380 19451 18454 3758 17501 6237 18656 20160 24598 18338 28936 31913 2681 13919 15449 12376 6598 18345 4139 19987 25660 12176 27611 17689 5167 18153 32120 8582 603 19537 28351 30070 2680 13934 32330 23917 3599 31608 14596 9207 6539 29176 26592 18571 24467 11984 1483 28085 32407 1148 20959 29301 17577 1943 20953 15074 25999 15521 22733 27666 22294 21247 26136 7998 18345 4419 28823 20514 25377 22190 29206 2723 23007 22003 18187 7092 24088 27966 13957 18810 2929 16245 13919 22190 27852 29374 16313 21828 5217 14401 18344 3146 31248 303 12333 29970 5109 1283 17764 5011 23870 32008 6910 11789 16185 14619 24049 10220 4273 29106 28270 1007 8059 31517 22036 20873 30796 15884 28259 2440 24782 6482 19315 7668 14322 4328 16102 16698 12423 28213 1819 10377 6668 13708 32420 19837 11202 5367 24571 29435 1542 12339 29040 29020 24030 28155 11622 3533 1746 10890 15039 24821 20221 29531 18837 4313 24931 12339 10283 25085 8837 23905 9251 25548 15155 15172 3057 15418 17826 5903 25743 22184 20670 4297 10098 31240 11713 664 7358 2625 15365 27966 9654 
30933 10006 3556 2934 10433 19212 279 9700 18853 13080 5904 28388 28196 26204 15672 21963 24974 30464 8427 26391 188 1922 28540 7261 6716 14925 22394 26754 6575 16270 12082 21550 622 30019 25717 15998 32116 19860 6556 5625 32376 28519 5064 7622 17497 17711 24175 4892 14527 28164 18452 18169 29440 17657 7253 23 25152 29354 16171 14620 25309 15636 3438 3856 17162 2474 9879 29717 31417 17829 970 31314 6847 10395 20 19249 14130 1363 13809 7882 20758 7384 22033 18335 825 10188 23387 9865 30300 2559 16435 6898 24723 25664 6392 17221 5103 30835 14289 8611 24665 5092 15786 30936 19649 29659 15481 30093 27513 22641 20166 30654 19931 14753 18538 4207 23346 21154 25751 1947 3800 30580 5400 32366 24987 26810 22234 436 25189 6599 12204 8336 16925 7419 14659 23409 22216 10832 23937 32578 23028 29744 10231 16609 26198 16010 20648 11475 30898 27684 25615 16182 30715 30259 11364 14326 2236 553 16412 32580 12214 2510 22959 11844 1994 18834 23709 4102 3866 26913 11187 11960 20332 4665 13450 16666 26063 27064 21586 3122 11648 7930 31181 3392 4622 1377 10398 32756 19645 27701 16836 5343 4392 10415 13666 27688 27947 1616 449 10368 24576 4471 9111 11863 27816 28723 23434 25424 11149 15702 27888 499 8037 6603 14809 21923 20825 26665 24655 29391 30823 26247 15580 16236 12293 6803 30285 24482 519 17374 30390 23237 18370 18554 30134 3208 9842 20423 30716 13933 10969 32650 26634 17792 18473 3903 11321 8261 15908 9649 24062 4335 10882 13511 1643 8146 18835 18337 1017 29211 10789 30435 32132 191 22696 30545 1687 15281 17808 30365 22762 27992 27387 14972 18217 29248 30100 13823 19703 6416 29879 2337 24627 16060 21974 7837 26490 31483 12059 23554 31213 28924 7502 6152 19508 6228 14586 19237 28355 4668 26315 11868 16731 24313 1851 15446 16340 1947 18797 18611 3099 4074 9561 8610 22903 17566 16682 28591 7440 14798 17892 18397 10161 3499 26442 9205 3277 17262 8959 13597 31424 19087 31467 17580 26712 1592 12000 5949 15252 26873 14718 1539 19883 30909 5204 16988 28752 20221 1863 30632 
22581 26931 1848 16219 4302 23954 26593 6993 23895 18420 25856 27234 11032 788 18104 2871 30952 509 9524 8539 22512 24002 3981 12437 27057 27504 6638 630 32585 28225 5878 2606 15857 14866 93 15012 27851 23063 21211 709 20443 4046 24901 25627 13394 15921 25338 22434 4627 5424 16765 29912 26224 4446 26979 3860 11316 9195 8816 15640 5351 5842 13053 32489 26445 339 21148 30175 10032 24740 12287 25336 27231 10468 3606 24433 32503 25168 15480 920 18145 9913 28420 28636 27804 4918 14536 27686 21821 534 11810 4460 29620 8472 29220 12675 24912 14303 13117 28980 24454 12960 23318 18579 9966 17694 30139 23948 10126 14808 5115 27839 7771 16768 11537 13454 9213 22192 17284 5747 6355 2521 20811 25239 4663 18812 16181 417 11523 31388 27528 28876 26963 30067 1000 17469 29581 14948 13947 9107 32415 29489 32331 29887 5000 5230 3820 10518 31258 13109 9054 24740 7934 25372 13364 22468 6904 12388 22774 21230 16236 2675 22725 31951 19490 12932 11837 27295 12870 670 672 15023 2227 8386 25648 321 5489 29289 15324 30621 4219 25646 17951 8545 966 22983 4902 23577 27776 23097 21041 3343 405 19532 27707 24933 17272 22333 12765 21600 14624 15284 8304 28679 32337 14581 626 31725 1820 21082 28458 3659 15529 2305 28047 13137 22324 24002 15975 7870 6486 12132 4524 7087 20614 18704 11059 11956 16095 13573 14992 7721 21028 10126 27188 21700 19457 5681 27096 21098 16275 20266 30751 8007 2091 9496 12150 29981 7503 757 6719 4828 26626 31819 21040 28276 32070 11685 12021 14567 25054 324 18461 26786 15192 11284 20019 15885 4683 30431 32555 30305 2526 10175 14849 8378 12425 8153 30108 18797 20000 328 7928 28571 21261 29016 8836 30982 19676 19189 9417 6180 1022 21859 11853 22642 9926 21295 20151 17675 9656 32101 31539 23929 9475 16131 11288 19659 10060 17582 32201 5863 21933 13476 22745 12322 2302 8946 25970 13070 30803 5607 19959 10387 12485 11976 5352 5698 14966 19141 518 18149 3791 12332 27320 347 17420 7133 22958 8611 4603 17150 22980 18486 5120 7407 26665 5018 27741 2432 
20928 6196 11440 10082 32710 2654 10173 28380 30646 20153 4206 25791 4713 25796 2584 31132 11906 24494 3584 26932 25097 24937 18974 11824 28502 19456 23841 24083 305 7466 5043 364 29239 10271 2813 15440 9088 8618 23662 23303 9854 12928 14008 5894 15912 976 2076 10269 31576 31259 7656 30194 30834 4678 23870 32174 30791 5358 30998 16374 27705 5115 18822 19229 9631 26232 10306 13720 13931 5794 30303 7346 17674 30270 12124 31617 22411 19760 11618 28184 23044 22090 715 13566 25649 32354 3298 3295 607 6567 9193 11906 1416 821 3169 2811 7872 23270 3461 6178 18895 21867 20760 16707 19232 21148 28768 20503 17626 11789 21107 25075 10060 32226 16305 15680 142 13284 20114 6955 28517 21716 3490 14749 15720 14847 3785 18798 25697 4370 14288 3286 758 3632 31777 14884 1161 1090 25550 30386 92 22414 981 32280 5113 32396 19363 18848 15569 1268 19414 19450 29987 17692 23111 5425 6175 19329 14152 29406 20812 6307 6186 24732 6951 13591 15107 23739 4365 19415 26541 30009 6234 16092 530 8429 9427 27119 4519 14598 7233 1980 25143 9908 7519 27944 8674 6437 11766 3812 8293 22451 5191 1346 5020 1116 24489 584 1349 25202 25715 28164 19974 30099 12060 7454 16818 3292 12961 21940 28872 3674 13863 5729 9020 5825 17890 21407 28794 16737 11061 8016 6313 11349 12315 28311 812 3326 12741 29164 1647 26800 18053 13168 23776 17834 31466 28541 27451 26700 27181 23426 15371 28804 13771 20238 21614 27530 8308 810 17944 11725 20516 23532 8858 2349 31632 28745 13284 13162 1731 17451 7689 28892 21257 26819 20035 22373 17932 30497 23351 15781 19517 6402 14970 10860 23157 5097 28499 22645 13020 2673 5827 8785 28939 26593 29890 27297 8557 10753 26316 21640 26603 32044 24476 24672 31176 24231 20536 16556 28361 14641 8749 31566 11674 12251 10012 11003 30573 2842 8565 29931 22244 31771 19075 1749 30257 10838 31145 12570 8316 16230 20715 28993 29316 25880 4783 163 32394 27074 1221 15207 26475 32470 1190 29617 14092 17846 12537 1303 29690 7882 19548 15445 14930 28369 15712 26433 23519 20084 
20437 8449 19331 22561 6985 11899 22488 2070 13003 32525 30998 25276 501 9598 13880 21815 31529 23861 25946 1083 31514 28585 19302 32033 1422 3609 24303 32058 16227 29565 12893 17251 18896 25276 18763 8153 25326 21791 23853 13903 28535 27910 21814 9790 20941 218 30073 3453 12862 21058 2382 6417 7302 17818 3319 6214 5781 11681 6787 17919 5267 32625 7667 15434 28194 693 5276 17975 14563 21014 23500 1003 11323 16374 21168 5360 29271 29537 21365 15567 2669 20800 18350 13793 8261 1488 23542 9826 31993 16979 5846 27591 29945 774 22249 12369 30545 29010 31805 32483 8751 13894 16637 18705 159 20805 1357 4985 21914 18172 4726 15446 6207 15511 6467 4178 1376 21301 28587 8604 27200 22425 20911 5435 3227 6690 10630 23202 21479 765 8952 388 6106 13977 3592 8681 14380 24155 21717 2690 24990 27028 2242 10553 9275 23216 19157 25101 16094 29872 4957 18461 17396 23770 7384 27906 31619 1198 30227 14946 9836 28701 32659 2498 1773 11254 22580 28316 21097 2209 32016 26290 28780 27919 8354 25761 10986 22001 32044 26809 13255 21800 9813 7180 9116 9597 7703 8645 21945 9875 12504 4796 17766 21785 23767 22343 20591 4932 18634 21330 735 21885 3526 6322 20491 1879 22622 5046 23762 15555 9487 26111 16164 903 7132 25490 22209 26860 20277 26156 9027 1975 25117 27350 15199 12891 22924 11704 18792 3437 7442 14386 12564 11864 27326 5417 17027 4690 16958 8095 7805 399 2887 8071 12284 12980 31544 10455 24298 17038 32250 28894 24619 21508 9770 3544 18142 27722 26746 21696 15072 24408 9812 18789 30866 24731 19393 21696 32221 3050 1162 13701 2163 31419 19613 24312 18775 14743 24497 14850 29087 12747 19501 31876 31865 23393 11590 2795 23148 19278 20584 6149 25056 29165 18904 30483 10465 7596 15511 21535 11296 5638 22921 18063 26426 25265 22998 29179 16957 4888 30865 10556 30825 6667 12184 18373 23603 4533 15291 13623 7312 31695 11296 18223 28527 21012 229 30050 17799 31477 7432 5101 27476 30349 3972 2022 15196 22487 30653 10807 17847 24095 2334 19628 4302 17078 29185 5450 22371 3818 
10703 9187 26578 3637 27240 13799 2198 12469 22725 15485 1550 29148 8412 6354 19841 5993 2243 29361 14689 23703 16153 23893 29388 23956 26786 15995 3160 22324 12593 11195 14864 3815 25547 12823 19130 30441 19977 15317 18012 25272 29374 2186 22014 24523 20442 27512 22704 1665 15246 17433 18895 22360 7345 25852 23685 30815 611 23760 28815 26350 24304 21951 17475 29076 27127 32509 2001 3665 28107 13472 13769 24837 1049 22962 21725 1577 1483 6276 1769 30141 12845 32070 2352 4737 20814 7893 2536 14696 21930 18900 30458 25930 16645 25086 10755 15065 20634 28090 5534 4310 13429 32752 22501 18565 22046 29724 22069 2654 29303 12449 17970 15109 2791 25439 18443 15484 29112 27783 30208 20376 30142 27566 3361 10673 28986 8993 4952 4766 16381 9593 7849 7904 24785 367 8633 23070 17940 24561 24973 30162 6566 18549 30869 20545 30726 32653 2793 26544 26295 13243 4050 3541 2537 27783 21644 28556 23893 28624 7242 17611 29801 4448 379 15576 1445 8387 31820 31417 17733 26968 12910 13805 21280 30888 29721 21337 16336 7927 2641 2693 27923 24089 14952 27400 19825 14983 8900 22081 18207 8882 21730 16712 15908 24727 20635 21284 2490 18836 17574 13119 22775 8314 14431 7191 19116 24035 710 1589 15502 21190 13003 32611 5523 22856 19657 538 3999 2005 336 24890 17504 6768 16679 7165 374 1607 21137 11822 10200 27531 19408 12438 6771 22910 5864 23992 20 6350 25253 20158 23687 28705 9439 1202 17665 5873 4605 4593 13243 19098 11704 30685 16096 14769 22818 3283 13993 14744 486 32349 28358 31311 22225 17320 14081 11405 9617 5176 18206 19984 17853 14042 8709 4145 13590 15578 13347 3259 18701 32119 12557 15613 6533 26004 29798 26398 2265 28592 27140 30129 3361 22552 16718 28041 7857 24923 28648 30159 28643 15615 18323 9809 21015 27762 9038 4125 27639 11843 28609 13391 9472 19346 4828 23847 27198 22982 30396 3423 12374 17534 15310 31163 22218 13257 22070 16609 20601 8857 6770 21867 13669 14709 32058 20027 8633 16751 2731 4366 1547 17238 22693 2900 19678 10028 30834 27968 31083 26586 11176 6939 
9121 12067 24656 18653 30058 28119 14407 29694 3376 17481 8165 12170 27040 20226 14301 30324 17069 11191 5732 30764 29656 19065 9110 4979 23471 24364 5397 29551 21652 1850 19699 762 10944 30601 8146 10816 13192 18090 17993 2697 27102 10067 32138 11347 13338 9999 6978 21412 14075 17716 6337 28318 23016 30229 22875 21076 24700 26234 12302 14812 15682 4941 26725 15270 445 2454 22171 10507 4012 25258 13060 3113 28555 20638 17577 14319 28765 20226 7986 7796 29865 19404 30730 24973 4291 23699 22205 20894 24140 21502 9381 20144 10492 19323 24517 16324 22687 30004 29941 5223 15454 19007 1344 1159 6976 26900 6794 645 11761 14405 3957 5003 26049 8553 11910 544 9455 30809 19588 7930 19496 25248 25121 1043 16715 21292 26845 3583 21359 28234 32550 32636 8231 27089 6084 843 24069 15772 14452 62 12380 14398 3027 29587 26698 19442 19070 17792 22262 10193 16248 19471 5399 29000 27596 28716 25526 12744 3443 10492 2612 19647 3447 16753 21902 4552 6489 7196 7392 16158 27569 26946 28456 2135 2068 817 20045 30031 28218 25812 7008 11618 2144 28294 6177 734 22764 27940 8645 21175 11088 5990 2294 3197 19504 30063 11036 30348 3271 26274 12507 643 5511 14776 5596 17911 19455 2831 24017 27496 20482 23877 6835 12147 21510 8198 10318 15946 21706 6434 16640 1378 29756 25571 20414 19819 31641 31389 9047 12421 18646 32390 26365 16561 11071 12744 1025 29317 29534 22485 20702 8229 14878 28667 12665 14446 9008 32312 3239 28276 7854 22095 15088 32047 28158 7451 21139 21361 28666 29732 29897 15387 30797 880 78 22161 13856 21916 19742 29547 28151 14891 21884 10606 2773 8733 28729 14010 19111 10947 51 580 2527 19155 15644 20871 29280 21944 31101 1655 4506 18731 2554 31159 6646 6407 12759 17675 21364 27993 14523 4624 32658 1719 3508 16683 13425 15572 7036 31935 29491 19281 12795 3235 32167 24789 10508 32211 12072 9311 8324 29285 23746 9435 369 11711 151 26356 9375 12552 13441 1322 16993 31708 16377 5668 3981 17732 15672 19783 11209 16613 6555 2439 17669 17527 30028 18045 5193 24953 
9759 9146 6065 18211 25018 30300 11702 157 21241 6367 30126 25454 7825 27957 6550 16951 6899 17688 25872 14241 16243 9375 19880 7572 3753 4879 20571 1194 23 28148 18522 16355 11533 29297 8971 22682 17610 28885 5457 32439 3044 24174 13837 18727 27370 14754 8677 23177 20551 29755 3140 15914 26985 22531 24993 4404 30499 6545 24325 19490 16720 3426 17095 16503 28090 13100 31386 7856 15930 2926 29387 6263 31264 27468 27331 29465 1748 17050 29395 7738 29630 2103 30513 8904 32100 16540 31805 32301 19410 21172 28681 15817 28735 7919 13593 28319 26093 3218 19047 13646 6737 337 13482 8772 16500 30495 3288 5678 29593 9285 22506 19122 27936 27057 3039 21345 20906 31633 26115 10983 22910 30753 30321 8325 22572 24769 1239 14786 26480 10571 12921 23645 14680 20899 32121 21637 21929 15760 2389 2892 18048 16074 20657 346 30773 1364 9303 25054 20612 27147 7036 16843 16623 18304 22853 24384 22622 21763 19337 30023 6153 14336 18137 30659 3991 16271 9149 19364 1159 32326 16705 20317 10448 13905 4272 18328 9412 19397 3744 1064 30778 12594 19758 20799 30444 632 29579 2273 25630 16859 22200 22680 29057 27481 3981 3946 9558 21050 12800 2056 27606 31978 2468 840 22482 29444 32624 1749 22167 12719 3266 5157 23316 14893 24483 19372 17471 28337 5197 20560 692 12657 10219 32540 16799 31229 2207 20280 5853 21711 26313 28185 32350 291 11143 27637 9422 8457 14456 3194 17780 12216 21702 4031 8026 12837 27491 1915 17838 21972 32402 3189 20328 29166 29866 26683 10797 7829 8726 1815 5235 22132 13473 17983 743 22170 25585 29260 29963 12424 2896 2541 32036 17032 4275 6365 32595 2625 15604 16146 27650 1417 26979 14392 31105 5498 9853 30557 8433 6088 16379 10990 25186 10833 16911 15586 5176 19702 25578 9013 16851 21930 31617 5272 23919 27336 24209 30055 18760 30634 21728 4315 31746 20343 32711 29313 17481 29244 23277 29674 28597 10303 14933 21156 22768 26512 27035 25194 8474 14304 20602 12184 6252 2198 16530 9698 6684 11552 20584 3908 24449 29575 26543 32572 3704 2375 24774 32312 1798 8797 
25473 2378 13375 5793 23852 14883 25702 26966 14797 11071 27733 28416 17066 27741 6687 1397 17931 6962 15093 4663 27713 29790 14406 15105 24039 28831 4138 3232 8040 16965 11521 1028 17858 18150 24663 11671 26761 16722 1292 20174 29998 28617 3249 19965 18305 21100 31796 19567 11125 13810 7104 9910 11299 22172 24031 20288 21522 12139 16866 14123 17078 18832 13698 14682 15158 8228 14791 15305 4211 27673 20265 31517 4677 27761 27894 13440 24583 32429 2035 8619 17495 7049 27718 31556 32279 3046 28307 30059 6839 27144 14438 27280 17847 17153 13265 10375 12647 27757 23126 5086 31986 25184 27398 5486 15258 16797 19435 1584 325 12809 6820 3410 6201 21855 12367 9354 17444 3620 7340 13995 13919 13022 23678 3190 6003 385 20277 31666 18909 26410 12235 3199 18958 28687 5356 2279 20406 29622 15449 10934 5186 20838 9614 23435 25251 20700 16291 15152 21586 31550 11888 24615 24465 85 27380 1669 6899 31734 17144 8452 23070 12225 31727 83 2000 1295 7457 1200 24864 27429 9480 3513 30215 26030 11770 7295 4894 24424 17929 23517 30889 5405 32296 776 725 11477 29839 18022 10046 19786 24160 19108 27572 18844 21642 19971 14911 13638 26605 31730 13920 29777 16576 7906 30618 7111 19760 9302 19761 13931 17226 10041 28466 16807 31259 29813 16563 30406 24086 15809 1884 13411 1206 28346 15399 7201 9060 22582 22883 14493 28058 9685 18943 16289 7753 20953 24069 17563 12408 2871 26725 28493 2862 16877 27124 2757 9363 19863 28084 144 24658 25149 31318 5163 11585 18288 15613 29370 9796 1429 20805 27388 14959 32128 19076 24959 8298 7749 25168 21776 6426 11594 28737 1910 17789 21665 3831 7776 5078 27541 4703 20635 2059 11651 13107 29576 25419 21228 5056 31950 28403 16583 492 19532 28339 16924 6775 21074 32237 32718 12673 26128 23645 10937 9293 24654 28159 3068 30788 20062 29229 28568 27453 20815 13832 7483 22779 32100 17946 21334 6647 19908 25402 30837 16224 115 16047 30416 20577 28289 16792 30237 27810 13442 25483 26537 30737 16190 21628 6311 13282 4265 32224 16072 26836 20757 7955 13068 1719 166 
2295 20183 23851 23814 15583 8007 20906 20315 29355 25285 14025 30326 18996 1242 10426 8525 11242 3140 4886 19884 7355 12106 17369 32551 2359 588 12207 595 19442 29854 19310 28726 29482 3991 7907 1531 2474 11236 29905 9450 26350 4386 19511 3736 19080 13229 28370 12635 18115 1202 20707 6401 16005 2188 7730 22466 31354 10061 6227 31602 6510 27546 10792 25340 24571 9149 21671 2059 11109 6389 22749 4362 3010 20752 17203 16207 18782 3644 15345 3475 22877 283 16640 4774 1442 24853 11508 31840 19440 24306 12106 14043 14415 9640 6637 5087 16050 23921 10239 1694 22486 25889 8663 18338 25965 13751 582 29955 8572 9266 287 733 7426 30118 9974 4097 4570 31118 20007 29419 3042 7780 13595 4853 11613 13423 1478 25034 4758 21213 30324 2332 6343 4881 26566 8346 3128 5694 9207 28 427 2357 9060 545 24312 6779 31308 19068 22261 5791 21460 25930 23704 7882 7758 21031 20832 11672 19642 20386 29424 24102 20877 31470 19454 10605 14002 6106 11371 3534 30415 5378 27827 21741 31689 8263 136 27587 26250 24446 7354 239 1026 8549 29786 23885 4971 6875 20767 10954 16850 1104 2824 7543 32467 11130 9027 13020 3748 19785 1614 31630 32085 19486 14684 8964 22357 5688 30458 10662 19257 20590 32498 1319 6329 6436 7536 6933 28923 30584 11619 18862 11285 19132 6694 29430 30669 20009 9312 15878 25506 1233 28201 679 28177 8662 4718 4895 30481 16602 19350 22603 15328 694 28005 29678 16385 25199 13857 23881 18310 22118 15092 11244 18059 4558 29586 1227 27139 31331 10523 23956 7607 9817 19523 2624 13195 30355 30384 18665 4099 8470 7076 16347 7 16317 11227 8685 7139 14126 12471 27922 23442 2572 8858 30507 16444 27759 32403 15647 14077 11153 24382 10286 6376 15818 7397 15746 27724 3774 14571 27655 19253 23509 6251 27773 4918 13547 21020 26572 16998 30025 4984 22423 9641 18644 24861 21779 15409 4485 13939 18970 29764 16665 18575 14459 9535 31498 28759 2965 27355 4797 32743 10276 17839 14845 1844 11866 9462 29608 19439 8754 15763 7848 30893 28161 21074 11557 18244 29517 
20849 23545 10872 7651 27487 32357 15063 11556 1731 12802 27361 10144 13760 3834 18028 11494 4215 10359 16711 6553 6350 29020 22814 12743 2928 22836 3741 17783 16918 13671 31192 897 2820 19124 32235 28323 6614 2779 24541 10448 30076 23194 17611 2251 1924 29659 23362 11765 12439 14380 13292 1636 1607 1903 3439 31540 7688 28371 6034 14114 2427 17411 29090 15190 26611 157 26644 13953 12594 29157 13675 21032 7539 4283 19036 27200 20142 5578 24880 25338 7959 7683 24683 4320 14567 29514 20651 26401 23392 19822 27090 24617 28939 8031 31591 21621 23365 17563 13370 13222 5881 8938 3399 21460 7855 5195 23517 19236 11718 11566 20224 1949 18685 13027 23563 6455 12345 22099 24218 25141 7554 1774 28582 8629 30030 29156 14322 3206 19458 408 16806 26681 25782 29010 3386 23675 3384 18739 28054 28322 31572 22127 28536 23429 3923 29622 20501 17297 8130 13811 18179 23833 12917 20793 10070 8430 18123 18938 7178 9520 5426 18043 929 6755 26606 5252 12044 7877 28951 14172 1999 23519 16865 4597 24929 8795 18209 355 31185 30741 28428 31634 28079 19573 23617 1593 9002 18171 18954 6666 28790 25627 1502 17964 369 21580 8747 10218 16517 20828 18003 2733 18128 24070 16372 17447 6018 9158 14701 8402 10887 25324 14750 29849 2663 10480 20719 9172 2410 16645 6035 14458 20991 4848 24846 22418 22110 25627 18676 10987 25453 12005 31988 4877 23264 1085 26646 13679 22693 11119 9025 15083 18303 29757 20224 21102 10481 28466 14981 19444 5213 51 31727 24500 12653 32599 24008 30103 12722 23545 17874 239 3467 30219 30979 17510 2121 8620 24782 4660 16272 2301 13732 23702 18944 24625 12987 10875 10517 8164 14094 17536 4684 14766 30629 11806 21384 31479 10006 16162 22195 4621 13900 29022 2216 26995 4743 13983 10065 19837 1188 27359 15116 4121 5535 14011 16212 7920 7254 30247 16029 16302 22671 30560 25983 26269 16189 9762 20759 23417 23551 30492 7339 8320 27626 10145 29324 20424 5512 9632 9281 25301 25120 13270 3553 6251 23608 7746 18625 27809 30553 4825 29007 22327 9490 29308 1086 17449 15167 11815 
5860 31364 3980 1131 28384 25977 27700 13086 15615 29616 16911 29009 32609 223 15307 17794 20183 32154 5753 3091 7056 18797 25420 16891 7413 29480 5790 26556 30929 21370 2100 4245 26037 13761 18627 29176 19611 801 28851 1854 11721 9171 19490 7578 19704 2752 2092 23627 26806 8015 17770 7446 265 31099 13240 10484 29013 9256 6972 11528 24959 22967 30372 31699 21075 28376 686 28331 18723 24479 26350 31593 24241 13019 23500 21091 13648 10147 29132 6298 6725 24881 24082 4660 22131 1268 28709 20780 29240 32480 5363 15432 28818 24585 2837 587 17798 2928 11349 19820 3010 9500 28781 19208 15745 30573 3346 23444 29871 17070 22321 32469 30285 10985 18809 20563 3352 14335 21529 10251 30565 7159 22987 13156 27728 13207 32273 6756 31765 30001 10430 1316 20414 16832 25273 5505 3071 19508 28670 10517 23390 2825 19173 30566 25494 26654 25767 24668 10814 8901 20254 32505 11430 6166 13260 21572 12034 25994 15391 7814 1738 6597 20211 12473 25696 26546 18265 24126 24564 4053 2199 20174 19877 29661 4976 20147 7400 2169 165 28472 18222 6509 1211 2910 4545 5093 24831 1232 9967 19209 26056 19737 19051 27345 27132 3861 11504 3355 23509 3237 8999 9467 20197 1191 17355 13394 11096 13606 12555 32674 25210 19917 4400 13344 19577 26274 31359 13323 4971 20209 22113 32061 20370 18565 32705 24064 14559 798 8374 27682 4534 27680 4962 29260 12017 9865 18970 18319 16679 16165 710 17728 17198 28933 18827 20230 12766 3629 3752 8497 28952 24717 21406 22861 519 5939 13204 27895 28326 5054 19193 752 3715 11286 17003 25200 2242 13402 216 27837 14180 25882 18659 21755 20426 29127 17801 2630 29812 25447 18948 2046 5135 2957 18671 98 14767 9097 18092 5473 12889 27612 19203 5036 11204 24559 5643 25616 12384 20996 7246 9987 9368 876 3624 11901 10580 3322 28272 18953 1987 11193 31834 6427 2647 17882 29852 22436 26385 15344 28112 22756 7934 23136 21530 9343 30466 32530 18442 27092 28116 18285 25796 15754 21322 23171 12638 21867 25815 9096 16777 13942 4946 4233 18804 2351 22008 10586 10477 2106 
11957 4817 12746 15656 17311 21041 11655 32657 12739 25833 26160 27235 32037 127 13953 15225 16898 3783 25933 20848 2904 14936 20508 15286 29353 8000 10520 4323 27899 29687 19498 32589 26915 16018 28512 19414 9027 27193 12946 13065 20882 20699 21061 24678 3675 3360 463 28665 9033 10400 12476 11826 6625 31314 16241 2544 13648 18759 26383 27871 14695 1944 22682 28164 8932 14749 22363 4758 13555 23903 21122 4368 32756 26192 16912 19076 17791 8506 19188 28210 23973 5238 28276 31577 377 12382 18639 5453 7888 25604 8993 24010 6468 27173 23686 18824 7295 25176 28290 8975 25526 2699 4257 12237 6771 11440 16218 11110 15000 5300 10809 3403 2977 8881 19774 19598 10025 19812 14720 5621 9903 10465 20757 10317 24219 17797 31286 19200 19068 31533 3487 4842 3732 29861 1077 26985 12950 3940 10219 2483 31150 25462 19430 26733 31682 1977 20448 14713 25592 26188 29386 2063 30840 13637 14517 5391 20339 26530 26610 28565 21860 10883 24952 31694 2197 17046 22663 23563 3557 24018 11659 28692 714 11624 28739 24255 12434 23542 19746 24001 1262 13310 27126 11203 29616 2712 30151 28857 9684 16995 28674 30831 6589 31425 27351 31588 6338 16196 19679 27100 9705 19299 22018 27953 18930 13938 27544 4970 24728 7121 28622 22798 19219 4963 10315 1339 11233 3649 30740 3058 4038 27568 28845 27317 10258 23121 32386 13140 31266 22936 13445 14596 10281 28543 31511 5041 14129 26236 9772 28053 30300 10160 13994 20234 27504 1377 19219 23708 26770 2474 868 15203 12114 7537 23613 3984 17640 7066 17729 18757 23485 9338 30400 13226 30254 17807 19092 31293 9868 18798 7240 6249 4199 17404 29824 26459 3852 12001 916 15889 9548 10810 12159 22451 6783 13710 14584 29735 26825 29956 15326 26336 24732 22227 3801 2038 9598 11513 17983 15228 26637 3888 24116 782 320 6430 20502 19881 21231 22732 5912 31167 4502 345 26668 15755 23382 13808 8487 27043 16444 247 13087 14796 8134 19337 3096 10257 32675 26919 17376 30231 16315 2986 4152 24747 20335 13180 17460 12701 18466 28680 24293 9169 4344 1135 27957 19859 28637 17533 
17169 1323 11210 15835 20430 29617 9283 390 4549 18979 549 8575 27969 19637 26014 14021 27292 10344 13693 896 8100 18142 29612 1407 18499 5229 15098 3300 21088 27762 18974 11038 24832 8168 16377 3608 2737 19001 27932 7088 22312 26707 24202 24939 16425 26111 1471 11367 14759 5486 8689 23953 1325 17685 20117 19991 21628 26556 23333 22561 32630 721 20513 22460 20794 22273 17748 14358 12433 30474 27992 24817 10121 16586 31324 6226 3679 27804 16421 11385 23970 9957 14163 31254 27542 26602 17894 8890 6359 32229 28928 1932 12350 32087 23532 23613 32264 2975 14432 26174 25141 14284 3071 15408 25135 21936 28450 6556 32172 3893 10456 6884 19157 8181 19500 30073 7592 28420 15014 79 16027 31504 12308 8334 29826 19629 15241 28299 26034 25322 18855 9974 5223 20008 9242 15445 31331 27948 2661 7344 2008 114 18401 32654 2440 1988 27394 20513 14891 7692 477 1982 785 18279 32743 3216 12296 25978 12544 26764 6784 17929 23984 27815 4077 32709 1200 5191 30573 4454 19884 15608 31403 30458 6471 1633 13827 10621 21088 28278 13287 15529 25747 32239 14209 3855 31747 6392 6809 16487 29271 18474 17082 25125 3331 3514 29072 5709 28873 6896 29845 4231 28287 31195 30701 11638 3346 32580 141 5190 29899 6368 20899 5764 8145 19401 16690 16947 29680 30511 16381 23068 10648 12107 6311 10341 9257 17557 10776 24421 8045 19255 8483 31927 22118 14017 30053 25229 1867 24094 11632 6983 30925 31687 11817 31557 25758 32310 6510 5369 27444 15518 32764 13120 29899 25561 27280 19954 9129 12194 32333 11447 15269 17412 16478 11293 8938 15122 15580 22760 24569 15065 5362 21930 14573 10131 14399 16019 22531 17950 19835 32649 6489 25260 3678 20603 26102 20411 6845 19443 16395 20808 1783 21483 25720 18495 10639 14562 9618 12855 27674 22319 25380 20828 9052 7828 17332 4268 12974 14358 4871 30823 32418 15884 27111 18112 29418 14967 803 217 8054 24465 25048 4078 12509 11945 11503 16081 18430 301 25575 11158 29927 10249 20692 399 22774 5423 23464 3963 13373 17271 8882 3578 25131 20650 31844 10820 2409 32217 
18009 10523 771 2548 9623 13822 15560 6808 7185 12960 6899 10023 6000 6808 7435 6686 23826 20314 18951 7331 30547 24678 10166 16478 2060 9151 16734 31626 9306 12959 420 11084 7585 7785 25515 4163 23504 29151 16256 31072 11494 21141 13750 4344 11701 22181 32333 23 12261 25253 7897 23576 16701 9174 19423 4722 14366 31390 31107 18133 26960 26937 24416 22390 27394 23211 29624 31655 2315 22009 8653 12458 20086 29080 16270 26823 18494 6950 1654 12444 25942 1880 5042 16053 6124 24116 13186 8540 7151 30592 31713 32434 1743 15226 31336 6911 1156 31689 31088 6471 26065 22708 8311 10782 25546 1682 29637 7356 15508 1921 30542 1620 3436 11611 30939 29602 3562 30694 17765 22724 4231 9035 19905 13130 27742 31434 32387 4752 13359 17323 20252 31308 24233 21624 19525 21347 17385 11369 8609 24321 5182 7968 26269 24552 11311 26774 12956 28168 27071 15702 15441 10320 26351 10985 2155 14533 15749 23697 27512 24273 14348 6202 25347 29661 5148 1965 2560 7714 14811 8711 11371 9659 3268 18793 15915 8191 14759 28914 14652 25871 9713 24298 9997 939 25646 24384 22823 10058 20940 31287 5392 9321 16930 860 14191 7971 23217 5307 4720 2 1193 19026 2922 11029 6063 20934 15296 11586 8669 8789 6405 21470 28938 28940 26723 25211 16716 13626 317 23297 13500 20772 8979 3073 30841 13050 25254 22853 15088 522 29277 29356 22362 11316 18920 27957 23173 26526 28963 29273 17624 31913 29245 31134 11666 27683 14105 16489 11090 17854 22004 29715 9692 17088 4425 16960 29978 30973 3825 17260 29025 14850 2703 29639 22774 29332 1835 11843 11985 7769 17437 24043 30368 9172 31021 22902 29199 11415 7672 7452 17223 19891 16534 22184 6324 5236 12153 30671 17932 19275 31384 17088 28301 2828 4045 1276 9350 27737 30332 29800 8728 27998 28278 25248 32574 24512 30237 14991 2315 29391 31688 31805 7731 11779 15977 10983 13517 28582 8557 24917 27991 17358 30691 104 22267 10126 2785 11251 18704 3181 24355 2507 30180 12311 32246 30498 6841 7251 17748 10256 28941 25397 849 25971 17695 27541 24758 23801 21934 25024 
24299 14203 24836 8300 27930 27021 819 9714 22673 29267 18847 27063 7272 31894 8124 9707 21604 5654 31001 26999 22300 28962 23710 1584 15194 25703 13586 12113 19652 7430 2783 23592 13244 14057 2842 17167 21636 12118 32702 158 10662 26052 7480 16159 7571 7918 18729 29250 10122 15911 15975 31507 12219 10477 12869 18472 32429 2240 24340 17951 15325 24373 6121 13384 16296 8262 18849 12702 15466 18156 3363 5628 744 6128 12005 27533 26091 1789 20402 7301 302 29179 682 10510 26490 9880 3210 31109 31760 26151 10285 8423 31559 23470 29779 9094 30326 14394 28322 5633 18196 26998 8170 10354 15646 7804 23981 29161 3257 3819 17631 4122 16153 14394 20970 28498 10913 1356 14837 20144 13900 5188 26982 21649 27723 3738 19365 18252 8176 18287 16419 15904 10954 5149 24732 24170 1298 4883 31897 31003 15685 21728 28216 7274 4883 7053 11311 28102 14712 9264 15631 24591 1065 11966 28614 6661 1073 14369 32104 8449 22492 6794 30767 7139 12756 2057 11200 16971 23434 4955 21167 19468 14039 15107 17734 29917 740 10908 1410 26706 26695 9837 19551 10763 4206 21822 31829 20012 19521 23658 7459 5644 3587 566 17611 17714 14969 19041 4574 17021 5455 16636 6905 22946 19639 26492 30608 12508 26707 30734 17898 18142 8021 29482 21101 3341 23013 11115 17436 29164 25027 17310 29278 28631 1581 21273 18433 29685 14083 9294 22398 12648 23337 16799 1151 13510 26157 17524 26270 19405 28969 6795 18800 5458 23275 13712 28098 19835 13140 22766 28706 10798 30206 31204 30882 23497 22561 26075 6104 1556 11704 8951 29993 17780 10719 16108 12872 5217 32384 19 10233 9497 7982 11453 24603 918 11089 23751 28901 5054 17284 2414 7536 16347 20027 20325 24437 27466 28585 5925 15961 32119 14561 6021 5990 6409 21051 26250 15196 21337 9465 3200 1320 41 18474 19785 19955 26003 13519 7158 25182 27711 1341 27796 23820 8153 17346 22600 2658 5058 3211 18335 14730 6 1733 5919 7870 10895 30979 27170 10947 28824 31968 8164 31667 1124 5605 7898 19200 13103 12205 27205 31926 18277 18246 13832 13312 23314 17371 27830 
4334 11929 17040 23536 31605 22442 22958 31470 8120 23662 5888 32603 32645 3844 15741 13414 15651 15665 1574 18454 843 2131 26674 733 11892 31127 11369 7537 6996 9836 20430 10455 16035 31032 31104 15552 27170 29257 2018 24601 25308 29966 30970 24542 11435 30087 12823 2095 12031 6650 27319 29605 5851 9448 16039 25830 6688 15167 11116 24183 14 23249 31970 27858 4872 5381 27939 22201 24471 25036 31658 10185 25778 7895 16313 18770 6461 3848 14839 7526 27343 28198 26974 20528 6584 27860 10068 21383 5699 10436 3864 14531 17208 29992 29792 23760 16805 1897 11585 6785 10718 23580 13134 30502 21955 26674 24580 32096 8257 27246 18534 14900 15900 28957 31716 4191 5099 26625 10881 21993 11620 17038 30261 28669 14809 5721 29584 24824 12803 14797 7585 31936 2815 15135 16662 14167 6806 17285 8868 16816 4289 15011 25770 26817 10860 15942 28689 27353 379 16981 25718 14132 7691 27909 21387 19405 11514 843 19386 9587 32681 31127 30220 30239 14592 31935 19274 5509 19379 1849 9314 24553 11716 22158 10763 30516 25930 21771 26540 6727 21104 19386 1402 1679 23232 28817 28129 6105 22946 9448 25126 6760 31263 30769 16970 837 24043 17123 3121 727 13731 28087 22020 9651 11859 14615 18387 30645 22587 6355 22655 23888 27347 30743 20951 5922 2572 31130 24577 9164 28889 2071 12316 29696 9454 19201 25123 9436 6087 21363 21012 13430 22765 5478 31826 25784 15733 294 328 16494 8393 20743 3152 30365 8875 24403 8659 22 1654 6280 6321 17228 6055 24000 17123 10851 14237 27505 2399 24457 30877 6230 32571 9097 27161 173 12310 29341 31282 29091 11700 27524 4219 10509 8424 11477 17920 15704 25015 7315 24199 16835 23226 19969 26389 31435 15300 31160 7604 14055 16325 15350 1652 8054 2542 3385 20912 5622 24086 10509 30610 29046 14429 22306 11481 12366 2063 19105 5338 29197 4555 3008 21701 19891 15588 8085 27690 22561 20487 25127 30396 28365 24862 18123 15188 6842 31861 29358 11321 8104 18203 26030 15518 2952 8332 9582 12140 23090 1932 7849 17218 346 18006 12486 24506 30912 10742 6061 10223 4776 
18676 10202 5692 14474 7474 4271 1350 24586 29975 6415 19004 19498 32749 2600 17501 28351 31112 15504 1467 32290 14633 31636 31039 4903 10146 13005 10734 25427 24762 6644 3946 27465 978 21238 956 7558 30665 11851 18000 26958 9758 2436 12353 11750 29012 31780 32216 28164 27291 18097 20815 22404 2732 14347 21210 29532 29173 31996 4584 4562 29686 3599 2981 18157 29163 12198 31428 2857 18603 14407 21629 21614 21968 4407 5841 15171 22552 9546 19477 64 12043 12793 26542 1473 15838 11957 24602 4578 30104 15995 10800 27815 19059 24489 31144 11898 6277 19984 27357 21211 15263 19274 31186 25427 24182 16717 27251 20137 17664 29505 1566 16473 5665 12431 21090 3138 26759 15931 9479 671 5843 27251 14670 16440 7929 32360 10873 20186 4329 604 30606 10756 20591 2044 29785 31715 11863 28401 19376 9856 7382 22450 30459 27961 805 14492 20211 21102 29807 18756 6569 32124 19949 14348 14794 15599 80 24052 25378 30963 2143 25779 30816 10764 23265 4871 30233 10247 18365 13129 3855 25905 6240 18500 23986 27078 27999 1095 20199 9132 8029 13945 10761 24161 10032 8813 23085 30515 20799 30198 23723 8623 16430 20797 30938 20571 702 5392 9498 5544 16622 27517 15640 4386 17511 16032 27981 15594 24598 4537 30664 12134 31515 28801 13870 9527 17122 26815 31999 26475 18575 16918 17434 25076 3488 26657 14468 32345 17357 15042 7013 5804 17459 14518 4691 5308 434 14445 19667 4491 31380 8985 8989 2307 28015 26118 4640 30180 21836 3625 14534 27137 28936 16891 14969 30380 23035 3464 10982 31087 28120 13506 26369 8445 4052 28 32585 15975 1291 14164 5965 13971 28703 16016 24175 10219 12322 2477 1512 6226 9910 22996 22540 16220 10610 31054 21711 16574 8840 27033 30601 27395 9381 14267 2550 20097 30233 27350 10369 16524 22328 16637 23490 7913 2048 11846 27461 26501 20732 21024 19853 30823 4967 22247 22872 3044 9365 28598 7205 17682 30863 26749 31220 24703 24574 31827 31309 23842 23882 26125 26243 12689 21762 24335 7482 24949 7551 98 16167 1851 12740 14855 6423 9741 2985 21643 28467 22529 26937 12508 
3458 11408 344 14939 16815 19273 27561 16178 8717 11974 16302 8936 17880 3040 12081 7987 21182 14623 8163 1805 925 10868 2116 16393 3215 21803 5058 26088 36 4123 21029 19559 6638 17440 30250 21340 4675 203 26478 16641 24382 18775 11150 5776 1799 11743 27277 4880 26452 1231 4726 22638 5680 22681 24130 26319 16380 23977 17403 25125 9907 1178 3618 22016 9842 31914 9295 27560 25399 14955 18199 18024 1000 22204 17202 31276 7832 23032 24541 20559 14855 18285 3198 20142 2151 32016 4487 13569 16230 15214 18588 25707 12648 27110 8184 25935 3092 27414 27917 32614 24595 5523 21098 6158 22036 9437 15586 19173 13588 13970 15339 28823 7644 10209 14660 2036 8139 26434 21467 13638 2773 3684 25069 19425 8908 22631 24175 5627 6110 18508 17837 20158 26720 5034 9521 668 4042 9634 25318 18915 9986 19988 32637 4497 23005 28947 22544 26217 21987 19095 11013 30278 5714 6770 25654 15280 12646 19590 29774 1965 2776 28980 14198 24025 4004 6680 12082 22201 24336 28403 4997 31821 1258 3816 32604 21732 10513 4588 15402 4148 22583 15992 28879 2730 18916 18304 14270 6911 18366 9897 24671 24076 6665 26295 24498 29919 7530 29252 13366 26894 26096 15032 16649 11083 4948 19317 25680 24633 14976 7506 19673 28543 2127 15947 21247 2330 404 8567 22734 5367 1117 11066 30056 16577 28281 19899 28583 8184 3383 18840 19460 4675 14961 26329 29112 25607 19145 14883 11041 23864 12595 18990 1382 12911 31668 10617 21342 3133 3433 22589 22446 6336 14794 671 23090 23411 9520 28457 11423 12106 3733 12667 25190 12031 26267 30014 16347 30630 22480 30042 9366 31112 9265 29545 29977 19246 31725 17259 18356 12988 12651 16315 22694 22913 28301 14658 2437 24011 20279 14314 28640 14080 1291 8021 14114 8170 26743 3024 22969 31571 6898 31618 30072 26322 7810 6121 16186 28644 1666 13192 22985 7998 9634 20441 5118 20066 23855 16265 21033 31601 29077 14564 9906 3904 2082 27791 24065 18861 12812 29813 412 18484 10422 12035 5775 23229 7983 23192 6929 6840 19707 1335 1892 30828 5655 9344 22013 12940 29751 27102 
22245 27660 1362 9985 21087 21554 25440 22159 16075 5360 10595 7446 3530 31601 18852 22086 21667 3826 6463 605 21478 2515 13537 10210 8783 26862 8913 32150 32492 1319 22061 28840 3714 27460 30583 23336 2094 26112 5712 32446 5448 28250 10370 6044 26764 30259 31300 7089 20604 16664 29626 31263 18688 16221 22460 28400 20560 8043 24536 16132 787 2394 22938 28750 17353 14531 10506 21057 29030 26831 21623 27268 28991 18068 32115 6637 4138 23970 27423 3501 32481 13016 2473 20680 28072 381 786 4553 2864 20108 21813 28851 27322 17998 2309 26938 5503 6190 28438 11571 19280 17610 1375 842 13946 4678 27198 32243 5868 6885 188 7843 10396 10714 10771 14655 18726 23131 14445 11221 8374 11512 32495 16010 21033 1835 8950 16339 30319 20784 4768 12520 26420 9750 17551 5750 7359 18967 9449 16788 8986 23333 21411 9465 27251 28613 6144 2668 30402 6176 11604 15483 12972 30039 19726 30832 27047 23320 6645 15489 11616 12143 20658 17991 10842 31966 24975 21874 12247 27311 22398 1722 28411 3977 12381 23321 13615 21058 2680 16183 9668 19700 19280 10022 14040 26195 9115 4687 30078 5437 5259 2988 21785 659 23123 31288 3593 32072 24552 21924 20362 29879 8196 4940 18648 27962 6001 24425 19864 8952 11396 30344 6515 20222 12264 13115 30468 17042 23196 9230 19956 19651 27967 15804 23651 7749 21644 32163 8074 8060 30497 4214 12191 27863 4228 20786 4857 27999 15719 13395 19573 14224 7467 29511 10520 14439 11428 3107 4342 20668 15900 27029 24402 23762 12954 18201 1542 23085 22628 9584 38 8099 4802 25423 22496 23478 12037 20052 17318 19745 2760 16445 7824 27057 28534 7260 16379 26454 18188 16710 30327 23418 3616 17100 10720 25745 10019 44 26826 4594 29411 27272 25890 32229 21075 3990 9235 19965 30095 15514 25895 3496 7195 19857 1199 5892 10859 31919 23908 32244 14505 17932 27982 12660 32434 13211 16869 18217 16738 9563 28535 9532 9489 27089 6089 32361 2397 15029 17409 21587 21034 29164 5571 29723 16872 2742 5019 8496 18709 17193 5275 25193 28418 29150 3909 9553 14297 25578 20395 11202 
11231 22287 22740 30645 25591 25652 30050 10584 16232 28179 15218 865 9951 26674 1988 2466 184 2580 13340 28126 14969 17072 3303 16092 2975 34 18978 3513 21918 8097 3960 32130 17699 6577 14250 28931 6300 16025 28468 19161 12282 5912 25134 29647 18869 15700 368 7015 4369 16915 8953 26294 24993 29229 402 373 25609 4162 24494 17750 26631 22184 20885 27540 8117 21927 29377 31950 8200 489 2696 29461 19101 1836 25596 16964 1205 13114 23824 14991 24446 3355 28924 31071 5524 27785 16866 23646 455 9636 26033 10957 29471 7399 31306 26910 541 22363 17633 2751 19268 23306 24742 30260 13016 29623 16549 3944 5606 12236 2283 15429 3204 10644 747 6018 8538 28842 12576 17852 8801 10162 17907 8393 28395 10822 478 11593 26340 20275 15570 3709 24407 6886 7894 27741 16435 30241 19442 32740 12112 15603 1867 14767 27821 14822 4495 14022 17404 24954 18067 30650 14176 25042 15931 3568 18293 23214 29851 13116 31889 20889 15707 32689 5449 13924 1632 12728 32311 3026 11688 15456 30459 2197 28278 4085 2176 17529 10672 20692 12417 17888 3461 28797 26187 878 24658 23786 23748 11781 29383 14880 9644 22260 32070 23043 6691 18027 27787 26222 11371 5683 24978 29059 1776 25755 26805 24640 7301 13238 11286 25427 3569 18627 9532 29232 2218 8173 4609 31840 736 18485 12459 17692 30909 15276 1881 7450 3820 2021 15009 28327 15960 23210 14199 20470 27958 18158 13392 4024 6469 22019 19848 28652 30548 14605 16641 761 11270 11959 3342 24314 466 28964 30351 7001 16461 16425 14941 19615 2220 23481 28136 29322 23428 672 21278 3169 11221 18804 9103 18308 9031 24009 5839 31815 31667 2469 10268 27904 4581 2868 24385 31583 5537 5308 8378 18430 31459 2258 18713 28729 4203 18127 6057 24128 24441 7038 11344 24426 14550 10775 7354 29901 4883 24945 25779 4619 7701 20851 13781 15982 12242 29900 27236 19512 28245 17123 8054 6708 23304 7697 14935 5009 9010 29199 23851 25072 22975 5802 3797 1468 32320 19134 6680 18618 30002 23393 26620 16097 21891 19295 22900 18795 12114 3815 25661 20524 12279 12163 
30473 9507 18243 27725 26845 17999 12808 10849 30648 29123 3548 18830 6773 16381 23067 12625 10738 14452 2603 10755 9586 5232 3332 22097 5696 9246 28143 24813 22166 2532 29325 12931 16316 16370 23068 17391 884 7194 8694 24749 13462 17889 29530 28048 17144 21206 7791 1975 28304 32034 18054 4030 30173 10337 9120 30001 898 10416 32048 22086 7989 7 16930 18379 9687 1482 25115 22877 3300 11418 19459 10715 29966 23153 13761 8218 20517 1774 4421 7130 7738 5101 21196 13049 1540 5211 27743 20199 19587 30025 8861 15962 28642 15678 7867 3907 27042 21970 25033 17664 23541 4984 32055 16083 11880 28572 13463 25235 24005 10478 27812 24481 824 15869 2948 7710 22192 30215 11850 11867 12424 27663 22463 19601 20071 20529 31842 19667 24421 21299 4013 832 7023 28764 30362 31869 27116 2441 870 6755 23456 2429 24213 26868 31697 121 310 16276 15529 28428 9320 630 732 13101 18973 6228 5259 19335 17182 26723 28519 25876 22096 29830 18969 26349 27957 25537 17634 28769 27061 4337 3454 32068 2335 29115 31311 9353 30827 27075 24759 9492 32194 24094 10950 13513 23360 7433 28693 17897 20216 28123 5617 13982 21560 23864 15036 7892 2575 6536 28817 12363 25357 29607 2855 23786 586 22494 1272 14167 27049 21267 16290 16836 23902 30780 9101 7948 8366 14874 25294 23038 28662 3363 25419 14072 23535 26048 5152 17337 27184 26296 12866 6512 7925 21484 16482 1304 21534 7494 13845 2568 379 5612 10801 29382 23110 11193 31866 25629 25585 13037 17022 9839 27171 6691 31677 6476 29693 6788 20749 1346 7841 14395 25405 16375 245 10024 27897 22134 31908 26585 15341 12743 8294 12470 17710 27074 32642 30587 22741 14884 8849 12012 14573 19939 30084 3268 6031 21695 22248 27630 16459 5914 11369 7927 28874 31753 8341 18116 9394 13739 28131 384 22730 1978 23284 1497 2399 23647 19480 32364 28646 6987 3604 14717 17378 30467 15907 236 776 9339 29498 11876 1185 12519 3216 20438 23601 27086 18782 28710 20310 2912 3555 22564 25330 10505 31148 23485 17292 1094 13074 1907 3316 17848 3076 16906 13606 19575 
25607 13956 7793 1960 27514 6736 5337 3666 11295 9151 15033 26989 31447 17591 10413 17468 13997 32171 17582 30429 30998 23754 5247 7967 7031 32119 3913 15251 13800 7162 12930 31974 31544 4469 24082 16749 5681 19481 15289 28418 27677 6041 13739 7951 26761 18911 16510 20712 13896 10239 31814 5726 2491 5993 28927 28305 24656 28514 27179 17157 22857 32437 13755 15096 3007 6565 18995 22771 32230 17447 6154 5792 8594 19534 2639 29403 31226 26887 31379 9739 20156 12550 7170 28851 4130 32256 8659 14404 20644 4123 9443 26166 30638 1443 3228 15702 4515 31486 32540 6498 24865 26338 7315 19667 5511 1733 2541 4346 19124 28565 3762 15438 13842 5802 18986 13061 9428 26361 17348 17889 12155 13962 23224 29517 18079 12332 22764 16040 31980 1383 11541 4577 12907 31922 4126 23876 1282 12262 6605 27027 10815 3827 2212 4185 5713 31441 16645 20091 5207 3258 18330 25872 13278 23959 15092 31858 12196 25016 4210 32149 12706 11463 6245 5528 6218 12799 3441 6042 8462 21657 13111 12495 7201 23687 18480 8915 3457 9061 20188 30782 24373 3501 29213 26488 2259 9258 2269 22479 20550 25007 31991 15558 1998 2312 6485 15280 27976 5937 854 20350 3760 9670 25458 24278 22500 20923 288 30821 11691 31309 22007 10613 14837 27704 23572 8898 19813 19755 7101 8073 31244 23417 15427 17123 19320 22033 7213 24401 16365 8368 13458 23704 26354 30805 19399 12239 18703 19446 15163 6582 31958 3441 19614 8009 3360 3781 29257 28821 5273 16258 24282 12747 12927 24190 16414 23187 15526 29642 8501 8098 21184 9956 14320 6799 14043 17710 8574 9186 3883 3231 21064 4975 29962 3769 15641 23266 30013 16315 30082 11930 25977 1559 20861 12475 13093 24102 20048 21118 3938 26139 15540 24524 7241 26166 30775 26892 32627 10554 11743 32569 32191 14624 30224 30263 1103 21517 17839 8551 17108 11650 31368 15993 15116 20434 1773 641 27017 12762 160 32077 27571 21740 5876 18166 18192 32524 13358 11190 13763 25951 20017 18937 7251 23264 10843 22199 3246 22357 6314 31744 31342 27266 27171 1497 1114 28572 9844 20806 30512 5376 
17624 12712 28066 3109 27707 16457 12702 30159 32415 18998 17106 24198 29630 20557 9840 24391 18160 19862 25646 13945 31824 14295 21650 27938 282 28258 9324 23643 27480 2866 12708 9986 23742 18998 9525 31662 3282 31469 28282 13032 15952 12339 937 7576 9164 8795 2973 6077 30617 30589 21720 13153 19178 26129 15816 4045 20535 26045 29257 12537 9442 25196 8812 27462 24091 9632 5750 14191 23809 27145 17452 701 11785 19798 18766 20347 30628 5195 28514 14762 15388 29972 7346 13302 29375 23513 22168 4328 15424 23954 14585 11356 13914 19741 1808 18742 12982 9869 14701 30545 21775 17606 11581 5560 23700 5447 22731 17689 7310 15942 10567 24182 26690 27394 28103 16926 30233 12885 29579 4828 32254 19336 14213 12654 5896 1388 20760 3128 6233 13222 31265 5946 326 1611 22580 64 11448 32685 27432 29528 21457 31860 17621 905 9171 496 28188 3010 27454 18093 7464 7185 8761 10568 8436 18197 21043 2434 9741 25526 8394 14227 14490 5907 492 28097 10137 15036 21820 2096 11627 29474 29367 28412 403 2636 27287 26245 14267 25291 31863 14858 4087 5871 2489 29818 7246 6203 1829 7046 24439 25367 12754 8443 18656 6853 2890 32335 12789 8598 24809 11897 16542 350 25222 31238 21257 14373 3158 18794 22699 15647 26636 29076 15489 20959 26949 11973 17564 29639 26916 16801 2780 451 1337 25223 29436 27191 26024 32542 16846 30005 11911 30256 14792 32500 8327 17852 24768 13949 11479 24390 21236 13480 69 5746 18253 32583 18855 24017 10469 19617 16249 17915 27078 6946 10439 29406 29429 29008 27982 31573 21935 23041 28894 26365 8690 28875 15874 15940 1599 4797 17379 24770 7327 1868 11114 5581 2276 13712 1957 2887 19505 14769 25964 14011 29116 28316 32324 19624 30931 16378 4739 16925 8221 22626 11957 3206 30243 32717 24639 5062 21262 15947 7490 2694 8114 5877 25538 8396 3532 28451 21512 17615 9608 30175 19012 26122 19527 8089 15223 28303 10398 2588 22928 26270 1954 23744 17109 30326 10083 30945 16517 14955 2742 3729 22716 7481 14904 27018 14230 11416 5775 2662 13207 7184 8179 24595 29003 27151 
22254 13697 27177 23353 6751 10141 23229 16383 9925 14211 23559 14451 6842 19695 11294 27226 9406 15605 27160 23939 15926 10483 18734 29272 6068 18883 32540 9907 6777 31541 29127 7411 9017 7100 26658 6478 23070 5223 16978 26985 19471 7443 32017 27173 10545 4320 1104 8124 19630 26337 6432 5134 29110 8984 20178 28469 14788 21409 25437 32351 26659 28205 30465 7389 30384 8626 26410 13175 26593 28769 20631 16899 31238 9689 31931 10038 8143 32154 15972 6841 25103 3516 410 3455 3775 18913 4810 25687 22854 12904 24868 16573 20472 995 16449 19446 19164 31435 27913 14428 14258 32627 22996 27894 26420 20027 1487 3915 16285 28678 25506 24440 30824 5870 4943 6785 17242 13110 29533 22245 1730 21631 19767 3957 3328 11071 8399 20581 19780 15984 21382 15012 12696 10629 18000 20841 32289 30370 5907 17935 15777 26892 4433 13858 22337 19423 4615 4026 12686 6399 25301 4103 1729 3152 20574 4142 20035 30506 32754 5203 24432 26631 18539 20727 12700 31359 4692 6789 23891 25463 849 29479 17125 3477 30906 10974 31266 23031 5514 17874 28515 22820 26488 7399 20938 4162 26467 27792 14026 7818 22771 17896 5865 22266 19838 5631 1988 8777 20008 14193 22356 15648 29007 16958 27761 9863 24358 3541 4244 21150 2463 6514 1761 30093 7055 20138 5221 31421 25357 21061 23964 31817 15130 22347 15670 20143 14472 10337 30746 29900 7700 23382 29356 4103 23510 25338 19275 8396 7643 29487 32286 11068 11792 27458 30225 5154 11617 14971 12058 18985 26659 29426 19905 3917 18863 32421 20447 30352 13136 10952 15014 27118 14944 32092 27105 19602 4525 2307 25725 3402 8738 13075 23113 15673 5795 8169 12026 32460 24376 14720 13938 24815 28526 1090 1602 31360 15354 13853 109 23043 15264 17370 31599 7576 28499 22698 11133 18219 13726 27650 12559 8427 27970 27049 28828 17917 11041 8208 6052 9073 1882 26849 29428 1397 17846 16346 31270 1224 23875 15324 13415 26738 9022 7743 23165 20403 7478 27753 23048 14393 15983 18335 7687 13461 5253 30490 16543 26352 10065 22622 2584 5114 4112 10695 24873 25124 3010 25445 4213 6415 
3281 4618 1365 30020 4083 26784 27608 25637 14417 31680 19464 15396 30441 23425 3183 17714 16689 32654 32218 9594 6909 14716 21597 1616 30626 8538 12695 1380 13916 12425 9271 17980 15853 32462 16575 14305 31623 21925 14217 25304 18668 3544 3079 21331 32212 27473 20814 29609 12431 27436 4054 27396 27115 14353 14459 21593 20568 14529 18632 24990 3658 27886 1141 16183 30687 3152 26670 19377 13250 7157 14743 30642 27471 28121 22668 25136 17912 16054 13741 1250 13287 26141 4634 1268 19428 19654 27771 31743 16506 7461 16196 19768 12373 25149 29751 23272 21999 2233 12586 12316 23148 30265 25098 29341 20418 10986 9248 12578 5660 8537 30355 25029 12417 24713 21550 9396 19632 29763 6756 7977 591 16301 24977 668 3397 24094 10883 5175 1893 1585 1337 18570 25932 8984 5354 18304 14988 6195 5450 27793 2314 25313 17672 5946 8100 3735 22939 24490 19479 12079 24638 959 25632 21890 12345 8240 27106 12856 21091 2572 20360 23263 485 23651 7723 25915 10816 3650 1014 19677 1682 9445 3464 22263 17941 22057 3737 26735 23016 12096 32225 562 20498 5032 18485 22475 24516 10334 24308 13364 2782 32591 1441 8428 30901 5903 8913 841 28179 717 6216 9232 1664 20103 26207 21827 4800 29562 7849 10810 16541 28893 27093 30197 28647 23758 9430 945 22712 397 22850 15801 26364 23272 5368 13951 28465 2038 25862 18411 8300 1288 30666 15603 22429 16861 10839 14700 14355 26645 1305 21536 11587 26088 27581 5920 14789 4376 1099 23132 14239 30244 6549 11376 28102 10175 31957 15809 7906 8832 10898 457 30034 6363 14019 31407 28784 15184 17463 25371 14102 20706 2868 10824 29537 13259 13151 30299 7092 1646 1243 8435 19712 13453 13493 25089 6723 5308 20608 7386 30031 15894 3388 906 5325 26158 32125 1131 31617 23369 29385 13815 1232 28362 3649 13531 6783 25581 17539 10316 30653 14008 22736 24734 7524 20271 4970 17427 23420 29896 14144 32241 5121 5662 31437 9175 6885 14569 2110 17744 22361 9774 18643 6569 2633 9907 32647 16384 24101 25526 30451 17822 9191 16350 18032 26247 24914 15474 29308 15438 
5239 16073 27743 20270 20606 18946 13582 15703 6051 245 10063 27782 5759 1128 11550 31192 9353 391 25679 23520 11740 1166 30326 27383 27195 25545 10244 17363 1362 22206 25266 14428 7230 3497 16163 17082 13392 23848 20932 11955 3854 21048 16120 27956 32635 16992 23154 17965 9369 11308 21985 23714 11563 31709 17107 14592 2239 2143 27603 19885 10732 23675 18645 10722 15833 8270 4821 20157 31998 14074 15034 23186 31023 25755 18304 32387 3286 4221 24470 29264 20352 30604 389 23152 13211 25355 12243 21600 12669 14217 5159 7483 9129 28689 23981 1675 14414 22946 24252 11614 7185 8926 11703 10141 16908 5126 19761 7066 27927 806 8020 30184 24134 22669 10371 12655 19635 14208 25918 26047 2685 7984 14150 4005 31504 6121 11778 18428 16039 16523 11810 23750 14096 20542 15490 124 18863 24674 28753 930 710 4805 20594 19613 32244 26649 8226 457 14331 23205 24284 6599 11718 4410 32633 17940 27818 15977 6812 27616 30700 32755 8269 7965 10115 21121 19684 21462 25632 28053 25897 14786 25708 7105 32185 30233 20368 25367 20908 12198 26875 4576 27764 8478 10591 913 11016 9648 26877 12794 22595 29661 32547 26305 26758 31370 31475 8463 6309 5203 22885 905 29697 1315 23696 24194 1521 30209 26661 10862 14951 25389 1852 1690 12752 12396 32595 4123 3131 22432 5267 9477 28606 26011 25430 26589 19989 14645 29415 5968 11661 14492 25992 3620 31009 28908 27066 32624 7138 21504 20664 17160 27548 2183 28229 17980 9910 90 9639 29890 2394 18701 18420 11760 15830 19139 10124 6702 11330 26951 1255 29868 28003 15193 14481 7504 25808 19526 15986 1779 18003 7100 1619 21964 2706 20443 11678 16940 5871 19855 1637 4972 7340 11038 4006 18212 29523 12541 17102 14494 29269 23784 23163 23691 3569 6961 30342 25844 15191 10841 16705 24947 24590 23773 31229 12194 20627 11602 2256 20436 8771 22708 32661 29187 21626 29436 11315 20234 5373 10736 8227 8724 9109 10815 20780 22101 6397 23245 14193 15608 5374 25164 3246 24408 6105 11020 4287 16754 2789 22804 30562 10395 15481 26225 25405 14958 21260 22990 4643 2057 
31643 19269 7827 22905 22348 11125 31361 19826 27728 213 1881 8515 7693 3911 28482 13578 28797 7665 9120 8228 6865 20296 9436 27112 11611 16237 30567 14997 20138 23741 27132 6280 21495 11940 4390 1459 14528 32433 7171 4426 14770 6128 26183 12735 5836 4212 27523 31473 16578 20787 32680 1185 30111 20503 28871 5413 4271 12369 30234 25696 4508 15601 4168 2801 7895 29107 16101 29099 1849 1564 12088 21829 1771 11974 18498 12883 21379 2297 14331 11637 13167 25722 26079 19407 9367 24488 28329 4025 22078 2500 3423 19895 31273 32657 5518 19883 12548 13853 25303 3145 5633 26590 25002 12492 11714 22528 5458 2791 15481 24574 16178 11519 18254 31600 2894 30359 17665 17956 26125 8972 16848 8303 24381 12418 31387 28101 15959 13086 13126 8584 11268 26742 19551 3614 5345 8005 23552 10822 10623 18276 19959 16556 8111 15861 20261 15803 6396 10721 2084 4018 21112 31878 27437 19706 444 27305 6456 5303 810 29106 8804 23965 15733 15640 9626 9988 24164 26 4973 16447 21714 6064 6213 6698 11258 2241 29117 22275 11249 11926 13129 3195 25460 11663 15900 27660 32484 32276 28745 17804 4239 9167 20264 6147 11825 25880 12539 9402 1979 5809 10705 14484 23378 20404 16299 8097 27291 6601 10718 30449 21814 29084 8120 20646 31880 11151 31334 24141 21694 4268 11797 5487 18190 18397 24152 610 2368 24415 4554 15717 3694 2676 18676 13805 29960 26456 31857 18489 5658 24951 17999 20780 6610 989 15033 13404 13629 20462 13267 2151 30033 27735 5350 23942 15152 16452 18621 21092 19883 20180 32591 27440 9221 26313 28318 24304 19962 31365 6878 20249 7424 13362 27098 7517 29389 6720 1428 21445 22809 22548 21035 21247 18085 32510 31490 15097 13692 21356 23327 16815 28281 31326 17617 27713 11785 6938 27798 24136 1586 18721 31547 13162 8661 19041 2885 5932 19760 3500 5520 3848 26534 25961 4406 10944 8899 23178 19122 3825 12923 11198 13894 3563 21170 19687 16794 17088 17922 31438 26789 25243 12728 14101 4560 14419 31519 16494 30041 32320 2562 23307 5110 2638 5228 32086 188 79 22450 13537 574 32406 
25267 22432 20217 30913 21855 21846 26864 13526 14710 15693 23699 7826 22674 19530 26341 25853 13160 5824 18142 5698 32331 9028 15886 11710 18162 2369 1156 18519 10106 26605 13294 29455 10926 18811 28162 18392 17799 18067 16924 19627 2543 32255 5672 18644 30410 13479 5826 1168 2359 12735 29340 9945 29459 11071 25888 9601 6848 22163 21591 31614 18468 29076 1546 6533 8948 22456 12327 17626 26162 30597 26725 22630 27892 15436 14123 7178 31848 16403 20911 9779 28437 22995 16219 31662 9571 23524 28276 25022 24414 5813 31741 5740 25527 29632 13017 25375 6155 15549 1585 15724 28264 25366 2837 27183 19470 23452 13670 22235 19826 25208 23539 7438 2953 15204 18402 25705 17986 16923 21330 5790 6229 24333 23358 6602 6203 13400 2212 1286 2685 5876 13543 824 2354 10285 28019 22576 17603 9047 23199 15344 16882 13245 3543 74 14619 26330 31482 13489 31417 3788 8449 15433 32043 10501 9698 2624 30649 7492 27059 30817 11986 26819 21779 27622 21911 2482 26310 15502 10398 16101 17567 4592 9711 28618 21411 11023 1619 20637 7019 17454 23503 5855 30922 3814 31083 20996 25520 28789 2103 15468 19534 31321 28048 6292 21371 20766 26272 28302 25175 30068 32036 15790 25902 9092 14706 30343 11679 15492 13754 20757 16381 28297 30348 21308 4085 3741 11418 7025 28785 22802 17344 17336 15037 3094 25409 28878 28904 4231 17236 24999 24430 9480 31711 4891 531 16212 12418 19420 12306 6098 15831 9387 21367 4970 19448 24779 12234 32664 27202 10934 31725 21694 6233 2320 21319 29375 24684 8153 16931 3017 26299 4582 29010 12658 4694 5778 13592 14343 13095 6065 838 25632 18738 27589 5283 5752 20764 117 13712 27132 14826 2362 2540 30754 26636 1628 18486 14204 27034 14365 12273 10381 16349 21043 16205 17627 25105 892 27651 25669 23913 9710 25473 3223 13908 10957 5703 24412 28415 5920 4753 6644 22299 9317 29238 23526 2272 22916 24528 10103 14162 12290 30493 20603 12739 6519 1189 19819 16537 31042 26781 7864 16209 26235 8460 16479 6084 18985 16172 22974 681 11701 19475 8101 12636 19871 24722 7345 17630 17520 
29790 21461 13852 25072 10349 28986 4980 664 4259 32073 14197 31562 16558 17926 23782 27968 8239 29343 13322 5699 18970 30020 23843 28957 31583 20282 27701 14928 21706 23339 23052 11528 29735 4545 1664 3151 10411 31859 12280 19584 18063 19102 1069 28926 24062 15575 11825 29221 22833 23168 1455 16257 17881 9625 17268 12862 19901 16601 24366 992 8868 15357 31348 7477 24949 31329 32007 20871 12445 26573 18008 23061 7601 28561 6218 9669 32340 27092 7992 20755 22620 29481 15162 23117 5424 25187 28324 26114 1140 20651 5584 10168 29161 26575 19486 17117 21134 27357 8760 14336 19724 11505 2459 12865 8528 27211 6483 18694 13178 14244 4101 2544 15862 31682 14131 24334 28392 10059 3004 9552 29902 7895 20386 1854 15969 2888 26896 28649 29115 1118 12956 10786 24255 18822 8393 32747 28854 31987 24784 28203 25398 5360 21664 16550 15944 30581 4131 10795 24009 29688 15299 11535 2065 3973 45 26587 22483 22289 24404 6722 32068 11276 7865 30294 6784 16181 9963 4603 16169 11698 31817 3227 18257 29792 13583 15643 8602 11624 4241 31758 16539 19475 5057 24105 15238 19167 20215 29431 25096 32722 12530 23502 18289 2830 2842 20226 2325 5030 11015 23384 21490 18096 11591 32702 28051 19611 27996 27449 17460 10435 14085 31006 18982 14147 7359 15749 8309 15626 6026 13819 21705 15922 21488 29303 13962 3725 20548 19088 1863 20608 12328 29420 2649 22036 26961 1788 14275 6218 11663 23270 5725 14511 13831 10691 306 16689 21443 29707 23590 5681 26990 8781 31708 20185 12888 16420 17622 26544 31425 25446 17886 875 11603 5022 20901 11783 23024 17853 23467 22036 6574 16396 7262 28756 29728 31333 16518 31108 10712 20131 10208 19066 2089 3415 30473 29296 10802 19133 158 2976 19223 30702 18850 15889 3474 7254 11552 25776 23723 17257 25361 2210 18883 29330 28287 9945 3031 15212 14059 29669 1027 15925 20717 4621 27461 12416 14874 28063 3460 15401 3114 13188 13777 19086 27483 5655 12268 4092 13328 21560 778 27496 11198 13979 18901 28256 14600 30566 19381 8513 26409 18428 15182 22441 14483 26899 15946 10543 3285 2317 
8792 25170 7618 23685 25460 432 22480 9512 26474 5497 4542 6854 4757 3362 26490 27304 6637 21342 15425 16677 13889 17482 10248 4464 7360 21479 21531 4020 24766 30926 2820 4451 8885 12063 32686 18379 12426 10171 4042 2282 31506 30643 1394 6787 1237 23552 7180 13169 11794 25972 19570 10044 515 8432 9296 28650 26977 4056 11469 2583 26155 1220 9325 22344 15524 14456 4149 31357 11675 11031 26641 25349 9710 9619 25204 31126 1873 28520 9022 9117 28236 3210 20962 4307 6531 6043 23240 1809 22074 3170 24560 8293 5656 5753 7385 12133 4651 14405 16801 15811 7981 24107 2413 22818 5894 12801 4107 8744 31633 17091 10966 20949 13987 21640 18650 10515 6986 27828 7737 32398 3154 28270 7886 24261 27662 23381 3087 29282 14677 3182 6712 7878 32202 30561 28838 5353 29024 21478 2432 16993 30494 13690 13469 22720 22304 27990 16802 24355 23007 18593 5483 520 10418 32485 11949 5472 6036 25792 24025 31974 15399 14044 13379 28334 30201 4384 28291 17409 19462 26152 24091 19560 17279 2803 5723 22279 5066 10972 24706 26156 23498 14284 15142 16680 15456 10925 26838 22622 31794 10274 20989 12185 6315 23925 15881 17059 26691 10705 10189 6163 12800 26545 12580 30310 24124 27288 31192 28497 9386 1283 24002 13654 23444 10907 24114 28566 19558 688 14993 32742 12656 32483 31812 28452 16616 18978 31188 29644 26926 9178 5452 18118 8788 31591 14819 14978 30942 24528 23771 18503 13766 6065 1449 1992 18372 30072 8534 17657 20940 15316 9509 10272 727 9835 17526 9263 6886 27340 15850 8017 16708 17828 968 2499 4108 26676 17312 22245 30956 23042 4398 3217 26408 8911 14464 23723 17122 20682 31579 31993 14744 12035 15836 12597 28654 16418 26203 15201 174 20825 29844 9819 27917 14743 5129 7857 25136 6399 11682 19894 30702 11416 15511 27350 19672 2630 27279 30502 9078 22777 14090 22335 25812 22820 11772 16205 11325 20849 29114 9571 16455 13235 7194 11794 7440 3611 15062 18233 29638 7344 27442 25886 17261 3833 22751 5566 28380 22012 9246 24162 29705 3693 29481 6003 10375 23327 13006 14991 8013 17342 
19037 22236 7097 27584 18116 8093 13781 13721 16633 18691 5080 9774 920 10053 23792 7309 13262 17395 18750 12763 373 23943 29474 21901 8832 1341 19898 31196 7578 20260 25765 25714 10250 18549 18701 30570 6874 10276 20452 1655 17208 28086 1389 3171 4636 25170 31231 21692 28459 12314 19462 28106 13020 956 4938 30403 3033 27715 4468 7746 21416 27956 19406 25846 5770 30422 29258 30871 21155 14545 14278 15135 12892 762 32654 18998 17926 10350 1058 6894 192 6366 23354 32176 31898 9257 31496 7799 18938 7216 9405 21819 20031 18662 22606 23217 30117 25254 13688 13617 15464 1738 28162 29175 21293 23161 11586 32399 25245 20416 6370 13963 12883 16612 20196 31095 14072 22007 1252 23823 19372 26794 11421 20399 6824 23138 16815 16138 31010 4238 9376 5919 14961 2871 10016 11625 15986 18904 11665 27734 16170 29297 2502 21243 8621 28375 29451 7430 20030 29774 16230 9972 21431 10585 16925 25220 23084 24017 29560 28523 10443 2357 17864 11337 17158 833 19368 21468 24821 10946 4995 31347 18165 28328 23639 32678 16534 27997 1976 18501 17076 7765 27927 21646 30947 14823 29252 1699 16913 21339 3378 11579 24678 22852 4859 9879 24687 28688 30755 12216 31612 23261 26145 13263 31046 26254 18971 12277 21717 2846 16626 32540 10401 14133 1150 8773 9720 31225 15899 22772 7071 32551 25188 7649 20412 4450 31294 23537 12531 5835 32025 28516 8912 15313 8306 18256 26981 16459 16540 15182 30772 6852 18113 26995 10319 26133 12324 12418 6589 19770 6824 6751 17440 26974 31382 19143 31381 17976 23963 17983 26332 154 24336 9546 16313 13127 12670 2015 16025 9734 24930 23834 6265 29428 13613 21298 32260 5662 20111 939 26363 6991 28917 12237 11482 24103 4433 8532 14521 4205 4889 873 18544 31398 22162 18385 3838 10983 31822 27749 13356 1511 499 13506 30573 28248 7231 11329 31241 30328 29257 1066 29818 20451 7690 8740 23318 28075 5659 29424 13807 3242 25792 21847 12280 5655 20518 12641 8553 4184 22505 4040 6500 4631 11225 17836 10968 27544 32766 2184 166 31306 25050 32357 32002 23196 29421 7758 26652 27665 
11391 29955 29184 23447 4249 8690 3003 10261 27733 8290 23488 21827 3927 12530 20874 16574 7324 30530 7298 19804 22643 8176 2594 22716 6088 8902 3931 12066 13480 30001 308 29058 11266 16629 16565 8667 18603 29472 24067 18887 32677 14140 30412 28495 24993 13001 21477 19459 17858 5355 2610 31307 4516 20063 8903 3320 17053 1459 3660 17694 7235 7095 26534 23078 8238 21551 18900 2079 13055 30410 15638 22613 4768 31832 32597 22565 462 7223 11199 12815 19669 19982 1458 23821 2971 5054 27355 22051 17632 8086 12447 6200 22212 10951 28857 17956 18570 4119 2341 15114 27035 32473 21309 29928 25038 23068 22051 3436 5862 6179 30814 13578 2909 13845 29896 25675 6752 5110 5799 14184 13594 19670 282 10263 1333 24392 1463 6565 6302 14870 20082 27461 31369 307 24256 1192 23990 7921 12285 4301 15346 30068 27915 23323 3808 17511 4413 685 1529 5869 28275 30701 24018 19931 24198 30820 15517 6692 9190 31952 14323 31637 15745 19831 26577 6082 12775 12476 10976 32064 5548 26608 32761 10004 20750 28266 6376 21612 26840 11994 2672 2189 20103 8922 15760 18189 31658 4294 1541 24642 23695 23502 528 25082 19995 6729 10105 108 13050 26188 8660 2927 25593 7292 26115 17386 32687 32032 7932 9612 23907 25467 22477 30909 10026 1880 1757 16596 24400 31974 24180 23178 21753 26310 1661 24238 19464 3683 9099 7451 23616 22146 20251 17384 19369 15386 25881 1758 26678 22885 19109 23343 9380 7991 4630 7012 31909 14479 8255 10136 25662 19563 14066 21988 18030 4577 2243 18202 22288 27244 14862 29622 15362 30340 29500 1297 20871 22641 26689 20184 3562 6496 31081 31933 18533 25783 20821 18540 26432 3494 9280 19393 14653 4862 29832 17208 32308 5447 105 21669 25339 29453 15627 11813 29832 32634 703 4436 20058 1834 20101 7872 2069 5946 15571 30110 9836 15010 8593 31676 4931 8645 24936 25015 24853 26695 28732 14190 23956 27935 6391 9398 14224 28909 29321 6736 15386 28301 9773 3864 28393 25068 27373 7550 509 28954 23144 5434 28801 11169 723 21820 16630 21526 23102 482 12942 26605 30488 27502 
22998 22929 12790 14519 28824 12469 5264 10783 23808 1252 14860 2244 13309 1632 1152 5627 15082 2345 19378 3834 11374 18012 26914 6356 17569 18366 17738 10411 22640 12697 18980 15392 31810 24263 24301 30223 32220 780 20777 29562 13697 18345 20199 27842 29278 5677 22086 30493 1574 1423 15928 31300 13306 7546 15494 11884 1675 25576 3348 13944 20866 26866 7783 10861 25120 17638 26468 9766 8993 15515 19034 12361 14311 1 10563 3449 21204 14076 3911 21453 19192 20595 4994 21121 13548 18340 22791 8684 765 21434 20517 28594 28813 13729 7401 23355 15543 6169 18147 30308 30770 13833 5677 15988 27256 15126 16810 8529 21031 4725 21132 25332 1191 6141 24857 30490 12557 24449 3758 9020 19007 1628 24836 31938 23641 17229 25266 6004 20816 10374 11507 30769 26838 19455 16042 8163 26493 18960 17571 17074 16670 22079 14108 32632 17020 20055 28804 11125 32293 954 8578 1605 153 12023 17977 27150 4014 16799 203 19454 31027 2645 32027 8437 13524 24357 16856 31358 23869 16919 4791 28676 17539 13315 18431 10307 10175 10662 16203 5884 17916 22262 18827 17133 24147 17587 14925 10240 22868 25663 31803 2499 8616 5551 20196 18968 28661 21538 4543 6190 3586 31825 16492 2991 21788 24936 1086 59 27576 9237 32503 17686 1625 32734 13010 29981 12212 695 11207 2815 23570 25300 19978 1449 19447 26300 28117 12546 513 5023 5223 26329 20498 5609 5709 23579 16306 6167 24288 20042 22958 31689 5391 9514 4357 10521 32094 23742 21765 26668 15663 19314 3762 30982 25408 6298 3431 23971 22902 30491 9920 2627 9177 30824 3510 28677 4319 2993 9484 5559 16109 32087 20715 13037 6939 2722 3017 336 15672 23990 17039 14393 17678 1475 15354 26239 7398 16253 3905 7821 17743 8652 28153 10423 3612 708 17718 12238 24748 10455 31220 7153 32622 7241 17589 4007 24227 11493 28779 15147 31334 32751 151 31239 19946 14937 691 28388 20484 6969 3790 4513 6377 6779 15222 25506 5432 24531 2266 15979 27195 9718 1840 28781 28522 24074 15445 7199 24880 10075 3251 3409 12530 28495 11112 30910 5710 19868 21925 23008 
17824 28856 23891 25352 28619 11922 18173 13229 28470 3455 32490 18692 17940 22903 27017 23762 20969 6529 21267 9855 22601 31084 619 12907 20707 31680 29513 17285 4287 2036 31639 29465 15044 10465 24603 745 6525 3959 7255 5504 17949 11695 25005 16579 16576 32192 4551 11977 24051 18838 14390 16620 11639 1664 18265 26912 15938 6441 7297 11652 25543 5577 3922 2615 24695 20636 4205 9581 6536 21140 6988 2498 14325 1611 32620 23246 23238 12603 17586 14329 16017 3377 12040 16784 32321 5631 9543 29721 20758 24433 32601 19940 27117 1923 32671 29411 23490 6353 31632 17083 10099 29007 30627 5403 22214 314 14959 4173 18606 30287 6929 19979 4810 10042 3791 17043 7215 21329 14843 6654 21863 2690 2073 32717 12729 20874 3908 1221 17835 22120 17101 5885 11974 18706 14630 16437 10393 11366 2302 7785 29441 13155 430 19110 28071 32409 17108 8733 3273 19934 30525 9590 2878 31299 14089 25190 32180 19527 21769 7044 11069 586 7020 8792 20234 6980 15259 6069 10101 14774 30049 1609 30277 13025 14671 2931 22062 7735 19039 596 2456 30991 8919 25897 9890 12956 8304 22744 17509 13344 15288 5832 3453 14685 20149 10486 23494 3404 11979 11334 16739 32530 7647 3351 8965 9008 22205 29209 18281 13562 14519 18787 35 11338 22159 11200 20379 23413 27800 2634 12373 10622 535 23099 24949 15498 14831 13055 23682 10388 5758 4750 22634 30306 13506 15352 32198 5816 17088 25665 12384 5579 13606 8560 4594 8952 47 20451 8753 16566 22471 25061 8202 12490 15088 19843 4140 28858 20068 3227 3270 23171 19067 25397 17042 15758 80 24598 16146 993 14879 19347 29722 14227 31474 30884 5262 31874 24957 11321 11885 21064 12870 3793 9742 12906 19721 23624 30378 24275 4442 17904 23579 29825 30348 15076 18915 5759 23250 2713 21360 17683 19876 5558 27039 13624 22884 294 4478 15438 4162 8043 30806 9233 24669 1077 2281 31432 29482 30259 26104 13246 7194 13097 28168 11254 6775 14915 11366 26395 12943 4265 23401 6326 25109 13395 23543 19876 13252 12575 17994 18886 30277 3104 30708 28154 23123 31033 17185 14922 
15389 3819 8989 16484 7148 27756 6678 6730 2565 1529 7202 14667 2513 2924 11140 8498 12347 7441 2603 25533 346 17078 9339 28753 20816 22785 6480 3051 11378 26887 832 1370 2729 7705 26401 31148 21015 19937 27595 15590 27902 18095 16159 15096 30430 22541 19529 25839 17630 18841 10049 32365 19821 13332 20888 24406 13097 28854 15473 32205 30464 4804 11214 21599 5525 8037 24333 30845 5093 30642 8882 30000 16170 10508 12134 15880 9216 6066 31296 20054 198 14226 23108 18586 14151 18272 10025 10815 409 16870 13664 26502 28230 31131 21329 961 26538 4726 11240 31169 19100 19972 12880 2193 20561 23993 31486 14437 20348 12164 9714 11213 6330 26789 15929 4398 29230 707 12983 18547 30312 16185 19491 4352 23180 25778 17491 21479 24496 31477 25274 24159 29573 30978 16943 8306 17466 6493 9199 17397 19357 18602 29670 12221 5508 25210 25130 19216 17771 12389 13769 5466 8030 24409 15556 26145 6170 24369 32091 26939 12399 24713 3211 11071 8168 25809 11734 19001 4782 5281 8258 7842 32426 20556 15524 28815 21482 11960 18718 3368 3142 24173 9703 20572 24131 7403 14154 30419 5943 14401 12530 19492 24750 20187 9828 2377 29965 16796 1229 30544 1909 3117 23038 10834 25322 30612 3253 26793 1205 23304 27166 4702 13830 24323 11417 7393 26846 30362 24510 30461 23596 778 17822 26890 19255 21907 8524 17765 11323 905 2717 32029 16983 16552 12075 27887 1702 13224 9376 30325 11437 30993 12337 14746 17909 18513 10088 593 18680 28427 20007 16007 32578 5811 21994 4181 7888 2136 25164 20603 4796 25280 14029 5386 14108 30394 29138 4192 3111 15792 30957 23641 9369 7804 31327 1476 21337 29820 10203 27668 23641 3305 3725 18776 11454 3684 12379 30318 24130 32466 17003 16243 2518 23402 13541 23677 11659 30476 26618 25229 10674 4821 12837 16575 6466 25840 7088 7620 2427 431 29563 10642 21705 23258 8441 14170 9451 18759 22395 13243 24660 21674 3761 19253 1746 11695 25709 21728 16749 3654 19371 21854 10642 29758 11471 11790 2929 27158 23341 19586 10147 21008 974 28212 14352 26502 31089 19572 15376 27265 
465 17573 20432 10632 2086 20649 4856 23990 22766 25498 25226 3344 19181 32443 27149 26389 31091 4782 20460 20374 29661 231 281 3015 1630 20832 24565 17815 0 28814 23156 22845 6629 2453 11132 8467 25555 20664 19343 13224 23024 21011 21674 18448 1993 6284 23917 13439 23705 16647 3963 15127 5321 19929 32036 6397 23731 20095 31298 2994 4267 12177 31840 16545 15936 18161 17954 25332 19135 28744 25057 15276 25337 19891 12181 6129 6214 185 2552 27046 20170 28545 18152 22081 24823 27201 5901 10202 7251 17658 2237 21633 31612 14691 12828 4053 16745 9506 18056 6867 23026 30786 6964 17899 9107 26594 24338 22873 1645 14634 2551 22450 31885 14468 18170 20157 28529 12552 24093 10885 3784 30775 24879 16044 1146 25069 8176 31234 10728 12433 10103 30806 8821 21903 20689 26253 32581 5640 8939 27889 20549 26568 2993 5067 18027 6776 13432 22067 19263 8468 30105 22311 12698 4000 11615 27867 25517 8471 32292 30288 12870 22949 14262 12072 10575 6421 28672 30137 3479 12685 3814 14176 26582 22137 20848 30487 16619 30661 2091 8778 29543 23887 5324 10215 13903 5788 27415 1461 17694 4810 6399 16358 18698 29893 6671 30447 26504 30654 31240 3991 6674 30681 2764 8526 13096 29478 12666 7873 13461 5843 3803 27819 23283 11424 1789 23278 625 31890 27677 13282 18644 30444 20682 21997 4284 14939 17736 2900 18985 19057 1075 5200 9277 2644 21092 5989 3140 20408 5657 27631 7665 8714 26959 29438 26858 31214 11123 29283 12168 5356 22074 9739 727 12646 6606 31628 24549 18126 1066 11262 12857 3606 14279 10252 24481 28263 30072 2634 16689 8725 32146 970 11656 10195 3153 30442 30805 21539 30071 13423 2842 5905 9014 3800 31536 18977 31824 14316 16652 6790 30077 7318 29888 25492 21005 13042 13252 3448 22478 28328 5111 17447 31280 20345 18401 6804 16551 15895 22587 28198 27729 11066 5809 7785 8409 9456 11750 27908 5275 22068 29369 6635 3081 9411 23239 4053 9293 24875 15408 13553 12592 15653 15007 13268 12858 31780 1412 20662 8986 4654 19364 7903 11081 9451 2004 10844 28907 8956 2817 27126 
4854 25997 26484 3429 3733 4142 8532 31680 5071 8926 18541 5688 3428 29289 24367 4870 24567 31477 13050 1186 9330 16599 2457 24886 24999 13227 18444 7762 2355 18339 30346 13537 15272 14623 17862 8540 6123 11902 31090 13373 6618 11316 23553 18103 19506 3869 8114 10148 20912 274 20682 21695 2423 7097 15648 21523 21170 11681 29919 16819 13178 21902 18568 26028 26362 26641 26678 26168 5841 21340 2086 27188 17335 30037 11894 16340 8548 6121 3629 23446 27054 1955 4988 17268 27377 30845 1348 14942 21939 11510 24535 16359 3464 4964 19715 14399 308 19852 23885 20577 19984 22128 26234 29325 12975 14952 11092 24313 5312 5492 12458 15556 7734 19409 25497 14123 13735 12490 29962 31487 22002 4049 3708 10326 2341 19406 17412 3202 2718 2231 26513 14399 21616 4961 8565 17968 7176 31638 29217 25997 528 5223 304 32022 31123 20163 23976 31307 10850 8777 4988 8414 21175 30811 14933 28265 27673 19828 24977 26205 6015 31931 32140 23098 5304 27096 14879 518 18698 32006 22119 30968 6426 9577 28104 29300 6667 21923 21041 15164 24042 11938 23457 23268 24394 19643 20714 27014 20523 27389 19893 28088 20513 20671 18886 22203 19890 15740 9601 26357 5887 18145 24493 8865 23975 23843 22649 5830 12776 27030 17852 3173 14599 15228 15489 31735 8946 14106 29635 21783 8997 31506 9333 28283 28874 28652 10950 12840 4644 30198 19618 23014 30509 9550 18812 20466 10110 21565 5963 2036 1904 22470 28882 25648 30849 12927 6437 31488 22777 9632 30825 20610 9933 22618 30171 22670 18883 2410 13076 21739 18647 32493 3211 25538 28381 10358 859 21074 8809 10078 29766 2022 29932 12635 16378 7428 11551 340 18580 29416 20645 19060 26723 24369 28908 24958 17902 16345 16212 4192 10552 2922 11411 18442 13890 12655 5976 9344 12498 24361 20014 30510 11635 31876 26787 19325 21437 30025 15274 6563 5590 8853 27967 7103 313 26762 27465 31013 3254 23620 18884 15350 1978 1551 19487 17653 3793 5079 7651 12693 10601 4064 32406 26711 29913 28599 25823 16210 162 3944 23787 28947 16372 27889 9742 21416 13428 14327 21422 1528 
13884 2488 30045 1878 32035 22849 2629 27989 20287 32736 17353 11229 30889 25053 23401 9086 28800 3941 32742 27141 20273 29127 7591 333 31221 22755 1628 28760 10139 31966 15329 29342 8839 18459 25189 12709 27643 32103 7627 15570 9365 3700 24144 13183 24089 13961 24687 21838 14961 11639 25602 27836 31730 1743 24233 18425 27361 4434 11631 13303 13366 19113 2475 11712 9631 15191 17701 15886 27336 20203 4474 13077 12250 31866 22210 11428 19778 21324 23919 11884 24755 16342 20344 11423 30574 7400 21688 18110 11713 25896 20113 9388 26573 6335 30420 10758 1933 11090 26085 29623 17428 3636 17434 21446 1558 10970 10853 16243 28074 24975 30259 25475 25934 24680 5267 21208 26156 26235 2203 836 20892 18252 12551 3231 1001 17032 4388 24087 1112 1014 8429 24008 30310 24490 26739 9869 12370 7804 27266 22549 6875 28344 8833 11577 15947 19735 6554 19596 8372 31214 22299 1844 22906 20134 12316 31225 32273 1900 14947 17564 19464 21801 26244 19306 13383 19381 1356 14096 11157 72 15456 9905 25693 27697 11810 18486 21937 26570 22740 19174 13199 20907 28928 24630 15459 13854 15127 16098 32718 2771 10328 23612 678 21205 15091 20420 25662 16061 30063 5370 26855 7462 22857 8048 3510 12128 14558 29987 2440 13929 24714 17163 24388 19480 23314 8177 25952 23708 21823 29057 26279 21541 25804 10144 16441 21729 13955 16896 8403 2346 26530 21489 19792 26110 3715 31354 3696 29103 13948 30888 11225 25307 21253 28198 6235 11167 28184 23566 13176 17672 5598 27647 17444 20170 19847 11632 4297 22325 1401 15683 14478 24420 24238 2973 12761 28600 15703 13302 4626 20613 28358 7020 683 15114 26250 18781 1885 5799 22236 11828 31156 5706 10298 19587 24013 18987 5201 30803 29791 31161 26656 8376 11768 22995 12635 22440 25481 29500 23309 3084 30757 19785 32130 10776 18438 12509 25956 5592 2257 6039 5668 13324 32538 6986 19355 30006 11563 31150 16114 5873 24321 85 12991 3972 14232 29920 2672 22455 9065 19826 28909 1766 21552 19813 21113 30035 10738 23100 11737 22720 11583 7385 185 3902 32437 17137 21323 3136 24517 29884 
10033 7155 14522 21233 19869 28882 16374 4337 26807 12149 9855 32578 7231 27817 28091 6720 12659 20934 19064 28943 12851 23357 14639 30932 16227 25969 10122 8229 9873 31688 22307 14014 31447 7681 23951 32117 13571 28616 26011 29296 7926 1671 5589 11669 3658 18816 16463 24898 12856 6169 16287 21310 30904 10870 9514 25072 20201 24653 7331 27087 16564 29174 10446 7962 15276 14274 7562 12233 31033 31630 31502 16835 21494 2200 3699 8529 3159 28049 31603 13267 16527 9459 4976 690 7089 6036 7607 29333 21 11644 29959 31448 12541 24819 7757 28986 16248 2015 15538 15829 16007 18253 1751 2900 639 25934 8543 18272 28590 27908 687 1883 7233 22780 17393 9553 18789 14270 863 10539 30637 32419 15294 21030 6836 32487 13608 21636 12291 12543 29455 8066 15669 18989 17279 16265 31065 20561 21411 12456 9623 8194 28043 13634 22807 6365 17196 1284 17438 25629 27305 26650 11898 2413 28625 4771 13601 17914 7912 21602 2837 22987 27818 28854 16778 16213 8077 13004 23371 330 7751 4627 12122 8883 1936 31472 24278 19774 30505 4020 25122 14809 7197 30155 28996 1919 1095 821 19339 29778 16660 24635 8821 11499 18826 29018 11215 9710 15753 7556 7966 13281 28241 17544 8766 21822 20549 31182 26953 25286 14831 22343 3515 6681 5187 31908 24787 13956 24616 3782 15676 3098 13620 19318 7148 22790 7607 1367 28749 16671 29692 7192 3994 10173 9419 17646 10124 23499 31538 14146 2103 18974 22918 4519 17710 10757 932 2830 29166 22562 24188 17469 32122 21368 18641 19837 28994 4292 28986 13459 5961 6161 19821 12018 19335 8327 5820 13359 31885 7812 28640 7349 8039 30702 6134 6330 6854 21191 20167 4978 27999 12801 20044 22146 5006 21652 32114 439 28735 2767 16410 11000 15630 30187 2148 14969 17837 26086 3373 22322 29318 18831 18902 30608 26274 25821 11079 27242 13514 16772 3636 27702 28652 3530 29343 7293 6848 23959 2207 26508 15018 460 31327 14445 4579 27094 5993 1813 17620 17283 17701 5855 28354 19732 22684 31033 27056 3475 15746 10397 19841 26471 3700 20420 27230 14629 638 4374 16983 169 
21472 25188 17997 13414 1042 20697 23055 18170 8453 16686 25539 2309 28588 30 27272 23868 8123 14106 2137 29369 27823 6461 13108 31125 20494 23682 8572 1465 10480 21301 19869 5105 31934 14759 23790 25923 13626 3110 28123 9342 32703 31020 4419 2581 12746 17367 29471 29230 22202 10905 30309 6391 19156 9777 18476 28985 1930 5338 11792 18735 1277 9666 5080 12696 21696 6333 7254 23307 23007 9787 14735 23947 16928 9080 4124 7771 9352 14066 10704 18451 26913 12576 15259 2292 24059 23905 686 2937 7537 24371 31968 23854 10669 28581 81 14277 24943 3855 30285 24679 12809 32512 15731 4424 10927 6264 30486 8574 21741 21079 17379 24339 30329 3094 13252 20313 8235 28853 27909 18813 11850 1524 20150 8031 7689 15302 4688 18593 23633 4099 12443 17407 29121 6749 3534 8926 12276 5269 12536 29479 17410 13039 2720 31573 21065 24803 3752 31949 32621 13845 9592 28782 2717 14215 14424 29034 23832 14605 23836 19028 13040 29442 25863 22650 16654 8250 21226 14708 31863 14391 31884 30461 26318 6560 23374 9474 1049 14574 20495 9721 24008 10089 24142 2420 14067 1619 8846 14582 21987 14947 2047 26373 1748 29557 346 29824 15353 23679 18701 16435 28353 1991 27800 5289 9817 27475 10039 10305 18290 417 20417 25476 4420 25241 24016 25014 27602 26816 18978 24491 27504 13998 20031 3293 11651 12482 18268 29371 29321 16148 16512 26179 6489 27563 26597 14290 24491 12529 29601 5435 3034 3171 14725 21015 25577 10637 32326 2653 5573 14646 16346 21299 29897 18648 32549 28163 12423 11859 19669 12752 26822 23521 7563 7883 17095 12365 10555 20513 25549 5984 22997 16408 29915 3741 3365 4698 5056 25134 11768 22672 21841 13853 26752 1331 15606 12231 32249 159 19816 21390 31629 5226 5816 27343 22645 8435 26004 1556 16226 20798 30662 28554 1819 16639 23037 8629 7783 18676 21200 5730 28461 25976 32512 477 31962 27478 765 20069 16899 32475 30124 27613 4428 303 26728 18372 32136 26597 12359 359 3361 13008 21662 11861 15546 29720 18119 17172 5396 7822 18209 29714 22574 3645 7001 8926 2481 32577 31208 11160 
22154 26333 20189 9895 8153 25287 15837 29353 11530 12998 1384 6832 18753 28799 10077 27819 20476 31116 31425 21538 27892 16335 2748 19751 4932 29702 26340 905 28620 16031 18623 29258 23256 31437 12930 5971 3325 10203 27423 3943 6980 1217 31615 11862 32395 2549 4364 26483 10791 13699 26995 6727 30158 23904 11176 6023 24245 31739 21034 29252 25589 11030 2696 29026 563 16596 11812 13643 4736 17171 14391 26084 4222 9467 23829 31937 3012 727 9907 32661 18564 20516 14950 16108 21355 11240 11245 27932 3273 20294 434 8568 28402 19022 20045 7112 5092 794 842 23542 15914 11030 24876 25098 26880 7839 10417 10840 9143 25296 29016 14840 15451 13720 18721 20343 32148 25616 404 3020 970 23308 19972 10126 28044 9713 5909 2148 27443 20422 10108 19132 29122 23181 5638 5056 5393 16595 4316 16261 19755 13702 28165 16262 10996 5639 9516 15698 16399 17024 5796 21889 15870 20600 17321 32492 4235 19364 23529 29214 30567 30976 17475 9477 25362 20511 31438 12013 6394 7871 31773 10416 25319 2721 3521 23846 19862 26008 4624 24035 15012 2015 18725 20514 18863 9391 9000 1532 23735 19729 2000 14302 15306 5362 14117 29241 7136 3701 10123 2939 3332 3981 1276 13887 5044 30154 13717 960 29067 23667 1876 27284 24861 30934 27424 9623 18723 4316 24841 32549 10968 16352 31186 23692 20386 32193 4524 7616 31221 7222 10309 9553 7540 11874 31233 7323 25178 3753 16007 18493 30745 30401 12416 204 31553 24076 17051 9160 29346 4645 9685 4302 10165 15801 1271 1808 24120 20888 6496 30467 12057 1035 32004 7255 2709 23145 23989 29740 9633 28901 30114 25475 22153 29866 27933 8690 9431 1066 2465 15517 4214 27058 19987 17761 21527 25666 28744 594 9940 29341 18376 12648 16659 21660 6609 13429 10414 14023 26271 14682 2129 15398 7147 12923 5667 23125 20658 13168 19880 15319 28215 1534 230 7340 27211 2885 1222 21798 30412 15674 31934 1784 19052 25688 2477 8336 26291 21907 24582 10919 32584 19598 2353 5142 26220 13837 21550 28651 8903 32429 14716 22972 4711 14803 13881 29755 16134 13538 25226 13835 
18315 19121 18237 30930 724 2876 13997 32400 16307 2969 11494 24879 17974 29230 31498 8283 32300 4898 16884 16787 24292 12561 26 13952 3128 13828 14008 32134 17610 30880 27179 12442 1422 24989 410 30291 1673 1402 18908 2371 29912 1647 8086 18823 3571 21156 1188 3229 51 4768 9403 8054 13458 23556 3404 11980 26035 31865 7339 2486 10274 28903 27760 29306 18396 23784 15134 29090 7954 5756 6402 24402 18986 6654 23646 5848 23815 31318 8391 2181 32138 8561 21964 7611 1880 29934 8408 9032 7390 13082 5722 11762 18835 7199 3618 11603 6525 15224 5902 8424 18935 26024 19943 9060 30641 15916 7046 16458 28152 22958 7739 18362 31544 20603 17007 5259 28351 21815 20103 30875 9155 9168 26124 17251 15783 23728 18441 5839 31098 8247 19637 32332 14529 32360 26194 31778 10614 3810 10581 260 12112 17682 8135 485 29253 21672 27627 8206 13902 14919 32289 5998 24682 15489 25098 26417 19685 30978 26349 26772 23258 21003 10074 18423 20727 20515 13325 5171 32640 19465 26132 22575 17302 29932 7221 29358 20410 1758 26506 8299 23949 17799 27502 27752 11481 3862 29853 31363 29653 7037 2966 24650 9381 15326 1604 16 11297 11840 23774 6721 3543 22919 17932 2290 339 1443 24139 22972 29854 25607 24210 14795 6148 31837 9782 26674 22298 20856 7179 8833 25344 21130 10956 16282 12772 27799 23740 27840 6087 20521 23182 16625 23684 16198 20866 6774 29454 30623 1234 31416 13817 3338 3660 21589 19772 18482 4672 32627 8501 23949 27292 18517 32493 4239 3414 19500 20894 5918 12810 6191 5490 20805 31461 16109 26510 10540 9409 22498 22351 12104 657 7497 23763 18127 18432 7218 6332 30319 26453 10964 16688 12607 1690 6436 24612 11254 20477 20391 18139 4699 8566 20612 23209 12540 24490 20189 7933 26403 28688 20575 8351 29958 7762 3352 9781 31294 28918 393 18956 14458 12605 26365 24853 28277 10827 1561 21294 24357 25481 6067 18595 22838 23112 10216 20725 21174 32423 12136 26330 27922 30646 22293 30084 30017 29403 6605 17190 13375 629 14467 25781 9149 20416 13461 7916 23319 9209 17497 22674 18566 
3266 30201 511 2711 8135 29826 5597 32219 8610 9015 5932 21216 5116 811 12424 16481 28405 5903 22703 9658 2502 14664 8254 12702 30373 6213 3259 24844 21994 19727 9432 27263 25711 16417 4598 26982 18748 20603 31465 24019 26212 28914 31739 21623 12586 12234 24627 19150 21864 23686 32727 9111 10290 16383 26671 16263 11702 6836 12428 3646 13926 23905 8329 11130 22362 20435 2961 23691 16879 6650 1441 519 16053 25408 21839 20926 20360 31769 18188 27888 15612 17883 17830 9918 4863 19665 23569 3807 20665 18570 1126 5268 20407 30327 26668 21982 9801 694 30167 28398 2344 29480 28558 24029 28764 18633 22321 20125 861 19265 23451 25392 4217 12982 11044 19479 4981 9189 20330 17678 3959 12913 30290 18934 16420 23930 19529 6163 26117 14962 19408 20343 12847 16940 9783 18622 5411 29750 10664 29436 29939 17513 18536 19956 3750 1726 9562 21643 1758 19812 18885 27516 28088 27919 26710 10316 14836 7058 20841 1153 32598 23728 31876 20751 25675 12591 19236 32275 6864 15407 26813 2755 24720 21178 27644 12709 19020 10652 7503 9472 24192 5493 1703 28561 17220 4364 12413 19838 880 32230 12307 4496 12035 21272 27388 27292 23238 11865 13278 7490 17196 31579 9335 1498 5757 9564 22750 30380 10803 1784 28683 18015 8101 3137 30106 8885 15330 15121 6348 31605 30432 5535 21711 6568 1494 2897 28223 14087 25830 27601 27116 10677 9215 4195 24798 30762 31490 12150 21910 26991 26915 3704 28311 26001 25491 1519 14885 14928 22364 3014 24397 6167 652 14308 24613 23345 26773 30468 20821 30009 26100 24512 10966 2770 10001 24046 5626 6553 1638 10288 23725 14936 5604 13255 24058 21373 22418 6824 11217 20426 27000 10194 13831 11597 10427 32222 9886 30867 4105 3032 21319 2073 21815 17485 26661 3075 2601 19109 12244 17936 17651 2739 7338 32206 4925 28299 30524 1290 15596 9876 22052 24715 6655 14302 17154 26880 32694 17589 12481 30774 2298 17270 10012 30350 15865 6049 18272 23727 24337 16688 3699 32120 22255 5671 30741 11320 6136 14957 26470 4898 26855 18906 30888 19963 25784 26769 8263 7446 12742 11664 
15126 17538 13360 7045 29660 27522 16256 7139 8719 4157 2959 12342 1503 25527 28835 19892 1399 8704 11995 5908 20351 15020 17613 26787 1765 23938 6509 27284 23517 16249 32049 7575 13862 11232 18034 5550 21647 13788 3350 22332 1467 7703 18796 2655 24097 16567 23127 30848 3926 8077 13999 2089 17551 23695 19940 11030 10338 14473 23524 29326 30668 27151 13375 15860 18040 24758 18569 14233 22590 18564 28161 5076 13291 24996 9839 18005 21312 94 28755 8630 5181 18759 25147 5459 20383 32181 5493 32092 14503 27766 9190 14632 27165 23234 15674 31692 17557 31085 5950 2797 497 14945 15753 24530 8743 6732 1122 24253 5444 12950 8926 6268 18097 10134 14409 19003 28085 18181 16583 3996 18236 27315 15675 31498 7383 29560 4712 2122 15619 28782 25431 7506 18606 18013 27384 3423 31223 27511 6411 21058 18486 2886 30273 28666 3388 9954 5023 13960 4060 1383 2340 22015 6058 2214 18347 30939 28162 14875 16915 22675 28748 9248 12700 114 6015 19295 31124 12962 6372 23693 28212 9098 1053 25174 709 32602 613 6035 8966 28131 6937 10691 15314 2221 8568 32697 14078 30531 12199 22674 28289 9682 21239 22250 23255 18930 19819 19536 167 10692 4213 22774 24995 22845 21761 13229 29871 25025 29876 11793 26950 2036 26742 18689 14874 9165 4142 27987 21243 16108 10188 7365 19962 27949 3469 12086 3022 4989 15738 28694 11127 4332 9779 12315 9505 32260 15082 7989 3146 30297 26290 709 15655 8290 17658 7178 31044 26503 17236 21211 14188 7291 4220 30876 10952 28620 31893 14187 17738 31417 11957 410 14669 19011 21412 5474 15989 8327 10721 26837 7645 24650 3814 4629 18801 22230 29101 32708 664 22533 20083 5563 21527 24731 6076 511 25394 13016 12439 24048 23571 8526 23587 28612 32112 31729 18002 8244 1897 21357 2541 30837 4527 1724 22489 15466 3307 20215 9112 29976 29534 15724 30994 32602 27844 24562 24470 29398 27007 32633 28188 29999 30961 11493 29901 19837 24362 4125 24517 19450 11715 11614 14103 23037 25609 5334 24593 17965 23135 12398 962 8430 31965 9191 16058 15648 6461 29480 32273 10505 
17400 25302 11691 13199 6316 18214 7097 20907 22977 13551 13699 30746 13132 18692 358 15702 9523 31168 31256 22468 22675 9954 12084 19503 25694 23451 20210 24693 17737 30438 32053 9856 3301 11800 7116 13176 3083 7608 26609 22327 31870 23696 4374 26622 28108 17668 11490 30310 31093 26787 11382 32153 591 25084 14068 25537 809 30899 3394 24257 12463 19412 23307 4388 29326 30310 6407 29522 30680 25156 25725 23818 27305 15656 28678 17164 1803 17417 29075 32022 6423 22695 12721 10258 9821 5476 8204 30862 18054 21333 4402 4460 28472 22169 2458 13019 14138 5353 14821 21894 21721 19057 4195 1547 23434 20702 985 5294 31952 27833 31618 27983 20576 1267 30803 11161 26500 30913 25475 16253 12221 1962 9803 13790 26796 32733 28395 31118 12594 9929 18157 8314 28631 4072 24237 6433 6760 21979 12825 19531 8420 27068 27318 1783 32666 27824 8932 16533 15499 18363 28258 4469 21525 30169 19476 28032 22739 13386 25860 30502 19135 3373 15528 32407 27033 28752 13923 310 1677 20039 5197 15690 6416 27067 21303 11767 6923 21253 2026 878 28731 16891 8624 27488 23767 16906 13846 15800 20340 25734 14831 24969 551 27965 19356 32325 14057 11602 29323 19761 4927 73 30718 7957 24346 8030 15630 27192 11003 16155 12783 29835 8540 11049 21109 28197 1868 21607 19415 4079 12377 1337 12212 4769 27058 12323 22611 4589 8333 3222 25135 12281 18375 30217 24243 3347 16586 16716 9282 26529 19380 31769 24442 30806 17078 19181 18874 24236 9401 22805 10465 12686 13128 3852 31833 2132 10154 772 31573 4085 17230 22467 18518 120 16237 32176 32244 1708 24554 2606 30939 30233 11645 6440 788 22326 6928 27885 17542 9693 6761 16447 7356 21499 25610 32422 18920 25740 30293 22283 296 12999 4084 23681 23561 14741 10616 10598 16202 28488 12864 14507 7906 2442 5277 26992 17219 15763 17715 24788 29665 20640 24995 15883 10990 3232 8807 21681 13928 27952 9213 24925 27222 6345 19271 27770 18511 31288 18738 20306 16443 3663 406 3948 28254 14811 22877 1048 31378 15318 12264 31304 31955 4061 1966 19105 2817 21732 8742 5586 
21474 3112 4840 6949 27495 17509 3599 23891 11312 1353 30177 2461 21073 3881 27570 21784 13143 17140 26629 17481 14214 18021 7669 4337 30821 14460 11731 8746 10365 2606 27409 19123 10333 20316 14686 16777 27873 7170 17683 2231 6836 16817 6862 13934 31508 319 25180 21592 11733 1213 16605 18730 15529 13737 9762 121 29598 17253 2394 17614 8936 28136 22766 32764 11745 26804 8617 21937 2894 27143 12572 19532 6884 14934 14145 30702 29707 22519 11102 23508 4577 798 30764 30180 130 17930 13113 10373 28551 19840 25483 30388 19916 9593 7046 18005 21111 11800 27152 7366 5941 23774 26354 2490 10183 7713 24193 13381 10942 27322 24703 15923 1922 26111 13884 29086 11673 6129 1024 27840 24870 6070 6573 16389 12464 14921 13985 12900 30757 6512 17626 8176 5407 1774 20317 9898 12389 16378 14296 5530 16565 29937 28550 21022 10945 31048 14163 10113 8823 12228 11073 13519 12677 1773 7434 27880 1821 6592 519 23764 29941 18596 30800 11350 15763 24223 10021 3268 6087 5834 32396 2581 2937 5634 6716 29244 2980 11489 19386 18101 29091 30188 4034 27741 15788 9230 29416 3462 16538 5446 10623 25163 4847 32156 24250 21281 32025 15961 32529 10671 13556 15735 486 17376 5265 20823 30313 32054 11830 5298 22457 16993 24997 14034 27724 784 22177 7170 13456 30215 175 25155 11474 25457 4122 7744 26208 27000 29753 25732 15338 28436 21236 29419 9518 14624 6533 3670 28117 21939 2684 26787 21399 20909 27910 8925 20390 27792 16750 16303 3914 16018 7908 6687 24520 1264 7806 13433 4489 2180 30588 29576 5752 21146 12496 6668 24492 9216 3038 6249 15943 25180 3200 1181 19358 28610 16973 20084 7322 8326 14107 1023 17502 17231 9922 14914 27177 28525 25635 28205 30334 3437 3945 29134 7043 19946 399 14788 15528 678 4387 7927 31112 3545 5193 26758 24596 23496 17410 12801 2542 6810 25774 473 10515 9319 22480 9236 18365 20371 31506 7493 16264 6490 30857 18876 11219 24235 27705 31994 23401 5946 732 13672 1377 18129 30175 14408 17730 6374 2222 10731 8811 23155 27441 30244 9906 17922 9622 7422 
18508 22023 29010 14250 10989 4467 9058 18875 31791 1670 3031 12950 28472 26597 28305 21283 7063 32748 31051 15305 17264 28229 23256 30362 17625 25530 24491 16842 14979 20551 14237 20070 3997 14196 18667 22338 2805 7906 13438 9268 5473 19235 28528 19839 16221 16078 5579 21394 18933 12243 23188 24307 14054 26381 14600 15478 9216 15894 19237 27058 30158 12127 26988 17845 5497 11392 30694 14839 17898 11980 1125 28557 21551 13865 6668 25759 10016 10783 28177 30236 29250 20782 18882 12716 4075 21093 21958 999 18087 30000 10918 5828 32219 4978 19084 29780 9640 29139 26698 16816 22034 29276 8093 9776 26978 21825 691 13021 5576 31741 8428 24105 19013 25252 27358 26590 21192 17269 6043 14677 1944 6319 28470 5608 3057 28839 7811 12201 24562 18454 30751 29781 18871 24247 18096 9859 22978 14866 5230 5921 3743 19090 3043 4897 23495 26334 21998 22896 6086 4454 6414 11560 5529 15420 32221 22534 27994 32550 23771 12574 14367 29681 31085 31693 17183 11528 28198 13040 32278 31301 11844 5203 10475 28678 16510 109 1168 25732 5885 586 2859 22368 10408 5064 29555 30591 12196 29190 860 15128 12571 5658 30198 15883 12861 9730 30866 23157 16005 29149 808 12161 9022 20828 4085 2689 1093 30067 30312 26173 11792 596 27967 29834 18671 1437 30702 26143 20882 7376 17216 25765 31436 24581 13632 29453 23702 25819 13402 10278 5207 28084 27070 30575 14947 6434 773 31786 20673 9628 14103 31409 3889 7542 4684 3085 12397 32528 19921 10181 9392 13645 13902 32756 19829 29766 26053 25502 9857 20032 21694 6980 35 5340 1697 29622 11963 23182 21859 27433 21369 10320 8292 13449 8807 15256 25240 1297 18858 24711 29670 24600 24069 15459 31181 21806 28830 7239 19277 25703 12805 7193 19461 31991 18034 14781 665 18943 12110 10376 28246 16807 28149 30968 24601 10861 17339 26786 23148 2749 13101 28267 15603 14017 9881 22267 16135 28794 24528 1391 32160 19984 5418 11342 8312 23142 24523 4799 23149 9202 24357 14841 18727 11724 13758 30458 30716 30468 17203 21628 2576 3129 16254 20773 20417 22375 7028 19966 19266 8705 
19089 16678 26757 32064 23032 200 27743 1210 30902 14922 24295 12086 21831 27079 29983 8639 29787 26048 15830 14583 25818 21262 5580 15534 29989 5403 10008 29107 19871 3666 30663 32234 5228 17620 19398 21151 32376 16237 24066 4378 29115 11974 13517 7540 7356 14044 5508 21417 10068 27824 23406 4845 24757 23617 13800 4932 3754 10935 4543 14669 16929 10465 12766 23646 21734 27105 15145 13014 29873 12838 14248 22703 24419 21147 21736 9299 13453 17438 24990 15793 50 5940 20110 11151 25294 3067 13995 19234 31382 26208 12928 26076 29186 21137 31438 22917 22409 28086 7799 1677 8875 18140 20378 30881 2613 27697 3072 32124 4033 22647 9399 7680 25724 21683 26876 11653 2860 8741 30815 25457 23409 125 33 13064 19018 25676 26593 21894 7132 29113 12663 14955 25199 3957 4129 21015 28346 9713 31453 26262 5472 24270 15893 30397 28090 30869 20609 18294 28119 680 28490 8024 1985 5496 17771 24699 11266 23289 8797 29834 21863 31571 1011 16153 516 16859 30595 2617 15736 3649 5702 8522 8307 26122 8449 3601 26997 14913 32485 11275 4824 13674 9140 1536 2576 9656 8486 12762 27698 22400 26507 7864 27571 29676 31153 2367 17266 14324 6152 2608 23289 6026 9988 29504 0 8469 21699 28196 22835 13601 16880 4587 30262 26197 12775 25232 8421 5541 1562 28368 21472 7881 2227 57 31303 10477 19067 4484 23746 28586 6138 32548 24517 6197 18912 9759 30482 26326 29859 25885 29311 26780 15210 13246 2041 25936 18986 17457 16073 11687 15118 25347 8214 6587 27421 2356 20651 19388 535 21648 30715 2787 12703 23100 6242 19112 28575 1936 15534 12853 12265 1316 7902 14362 24858 20526 11306 9794 12484 32267 2627 6694 23244 24091 475 21824 2064 28114 29288 29123 77 21260 13093 20361 13121 20641 1370 19789 23820 26938 31710 8730 18908 9315 31706 27395 31945 10721 15055 16661 15870 10053 24027 27530 21530 13249 7736 575 27862 9787 5893 5225 30951 4512 8265 10115 32550 23419 23349 8843 10990 8390 21417 31085 6597 23807 23290 11456 11327 1919 32755 29104 24096 6920 18457 5691 27073 15261 3635 30113 
15029 28310 10762 4373 29611 6387 17774 8377 2966 14321 633 12489 17932 2011 22296 7958 2796 3363 16838 3255 24900 13233 15259 6139 4466 30843 2950 29346 12937 20822 24279 10316 9974 18187 19200 10545 19555 30126 7324 27923 25307 26411 6064 17009 28463 31778 3377 7678 7321 22261 27079 32337 24992 32031 8657 14302 27707 8903 7849 15653 6457 21652 4393 14121 31456 29636 19822 548 13013 14456 5083 25209 9020 11858 27489 1514 15135 24386 28926 9483 25108 8349 16516 22774 18202 13936 23196 31041 5829 16659 11274 5677 23707 10497 6707 25376 5053 31974 14556 9558 10954 30202 3380 31443 32512 5774 533 3484 4772 5860 29063 1830 676 5188 26502 22543 32636 13900 517 10252 19798 16008 4658 547 3957 13891 25340 4378 25299 11932 18642 47 3081 18140 24238 21513 15472 27910 5203 20463 12934 3248 29139 15160 14739 8210 13395 6914 19596 22365 10258 13351 24631 19022 25512 26989 6288 26626 18572 18941 28012 6412 27865 25623 604 18373 21074 12291 13780 17123 3747 10059 11148 11853 18666 23591 22055 30254 12405 9529 17427 30792 20685 12666 13232 22412 26356 6261 12980 11751 7148 15027 19662 4190 18552 1654 3465 6493 9767 29866 22900 27980 4493 21016 25216 28004 16852 10461 15273 3265 6516 24090 20440 31672 29758 22510 16392 7530 5791 16289 27816 31641 8739 13346 11841 11451 13112 180 345 24653 3125 11236 10647 1386 29082 29374 4136 16284 7065 1088 24928 7666 24790 4367 11685 18515 32364 873 4489 5905 8496 29531 10550 18625 5177 11060 21263 19019 14496 20537 1428 17725 10884 922 15494 26725 14161 4005 16716 7838 2370 30010 21142 10218 11301 28031 28480 18625 20319 13268 18553 937 26927 11274 7972 4359 7991 14543 4222 2357 6200 22125 5634 29908 6941 19893 15498 14180 7995 4917 22198 2066 12759 9906 11921 27856 21736 1746 31346 27563 15135 3352 6433 26201 1317 17941 22843 21522 25636 6621 20440 19874 17800 22713 618 8123 27655 27 26601 22415 6622 19415 1325 32158 12382 26511 10395 29389 26792 21615 2307 9145 2485 22299 19401 1610 16281 486 13891 5515 
30728 12101 3683 16313 26649 131 28310 31386 8010 13494 4331 29199 19396 27633 21880 1261 5089 10939 2042 1033 10476 12736 10427 26514 30504 32199 15545 28324 5907 996 26884 23833 25579 32239 23912 19363 23410 23348 21068 15896 10991 10604 7642 29708 3445 2541 9312 10149 24423 1821 10230 11947 2876 24108 15202 12767 13184 4355 23608 28302 15899 21623 30790 13925 9430 11971 25134 8583 12059 23093 31061 9949 30972 16423 2300 3757 27512 8241 8877 29551 2553 14237 30681 17628 14624 32027 30399 327 25285 17590 11919 6448 6970 24583 16080 12567 11216 3753 22015 13710 9885 21229 889 30098 26492 32462 24731 14107 9812 3367 21799 31218 32414 6947 31465 23747 4129 5621 25755 22643 7424 28874 19463 17843 18679 30460 27499 24790 24034 3721 1569 16351 14719 32451 25727 28383 18548 3913 18173 9854 12948 4917 5269 20695 7262 13463 18544 20617 8646 5155 25278 15882 28217 4390 24806 3903 5595 19903 223 23882 5139 17227 21469 15524 4937 31521 25649 23403 25070 16256 29290 23037 14525 22725 3521 4549 13889 10977 2996 15957 13208 18187 8944 15541 22134 17842 11636 21755 1133 31926 22004 16924 7019 26071 13435 27650 4996 18798 7765 2015 28145 347 11564 4800 5465 26686 16753 23141 4944 18666 1022 2128 16158 25110 11001 25372 18881 21078 1531 14864 19253 74 5489 12020 13554 21269 12611 21027 19895 20241 692 17634 6790 27330 21898 22000 22767 12296 1134 19551 28306 32152 1173 21665 29152 31916 21664 17382 12321 7930 21185 9638 21691 14563 15904 18297 5553 3054 26493 14127 2410 21876 21782 26397 2484 13725 24011 27829 18440 651 32640 3418 30480 23508 29891 3442 11622 4662 19886 30140 26015 14214 4111 17123 16264 27370 8903 13140 26287 13640 2160 10061 16933 2558 11587 18231 20867 16340 19512 25654 23339 5678 12142 18174 20432 6791 20430 24808 1849 538 6124 4933 14913 19426 20013 242 24099 16069 27183 7725 17652 6157 22885 29350 10097 32279 30466 16857 31739 2895 15129 3484 16096 1372 25858 9972 4060 5271 9471 16685 18656 4034 2335 15146 29201 12279 12643 4857 14100 16606 
3872 14250 16777 8483 13220 11618 7381 10023 29212 14251 1829 15862 22710 32270 21424 20090 17666 24292 16956 18670 6046 25705 28643 25236 19218 4114 17687 23467 29177 28705 1252 24988 24674 13174 24949 24948 1141 12200 14810 24214 12890 3412 25864 8626 26454 3765 11809 21489 18487 9333 26102 23154 24307 17603 11723 1530 23436 14502 24410 27367 23606 21393 13850 30054 188 18743 7616 3558 19744 5536 18950 25037 8066 11133 31660 9321 15682 23737 5821 23593 15209 12624 28180 4109 17989 8292 26654 26971 3156 24462 24802 7572 20580 15474 27966 13478 26359 13462 25459 32611 8940 16244 19684 21042 30044 32461 9498 22532 17603 18753 2572 4490 16224 17181 16797 21670 11486 31092 14439 24607 819 13169 23991 22424 17097 28139 216 15299 24027 13626 5013 13010 12067 20809 30201 13614 17330 30701 12121 29292 31775 31093 14485 637 18659 7043 15258 14116 1540 5658 27691 8621 14833 26359 24034 8413 15277 28453 31601 2853 1072 3788 814 18714 12043 13130 11471 29738 28234 2948 23665 19847 30110 22142 1760 8552 8380 42 11026 27249 22784 126 1268 18799 32342 12489 23914 9545 22362 2887 7056 1844 19646 2291 31559 1829 29676 4508 3309 23692 11501 12859 25195 26431 22410 3460 3445 17588 25521 15035 21261 17780 16666 1737 14409 22220 29225 19343 19543 13510 17943 20858 21438 30808 32333 28504 14566 21978 25360 23658 26075 8125 2915 26810 27470 24955 23593 4014 6365 9930 651 6366 27284 17173 28057 15139 28595 11564 2868 30192 3761 17211 19499 5350 19074 2809 13220 4514 27926 16929 30142 18394 15138 21286 26996 12200 5410 547 20933 4645 10655 26128 16913 27706 7341 572 8647 29619 18617 5111 4925 29333 31873 26767 16863 27826 23140 20351 23436 17274 15580 31970 14653 19476 17481 28718 31464 2990 29168 13086 6820 3601 29763 1264 15117 2680 2147 17873 13546 19106 5347 13974 10253 2086 25039 24748 4987 13319 4588 14930 14541 23688 16706 23301 20182 9537 27864 21564 18310 1395 1983 598 11534 16537 24913 27089 23109 19775 16571 29884 4683 7703 22969 9327 15212 330 32417 2937 16711 2572 
13219 9178 25135 14451 1871 21875 27601 21385 21591 16570 11031 10656 20631 8626 4941 10981 3410 24347 24707 4664 19647 6629 14642 4155 20676 20715 4898 11433 1793 27870 24458 20970 13840 18559 17018 14052 4107 2322 22902 6931 20047 23311 21859 2268 14976 26394 27560 4638 18638 4917 25229 15115 10102 25653 15590 1846 26507 4978 18678 23788 8950 11459 5774 13000 17340 18602 6261 15234 20607 14027 29964 1032 25160 11427 18994 14288 10115 19574 26726 32620 6219 6281 18731 11615 16360 9874 17585 11567 16278 10093 19121 26811 28296 5904 8857 6095 15149 10433 30441 11766 12722 17287 12253 23183 19400 8926 24908 20259 28071 28590 20432 16374 13395 25982 20775 21212 31006 22501 3033 28750 11886 11330 23067 10941 31168 7085 21492 12326 12013 20782 17566 31207 4268 14380 3887 11985 31321 3880 18041 27518 22261 4779 31790 25829 2413 21628 2888 6443 10783 4887 24999 701 15770 9563 3324 411 18597 20099 3815 28407 25988 3671 15452 3838 15990 16803 11339 21750 4482 9961 31104 11657 8563 6995 23496 17248 14370 9195 23637 29172 7667 5902 10595 23201 10914 31262 19740 20477 21312 26488 19385 2919 22904 4262 27883 24803 23 12501 13433 25893 26828 905 20010 14827 32555 5007 28901 29840 5368 30260 32023 21214 5027 18100 23125 12837 26383 30197 22595 31881 1431 17013 5812 160 14675 27777 14610 26429 3735 31401 26881 15238 3005 8816 27711 14669 5669 10568 20942 21917 10361 20925 31318 13714 15926 10480 32709 1902 6248 18503 16440 29162 16309 24419 4126 3530 26524 6738 22426 7604 5887 14342 7978 30786 14815 25862 20359 22614 104 11876 10444 1966 12077 8431 13529 6072 17588 26793 14586 7335 6197 1148 27332 7878 21919 25128 27712 13836 31452 30336 21324 1009 14934 9686 16445 32641 26298 4276 18377 18351 19452 6349 13349 28651 6555 12850 24938 31479 16934 21705 14653 30710 29695 8700 4527 30150 3935 4782 29538 16527 15770 16755 2798 7580 3492 9472 18818 31082 14804 20192 30927 15359 31465 617 17953 14205 3147 14319 2255 25847 17811 24631 18390 25475 27980 31790 17089 28049 10491 23771 
460 14459 11870 8083 12616 29277 6642 14956 19521 21030 3767 11508 23135 28143 823 10530 17674 19340 24517 18572 2001 24417 20995 8667 16397 28023 31143 21116 24513 208 21118 20633 1989 27895 32689 6472 19748 3546 23623 3842 28098 14812 29931 7254 14402 6695 20207 28382 11046 23871 8338 24179 3896 30685 24190 21661 4393 26618 17045 18509 7801 11818 12269 8655 2454 28971 6169 6906 14664 32702 17835 28586 26444 9397 12278 29296 12864 334 15385 22919 1727 25023 3897 22538 9164 16402 22029 22373 15988 26931 9632 25866 2223 30792 22866 10341 8072 7232 4640 29969 9341 23471 15142 19788 1577 19161 14178 26792 15392 26636 7355 4868 31259 4660 8258 30651 7765 19881 6071 11547 24372 19275 13391 5145 31788 26065 23220 24642 30177 2398 15438 23541 4491 14677 5569 15568 11167 10351 14007 7272 7596 5899 14047 26941 15234 27589 31798 25581 11162 14921 30341 31911 7858 11370 13354 9443 10936 366 13340 26960 19689 6060 6442 26638 22330 13402 8835 30494 19703 32160 3451 3863 29354 23280 17548 19994 5438 12186 32667 9991 19556 9115 14717 4337 15414 28342 7866 19152 6682 22983 22929 1910 30954 27219 24380 5573 8274 27747 8821 22814 29561 20115 20280 9756 10979 1126 29643 22403 26006 25308 15100 12147 21883 11079 7082 22754 2824 14426 8582 7497 9244 387 13083 8860 25130 26747 30988 17792 27546 1307 19101 25529 15468 25457 17269 10977 2591 26643 26275 16224 7889 20147 29406 20376 28583 30452 19473 26464 29295 29564 7703 6068 30340 3914 7362 18090 1266 15690 1315 15272 3035 9767 17413 15317 22810 18529 26043 19149 10277 24223 13084 25497 18232 70 8139 15838 6064 12362 28092 29524 28085 20037 10739 6522 4891 7622 26255 9097 29066 22507 22024 8358 10205 31538 11189 10843 3785 19852 26001 5960 28863 17587 25406 17942 30995 18622 28234 5293 7773 1267 6066 22439 3104 15068 3748 26116 20393 19357 21641 3359 19514 27524 29251 224 14952 13282 4787 7220 14018 1817 9855 1466 9139 31479 29970 3264 25258 15682 16100 21101 10359 9876 21755 4927 28921 28521 18866 9401 22006 15223 
7865 31573 19786 28478 5213 19648 4676 991 32265 8774 15949 19761 16397 28555 21706 26130 23199 381 17988 14075 9759 22918 11974 19160 9376 18694 21383 26134 3235 24832 9161 5117 28965 2580 16641 7744 10973 22701 21048 8914 26303 29051 9905 15356 32196 4644 27596 28333 31213 4662 31274 21265 27782 28769 32274 11108 31144 16355 32532 23817 15617 2627 2796 32726 27607 31042 1961 30643 22603 23823 28942 19555 14811 25274 1336 13217 24363 3819 9345 367 11525 20692 26789 29355 3742 16740 14115 1507 15131 25277 21222 22122 29779 29673 12581 11691 8919 11464 5512 16062 29488 30285 14732 16441 22631 29418 808 22601 6091 27465 3761 3841 16878 29501 4091 15089 15601 23288 20161 7163 17409 16510 16966 6242 34 21850 4157 20516 7723 11407 29414 31370 1554 9425 19067 16893 5994 17141 24010 4635 3882 4263 3619 3082 31408 21339 628 5388 23558 12166 3507 13140 25443 3085 21628 11545 25077 18941 30204 7656 23005 9342 15373 30270 20348 19714 5794 6486 16365 6082 26214 3392 24786 19563 23200 28979 3412 28436 26202 11812 1125 5492 4290 5527 23624 7250 9424 25270 20308 20796 1065 20896 17909 25724 8516 16643 16883 14152 25803 4589 3831 23097 580 14815 23627 20479 32752 15140 9185 26706 30195 30560 663 18219 18614 4204 26041 27701 25226 19297 12743 20094 12430 10739 18041 24691 26322 11777 1025 4107 20412 31593 13712 5954 10923 19489 1307 12489 24027 27268 23647 1276 32649 9705 22307 25364 31319 30074 10941 6814 20721 15684 9943 2348 17649 27018 13171 12362 25856 21599 28717 26547 17982 10612 22720 32709 27877 15406 4812 26675 10281 1019 18647 12026 25954 13031 13969 27542 15980 6762 19036 27253 18254 21124 11 11436 24347 22284 22762 4073 2070 3910 5375 12968 2841 29619 4496 26794 27192 17965 28902 21411 26273 4147 28496 29748 7622 23425 2410 18200 447 22755 22430 17058 12521 26956 17132 18535 28884 15650 30439 24376 20572 32221 13568 18771 13589 13776 27911 19161 22509 27206 16111 13443 29964 7121 18898 1681 13055 8415 27700 16388 1302 3726 22924 11789 3338 9154 10497 20421 
16355 27252 16753 8734 21017 845 18103 26650 12026 20339 27694 17211 32587 27811 20593 12346 818 14208 18021 15356 17236 18474 12154 1217 23866 7443 19245 23455 28409 26638 8146 6703 26130 12713 24720 134 13719 18109 29869 12134 14223 9283 1035 4790 15772 21865 11507 20528 5339 30694 18194 3674 268 23178 22465 10167 29427 27161 7050 7742 32253 24665 18663 25355 20775 26986 28748 18005 14108 13142 7528 9120 24989 7145 7593 7731 1062 28867 4094 461 463 30123 8672 7060 12912 9510 7571 8014 776 24392 11689 27859 30048 31435 31177 18882 17131 27742 174 25460 9969 30783 21362 11566 5100 8716 5645 28315 22579 20183 26905 5753 30165 19832 8408 9618 12744 14631 28023 17902 7747 27210 22676 25159 9320 27019 15359 20925 20774 6446 5565 27595 26974 2209 23891 6266 2372 9813 15937 12500 21257 17357 23500 17308 28855 8181 512 4668 27996 27572 26614 23039 10602 31940 26451 15744 28254 8898 19729 25187 26016 21121 10114 5954 30378 7076 13713 5610 20589 7276 23372 13768 8688 26574 16287 8862 17979 4553 30562 27514 26483 22006 24983 32233 23878 3169 6380 24936 19082 24727 7816 18203 15904 32512 8707 16834 23327 11375 2742 14824 19502 31736 9782 29277 1586 5890 8219 12519 7722 19356 9990 24373 13910 21781 25314 14356 18079 4806 8297 21734 17459 8499 21994 12111 27760 2387 25930 27441 14083 31275 16202 31963 13137 16546 19463 32637 21782 29072 15559 20447 29771 31256 10994 16211 1102 2616 10335 29417 17981 3486 9425 17121 31394 9917 19650 11878 22102 24609 17759 14201 16031 2047 27091 15147 4252 27153 28104 6671 30691 23456 2347 17647 6248 19939 4400 446 4001 23175 8855 31950 4327 32399 16685 31299 8480 30558 4245 15304 13723 30226 2632 28288 14907 7444 21723 13631 17112 31725 8321 8955 27618 32092 11472 14717 11847 31653 23496 16476 10903 28459 30225 2092 12135 27457 1156 28147 32499 23870 25325 13020 6151 16847 28687 31792 1567 17554 32489 3969 31949 32224 27960 7977 16987 17130 829 15091 11697 15367 192 14615 15226 13644 31573 11116 32387 23902 29150 13529 28515 26244 
14673 21260 24417 15872 9916 28783 4754 19872 6790 21080 17730 31632 20727 14209 8341 23666 7162 15031 25198 19376 27170 19926 15504 24081 16108 24820 12036 25227 68 2525 25018 25945 15690 16320 16755 26957 21077 32551 25565 19302 3640 27180 30464 1189 15557 14570 16346 15901 14992 3635 27718 27466 30198 1153 15395 24227 349 1838 17841 3186 6844 19431 22846 28644 19551 94 18435 18012 2788 63 4681 5389 29834 10086 16592 11464 5547 5199 28016 8210 22150 28365 16129 24442 30274 1791 23673 28714 14128 24704 6996 28859 8273 32223 27961 24654 30744 79 20698 23512 23664 28575 18972 17853 7169 15980 9592 2977 13487 24213 2720 32378 7012 31215 8806 28906 12560 9018 21466 4045 2286 4948 23731 10510 25608 18093 18673 21694 1533 3835 3520 13415 18178 27951 19358 15517 1831 18343 31680 15575 26332 20645 3250 6525 26803 12544 12863 27714 24679 19225 27792 32436 21278 10769 2712 21265 11499 28985 11183 12125 28567 24522 1148 24241 16033 15575 27417 7382 27779 16255 28274 24595 27959 18279 31982 30018 20986 31080 24146 8745 12880 5252 1250 16904 9800 4895 31177 4207 13825 27755 26810 5714 25197 2597 3800 27999 11093 18047 4307 19855 13981 1629 31828 6396 31946 17347 30876 23026 7873 7310 27240 26440 18641 14691 3863 8945 18164 8422 21262 1742 11858 19244 26460 29638 16391 2418 23194 30489 26918 5647 14613 31217 1022 24743 30768 3899 16028 27298 12547 21428 19089 18396 28232 5191 14837 6046 4472 11926 11691 2510 4913 24535 14567 17506 8923 30177 7662 15642 27019 5766 18461 23407 29735 4388 10029 30407 2252 28279 20405 1258 27500 12977 1264 3257 21948 1485 4033 12574 9805 13856 1780 26687 2808 18737 27847 13047 10880 3786 17833 26758 4467 27215 3137 27271 26193 17999 9906 21795 10480 26201 16670 32645 287 2833 12649 24717 24714 7298 18495 11209 31710 20150 13144 15009 24365 29828 21754 5585 8595 29866 13504 13085 31770 5404 28059 15167 18395 4251 15638 27685 10086 10888 6110 27481 24420 13563 26497 7361 8827 15632 21878 20872 21618 20865 18270 25436 2198 6010 28809 4058 
16220 8616 7356 10310 10055 15764 6193 27008 25868 11055 22752 4147 9973 29357 19709 32080 1923 19607 29378 32443 855 20508 7534 4164 1618 23465 2958 10456 21500 27577 12923 26616 20258 21485 25380 14187 25796 3679 11277 13616 7726 5428 7320 31159 7780 31344 19844 3665 3779 12814 21171 10212 16102 16977 31280 31203 31687 20053 31856 13693 25126 12009 472 2325 12335 3489 8576 13299 23127 13862 15671 569 26503 4561 24263 17688 22652 376 31354 6979 7790 2440 15068 7588 25839 1108 14787 17487 13079 20141 19085 6068 10206 8883 14761 536 21961 5354 9561 21830 457 26513 21429 22657 18784 10287 10740 29374 29701 19310 10471 17680 29642 15148 4806 18788 22844 2768 7727 18798 16010 17882 23148 16867 28138 3263 10485 1513 18233 29683 28725 14028 10465 22855 27537 25586 24576 9077 15527 26385 25543 8185 8659 20639 24608 29475 30200 30858 21395 20075 23933 1834 17514 24836 17557 2676 20755 14004 4804 27504 8135 30946 14239 22509 29033 17905 29907 29811 23473 4812 2408 27257 28297 19138 8775 9944 18615 8597 13306 23680 24509 19405 8628 8041 32509 4434 21905 11213 16929 28218 11806 11669 3770 13792 25884 7185 20775 27702 21377 32235 185 18780 14016 10590 12053 7025 23370 21667 9945 31401 20565 2732 23938 927 2268 22549 15501 3053 3559 17496 1500 1275 9740 27456 22364 276 5686 19104 4581 3775 24485 6212 10081 24140 7990 13352 5169 26029 29157 2792 1996 30343 656 31864 169 31369 9470 6933 24416 18941 8735 22139 13580 20636 6549 26457 20723 29863 7284 3842 20841 29747 25926 32613 15345 11461 20819 32575 24742 286 32543 7823 3289 20824 13875 3915 20732 14642 31776 30289 23998 2217 31426 18592 15480 10952 7106 2248 26312 28352 32094 30879 379 26427 9325 4918 16049 21486 3997 25355 11067 18797 4096 2176 27464 2884 2759 1164 10817 19523 2125 7089 16881 18713 13399 25902 23785 28965 13210 23157 6179 4488 29309 31455 26597 13951 20769 22431 17384 14064 20638 7157 24250 7746 9616 26020 27745 26738 21459 421 15425 17507 14218 24861 10816 20598 8038 23181 11047 1371 
23589 2888 30795 17191 26968 27947 7790 13478 4970 29832 29664 31986 16094 19043 14825 25412 13528 30433 28012 28939 6367 4093 2756 13883 27617 16509 18674 10216 16503 15140 4090 19731 1131 28202 11914 11716 888 2793 4829 14425 1872 13785 2783 4381 14564 29374 20370 28 9951 8480 24496 28982 5491 7420 28050 14963 31577 22457 25680 7318 20499 32093 18474 12789 3957 31233 30246 16263 5731 29571 1787 7231 15580 2938 22830 8856 20792 32111 1659 24690 22701 27978 18550 31004 14616 31242 4210 28082 12282 26809 22178 16297 15041 31647 25726 8616 21578 18871 7784 10905 11171 10847 4240 16129 14357 2387 17173 9356 20066 14044 6509 29677 6987 2117 16646 23780 10069 23695 29485 28832 18381 22886 3632 26184 8458 29779 18879 3541 7666 7218 2712 25890 192 5863 6500 838 28932 26445 16603 20001 10986 20335 5935 11829 13248 17147 30376 13495 14259 24051 27019 26598 29913 13222 3393 10652 22389 2527 12469 27683 11126 21596 12798 10569 1856 1153 24382 20407 21423 334 24266 6782 5465 23439 25227 1779 23316 4690 10916 23741 30137 31646 6996 31788 23847 9570 27166 26317 26250 17068 9768 13883 12253 31003 8162 30007 25773 8855 29671 3835 16416 22335 15656 18636 28727 21411 12871 31183 15952 3892 12865 29981 8431 5881 1104 23065 6845 131 20240 16130 2769 2338 2784 27076 21039 13657 29579 2836 29326 1168 15656 12219 2655 3337 4158 23602 21002 5141 4396 1648 32379 30344 30408 25088 11485 30058 29767 12886 15269 15087 31325 5987 13523 11177 5028 2151 11636 22525 24642 28935 15980 8660 29895 9375 31346 27282 8276 7129 1372 23884 24066 12415 12445 10550 30081 19341 16652 16474 3840 14731 16871 28304 15949 6425 2327 23722 18750 6092 20661 21487 11599 28984 2510 21963 10380 25678 19555 23492 18866 4841 2228 21424 19345 32675 23999 11301 16308 7661 14595 1330 19524 10335 9097 22860 298 12620 24613 12939 2164 8602 16122 16407 13818 6608 19004 24541 14913 26993 12346 28806 31903 4233 3739 32681 24736 32645 743 10303 31401 2375 9290 13656 30683 15226 19093 23821 15674 4387 18054 10166 
527 13177 28489 22365 27019 15607 10558 25458 24492 12975 18941 23743 15717 10209 32152 19871 30713 16332 4384 27243 24488 452 18026 9782 12685 13189 5394 32698 199 11719 31937 6801 15063 24339 19628 30889 19273 28884 1117 26610 8855 17073 12726 30809 9290 12314 28723 3578 16482 21537 28015 25489 15352 16268 5866 4402 27938 21800 21769 27451 28183 16480 30558 19846 2963 14861 13866 9955 29309 3984 27936 22725 24776 8223 29548 16187 23959 17500 13556 29986 15524 21548 28894 10394 28898 16070 16722 5046 29281 26890 20609 28024 15218 17941 24294 26364 8461 24082 32459 2291 2671 14162 10512 1363 19463 21920 3880 20813 10643 17358 20068 7040 17287 23444 26740 29292 29614 16283 9515 12073 23827 15316 16770 30808 13090 14 4064 29019 31755 26824 28056 27073 21095 19011 12723 8452 27166 29148 30961 29303 23688 20889 29450 32122 32722 2562 5433 7664 19876 17970 22011 18675 7424 7725 22037 8646 13166 29556 6868 23306 29014 31703 15768 14389 7597 28299 13460 17217 5331 1916 6351 2721 24252 21732 3438 31609 28751 797 11318 11278 7179 6836 6989 10876 30192 25790 12352 9127 11933 26991 17482 30323 10678 15592 7636 1848 21384 3665 4920 26480 31216 11560 19146 9651 11384 30936 15385 23014 26564 28302 22130 16815 4141 18760 28838 299 32683 26671 26125 23524 11000 28454 1227 31229 8690 21923 12626 3504 28482 22461 25385 27899 6971 32135 24299 29589 22020 11421 20882 16679 3322 30716 12533 10169 28496 8727 1424 24170 9720 1319 388 19557 17095 21954 2270 16 10964 29615 3868 9863 33 15609 28142 5960 20093 5954 6457 18480 32680 9050 21601 15782 23225 20240 19656 19222 4797 14664 15762 14241 10401 7246 172 6930 9298 12906 12556 1812 26914 18613 16954 20643 10606 29738 12559 3521 15741 7424 12732 7018 25004 21560 32527 16329 8136 10098 12018 15532 26556 26372 12341 26166 7020 4685 21901 4563 4576 24135 4572 29041 21925 2652 18866 12014 8816 30587 24084 23500 26117 13674 21629 2348 18519 31326 16419 7162 32497 14537 20603 12645 28564 18291 10495 10130 26146 20428 26159 7825 25018 30337 
29654 1424 15653 29261 6286 2126 13937 1298 23174 28883 6619 2856 8579 20831 5107 5364 14885 2720 28410 16061 7788 551 16271 15036 10106 7453 17547 16754 3227 21298 32297 23615 21378 28119 16490 15919 5590 18349 17591 7959 16365 8253 32456 19681 11479 22505 14534 26404 17310 10274 15020 30968 31180 11228 243 25864 24366 19519 18030 22504 5848 26016 25971 13481 24937 14511 21563 12203 7312 31730 16523 2995 23503 8562 3732 11581 32383 9396 16153 30740 26389 29930 207 11039 14243 20331 28937 11902 14242 7777 20372 2006 18158 12225 10720 26856 530 22657 16737 3177 31686 22533 12597 21773 12214 4058 5895 25318 4741 25510 17203 4844 25362 21855 13355 7389 8442 12732 24857 17223 19550 24809 6086 18914 21222 12159 29114 9764 19973 9139 9381 7696 30335 13006 12797 18767 28969 27357 14825 10369 22768 25769 30046 18133 10781 4585 7047 6615 29400 15287 13931 5002 27882 17729 10954 6839 25799 1729 30535 23940 4555 21679 28365 12872 17348 1844 29227 31390 2481 5603 27905 15545 13769 7076 6624 26359 25279 22256 20909 29112 24133 31300 27206 21360 7375 24783 26728 31483 6809 31598 2257 17457 19947 2523 25761 6843 3740 29730 13574 16165 5845 22612 31256 25139 279 8318 2306 2681 26495 13532 17763 30758 2121 7755 2548 31521 5012 11517 1130 28503 1636 30576 2206 21331 14061 17825 7915 11535 30223 15485 20951 12553 27165 23960 32502 24474 1762 12065 12044 3203 18150 8214 14706 1225 2541 31924 14011 18116 15553 1842 1686 114 11825 2222 27894 18449 13658 28264 2673 17132 3365 18222 13286 11893 2321 13591 28003 32660 1843 10100 3142 3135 17275 28932 17570 29515 28728 3687 9700 13953 14302 12501 19126 15093 3079 24848 16419 9107 26041 20119 26620 14843 23271 7965 23163 22927 11578 21049 2855 4297 13841 3423 13559 27859 21446 25615 20922 9041 15411 28748 8374 3713 22644 20304 144 12167 3567 22142 8300 11010 6290 5272 19540 29667 23132 29490 22750 6271 17439 3175 29193 26083 15236 2250 20841 21863 8783 6559 8068 30854 25316 25420 1147 22252 9738 27658 11245 29393 5616 25312 
16408 26502 21102 21202 8257 22093 31372 5718 22102 5486 28488 7943 4051 21895 13204 26013 7650 12580 3487 5661 16582 23183 19797 19533 17017 23530 23593 29803 9364 7546 31250 9246 25968 9798 19411 32685 8331 19169 7808 32623 3629 16004 1086 10627 9803 14943 11850 5056 27307 12081 10301 16879 7241 13591 22670 13368 24570 11681 27224 14811 5711 19499 1117 23585 27324 30827 29004 30097 24057 16198 7487 18790 20393 17896 3208 12097 19258 29459 12205 10012 7180 17079 14513 27007 27861 30660 21909 18422 30276 8252 29727 29122 228 8076 29402 28879 15940 13084 25438 29414 15701 9509 16849 13092 32275 8643 17838 6059 26727 25163 12229 22423 10828 8926 14724 15668 16690 5694 2420 22638 12959 19425 20742 13704 14364 15428 30608 27665 25167 28546 30355 6676 30565 29221 19263 8080 4275 3132 8505 11815 15260 28334 6811 282 8629 19149 22845 20853 31783 2094 11571 23175 22101 3257 3222 661 25535 19196 14472 31696 27942 2756 13170 29059 6386 8175 27792 5521 4816 892 17584 8735 22175 740 20534 9102 8845 31149 31332 7852 21629 18748 28120 26411 13997 747 26198 14930 32661 30811 20424 29170 2322 9740 22147 25500 707 11306 19660 16401 9139 18858 2459 1786 7993 3478 9375 25305 24861 12965 13185 320 21756 22799 27757 15169 15598 4767 20943 8741 23397 29962 19290 17504 29785 9855 20559 16069 27042 6271 1788 28151 30373 25839 32131 21536 20274 364 24540 1765 9645 15582 20253 14745 23660 15184 15865 14256 26209 25599 30343 25463 6905 30128 11589 3331 323 13639 17757 13671 22101 27286 10791 4651 21228 8051 25070 25849 29778 21773 15863 31640 19589 9088 19391 27679 7573 30630 27525 24930 17486 25392 12296 2993 13847 13046 27538 2498 5658 16268 3637 24043 9637 11286 14677 17300 5072 1885 11367 30957 28769 802 28407 20700 17900 13746 23536 8506 7999 6586 29208 24894 31741 16477 3546 3129 30856 27012 28744 7300 11556 30325 14176 12983 2138 27304 11150 15644 10395 28373 1651 13156 31014 2642 5861 15000 5676 1692 26167 17746 15409 12596 17082 1068 18101 28588 21379 14969 532 23041 
6511 19251 21675 20267 357 4661 828 14323 27611 23978 5267 27653 19868 7110 6250 27974 19912 4276 21899 28007 1308 10447 9012 20923 17011 15124 29119 10565 30861 20439 18050 18710 14608 16310 12021 726 24780 16076 28434 10656 22851 10279 28418 22803 4969 7547 11253 12965 8104 20247 12370 1339 1831 25 22288 4855 19020 6878 24163 26961 10368 27069 3484 32618 5426 18421 29258 3740 32286 24291 30886 22870 18127 17273 25390 21543 7522 2027 25999 25880 3214 5547 26312 11583 28385 25496 11917 4241 10060 23667 489 28664 17122 2450 29480 18854 26589 21976 26868 13224 13794 31972 8382 25790 31622 31369 12384 16234 25872 3710 19200 4935 2176 10327 19767 2204 29393 20404 21618 27185 6780 23737 26009 16737 23357 5310 26351 30833 24345 32583 28986 30496 6304 1846 15395 28031 12912 15423 10719 16643 6138 18589 13839 20441 31625 28419 19429 32377 32128 9430 18313 17278 22754 7321 9915 9653 14616 21673 11449 24692 7407 32298 32099 8749 27361 20545 29597 6466 6805 7043 14069 17179 6057 12718 21638 12663 16814 30103 24347 14847 11636 10084 23192 17441 2952 16635 30358 10523 22524 30395 23630 23126 14182 12393 5048 16886 9515 3693 17396 4527 22270 20286 21224 29658 31139 10523 10283 21192 11001 27644 5921 10838 21815 32712 13416 6081 20342 4808 6771 7100 26480 3164 24949 17088 14471 6124 20097 10148 29705 23586 32239 1133 32434 12886 3329 17767 1906 29258 1735 21109 31601 9752 6207 677 31569 14952 20417 28167 13747 32486 27546 4544 19196 2804 31736 31322 7769 23195 23558 26718 14336 14280 18007 8997 7353 17333 2184 28139 16029 13477 6689 21285 27422 7124 6845 14868 23112 18350 31595 31387 17223 5695 22355 25422 6696 19435 16285 26059 23268 16991 32398 23885 1434 967 5620 9086 12316 9793 31941 26509 20653 31634 24579 31617 9737 26905 27362 3021 24742 31745 23085 29988 28986 3514 24294 11406 8317 3241 5165 28092 21552 15646 3170 9112 9566 1671 14734 16161 11234 8420 13567 28790 9001 13947 10803 30256 19513 19917 26872 30453 12530 4040 25296 6475 11412 15934 6042 19881 23938 28310 
13679 32468 25670 23746 28619 7273 5076 27249 20973 13237 30483 7813 4224 2765 20377 14535 7802 29147 29110 11737 2373 16055 8629 8045 24605 9911 22110 9397 10937 27335 1216 30490 13101 2492 22829 22321 9999 27877 389 15851 21464 17123 27832 11788 654 31931 9094 14814 13984 8490 7817 4390 21522 27193 15734 11095 28889 24848 17312 25094 21897 27663 32189 3998 28973 795 29933 1621 17526 32310 21240 29534 2073 12883 23511 608 4722 20584 8311 21800 16493 15044 20153 9115 26022 17571 17085 6126 1999 4096 15712 15129 26963 32170 25603 1416 10040 25498 28047 26644 28234 32132 8373 24883 2934 19372 1915 29291 23412 21499 31732 2573 23977 31058 29262 13599 28235 23838 9235 11674 27590 32557 168 6358 19294 4032 1818 2626 24854 10209 27929 7768 24273 23542 14149 16848 20152 23703 9897 30996 3291 6557 8069 15349 1051 7035 27985 14748 12871 1746 2046 6339 14213 32319 15999 2085 29940 22136 27272 13106 32399 20631 4502 28424 25685 20149 5935 13215 5799 14011 25707 13635 27121 30581 10419 12872 32140 25576 6089 18681 2531 22758 18696 27089 22997 24799 7150 14830 29531 18938 17879 31170 13163 25188 27915 17420 24860 20200 29947 14598 31754 12225 24520 27104 18940 1964 26885 6254 26564 6465 15806 7966 24935 11906 30137 5420 5502 32437 12795 793 26588 9839 1166 15193 1905 26098 1410 11084 19310 6584 14642 14447 27562 8528 11209 32212 6213 10345 26116 32207 13451 1581 7993 7155 14619 9936 20632 29500 328 13160 3505 23694 1983 27647 17974 14686 22122 26598 21762 22191 11669 12365 91 31809 9808 26897 20340 31749 21524 31701 22838 21971 10665 31060 28736 17247 9542 9461 20525 16490 2043 24225 12309 25397 7244 24273 24150 6459 20511 30955 18836 7199 9688 22478 6910 13028 16578 26795 17875 4956 4273 26648 12325 30691 24805 17759 22750 15693 20018 20508 7936 7452 26718 25607 3633 22518 715 1806 21622 25687 30805 11687 17727 30084 26238 6500 3492 28352 9161 1479 32238 5825 30051 5977 3161 8037 18440 16630 29976 21922 28709 4971 7066 3515 13626 11075 4364 8122 11395 12509 
25631 2074 9943 7874 7691 196 13776 16950 4308 9789 3116 10765 23243 32029 15731 30656 17241 27587 8410 18112 21752 31815 23400 7690 22658 31408 21847 8188 5550 17255 7869 27751 31959 21996 1900 26853 7680 32712 28182 25453 4374 13251 2741 17188 13172 24918 14377 15222 24237 24675 291 13670 31877 17700 29763 25378 7232 12386 893 12763 27936 28647 29377 3539 16937 821 6619 11448 807 22648 32152 21040 12018 21946 1066 17077 21233 598 18637 22691 7133 25775 21163 28559 25543 26657 13053 6619 24925 24376 20084 21639 23657 30240 21975 11594 2970 10589 12781 3810 32647 5308 26269 10152 16113 11914 12628 7783 30792 17155 26279 2414 27761 17421 21306 23524 30407 16679 9184 15708 22112 7068 6403 32681 7313 19196 2375 9972 25780 17868 30570 14348 14632 25213 16239 16636 18842 17563 7931 20451 22147 10823 7423 19456 30194 11751 5271 25869 5516 20508 26418 3278 24017 24053 6644 12009 23201 1890 25176 6904 3326 14827 26138 21725 18963 5025 12884 16213 2933 597 11751 21713 5290 25353 2844 25217 4584 13732 31883 31153 5150 14570 12604 2904 3641 682 23565 25070 14240 26681 19027 28031 30720 19232 19908 5630 16463 7698 32149 2011 29963 13857 4831 11991 19907 15409 25671 21272 19929 21164 17630 3192 14982 17271 19014 35 12830 18981 15895 7265 18582 20075 16000 18096 19779 8916 21042 12310 7652 7094 29561 17333 10979 4709 22188 25504 4312 10406 28616 26605 27471 24679 31576 5132 17611 23469 3736 30295 18443 22733 29401 26089 5771 16095 20519 4788 26702 20080 27434 23502 22747 19063 31306 24588 1414 11658 22038 31954 24816 16210 2279 12073 24529 7741 448 2834 25333 4466 28281 15643 645 14090 285 18991 7816 25213 9360 434 22697 16218 25717 21966 23355 3132 3150 3591 4474 505 16869 2070 13588 15132 7916 31476 21736 12182 3552 28725 14605 6320 28211 26519 18454 20804 17321 22747 20884 1581 29955 2003 25053 19196 24027 24253 780 26348 14287 17103 3913 28185 7905 5907 30795 31468 13598 24949 10266 7130 10622 17947 24346 18766 9740 19700 13125 30691 26950 9620 5304 6871 
3783 23871 31601 10941 19235 15171 8791 1137 7955 14219 29562 13393 17874 16242 2461 426 25286 15573 27378 20081 12899 4972 24868 7988 16973 2138 4762 24399 29884 18434 16635 13667 21285 32285 20717 31748 29719 13321 32547 12978 30819 26980 26262 31499 25471 6874 15378 30270 21292 11067 25333 5827 23127 25297 16180 14922 829 30960 26782 8177 15571 23502 9061 3769 14181 10901 16858 16443 29821 5559 21368 25495 3590 6530 17700 19630 30897 18164 22195 9105 17816 3792 2477 10296 10018 17137 27984 24184 15654 16863 27608 13871 27731 160 31998 962 17615 26321 25023 23753 15390 12533 19806 11528 15942 19724 8108 6050 23088 25960 5255 30857 3410 3516 3233 6713 29323 18038 21379 29606 22606 19022 1745 626 515 23071 719 5476 6314 31478 30756 6934 3778 23145 3806 18669 31593 19755 15031 11854 12484 7133 9366 2063 4513 4646 19801 26668 27227 1029 19922 1468 20734 15718 22543 18723 20652 4084 24031 26760 25664 29487 145 10378 1072 27326 11775 5422 19384 9990 3788 18204 31029 5115 10729 2316 19919 18998 24926 29051 4186 5705 11335 17570 14206 2639 12828 12968 32534 19911 11062 17943 27863 8098 10895 5773 2098 16026 13514 5044 18811 11206 18547 31859 1098 31595 15239 22118 20770 10262 4663 31116 14928 7143 13033 1088 12310 25648 7040 19307 2057 17215 31709 6903 3000 5239 22949 23175 23182 13990 8517 27237 8954 28818 18484 19643 30412 981 25720 28423 16099 25067 23916 10185 4613 14218 6592 15486 29454 16945 20161 978 14925 9220 21723 30738 11819 10711 9564 19936 3853 14217 25978 25386 6780 20115 8856 6749 18820 25312 9157 30165 20057 29152 29830 1945 5441 4056 3285 2373 19629 24444 14953 12359 14505 10175 12088 4686 21879 31722 22843 11776 3447 10731 26481 27628 1611 25328 8230 11199 18743 21045 27765 12730 19150 5658 15628 2147 5579 20345 11311 10875 7485 15158 256 2353 31207 2584 30717 17045 5862 27351 29898 7247 4500 31350 305 5777 20653 3794 15719 11082 5808 3964 9616 3485 5000 20676 20614 32145 14700 9494 3030 1034 22788 6282 30988 11000 18637 2742 
4145 1486 7102 6855 11153 7734 11052 6608 194 6402 30699 30561 10977 10086 9910 23644 10783 6245 7120 26628 31868 7818 31212 17239 13267 7640 2123 32414 11543 5635 17444 27970 19676 31969 8520 29665 25881 7451 15878 31905 10284 19752 3660 1476 19742 4732 16912 32381 18729 1276 27374 26114 17015 1718 9491 24803 8237 9167 18265 14490 23464 11964 24243 31075 30470 27829 30924 8782 15593 26215 491 7058 11639 12522 14874 26404 15526 17138 1415 16264 17846 10825 7210 6376 22527 13693 23720 14435 16620 26070 18040 21927 30536 15754 24388 31426 19384 15924 1938 5685 649 11139 675 29514 15020 26159 13723 3240 17919 29490 25059 27941 22223 820 24268 4827 9882 3655 5749 2174 31257 22484 18926 10477 9853 28373 24733 16646 31738 32325 18145 959 14722 469 8182 1138 28115 13025 20249 11129 27059 16802 7148 22779 10106 11941 30235 10757 19410 22652 7232 5085 9147 4531 10756 18835 17362 21254 20871 8152 11474 24016 17411 25363 6491 25287 3500 21426 22770 231 26842 15550 23626 12460 19561 22707 22209 28548 14688 30862 6446 16260 3026 8487 2522 20314 21250 4801 24012 24195 29898 28384 30538 12734 8254 28763 3484 11200 21388 27057 531 24105 31015 32160 1610 9911 24612 17908 30636 11449 5092 23710 5174 21191 22259 31493 27774 28849 17712 9121 14069 27061 24878 2501 26729 29429 4315 11196 13774 7720 19807 21272 25405 31887 2631 28487 1085 28202 6115 32359 4418 28973 1260 30811 30323 1454 17258 28703 32688 31136 5333 24408 17876 12548 379 20528 311 15966 24353 22880 25976 24422 10989 8334 27257 12801 14980 22234 9898 13679 2159 25524 7819 27590 8131 12784 11628 12191 27393 21276 27511 4623 27195 27921 13553 21721 5240 9672 14013 21729 26714 367 9250 30948 28670 26300 31182 30823 15396 15746 29210 3821 6800 23426 3727 28525 2992 13187 23209 3075 15230 31397 19420 1510 424 14322 25301 22938 11502 29238 29186 7015 7628 28688 11604 22537 29786 15946 26436 28073 21872 28774 7956 28940 2829 20345 17495 29451 1018 27453 21427 14915 30378 16737 12518 17677 11109 28451 25095 10161 
12710 8481 4110 6870 1217 13676 28823 20029 25544 17375 31971 21423 24752 175 6688 13876 27312 11586 5866 4486 22506 2885 8721 15813 12877 1529 7837 25452 19386 1485 30991 2948 23909 8754 25066 24 13951 9643 4466 4328 15890 6179 30900 4193 19500 17284 966 7373 7743 26245 20816 2504 27336 2500 843 32243 22575 11028 3337 6380 23278 13080 8822 13693 16118 26897 11421 7187 24654 22772 26478 14706 22270 24512 3262 11688 6699 21006 12431 18239 24195 28905 12946 16055 13276 8417 26858 17972 9751 5979 26675 16755 25931 29227 3267 14850 14624 28005 10543 25521 17272 11119 32273 17732 22101 17243 24329 22890 24823 2420 10498 15347 14404 17943 28087 14141 15981 20165 30837 17903 11727 13685 4130 23786 2839 559 6782 4477 682 10966 1193 28632 13636 15686 5350 5572 14302 28575 2462 26001 19158 2783 10664 25935 3146 25527 10695 7745 10692 21911 2932 4238 21789 29708 22750 3898 155 26187 25136 6229 9821 8462 24594 32114 7929 29342 8050 28763 19299 5425 6788 18435 5649 15223 8967 4540 3932 19312 459 17066 10538 15232 12144 7544 21962 17861 2672 8265 3615 26024 11872 3826 769 21426 20594 28006 32224 29602 17727 32369 13482 26812 5059 6826 5359 17507 14761 29603 19012 746 1225 5986 997 19112 9712 18453 15774 8522 24799 31745 4075 2925 32150 6588 19294 19053 24274 17564 25409 11383 25044 19823 27517 8934 27492 7020 11706 4812 17942 8554 6600 5070 13772 13136 5437 4406 25724 20429 28256 323 3123 12873 30278 9923 602 16667 1595 4324 2105 11260 29796 19784 1209 20155 15266 87 2926 11315 23224 22489 21716 5499 11953 3012 3033 20828 19580 24914 5276 22536 7642 25687 12405 30472 17786 19154 9013 29047 3681 14018 15791 28782 27280 19003 29047 22463 17633 16824 20969 21222 10803 2227 9837 11836 3526 31859 29178 20590 11496 20774 5081 26670 21970 19759 26028 8744 5581 20161 31406 31544 4761 20397 25660 730 4878 23416 8085 8674 31492 11185 4318 14701 15985 24193 12137 11799 4049 31620 18230 13166 19915 15063 29626 27559 29713 17011 14304 12176 5000 19897 
22350 4806 5545 29517 21737 30760 20263 32040 15003 19083 9681 1769 3668 11696 19899 22124 6222 15219 24984 8862 24214 8516 23147 15504 31176 12763 10847 20170 10009 16168 32498 9953 15259 20617 28249 15692 23741 2368 5152 28531 8721 21284 24850 8201 1107 8598 8792 12700 15782 24759 997 3946 32544 25817 4625 14455 8073 28211 32387 220 10080 5336 11349 32098 24095 12522 18291 19791 15553 4874 27460 13952 27008 8468 7309 18360 8419 11017 6802 30008 12280 3149 19326 25488 25566 27923 18436 21684 4743 14357 19015 27474 8380 6280 1015 14435 10594 5199 8125 18177 10747 5743 29146 6776 22640 32195 7179 21151 1549 1009 10415 27241 13261 4252 24875 17591 15320 19675 25486 31600 13386 2794 15217 9428 28470 22048 546 781 15339 16161 18945 20999 19829 14421 22825 10114 27239 5785 30547 6502 18904 2612 21240 7766 16812 9228 16822 23687 10773 15130 24565 23251 6744 17947 21450 18441 25301 32136 14108 19592 26690 22985 27909 6668 17463 16806 26234 11719 20207 31998 6703 30900 30285 16315 13237 25128 1565 24837 15845 22698 17821 4790 19586 25860 3643 11534 26906 29594 16289 25257 18221 18427 13551 28845 914 20150 8007 8008 29461 16751 27023 9818 17509 20785 2418 19054 31022 19206 25000 17903 31362 27333 6520 21145 19581 20524 3451 26413 9513 18990 15778 32105 27295 27790 23674 29751 23663 9133 25519 25125 27714 15009 20944 27669 2494 1926 30033 29749 26026 12825 26838 13618 28755 18563 9391 7593 5934 5746 18846 32735 1470 29294 2273 27057 28088 30059 19820 14542 6758 20634 2679 16163 21321 13701 21304 2967 20994 1115 8178 11001 20339 13448 25646 30006 27681 11145 23112 15056 30684 30207 10286 26251 23715 5890 16741 26474 12482 25015 10829 30425 13373 4389 165 3884 15729 4676 27985 9800 22777 13399 25435 160 8399 13180 20537 12388 3763 20866 8526 5364 19921 28922 17075 28315 20382 26257 31542 23162 10243 29853 18851 19138 29885 9461 10051 20263 21508 29958 21411 16785 11882 2083 3478 11028 22535 21533 23933 29986 19667 31764 21702 15103 3155 19852 26291 20342 22648 5059 15965 19147 
23492 13635 13816 13552 31406 20403 21336 8187 21576 17906 28084 18136 13855 29799 24747 1083 1890 32658 28804 13785 28487 28903 17338 24536 15019 5597 5560 9348 17657 21826 1761 25667 26700 28369 11731 6603 14552 22790 19949 18066 3974 12593 22287 902 10206 29130 4768 2559 21802 25348 8662 18674 4824 31140 12593 23143 29729 6164 1353 27949 14056 26035 17610 30412 32229 12400 9149 16827 30210 3223 21513 11219 27397 9962 24377 10500 3952 31988 19839 24135 31653 28570 15865 26835 10318 25587 21556 9620 26620 26202 7919 3289 9230 961 23585 30285 24789 19784 15933 22824 19702 14862 5812 23718 24591 23366 2491 19641 19613 5774 12112 18170 18717 23165 17783 13286 29809 379 22474 24647 22918 22230 48 19184 22068 29202 9453 31405 26981 23680 22491 28794 11386 13586 15094 2547 31722 18029 3614 26636 4908 17216 18969 11778 8152 7380 27864 11410 4105 10213 23291 19816 8197 945 31383 21210 27424 30542 27446 16342 989 14656 32543 31769 22359 21835 23000 2210 24543 9350 22506 22631 27367 2993 9188 8518 30239 29640 7330 14654 26589 12504 28879 21471 9922 19218 5033 13311 21659 24094 28420 9647 12421 690 30354 21614 25685 30306 97 20892 16694 30138 1701 24369 12180 31882 14008 21166 22073 24705 29023 9300 15542 31229 8271 32404 27909 20258 1264 25032 22636 29994 25696 12320 932 7163 13499 13791 15931 30719 12186 455 26935 32304 28121 8657 4348 9842 28830 6178 24176 10278 15254 7227 9052 25852 25730 31856 1558 30216 15347 13211 4189 3865 29521 1809 9604 11334 25634 16597 9171 15817 23689 23052 13610 17937 5389 10673 4839 7698 13212 27530 16650 21472 32720 13147 1175 22396 11377 8281 6460 27117 23098 25825 27188 659 14304 30314 21099 7865 25424 31161 10211 12137 28728 16212 5718 6532 14282 25656 3357 31762 21949 27342 17488 12502 30356 24604 7471 15141 23330 24888 25024 6393 13646 5379 10170 10818 16916 28179 23202 8828 17612 18673 12596 14470 18351 14981 4612 2226 17815 8910 11109 23833 8454 22487 17034 20529 3178 31974 32235 32161 18335 23030 12010 13651 22198 18279 24247 25803 
5621 501 8817 10936 20254 31463 31374 18633 13301 30856 16764 26562 25084 6875 28040 25039 21377 6283 10752 1816 25050 18465 2964 4245 15600 18809 25602 13604 31738 25463 30963 5337 11147 27126 8735 28309 31951 16385 4792 21466 31249 19014 20998 20189 25729 26055 10063 11997 7989 14035 31993 28340 19309 25653 32498 27052 31259 4779 30800 21139 5795 13466 13365 8466 28383 511 26102 26938 31846 11433 23676 20832 21262 9382 1258 6699 22703 251 127 27883 10794 24728 20927 25644 20906 22410 25805 652 12842 15475 30492 3017 19512 27191 8774 29726 16376 18937 3644 22992 12395 14662 3744 15620 27633 8335 12143 27091 32269 19933 29923 18592 3689 26560 21144 2217 12570 3208 7661 22749 3108 29112 32685 8942 30273 6072 10479 31910 29406 26058 20282 17278 12135 16959 13293 5741 26052 31467 15070 8702 18468 4566 21570 29349 23033 16948 15821 16723 23107 20888 24346 28232 8978 356 17740 7721 8774 13444 502 11602 20378 7516 28984 28013 17377 2046 11051 24899 21903 5281 9343 27347 24186 30287 16995 8097 3810 2525 26021 14161 29103 22816 12571 18548 1531 24158 3905 18338 4560 7171 15139 31945 4659 23701 20606 25284 27745 12010 10018 9520 17496 29337 32154 12411 7321 2222 14095 2109 9005 31906 12394 22476 20454 14730 28857 28939 14311 8078 14548 11650 14950 3485 13888 26036 27313 13151 23891 29356 23407 16235 11929 28122 12073 15803 27511 8989 4617 14940 32270 26913 225 31850 6242 21483 366 27964 20156 30130 12255 32732 12621 8689 17809 11450 10515 26298 32029 21921 7169 12365 30612 9705 7258 19177 1801 17135 10078 14050 592 24770 14120 756 1542 3871 11223 8407 18129 21152 20460 26643 22761 24112 31731 15126 4312 194 7526 644 24958 6979 9422 29390 23383 13004 7979 20486 12545 29469 32406 9202 25848 13639 22053 6751 1189 24232 3343 30647 5271 11292 19728 24022 4624 15730 12303 21274 11715 29981 28927 16313 9180 44 9219 21848 21825 6781 14805 5337 1559 25389 21096 26228 25993 21842 8908 30729 17092 14573 29267 21940 4934 8218 29426 28835 11865 17546 30953 2084 25050 22835 
21926 10498 17471 9286 23015 14098 26585 30050 17184 13577 21333 19463 6172 16016 25481 16973 14566 26779 31342 4054 9706 31734 8040 14593 16984 15904 29902 15968 5577 15453 9894 24685 20773 19719 14000 19320 6852 15141 18855 16356 26067 20543 22979 2707 22778 12400 29314 24991 2107 15548 22952 31051 1566 28580 18820 25913 4107 26616 8310 6621 23031 5613 10670 8753 15683 15983 25398 23978 20192 18616 25907 23147 8376 2594 20072 8122 12873 1081 23035 31920 21651 18709 636 12084 1333 31207 22051 30506 1235 5073 24665 27111 11450 32507 19578 6632 18375 5091 9690 26308 29317 2804 22790 2400 18069 2651 23116 12386 21843 17942 5501 16616 13750 26189 2801 3961 10616 10214 15820 9532 7543 27476 22400 25959 2396 9647 9363 9979 29306 26634 20131 5807 5625 28929 30631 29993 32307 31889 6775 1396 1886 17965 21647 16303 5996 28941 32015 7170 3375 19146 11527 2519 10945 7208 7410 26438 32547 31794 31616 3280 4900 22925 8601 16721 23940 11782 18334 10800 16986 4205 8178 3033 8627 6310 31417 28269 14716 18941 22239 31415 24226 30650 1116 9059 20855 22517 15287 28266 12632 14508 20169 29393 21389 2835 22212 24211 368 14635 884 6364 25041 31126 28612 21623 4506 5546 8067 9866 12207 21956 2664 30081 24600 2015 22612 21576 2658 21605 13016 7613 22338 21828 20471 25701 12668 9029 6701 2653 19971 19866 6576 5524 32610 28597 757 5176 22618 22881 3702 9582 25037 32011 32179 31302 26587 6240 29046 25326 8778 19230 30044 15398 15403 4131 25745 20723 32442 19659 3035 1176 9095 27256 11482 22722 4563 11890 18062 9219 2877 17394 18201 3201 2974 11385 2758 6896 24625 2662 19531 31165 14839 31176 27211 13452 16217 27505 9759 3045 24848 13900 16342 12586 30274 21232 4986 32461 25581 30068 7061 191 21385 31109 31988 24876 15593 21687 32683 3429 18275 793 6490 10014 17968 8716 27822 5593 21525 11605 25130 19618 21059 4720 15911 6141 20093 3623 22553 2077 5240 2148 22293 19286 28295 25156 6032 3285 22904 27244 7786 11151 12216 27552 15659 23927 4030 2450 19340 4852 423 24567 
6713 11922 8222 6112 725 25848 18559 26440 14654 22810 5692 12009 16915 18607 11647 10837 12916 23782 6417 26177 7433 29524 16250 28964 20550 29489 13162 31233 18925 709 25431 20864 980 12573 27752 324 32232 26626 5266 28025 10610 14892 12289 13484 6553 25010 30137 16864 7464 709 1917 17630 9618 1694 12527 1228 7988 8885 8698 16641 7897 24628 10349 5144 2179 14251 11496 3395 4969 5381 30460 29666 20284 22459 31886 26965 3758 9031 16508 23822 23349 5084 1156 1770 22028 11092 21089 23489 10876 2666 8246 12348 30041 18985 5168 32230 17871 2468 11111 32390 7007 1000 18438 4525 1316 16943 27308 8331 18011 15958 6930 29702 9250 2449 17389 12558 16512 19294 1558 28458 9894 11447 18152 7511 27764 908 32233 10515 3391 21104 1453 7093 25042 28819 29688 8703 22962 28144 15651 12790 22951 1991 9921 17137 25463 16718 19842 19441 27381 29860 16983 31792 31802 28678 726 25085 5939 29509 20705 29638 25692 8567 11650 12151 9930 15085 31514 17411 3951 13158 2747 31039 21914 30850 6354 18935 14525 31866 32009 25660 20339 22797 4459 1019 18369 7870 5321 23508 31900 9276 3165 40 1196 27170 26798 2164 7760 26336 29107 23262 7394 20217 15931 22030 15164 11632 14989 19775 30587 24700 587 2710 23555 20099 4508 19378 22979 26438 4489 27780 6074 17754 17320 13409 23481 983 20728 31061 28779 7252 13 3515 11412 24850 5741 11274 32662 26487 26937 21746 10041 30398 24848 21416 29355 20206 30000 23678 14022 23560 25054 31158 22418 10629 7689 15000 2827 10751 21546 22722 14628 10031 25198 18368 7435 28183 9751 25308 2991 2944 5663 11575 896 11431 28959 22553 26997 30772 624 902 5972 29547 17040 27922 7982 18342 22215 246 26664 31747 13322 354 2178 30554 26911 14357 209 24178 21506 26156 15503 8820 18056 26167 31702 21407 24130 13458 2665 3134 5028 20979 26612 2007 17510 13375 17813 15014 15659 14754 31898 32073 1633 20958 25229 8381 30824 20963 7790 32393 23286 9633 25407 22841 5050 21530 13254 8462 10303 2491 5006 28916 5908 7404 18735 22452 19498 16614 5583 16747 
13437 23236 1513 5435 13558 11485 16205 23360 2192 19538 28776 32454 18875 5347 17606 185 11006 3847 725 11868 8927 31803 14060 12350 3847 32154 3979 1387 4770 2222 20197 16095 13317 7814 30107 3904 32147 30984 2763 716 9697 8841 9545 29584 792 11163 6700 3546 19867 29478 29837 30962 30186 13499 6795 30725 4551 20772 17298 5986 9367 1344 9182 14825 18186 782 28986 6847 29182 8455 9486 5959 28833 5041 8088 21838 15830 25969 4218 6534 20699 8352 18549 25142 7464 24546 22644 6703 18842 14515 8652 30722 25296 13379 15298 23920 3286 19076 21070 19234 30720 4993 25118 15515 7449 8945 30174 106 1213 16908 18615 24740 7684 31645 29205 12177 26721 11865 32430 3238 29897 6511 6848 30131 535 5984 12697 30814 14511 31505 9821 6096 18785 17183 2564 15022 29585 6002 29346 13643 13973 17685 22507 17436 12895 11332 6390 2668 31580 21703 3905 26960 26011 7295 21238 17118 2866 13375 5228 32154 4574 24285 12017 23601 29673 9864 22727 32106 20561 31835 5228 6233 1574 30259 18206 18646 7988 7870 6303 45 19938 3029 54 28183 602 12044 8950 30185 23274 5255 26434 1036 29610 1039 24977 22445 22880 14436 32367 5301 9120 8405 3525 12796 31288 24847 4953 6073 2507 819 152 574 11195 4139 15252 31970 17740 573 5961 2366 8711 17888 8484 18076 19805 15567 26566 11692 12173 30557 7941 13433 29128 6152 17715 28316 28050 5456 11683 32175 11115 19914 5226 26117 13487 8816 8035 7064 15547 2875 28790 23363 25937 23028 11545 9266 8766 8007 7958 26006 57 26137 21135 13469 21263 14619 21824 7841 3837 9887 31493 27552 20829 13995 19356 25836 23686 1868 32171 29731 2797 813 8965 11874 32144 26216 27177 8118 2452 1436 6412 27347 10540 2880 9496 4361 29630 7991 3188 30323 24897 11428 21638 30322 23786 14847 20918 7257 27399 1897 7285 21610 26155 26428 22398 10498 6027 1255 11100 24592 11944 3577 6957 3275 23598 29051 5797 27045 5148 10627 27990 3706 15142 17158 1838 22286 17240 6126 1601 3510 31739 28524 13768 11861 6332 30864 27242 21898 13323 21271 
14267 12328 20674 6788 7939 32487 7943 10098 6976 601 2163 31528 11886 25375 18292 2414 21509 27228 3567 21663 31940 7786 32554 4096 30637 6092 234 15440 27729 8804 10200 29344 19021 32486 17193 20837 21013 22669 19326 16332 6896 17165 14601 31565 14916 21704 1266 9091 28692 12612 23033 14395 31943 6109 14428 15819 1067 19127 4347 31653 8633 25079 7098 2347 4635 24371 27943 7365 5611 5414 3933 20785 29118 14249 8744 21787 12129 10207 18025 14574 1122 20655 22716 20201 466 10103 16217 20853 29002 9470 20280 17334 812 19115 3193 16480 12843 2037 18946 10956 14 5147 27754 30283 28592 4117 21526 30650 24652 1226 12961 30038 11767 4483 20353 26834 15214 24224 32744 10151 18706 10378 21993 26028 15665 30440 19164 17894 16775 21526 26883 28065 23045 6354 14446 19903 22737 8249 29467 5713 21389 30707 17506 2148 32220 24746 6032 6685 3362 12992 14803 8457 2444 31553 21334 30382 12369 25878 31660 19302 19255 17020 28018 7021 8536 19125 7472 31288 25894 24573 14209 10248 17325 29120 19060 9664 31000 20234 7729 15091 3703 32063 224 8770 9407 26380 2502 20453 28946 30621 6065 1671 20033 30225 3735 11863 1936 13611 6266 8796 16569 27466 28046 26632 7987 18075 26526 1297 6323 4493 25772 26492 2804 31621 15576 5115 180 22996 20355 3704 18431 29926 27571 12530 15791 13755 6073 25736 29236 18331 31762 28883 2961 518 30092 21881 2215 12011 4777 25087 18870 282 72 32735 545 20218 10626 25307 30577 25983 3795 5008 12701 1879 6266 2126 137 27748 26658 16423 31436 21871 28097 5190 22966 2075 17345 13187 22162 18199 5726 31796 27944 6808 6735 10309 10118 32007 22184 32651 22272 16374 17919 1109 24182 15705 4813 20036 29141 10483 29464 1885 28384 5646 26447 16221 13105 1391 24694 2380 4986 3977 4482 5973 22545 32497 28679 18645 25260 28434 10256 24242 24937 17186 1870 18926 13073 2389 9078 18556 24733 7760 16356 17490 20473 9440 13956 10431 5129 9708 26610 8703 32234 27816 30432 31501 21370 29452 21177 3512 20250 29317 21891 30969 19634 27882 30986 4484 18422 16817 
26427 16541 4072 9059 27086 17709 21406 333 32040 2837 27718 14713 2687 3266 2151 9948 3391 29441 7274 24529 10156 26389 15448 14534 27337 19208 17125 24373 21881 19518 27054 8407 20197 1104 14015 13076 8221 7191 25432 3773 12546 9478 8177 13309 3171 7357 22907 27277 28518 20188 25577 21032 26666 2325 11759 22335 18346 21894 25097 24557 27365 12101 6336 17709 7996 25916 41 27723 9755 7991 7342 5272 7131 14651 1808 11618 17895 26906 19373 18467 3102 25156 20223 31481 8569 27616 23398 18262 8174 7451 15399 22777 7060 13248 2484 12573 28935 14602 2862 4592 21262 26806 20776 15942 23419 3675 28078 24975 9043 19710 28037 13318 9775 1249 30389 12076 29922 19357 12357 26229 31580 10864 22342 22593 24015 5848 9491 19213 12560 22881 27350 2795 4671 22203 1614 6959 25002 28431 5072 12396 9455 26515 396 1695 21601 4701 26642 26537 6061 10357 19477 30211 13758 2605 11630 4013 15325 22965 1891 23911 8221 9194 9770 25124 25334 2927 30121 7868 29744 10751 11648 7649 24322 7169 32329 31828 380 27229 9246 16728 21282 18063 604 7016 32474 19706 11431 21797 21512 16766 303 5778 21239 31308 14385 18051 22651 27897 3264 8275 11476 4562 25285 20950 31190 4464 3653 13710 27719 28812 8162 32034 1161 11796 23205 24587 23160 1917 14074 8849 22678 22364 5884 2294 12902 16944 4083 2801 6677 9602 27931 23390 31071 32049 20392 6195 12721 13063 4102 14006 10123 3215 17509 32749 7465 11051 4213 12630 8290 21089 8814 5593 4048 26742 340 11003 31537 25918 4217 9812 25357 9010 27715 28483 7066 18115 1071 24800 22236 12270 5654 26674 6672 10769 28336 21155 8779 19965 4950 24752 31839 19020 14604 28901 21502 1525 11454 22281 15906 20765 4298 13206 683 6192 5055 24428 10570 19761 1124 16325 19871 31566 26365 5740 32414 14520 28617 8746 11575 27313 1743 9089 28214 4071 14555 6557 4968 1280 14787 19336 24575 30582 23534 29085 23607 31397 8471 4927 3130 29474 18511 27851 3649 19535 32065 29130 25597 11308 3258 16236 27445 6512 17001 4914 18864 18393 21475 6634 20565 32448 
31977 10976 6545 19952 12526 17235 26361 1208 1492 22054 561 7999 15351 17368 9484 7704 1900 3766 11508 31766 32395 8015 7565 13922 20906 11561 13973 6858 12332 8114 8463 20572 32443 31609 30624 20020 17105 12190 11833 13458 26493 22408 7414 15408 16228 17621 12870 12242 26630 26007 4173 9246 29250 23229 6534 25006 29724 21199 12461 13668 26559 31967 12252 6909 31678 10172 23284 30185 14495 24936 20798 19546 8090 10956 16978 14492 9886 5035 27192 1188 13717 21205 6350 9195 2281 11933 18537 32637 7495 18828 1983 18508 2211 10071 15109 17355 25724 32271 30804 18104 11617 10136 849 21049 15284 18268 11277 1835 14766 30784 5418 25527 15011 5848 9536 32550 22407 31702 10110 14326 29874 15049 24469 2093 5344 14596 5329 29677 23932 12507 22665 17993 12318 29974 3002 4183 32082 2207 26607 7814 13467 24190 3940 22578 30135 22023 26730 15734 26405 18258 18445 30530 21989 13292 12277 11693 639 28620 9098 6284 16198 22153 22620 32323 17374 24778 17857 5339 23036 11773 22464 31061 18285 22092 18733 12606 6490 6348 26902 27268 13514 14840 20318 28040 20584 9823 17576 30068 15239 11673 24950 25295 5731 27007 10386 31823 24489 9628 8366 12782 31546 23262 12615 5695 5676 5009 18127 515 3090 19342 522 5624 12670 8368 30393 3825 10180 26504 15734 8235 7680 30802 23775 18399 9050 18471 19958 21012 28296 8820 8136 32183 16021 5802 32333 30701 14561 28215 8336 8616 26730 16054 25103 21369 16969 27746 2917 5029 21376 12497 3622 29306 31730 31199 14347 227 23219 13544 8527 5435 20354 23098 23128 21087 13716 19657 7322 9479 15252 25125 697 11094 31975 9898 3053 15023 16436 12790 28331 30667 32548 8097 32386 13576 7014 40 10563 2820 25847 22057 20324 24427 21920 29654 31654 19981 9664 19620 15862 10292 7755 3907 11665 32308 19475 7123 22124 26435 30790 10837 5587 31627 2616 13663 10832 13438 13923 32020 31438 10090 7853 13908 22782 20045 18409 14896 17146 21226 2207 18849 26665 4124 21776 14713 30050 15723 3189 6809 27732 30941 11144 12901 2597 8974 2117 22389 345 16771 31474 1677 
2806 23356 6237 17360 4837 904 24933 7216 924 1822 3003 23337 29946 28520 18410 18607 17010 20514 10389 869 19564 4900 3840 19215 26856 13948 16595 20298 18277 12480 2842 22139 19457 28579 5775 20741 9697 9413 20764 11455 9427 21712 4252 31909 4658 23744 21218 18637 4363 24962 16124 6813 18813 24001 19384 6460 25446 16893 12136 19014 5180 23261 31971 19140 17464 29126 4556 5211 3770 23468 14871 8899 8681 27176 11464 3451 16793 29387 17918 27067 29043 24755 8753 2219 2639 1115 32440 26066 16101 5559 910 22993 21413 7297 23125 25937 3555 13006 13979 10298 7735 21988 13149 22821 2596 14671 10697 20757 22775 20530 25928 32609 2034 220 22716 23029 2474 13979 14598 7611 21678 17877 8396 29523 17769 22100 8569 19466 22346 18402 25989 2826 31010 17686 18422 20174 205 30829 1319 28377 532 6044 26824 424 3282 14629 7462 32485 5718 10281 32684 20957 4617 10877 7850 28724 32080 27904 17494 18647 25268 2603 13073 7987 6209 24297 30443 9893 15659 8617 28776 29233 15032 28594 31877 3190 19545 17591 24054 19425 21274 4268 19378 14114 30781 24536 18609 3548 25378 18730 10484 18849 1643 5840 26567 11037 18525 23814 13123 10129 2696 29484 20758 19076 21674 796 16519 24501 9937 8890 15796 31059 14016 11213 2590 9840 7316 17933 7784 28084 12967 22396 10588 24654 11445 20218 47 22832 10813 32020 25606 15484 18474 28446 16568 19257 30131 129 18646 24395 4224 5717 4841 9122 3086 14643 7162 7345 10324 324 21336 5410 31655 2206 5013 17096 21467 22481 11474 14293 12971 188 25660 29773 26970 23462 3287 11194 6043 6794 7547 4898 4527 9905 26652 19254 29133 31878 22094 15052 22726 31143 20231 28047 8681 20792 10663 19189 3620 6780 21047 14706 10861 11686 750 492 30048 17132 14074 1902 2090 2014 14973 10016 18085 7926 31701 21623 23236 15728 544 17833 32562 23387 11519 17508 23862 10737 8603 30399 474 17444 2278 13425 11852 19833 804 15424 1924 29465 29865 23997 26919 806 4068 27439 24492 3659 16540 1997 3517 18327 23674 9776 224 5771 15560 19207 14678 3953 
9592 26637 26947 17904 7528 25400 12048 11742 7140 7731 20238 32341 12141 4623 12380 19209 440 21302 8458 18392 23802 4512 9598 27299 5731 26953 22295 24413 488 5858 5649 609 21318 25798 4777 21769 4164 25649 29057 8316 30776 18092 3909 15047 1228 27596 10127 8752 26626 30492 25352 25286 11126 600 4305 31293 21732 16348 3873 11769 13289 8539 10031 1897 15630 22228 24658 27286 5634 14786 3686 31484 14119 30868 8051 17048 18000 5724 27785 20290 3786 4811 4590 14909 15001 20061 4732 19981 12547 32465 19012 16008 15955 18396 29815 10032 26839 19486 18567 17344 5931 19029 29321 5893 27577 6865 27358 29679 31105 8488 28946 7400 13846 1578 11780 28004 19689 19991 16711 16826 14282 7952 15817 4402 16556 19404 22962 28255 20649 30348 21903 25007 12358 24657 24240 21056 7415 14412 28878 28917 22502 32662 31474 22986 4592 21793 19345 24420 22768 15855 2044 13549 27201 15745 13048 27166 3710 21139 1704 28061 25228 11270 9652 2442 12763 10782 26532 3668 17896 32749 17549 8146 20231 2319 9200 22671 19039 10136 4831 14181 2358 15947 9569 2893 15727 6925 1816 20853 12112 26009 32545 14739 137 26228 27452 17530 8306 14884 30253 12522 21909 17565 3426 10925 108 30972 22997 28639 31596 18807 16436 24718 15426 21396 11328 11395 6748 7322 11123 4958 24235 29253 6885 27369 167 17342 27760 24486 13460 1738 18194 9130 12036 32066 1684 32686 16798 28355 24169 31332 13597 10918 9177 2567 1180 26163 863 1078 24080 19217 9551 16386 3094 18945 1467 7750 11503 1485 920 27703 23240 27258 27421 21563 10559 17605 32620 20735 7204 28110 18292 22211 31612 24334 8726 9977 10444 17038 25990 527 22932 21339 3573 11145 23321 8757 16237 29778 17255 4743 7932 16212 13207 9116 18196 13382 3918 23055 23346 5317 19846 23939 32446 26535 18065 7829 13106 28300 9050 6415 24959 6581 20975 1630 4781 28186 9020 5191 7105 4534 30233 29653 16611 29222 5000 21654 5056 14706 8247 8199 4398 1323 18253 2380 16910 5046 611 17700 25463 23527 8911 32285 23057 17106 41 22788 29886 25565 28680 7584 
17024 7962 27405 22432 32663 25044 803 977 24041 23912 3844 7572 11431 8278 12032 8336 9006 17816 3834 21156 21291 11827 2483 27167 1539 30987 4427 25652 2418 11515 260 8104 12146 18725 15434 4046 1374 12167 16112 7093 1623 7632 701 32160 19687 10353 24103 14006 2020 27638 16478 27387 13975 26775 28300 14719 28702 15370 9819 25814 14863 11676 18873 24519 12894 16512 30680 4680 4225 16487 14200 27307 16849 31825 5736 3858 9524 9122 25162 17192 10745 31096 24216 22035 22019 21052 7140 11428 30506 3959 21604 15313 990 3559 29101 1894 28429 14803 8127 30967 29511 15771 4418 8985 6433 32403 22799 17618 31959 23569 31986 8525 5941 25797 9646 32722 3511 30281 4162 26614 19951 31481 9323 28175 30759 14853 21610 9195 23880 28101 10759 450 5114 5196 9430 23400 26893 11839 19897 13767 12056 24552 9126 4237 12639 10374 17835 30754 19962 9191 32303 29661 31540 2617 4986 9335 15410 25118 376 9920 18645 6398 185 3728 27872 30113 32445 3585 25182 6397 27503 7387 11070 332 32751 13392 11841 17250 25236 29418 6934 28222 19506 15553 22979 19679 4760 11249 2374 31321 15453 25931 20860 31783 477 9547 3139 22211 24446 6474 2523 20596 7480 22773 29843 22119 28500 5118 6049 14338 5235 18450 3409 11381 5331 4874 6242 22162 1742 30053 11436 15070 31907 6390 27399 23528 32633 28634 5225 28889 15265 16301 14414 27213 16924 27901 8797 14689 861 6911 19272 3341 26447 29569 20724 31157 9882 11040 14810 16122 18723 5563 1965 8150 28113 24360 23868 232 16279 15397 15259 16652 15279 10129 6781 47 11555 32732 24549 18530 402 6332 31486 19756 23345 5409 9798 13605 1040 7532 5362 8640 9887 17883 3983 26985 28528 14664 17381 14288 31806 31764 19488 2180 15407 23390 12594 12227 9558 23672 27763 26001 25468 16539 11402 1799 25632 28889 24977 494 25532 26196 21620 7820 24650 25262 19866 7102 5383 3264 3784 20807 25463 17807 9282 19560 19881 18811 20787 6833 26044 29114 6990 14102 22178 10757 14774 19781 27172 28305 27419 18231 12326 26177 30502 22789 11053 27930 24344 32510 
9758 8951 430 8694 5961 21118 13895 21984 13477 17490 9032 26272 7517 21130 21440 10010 15500 20579 20552 13967 18757 6705 16174 12329 2007 24988 20434 30932 12367 2568 30031 8016 7742 10581 13406 644 11708 201 2168 12822 27052 586 9275 15672 28482 13777 4367 25541 10947 4891 29193 23948 20876 9122 28176 11244 15702 203 1342 10657 3256 609 21896 19677 11501 12610 4770 20378 12504 21080 13597 12847 6469 7627 9427 19490 29298 30325 25220 24382 27342 13719 29889 24805 18176 24266 7177 28071 22315 20536 4659 6931 20849 17163 22795 7116 13750 12326 23616 27104 7846 27923 27262 27478 9209 5437 18903 17670 12789 4960 27495 20398 31285 24381 568 25409 25002 17298 355 27778 4063 16457 17784 210 897 23792 27936 25670 20510 32617 9473 13821 26925 6883 27362 14001 7759 19209 3088 23947 11476 12152 25344 12092 2689 7031 6197 2889 19856 28130 27236 25510 22009 9576 16855 4743 7152 1271 4879 17011 18351 23667 21677 7322 30325 18862 3219 12648 20687 1429 14406 20314 22038 4519 5270 15377 313 22956 2178 933 10940 7587 14166 21051 19457 14332 32278 3034 1991 5127 24607 5754 7152 26797 9996 2654 8327 2910 14807 15524 14337 28490 28480 22555 5315 9428 24435 30804 30693 27971 30949 31484 3382 14011 23679 31592 18560 5229 17662 11378 10253 1802 32154 1156 105 10621 11237 28658 13674 5593 28919 32141 1134 5776 9672 14709 17380 30695 14045 10798 15374 3494 25383 9206 32004 16660 25128 26198 22013 15138 13655 14328 20938 32487 10438 29880 23715 2124 18178 16893 30502 17161 17466 23882 6813 28112 9380 14608 12928 15815 8733 23495 20283 22076 5392 13628 30256 26773 25752 24109 13056 4229 16873 30227 19974 16518 13036 4927 19493 21123 12329 31016 7108 4308 23018 2308 4886 19312 2205 8341 9119 19806 15483 23366 26356 18029 12391 26998 26818 32037 5145 29204 21009 23805 12667 12908 22986 13519 339 20544 7799 14728 29475 4635 19787 8484 27725 29154 14946 27098 17019 15788 20041 8595 13630 15059 27841 16801 10998 32588 14528 29358 13553 30003 22969 19698 7895 15530 9757 26794 
3397 24548 22306 21189 28600 3453 10691 14816 18861 19725 4360 26484 5894 25084 23943 22862 20400 20632 32299 3904 20099 14692 15924 24855 8041 32435 9343 28876 30915 26742 22536 3327 25608 14931 11693 6048 22959 28663 17205 17648 21584 5036 19344 18088 7942 25390 28768 14199 25367 14010 27833 23218 14551 24169 17701 1096 16329 27068 16620 15604 520 3448 2194 30390 9957 7092 3488 25987 14546 16944 8104 20540 639 744 21123 28125 18242 6889 6621 8951 23228 19300 15860 13152 23482 14593 3484 15400 5721 21877 29063 2512 20846 1879 17603 7863 2852 1071 5764 32213 26855 4305 14628 3499 24193 7145 17000 10106 20611 26326 24837 9908 13799 12476 11106 3248 31987 6100 19360 3233 14177 9479 11480 5065 20924 13756 3491 8682 23053 14318 7136 1534 6583 27777 32177 21287 1696 9174 27591 8681 20369 10397 16608 29079 2016 19690 8845 15883 13900 19851 10041 7578 19240 32666 7527 31560 16828 31822 22587 16695 28904 16150 9532 1894 20234 27113 20312 6808 11554 9175 21289 28561 11572 17893 10358 22152 30702 18967 17661 730 30091 12494 15471 15100 3575 20564 8637 17587 13364 17078 3474 24967 16636 26066 28192 28533 24744 8624 1056 484 6224 26902 12564 1754 9780 10326 31440 19568 16730 5739 26680 31363 31865 7236 6987 21677 20502 18016 19553 22643 4077 29851 2736 3008 20370 15432 26133 3987 31320 12415 26130 19188 8818 1208 29203 16940 19288 15769 3829 28213 13165 25613 5576 10352 24798 28310 18388 32406 30157 21732 25563 753 4015 422 8350 27852 13810 5792 12450 7464 7139 14078 13108 23472 14800 19432 13995 24559 361 30550 12269 31425 12652 10534 2869 29703 3202 2668 14867 28831 30564 13065 25268 29844 16961 23935 5219 21905 8548 3331 9552 12700 6418 22996 7568 15872 24753 22476 21350 651 304 19252 7361 21754 12962 8157 14853 10418 15660 22124 24078 1713 24866 23542 30579 16835 2669 32717 7943 15097 21296 31641 20390 19031 6571 16810 19246 8141 11615 1420 20683 12393 22386 13020 2168 970 16982 18011 18370 30168 1190 15681 5071 16562 21328 3796 1184 25320 7929 25656 
28051 13803 8349 649 28460 18625 6518 6951 22036 21245 18976 30289 27490 21487 25850 11254 6682 12824 32719 24263 3571 28384 18614 11665 12126 17036 566 20170 8387 13418 2734 2666 8462 846 29428 1532 30570 29250 26685 5876 19532 19834 30013 3907 5044 15238 24207 14377 27824 11979 7766 28490 6689 2868 17189 6661 30913 21541 13852 25345 5733 30385 11348 30216 20096 1036 18302 11801 4073 28739 10694 27064 12254 10538 254 31113 28232 6550 19704 23837 3904 27853 25907 16908 11731 9787 442 31044 11266 24935 19274 22176 25613 20005 14003 11965 32498 15628 12160 26377 5168 20522 21978 19484 30416 9207 21418 8780 21414 1160 3326 9339 1237 773 12206 25908 16017 32605 26175 17911 31017 31288 12807 30928 15428 17198 12434 16430 12138 22326 20549 24819 5063 865 14401 31432 2860 8136 26507 15027 20567 30402 20329 7147 17524 11355 27919 10987 30180 14850 9850 32453 1084 21122 28317 23737 1425 16948 29883 14854 20723 8050 25364 4096 21047 24398 28867 13923 19194 8836 19175 14311 9442 20142 6401 21780 14631 18359 8349 10584 12626 23954 19509 9815 25925 16940 6482 22914 23164 7071 12788 12267 18578 1704 13620 11351 18183 7515 29480 17301 2112 22037 8199 21263 17871 20147 17037 26015 16885 22529 24993 15012 613 21877 13622 17236 10315 17694 24175 2644 2445 983 27398 14726 28497 8640 10222 12834 7615 23279 1847 27400 2312 2146 7475 2388 23463 7480 30935 26419 12775 1057 23395 31990 11941 28948 4934 24677 19799 31552 32315 20054 5453 4932 30393 29310 4663 10658 12426 24966 13800 6513 18617 31073 1881 11091 3250 7134 17137 17575 15525 30585 20483 5888 19755 21111 12185 25557 27692 3122 18544 10362 19712 18609 13379 17998 32724 31355 29260 31543 22608 16045 8969 15947 10103 16203 12604 21712 19662 4052 3125 13159 25280 14361 22355 32644 2625 24910 13001 17697 6578 22882 414 13492 13060 24716 20728 32094 1313 29991 17561 5989 15495 4543 11434 4836 26422 4460 10423 16065 20429 11870 31740 15328 5104 20154 30431 20630 31212 5029 6589 4193 18846 24221 21737 11222 11409 16656 2546 31962 
22886 2599 12837 8981 3705 26339 20051 17572 8129 18540 981 18190 7160 1190 2764 5242 19708 25860 20909 16671 6006 6049 31230 9467 32185 13965 4698 15816 18925 22884 12731 27948 9068 25894 22521 26416 4972 3650 14221 25843 15583 16628 19611 28576 19351 25553 25904 22429 24238 10401 32456 11269 29221 24428 7443 18009 3019 32728 32248 15986 12128 23730 20187 23226 24059 13770 18203 20636 9385 7172 19423 26937 32343 23468 275 24157 3314 24842 27565 945 28108 19254 2357 4146 11586 8494 132 7137 7580 23846 20428 9660 5428 16927 7128 13806 22491 12219 1173 28739 12152 26704 8914 10974 30706 32059 4932 23854 8784 21879 13005 31518 29471 622 28669 4236 20 22286 21978 12541 12531 29984 13276 3983 18351 17621 1852 21295 13267 2722 2415 31499 13600 3918 2029 26442 4472 3658 26934 23035 25083 24128 791 1100 15215 2030 9769 29693 13797 16181 668 29972 6041 29293 18994 15313 10011 25596 13198 27364 26796 551 17071 18910 19179 28968 31416 16358 1713 31616 23794 26285 13881 23694 22803 18852 26500 6497 4801 9580 11771 23499 8274 15245 30551 950 9942 3692 10174 25275 30551 6519 16686 22001 4447 22947 6687 12803 11963 14872 26468 13702 15487 14634 7507 30089 25930 22924 27685 30829 4299 13248 23456 29431 31876 15314 18931 23459 20942 3910 20961 18491 23838 24399 23585 18857 19078 19266 24581 14858 2943 16201 5979 12547 18917 11100 10641 4696 3139 9837 4636 27322 28497 20963 17945 3809 6331 4426 23861 12507 18212 27209 16843 24484 9067 8404 11341 9462 14125 25506 28133 13666 11403 7394 20060 26272 15149 15146 314 24612 26246 1712 30255 14833 29018 22204 2225 32178 10878 15197 21223 15879 30432 28508 10182 14365 15559 9838 30842 13185 5211 2989 10503 5174 24935 1097 6192 21253 14942 2683 24216 20500 16540 13499 2343 13242 19951 15667 21167 20882 6998 7539 8399 16846 17672 4710 18456 9422 20408 7301 23407 17650 4888 20554 2738 2732 11676 2792 21663 30425 25984 24377 4081 5969 6924 20216 4043 10684 12311 9264 26458 24744 2250 32500 4279 32473 2470 27473 31498 15584 
14024 4993 17397 11504 22636 25185 8240 4332 18609 10790 14192 22212 20124 9035 30606 12034 10846 22477 8933 29088 14042 20123 7676 17693 17506 2888 16485 15312 4289 13828 11492 23419 127 32714 29908 17187 32096 5851 2759 25375 7726 16234 18541 31600 31672 25753 2999 21584 22299 13732 12091 25869 30016 9052 25051 23832 21414 20952 8609 17241 6754 21095 24046 8134 28516 14792 1236 25396 3835 26270 32704 365 19868 3102 25436 29058 26335 21771 22195 2147 15818 13028 30103 25004 29266 11612 12863 19138 28703 17930 31285 25631 23184 17506 8816 27882 31231 32228 24252 27851 3654 28307 18531 12285 10881 13737 14342 18853 32278 19081 30412 4194 12019 32245 2751 18725 10519 7041 8818 29763 1876 16199 25575 28872 31059 13277 8881 27151 19160 27780 16726 17295 28743 28578 16887 30456 15464 17779 18995 6271 9063 16123 7752 30069 12063 10559 22395 287 2199 16564 22971 962 15053 30968 19585 16381 4787 27840 6906 603 16504 2578 16232 20265 7688 20148 24006 8837 16086 10468 29098 30392 11481 20553 4976 1222 30420 11050 6293 29507 29659 5086 4961 26471 24595 4739 30153 11365 14009 24307 23443 25849 28006 16116 16315 31552 29841 5295 8470 17101 8533 12644 23093 249 25716 16475 12428 20346 29341 24094 24275 3384 16874 12261 7853 20828 173 3922 30088 5289 26988 7774 18628 1295 6186 22420 32023 14205 17640 28285 9520 11256 1900 5211 922 22506 2113 29977 25572 10940 17151 131 3839 16550 15821 21427 24295 14278 23075 22219 13701 23408 8917 25322 23253 6598 15181 1112 1604 30600 21527 11524 5980 30253 18596 27441 16802 8242 19015 30828 12223 12210 15492 13505 25055 823 9866 25134 19287 21712 24062 13400 29578 26467 20218 2173 7693 7749 1366 22954 15881 13064 23334 17710 14561 32148 28803 13134 15381 633 20623 30778 10855 15236 26547 320 25660 20113 12075 25152 28484 9887 12741 22368 16733 9002 19941 3840 12981 20917 22733 20465 23343 26022 1819 20449 24329 25174 16019 19994 28347 11113 13599 18029 32290 28507 276 20584 30429 8284 32439 32464 27128 28510 12032 21323 1223 32108 29598 6748 
19733 14141 19514 17300 26751 3849 30976 2567 29466 2203 9820 254 10588 19368 1537 22763 26937 12383 31024 28834 20108 31297 12343 1733 28345 13619 25400 8064 30608 26833 2091 29303 13685 5638 10790 29949 17598 13017 17884 21639 29277 6282 20325 30048 4031 6110 17725 18846 15860 10167 29838 5204 29711 25063 21170 27913 17616 16966 4083 5993 10112 23555 18326 827 18461 31031 28953 2195 8887 22720 30392 13385 28186 32332 5430 14505 6573 18612 26841 22124 25242 17036 19383 20968 17455 24824 26928 18563 18309 9408 10940 31341 30303 20903 25063 23695 30036 12281 21401 1726 2353 3172 2203 21045 2969 27144 1879 15426 4846 6865 23263 24895 20853 12805 2865 9156 28596 1305 27322 21531 26143 11977 23832 27636 6644 18536 31524 12890 16740 19828 14384 23526 21235 23917 27789 31539 1057 20455 26961 21905 6986 20191 31062 28670 6347 27467 29574 26706 31590 24564 16982 28345 9192 30344 1169 29542 7176 17131 11095 23686 17555 10447 14693 22643 11974 24452 1943 8235 9467 26641 12970 15872 9865 10627 5703 11409 23269 10117 31037 25080 16397 1841 20239 6981 6182 22054 12974 31788 23139 18395 32391 22266 11050 23859 9664 12493 8050 10833 12991 22021 20336 11949 3821 4854 31858 29543 30649 25823 19979 25564 17631 14112 27248 5240 25578 167 28194 27595 11511 21932 1741 25054 29885 16798 13680 18887 32714 32093 31679 22907 15119 21929 30918 25572 23967 21979 14542 31027 22452 2770 15492 24952 13043 29233 31576 9583 18417 27080 25892 6557 27893 13135 9998 8092 512 24666 14255 4532 32266 14985 28277 3243 24975 31743 10821 3037 12874 27670 19301 2959 25665 13393 1178 9600 21505 403 18317 23489 13867 17806 20595 1479 8239 11389 5357 5055 3672 6934 6701 7201 2825 18618 30299 26504 23366 18928 311 28353 21621 7953 30719 32545 16230 6981 6291 31004 27794 14253 30679 23828 23968 9954 5977 6767 10286 15519 32308 21740 30157 32186 22836 5175 17741 27737 26170 4539 20796 25698 12002 6327 16297 7219 22116 11412 32557 7572 32440 26998 29997 19177 2302 21265 24921 17581 13596 1470 6776 17179 25769 32205 
2152 14382 1290 26909 32608 19916 25818 14059 24697 5182 30864 23016 9069 29924 21083 28814 11678 15655 20817 18355 6746 21934 19401 27487 22621 31189 14597 14811 16535 859 7701 11530 2608 7770 16887 19964 16330 31101 27907 1729 6662 18029 14215 18043 25417 7820 11182 11191 18624 8166 16038 10494 15521 22117 25857 22438 19892 17732 18012 27886 6163 9413 21567 1355 13102 10279 18501 14844 16657 24530 19837 13540 746 3030 22799 13977 5829 29331 30243 17081 17051 4025 2302 26237 28811 12148 19822 19856 16487 18912 5225 6433 21106 12995 1265 11575 12136 29051 25658 26692 29119 21813 10511 30974 5165 6496 24178 18026 2410 11874 6531 7737 311 31369 1699 7512 32415 10052 20952 1731 9085 20115 28275 31898 21822 7356 497 20342 7912 14912 30240 22525 29787 4621 30339 3764 15064 18421 23798 22037 15039 29535 20885 10978 24221 29244 8667 11960 25445 26685 4871 16615 24062 15939 13252 6529 14846 13848 28936 6833 5558 26204 29245 19534 8046 12994 159 13744 22513 5244 32229 2499 24141 18163 11811 22873 10452 11452 22767 16325 20326 199 1475 15781 19187 10202 22434 13823 20027 13886 19454 16784 7128 32185 24794 19552 32127 14268 26156 12698 16515 8156 32389 18843 23450 4742 4851 7753 8676 1007 15911 14758 10025 25419 29395 17061 14691 15935 24918 23612 4988 14488 24731 31418 11608 11325 24126 9051 19734 1378 6641 18969 15763 12031 12319 16838 20016 9089 14287 29272 32726 30143 30666 18820 823 26159 30464 6542 27734 22618 27688 23135 16201 15501 20647 216 14909 16850 6835 24678 188 25630 25272 19158 3115 10956 30714 25195 1431 11082 10365 21038 27825 9235 16418 24710 12310 17373 786 4104 6868 28947 10079 17040 15146 9605 4585 4753 9872 12895 23167 22185 16119 87 23367 889 23890 8235 20320 24499 1365 16203 17605 15988 1661 21714 25973 13269 11856 6843 23505 30653 28646 10066 22085 27385 9384 15080 28202 29326 19032 5579 30187 7501 25170 27254 29287 18345 22033 16388 17303 12742 1268 22763 16497 15314 24386 29158 18956 15512 12909 27955 6660 9810 2707 15871 20512 28095 19786 10271 
818 26486 29085 10240 22847 3962 31058 5857 27360 28430 3951 24383 30184 5323 28668 21905 9031 21231 32009 2358 25647 14328 9459 8620 10869 30066 32228 7170 57 10509 15001 31888 17097 15346 23656 18661 1219 19543 18049 24065 23418 21841 5748 30405 7067 2282 26099 30375 18705 4212 23001 19626 15909 10013 8812 654 19946 17091 20703 19523 26072 16137 9756 11172 29367 16042 16064 31842 3263 14093 16486 31806 12029 23066 27688 9084 32248 21069 14947 24980 24981 1288 25531 4650 30264 20270 31583 15936 6444 28653 32398 32171 5189 5595 32091 3267 11459 16965 16557 27231 6522 30403 4489 4609 9264 24848 1428 9805 31303 31001 29907 8128 28828 17748 31926 21406 16046 14675 13397 26412 29955 25241 30201 800 12999 22444 25054 23382 24247 7532 32311 24260 26429 30370 6259 9136 19932 20956 19391 25632 463 18809 20684 7827 19949 27136 31442 12014 24016 12982 1493 29625 7734 1135 6695 21387 31911 29348 10542 14019 19033 10950 1895 18809 18000 26066 26539 6581 4809 6182 7089 26078 6617 21395 15829 12149 9554 4019 10263 26115 11750 19580 23655 15951 9615 17174 16928 2517 16686 6378 23762 8820 1394 18684 24644 15975 6907 14202 17849 16502 11711 9109 18035 22637 23469 27535 24438 1998 30353 22293 17038 24259 7480 23504 22675 1366 28628 4151 14572 25828 25505 16551 14930 1487 31177 23221 214 30068 23942 8899 11558 18525 11654 26577 4364 3255 29843 10646 3383 16646 5491 25807 31806 8983 11789 31192 20194 27446 13774 24953 15764 18338 23371 9218 13111 11326 25896 18074 21798 19081 6712 8916 19577 17872 29925 23683 13444 30627 9683 27088 21153 22661 10688 24969 31536 24807 30383 956 18395 30296 1093 12421 799 14582 13171 16676 27911 17704 22869 30546 15675 15759 29018 30422 1594 12601 15014 32083 24036 12824 17588 19556 28475 12211 12096 31210 22890 27164 8548 6821 7 4386 15361 31490 12437 25543 2912 23092 16717 25589 15385 23430 3358 29292 5940 8688 28914 26367 2447 18920 11827 30976 14975 13690 22157 3065 30138 24219 9462 13468 27765 9147 26604 2557 4553 17049 24830 5887 5723 30043 
15758 12 18236 26078 3285 12554 21518 27467 22312 10122 16489 17899 14969 11586 1149 19772 12320 5821 8440 17476 24540 23121 10794 18469 9236 4946 3686 3314 9059 17797 7084 23745 9044 29911 2182 3329 30826 25935 1072 24078 14180 5954 4603 30979 3006 21446 13299 32720 22395 23912 10432 25484 34 6434 16586 29964 3335 17287 3745 25524 31435 1601 30363 7821 26662 445 25023 19352 32740 7973 6113 18786 17454 16015 1295 28377 7947 5492 28204 32094 23591 20835 22747 31003 28626 21238 10911 23447 12107 5382 17216 21639 24127 5147 5744 3304 13709 18982 2222 8266 18252 4723 4971 16495 25615 2521 29803 14100 25959 16180 27759 14863 426 18453 20753 17818 3315 3511 30191 28911 19306 26165 12555 28949 14534 19963 32370 15865 26896 21882 1820 3520 26281 5921 3860 6748 12686 18824 3800 25949 17371 16878 31747 28170 16270 31461 1321 3505 10638 29516 17667 28219 21996 31102 12492 20227 26984 14025 17898 3049 5175 3874 15057 6818 27139 10518 14117 29266 31540 12804 22302 4444 4974 12938 32305 5496 16730 1853 15597 6663 2986 20893 20003 20644 30551 30024 28489 2044 17197 30061 6176 5343 31882 18052 21909 20887 20835 26684 19429 10104 17287 23477 9221 22200 8488 18928 26689 28801 26263 28292 5155 14149 27983 6802 23446 22866 3125 25594 27979 14758 3358 21711 13404 15108 7058 12041 23856 16711 4304 6266 8606 23799 16657 17156 8277 21786 11793 25864 17275 844 17100 5665 31380 13842 31877 25619 19366 3436 9485 13310 32666 1449 578 17368 28134 9343 7894 24601 11113 31835 4178 8632 8342 31222 24154 18519 19157 12329 28466 1211 11558 5634 7553 18302 13320 27415 23381 26632 4249 13850 1640 14267 20222 4526 20898 21870 11269 15225 26590 21789 28169 6523 11249 4062 17687 10654 14824 12311 30286 3982 3474 19951 22156 13514 29247 12290 22599 12028 8134 1113 12472 24710 10445 9625 22591 1885 7748 16506 27139 11802 3123 28027 9945 13134 13238 4821 8039 23318 9797 8877 18825 7920 9785 2445 1267 12237 28812 24853 21272 24168 21473 15086 17995 24021 14532 6144 27684 5213 32562 24549 
14118 28297 21852 27805 11166 26749 27560 32387 21454 16775 10745 11391 16203 3576 18992 9342 4516 6963 31731 20511 25668 23043 30125 12719 32666 17202 5845 3416 12151 27223 32628 12949 14007 13039 16609 31209 9763 23471 3023 19153 6806 21529 32650 15863 9823 4174 32382 12200 27111 20259 11257 22152 8084 1654 30514 12933 7916 27075 22409 26633 6910 16114 7696 23412 8189 30067 75 8393 5167 13197 16436 5031 16389 19955 5506 11132 8588 23961 15403 24565 3844 26565 19496 12729 27853 19561 15992 11094 31371 28336 17255 28283 31618 19415 19984 8553 15938 29758 31009 20644 18313 6847 10462 6382 9317 11838 3689 11637 10137 12673 28736 3660 5698 17730 23559 792 1978 6275 9608 11788 31933 13090 22264 19223 29130 20141 30331 28507 28876 12663 17643 23778 26106 16364 22997 16012 15356 14369 16581 24652 847 19376 31684 14228 10474 3010 3870 20494 34 23405 31337 28813 9163 23617 17090 3139 29344 2333 29274 21556 10981 29511 12594 31978 26954 21948 23330 3179 3859 29381 14112 17512 21366 28619 13247 31927 1092 9068 19702 516 14796 2511 32547 19651 509 21300 27471 9320 18122 16591 4276 731 29651 17366 16252 19494 8001 4825 10444 11889 14833 10578 12289 15921 2774 25981 24890 8860 31128 14441 12566 26208 27777 7247 27071 16532 15770 17700 26919 27119 2833 16234 5265 21048 26334 29003 9556 18941 10662 12776 13019 29832 27872 27375 7665 5647 28726 30827 16699 4651 28206 15073 2822 11915 9225 3992 25668 28138 4332 9016 2256 5950 12349 21143 13562 15667 13136 3535 19519 22999 32323 29076 23896 21143 27686 2756 10103 30826 7775 30784 1229 22604 23373 24315 24143 28654 16428 25680 3258 6828 19001 8857 19156 19135 31510 19453 7413 25268 7279 28553 20935 17180 26334 5250 74 24710 4108 8186 10011 30122 1050 14498 20725 9703 20031 7391 25208 9200 29874 7968 29993 12482 19402 15470 25531 1753 1123 325 27533 1443 31109 12450 1907 12597 320 24925 26553 23101 17626 1465 11109 567 25645 4410 16061 20452 26698 12470 777 10232 18786 18607 9114 15891 3047 11744 15371 12787 14574 19478 
13255 3304 13784 12097 29387 13192 16177 8907 21422 8099 2776 23336 30430 30330 21856 23983 23340 20267 24247 6824 24459 15728 6661 28070 4628 29833 5335 30743 28750 5751 22909 2585 31917 875 20656 3471 19800 15742 26233 10100 30767 13474 30286 880 13 3801 17021 32169 10058 16549 31438 7900 19333 2495 5731 7852 11936 10763 1252 24634 20747 25292 31449 7413 16710 6165 23895 12724 1185 9856 4319 16898 32071 16673 12163 9656 29050 27581 27210 21714 6176 25912 6614 17787 20095 5709 16964 28778 23365 22658 3668 28529 25291 10586 1482 27219 28826 7628 788 17879 14895 10740 11308 18714 32507 4361 29376 11561 10670 4495 24465 19151 5813 8653 11545 23212 9217 20610 30064 31623 28171 7636 30576 29414 24085 24713 14104 23515 28082 2937 32046 14368 17288 26435 31272 5990 3413 5184 4173 18667 15152 26805 2328 19275 18 32589 14813 28312 15252 2502 23470 23724 12538 15338 6784 31678 12145 25281 8074 24372 3989 31749 6894 15032 10806 25046 4251 2958 11356 24239 27762 27685 27784 15769 8616 17900 9533 10910 22891 21862 14527 30593 29896 13441 25115 6316 26060 24356 30567 28266 9193 26119 8523 11862 16284 17351 11201 276 22861 2106 21528 10302 32631 19968 14399 16545 14344 11866 19264 29866 14603 10047 29451 13083 5252 10157 13173 15874 23451 13886 2688 9708 31997 26107 25053 1366 25216 3444 14767 4196 4614 29713 28818 19670 21923 27043 19676 1591 12034 31806 11043 21079 6660 16459 30207 14844 25259 24281 19216 22997 4663 24116 28995 4015 14222 22713 1106 2027 3809 5608 31114 16176 19597 14779 25041 19549 3903 32310 3303 1730 15708 11072 29164 23695 20896 16561 291 28044 23301 1708 17141 15883 13286 30767 26681 5660 13412 15336 12210 24831 25609 8011 17625 8415 28331 18401 31709 19133 24723 3811 3817 7850 28127 15111 16549 20537 18725 3226 2047 4916 19801 20431 10539 24718 32497 26967 24552 1945 10310 4401 32518 24441 5438 12228 10533 11481 12840 4395 1727 4060 4583 25296 7529 3670 8019 12092 11349 3645 32220 19501 12828 21594 23921 28393 32698 23364 17824 23251 31962 5775 
7166 24124 341 30273 27081 4475 26613 16005 9420 3136 15998 1956 32643 1317 14063 31280 1152 3974 15877 7043 269 27539 23297 15976 787 7331 15531 27671 28218 14796 6039 22887 27730 11440 14759 15423 15602 21145 30417 5453 10334 13257 21282 16891 6574 17675 3587 27295 9261 26510 29372 8434 30720 6899 4662 17092 2568 5541 18949 29934 29449 14185 15525 19079 18955 2614 7940 27739 32256 17734 32577 21656 29352 1645 26804 29387 25778 13738 2350 19467 22820 18172 15234 27508 7164 20086 6980 14040 4631 6806 1488 31664 25171 18643 11406 18521 14833 2165 7285 25981 12349 32681 24270 975 3440 1749 5947 29179 30933 11817 17143 28380 21035 16759 32095 27632 14923 15940 28082 21514 3850 28703 16917 10823 24161 10033 23514 5443 5323 15638 4353 10893 27375 23531 9983 3672 22143 15272 27327 15219 608 18864 2535 1915 4619 28327 4444 14159 13363 26244 13576 14276 18600 24295 17627 20122 7547 20396 29455 22447 1891 16832 20401 25203 22879 30771 7517 17308 32669 12175 25417 28443 16795 26473 24708 11854 28556 27189 17536 1655 32509 1887 20687 25453 23224 13207 18474 23185 27112 876 20151 6660 4735 13340 8076 22551 15061 13994 15215 22275 3729 28978 29919 20699 2765 10874 32089 24510 5493 21449 22484 13905 9200 9468 21646 15468 13571 16086 31242 25620 8690 18328 32601 19114 2792 13777 15258 31329 25240 15736 11965 24566 23845 4920 1932 18587 17983 31243 19179 31796 656 20234 94 18373 16470 1924 1997 3115 6993 21837 31876 9483 14303 25944 18814 15369 6502 27784 21219 23610 14322 30404 22735 23003 6431 11338 30549 25155 28730 325 26564 18454 2467 929 26408 24508 1397 15134 26132 17 9577 20387 26015 31582 12792 27094 9645 9353 15040 489 2160 13448 13865 4278 20270 9243 17480 22287 5188 19899 6404 12111 9835 27597 20855 7477 10554 18204 14487 4083 7916 10630 16149 2689 16228 26870 10885 9783 16494 7826 16320 9115 29512 24117 27782 32120 23393 543 13416 12848 8800 24299 25829 14162 3432 29634 21716 19311 22426 27343 13058 6698 5596 32242 10267 26255 2009 5049 20430 12198 
31305 10380 19756 839 7795 22567 32337 29487 31472 6990 4935 24660 22961 3515 3111 4214 22340 20572 25217 16887 30546 23483 25086 12780 25197 22206 29764 18548 12552 17808 25626 24393 26567 9439 23501 22164 2298 17736 8914 27654 24420 31503 24236 2084 26176 30228 23313 30178 29318 22018 7496 14452 362 20170 18133 29537 20517 29008 2904 6361 8441 27747 15795 21064 20847 23027 14443 22315 9700 27774 9553 9763 28227 4300 26721 21575 26644 22492 12778 26303 438 15646 31727 27279 25320 7395 30413 16048 24207 28433 10527 17509 12723 6683 18143 27084 13258 29232 974 17075 23609 14515 25877 9134 16664 12268 22060 29542 29493 5885 1275 9780 23388 8727 18751 6127 31958 17133 6960 14338 16688 21865 23905 15297 12606 1182 32231 19197 16222 31743 12989 23253 1793 14542 21863 10960 9576 4055 8662 6185 4012 15197 23692 15210 2561 1365 9216 1084 9275 25042 28996 18302 24466 3521 3045 29588 24994 1494 29971 24322 22710 27078 3585 25913 30021 8119 32143 17840 7357 19444 6439 31031 14720 28902 21732 29065 19500 19264 32506 30496 8736 15993 19026 6477 21820 25983 27764 25735 30951 7082 21162 21252 6231 4590 12898 11142 27149 17494 30933 17016 23710 25517 24038 20793 24761 1918 7757 22456 5222 15424 8436 15425 13196 16842 2977 7574 29110 3597 2774 2882 8470 26625 20726 6186 19147 12000 4264 31589 7263 8595 30336 13133 20116 14953 26077 24278 26976 29455 32013 16671 2358 1213 9400 9031 2439 30893 11899 2178 14473 7377 18131 26732 30775 12485 15933 25501 28825 24323 28059 9853 14149 22102 14810 28249 4134 6033 31442 25783 11132 19328 18797 17639 1316 13599 30988 32731 18714 5130 16422 21049 24892 2869 21554 173 4176 24541 31944 11908 15945 9406 25091 631 22982 9607 6697 3524 29404 9867 14990 10628 29461 19641 28597 15928 5816 16846 24761 10661 2891 26825 25067 14050 22359 13983 15037 23727 28523 817 735 13832 7267 26235 23207 26874 5866 30222 694 28598 31806 30400 5849 30692 52 22178 28717 19513 123 818 29319 31820 23844 28626 18706 13989 14946 24697 22074 2327 3983 19625 
23241 31569 10096 28321 6224 14255 30138 21203 29385 13910 26069 31640 21882 7807 1759 27939 24349 21011 14580 13747 6461 22393 16301 17933 16099 5547 24038 11818 22130 5776 24261 4653 8912 17286 12280 27544 12230 20541 28989 27326 32170 18380 7464 3196 4155 28670 12065 14372 25804 30445 27308 31162 5029 7891 10221 11363 8358 23580 18795 10522 16173 6592 16148 19877 3386 6095 14977 28615 2513 6222 30844 4280 19104 20033 17343 25810 13538 17161 5375 909 15747 9712 29737 21421 29829 14851 32492 1978 24482 22048 14455 16049 26675 11087 1668 7417 24656 17749 32661 29080 25401 31111 28285 15271 5364 14301 12067 9219 1336 29255 18563 16198 14730 3652 26613 11254 8870 5296 8626 24828 288 5085 6804 16471 32075 26598 32541 16913 30298 23872 27579 19314 19653 24978 10826 1653 11247 14023 26843 19832 5893 23649 19892 32567 15657 8976 3224 20219 22736 7811 24904 25871 7784 27006 4937 25460 32319 28717 26344 8917 15776 13496 8060 15293 11071 16919 30443 12296 29398 16680 11887 18584 21521 25598 7322 31561 16552 7036 23704 27942 9674 19235 693 25821 25794 28457 31262 16752 16085 26827 28652 18734 14441 25828 28510 25826 14189 4285 4966 6986 24820 4391 29032 24778 31267 28615 8510 3938 20558 29362 1663 6878 27742 4666 16129 21836 5494 263 23196 22451 26326 31337 16433 25346 31999 19180 25579 19783 32279 18221 12997 20257 400 9453 22349 17784 6917 27236 15271 15211 3172 26583 27860 20618 25426 28525 17205 20294 1483 16191 29770 1957 29193 20910 29120 16955 13736 2041 14763 24405 24583 25359 31760 30327 29681 16033 14758 2569 7293 17020 16349 9037 10546 32278 9760 27284 5487 25190 12375 4018 7946 3577 15025 5807 12344 8003 4768 23743 8365 307 24869 26996 4612 26122 2637 24627 27488 25708 9724 9701 14420 27319 30185 3822 28416 31893 31978 10595 24957 28365 7026 30583 24188 5471 21847 11831 17705 6095 9433 19576 4182 24513 32481 7693 7381 21958 27782 32573 12069 24694 24021 29812 31826 22975 6610 27192 14870 28284 28602 12639 31300 7241 3467 2943 21862 16790 8134 23463 10405 29691 
7796 20300 27370 4299 27495 4998 23875 15340 9666 27261 6792 16614 22204 13597 19006 2617 23456 17682 31419 8948 12568 2800 26251 30339 940 29873 10515 17097 10630 4197 9844 28783 27000 18213 10931 17787 13120 17481 1046 9764 11530 23771 7377 22500 14902 2891 22497 31440 24412 21347 13625 11557 10125 8830 284 3363 28380 32757 4810 3358 13853 8667 24158 19922 25581 14826 24055 29431 5875 3772 5654 9749 28005 13631 14663 15258 26061 32355 12036 11818 15629 27925 470 25654 28064 18545 30909 29648 13348 7731 24530 22717 15637 18799 17451 20684 24540 20867 9983 21095 2824 13641 27658 20840 17883 30353 1843 17966 27400 31182 11629 10991 187 3599 3291 25423 20954 12593 20535 16946 11402 25683 29044 8655 27126 9355 8098 16903 9036 23511 15379 24820 14343 24151 12988 16836 2420 18361 12765 5576 3951 19700 1253 31688 10862 22073 5776 2458 22210 29990 24146 5106 9497 2878 15608 10364 7238 13462 3213 28200 26693 19152 26490 24518 31353 5197 27378 5330 32569 29599 30861 3217 19595 11069 15155 12125 11823 2427 29500 31292 13024 4281 19925 2232 24278 28634 19366 28907 26511 24312 31410 9690 23759 13397 1918 21508 25318 17813 26997 27706 25137 26923 11915 20656 20451 11282 10785 22613 29701 4029 2856 7264 20668 25680 7562 17451 3787 4880 15045 17221 4952 27928 11737 15811 8947 21071 3685 1750 13780 17558 22285 28067 24932 15174 15134 19534 31488 19161 32629 3416 22521 29927 23197 6956 20191 13397 8247 28148 24063 6601 15263 11185 6954 3168 15820 3723 20664 676 632 1381 27597 18360 12417 17077 8155 8406 6544 11667 25448 26364 15608 26896 10770 26849 29153 26056 32720 10542 31909 12731 27002 19691 4986 31320 11916 20023 5714 29915 28711 18237 32255 8409 12632 26979 18075 6425 13469 29892 22823 26278 21157 17377 14450 2594 11864 16275 30012 12125 27159 20293 11676 16167 16965 6495 7071 17250 12550 10245 30514 20827 32582 17922 12098 28250 26366 10239 15905 8823 10930 13817 7468 11696 17983 2290 7083 4921 7379 28902 7416 28435 18493 5888 484 18912 28007 4110 16726 24310 14880 29491 
29749 2226 28703 18651 22664 18190 8517 26100 4060 5238 291 1884 7398 31960 28604 16789 25706 11003 8588 6336 13660 24593 2249 21705 7236 2447 25576 26079 1511 26940 5475 27943 29987 904 10426 15793 20507 18464 10424 27051 2196 10431 10999 12244 9119 4679 13478 23860 25721 31760 23690 30475 7855 384 20035 16647 29573 14812 4817 29625 32409 16989 16982 14154 13764 11911 797 13930 65 21174 31196 23946 18705 7418 3894 6731 4253 28708 11908 12086 16798 13601 25045 28589 19770 5767 28467 30753 21103 6766 23337 13958 21685 3713 29826 22276 17887 31317 19794 26864 26435 3065 17723 20474 17946 13006 2281 21928 22314 23704 10975 28419 30114 2262 14710 2704 18757 9807 30242 31361 22474 28398 4600 20269 17795 13775 4973 13758 2366 23450 18785 12073 5993 23824 28508 13156 18553 12259 26391 5331 32396 25035 11070 14339 20044 11734 24436 29594 12055 31744 8600 11406 30302 32515 70 662 8779 25712 15009 8414 14247 19199 11600 1791 14074 29475 4295 24110 27892 24034 27848 11955 8715 19940 25897 2462 28006 24266 17367 31413 12026 9921 25627 22192 29939 5718 25372 14761 20565 2700 14758 18894 23779 17707 9001 4697 64 16220 30213 2754 9300 2675 20740 7730 28913 13068 16936 18236 18614 23129 19112 5064 3380 31162 25653 9551 28240 1166 27521 334 18664 23626 5122 17908 22714 19144 18676 5918 16769 30433 8093 22406 13152 1853 16084 567 11908 26474 24516 14405 10758 25388 19438 22202 8718 3092 31853 10451 20798 7508 15998 2669 6478 20946 319 3770 24307 24699 12471 32568 23814 4826 16919 18148 13026 10729 21823 7595 12814 1319 3972 2081 12060 16362 5041 32629 22992 14583 15179 21925 24709 14416 29978 10734 25293 10061 27876 391 30552 3822 24700 22670 18711 20592 17916 16195 4000 19486 10062 22388 26325 27242 22257 17976 18880 15164 25081 28128 13506 8074 25432 1067 13037 12585 7261 22713 23214 23779 30330 24514 32175 25289 21066 21768 4091 12490 18386 2826 2660 19333 15368 14971 19490 14684 28561 26098 16316 9162 27343 9699 18220 8950 27419 28878 13118 26504 13647 13238 19001 14011 
29064 20181 8641 27827 29738 19086 20476 30994 6180 22691 14324 2502 3701 30120 30012 22564 18159 16056 10967 19515 22074 20326 14677 27234 32029 15350 8255 16148 13561 31694 3765 15614 26006 22567 26454 16725 10274 13064 15200 12909 15223 14965 280 27784 3485 23524 2413 28908 32400 3056 30936 2872 16451 13905 18310 24823 30692 27148 3257 8054 1122 5607 6508 15315 3629 26912 9782 31063 17469 11358 6256 10757 27221 9960 8858 23923 7305 25621 17403 29145 27646 27908 27528 15208 14577 19084 16903 13789 28154 25462 24436 29781 146 2794 28580 17251 23252 21288 2600 12640 4736 30841 16756 28930 4421 30820 11585 18992 4672 10532 29743 3349 6336 25946 6319 15220 17484 8192 3360 23611 9703 29854 21304 11610 31378 1984 10918 10197 28435 19367 4853 2584 20725 32063 9396 23692 20688 27985 1492 9319 14794 27130 32081 14536 16990 23644 27157 28163 23132 28307 8473 2873 6705 19946 30413 15917 14185 23887 30650 338 8818 27653 5221 10281 12707 17561 17527 1481 32124 10263 25884 25023 21040 2429 22185 12057 23136 7536 7553 14782 26410 4654 2617 15873 31074 964 11514 7797 28703 129 6183 11266 122 12714 13888 13368 23186 31855 14087 18916 8148 12062 22497 31713 3705 3735 2942 28209 1615 22528 17596 2380 19133 2746 26825 13240 9729 3731 11400 18906 20925 2621 24887 18444 18610 32255 29774 23280 26059 30378 9898 18947 29789 27855 16106 28789 5549 9263 15130 14392 8115 8051 17807 19287 22813 31773 28945 28553 13975 19135 64 16390 32074 14186 15408 14745 28322 5738 7767 19702 24917 10544 20905 27471 27553 12176 20225 16674 725 6445 6339 4949 13330 27441 22975 29316 23123 11841 27481 14490 30123 30896 1767 1182 1998 26866 9819 10448 6611 9300 22562 16117 20280 11755 2636 22255 10791 10698 4332 29584 25847 24696 27586 18864 1270 5794 3863 30077 2662 3340 13289 6675 25029 15565 29512 8013 31314 9148 12544 474 9676 13606 6520 27027 9597 17090 14042 31243 2167 29158 24948 4456 16158 4346 3935 26994 2022 24878 18270 20202 6494 10344 15112 25373 11630 8064 19498 7097 20956 4272 
359 29918 8725 14918 11809 2424 20011 18844 20893 1485 4890 586 29025 10322 2127 26010 29409 17603 26219 28221 14427 32114 11076 13372 1280 9952 16172 3377 27732 2442 32631 31926 20695 30213 21047 2334 13797 24397 10058 18531 26843 28507 2711 14688 17787 18933 11156 15680 6546 29130 32268 17719 27607 958 22559 2160 10775 15491 12682 22086 655 31849 26664 22710 27802 15735 11705 23316 9356 12218 739 26878 7901 28637 25462 22927 13962 3066 2036 6868 6840 19120 24657 20868 16282 26742 11255 8427 22166 16174 21261 12072 4515 3070 25849 14744 13814 18267 24611 19858 16861 17254 9980 31061 10731 1148 17984 2366 29013 2056 28792 9535 8604 28060 21186 25228 25964 13889 9940 7575 19141 3595 9791 12351 28760 21488 17137 22596 8756 21465 18686 25087 10657 26362 19872 27472 21580 28255 3964 21207 30373 23496 11302 10087 28038 15543 20200 11191 25365 31687 15551 16987 23275 19519 24999 22003 18806 29671 17176 4515 15003 26395 31697 32195 19360 27421 9428 21719 31818 12976 20402 9409 6978 10466 30216 4149 20925 24105 586 17518 4700 19377 21951 30495 28497 24821 28621 173 7108 3981 6775 26267 7285 18758 16420 27206 27554 9336 20130 28626 5163 6804 19306 20836 2036 5373 32038 29329 13707 15385 20080 10263 8459 15527 19933 18379 1088 30547 28474 29907 14859 20103 29205 31765 30984 1669 4480 21743 8559 27571 24849 6697 8760 13109 31533 3880 14723 18881 25734 1380 5174 1199 18659 13852 4328 26960 29984 25672 10750 32385 12917 23247 19219 23680 26363 6906 5534 28414 8043 20264 22734 7541 26153 21956 16569 19899 2946 30837 182 29912 17202 9108 32007 10773 15146 12771 14268 28757 3984 8316 1235 10664 16390 16135 18852 26910 2607 12336 19325 5849 19823 20057 20873 6758 23539 18571 7670 32590 23794 2995 598 18407 9266 19467 4934 25200 8909 17110 16206 29789 21813 29776 19721 28656 21110 4581 1158 10249 24763 19617 2029 22079 13076 11240 8038 18223 13430 15463 31798 8468 1028 11082 14123 30873 1676 8623 3643 10219 12629 29787 9576 7185 29208 31660 20199 3200 22604 10191 7808 20714 
25510 9523 19512 18776 7137 9534 10798 3192 21947 7998 12739 20536 18752 7586 27645 16531 23882 27498 14638 14507 19529 13788 15312 4633 1600 30329 27316 32385 29712 14639 3676 8041 32761 4816 11685 20555 1886 23491 11688 22248 6600 762 10467 28128 10542 3363 16788 23936 3956 5155 29542 5851 3377 23232 10319 1308 9653 18589 5305 2330 31819 25196 7904 21293 5819 4703 21883 3905 10515 21727 14750 5928 20135 7553 24543 7989 21591 2102 11448 4358 30736 10946 12332 2209 16790 6767 25773 10179 22656 31234 21822 13172 31620 9198 28373 12255 31988 17608 259 28257 26761 31227 12758 16864 13920 18621 26879 19806 12098 321 30256 8397 26152 25134 30408 6181 27390 4177 16050 12469 6824 13966 18570 18614 12355 25117 28930 32038 31661 28403 389 6612 24903 6269 19994 20407 1785 660 27274 9603 21111 20142 15045 22142 7363 4433 25218 5008 16116 15310 22566 23194 23605 20011 7911 22537 3344 25953 27697 1707 20461 31176 15432 449 25301 25039 6704 15701 27260 27888 7882 6350 2687 10979 27455 32705 21226 13074 8865 3338 9981 78 9936 25628 304 13504 7323 13461 14452 23074 31528 7190 10940 29231 10902 23121 28860 27479 30176 2915 32496 19896 21509 23653 22497 13386 19558 28221 13220 26201 31343 23226 16547 9529 29817 4065 24992 565 6639 30081 3318 20680 3248 4366 12578 2320 22965 7083 17027 11903 5364 16009 22110 3796 27780 26992 28453 27977 30465 30619 24057 28174 16690 5833 23917 22007 24297 9361 18829 29298 811 30198 6431 15803 25489 15675 31784 4947 27374 505 17330 2222 32562 24430 30413 15915 24207 32024 14548 15434 22490 30082 25841 12570 25139 8031 739 8688 22504 27861 30975 25950 22679 21787 8053 31075 5779 31814 6357 2528 5001 3424 5074 15179 4196 31419 23109 3495 13421 6276 20853 27572 12215 17819 20373 14947 23738 5794 27278 31884 9534 14165 9215 24291 11899 30233 5762 16425 4222 11735 2098 2463 7374 522 1642 27584 30800 8471 28367 21295 3176 222 2448 10735 4961 18830 6380 14546 17423 25277 501 15668 24754 22200 29332 1768 11550 23 10446 12915 
4121 13717 16197 21368 25605 26655 8962 9076 15039 26411 5745 2220 6342 16203 26029 2403 27552 26370 12286 32591 16249 11734 27297 8014 30734 8614 199 10582 4297 24126 13535 21674 10285 31529 10008 19540 23157 3014 9506 20431 12152 26015 10037 19460 8144 8437 7765 120 30011 1952 30676 1219 2625 26134 31256 16964 11544 29385 24223 13843 10692 16310 19775 3895 16258 27194 7347 32025 1383 32040 31827 16953 581 14618 27427 24352 31694 14084 8207 27030 16636 6415 18293 25620 29616 15780 14820 10620 5529 10438 4132 16648 23639 6054 14454 11904 4320 29297 28956 4785 32291 4205 19484 12314 13036 580 8258 10216 6920 22176 2916 805 13225 3319 27113 23596 24332 10921 26508 15456 7000 9800 3422 541 8394 7478 28938 25327 11023 1910 26973 24066 29169 23996 27654 13018 5430 26054 30874 12356 32709 6383 13531 28557 1547 22786 7737 20465 17309 26444 29849 18006 31775 20981 16982 21819 868 19344 9605 16619 28886 8432 15998 21494 8729 16701 26520 18401 20715 3144 6707 9757 16463 23324 9468 13622 17642 30422 5996 17997 11437 29110 1682 30408 18868 5749 3859 14920 9326 25049 14447 16603 6399 14984 7557 3444 25570 23322 32346 20632 25043 8817 7958 23385 1772 15949 6223 16008 20750 25627 31882 27175 14722 3086 30463 24861 27104 25201 18333 21805 14384 25404 16462 16169 11856 21477 10108 18275 8342 3960 9172 4709 6069 22762 5450 17890 4581 10155 32605 23020 24382 8826 26780 2662 7525 15485 21353 31933 5739 10385 13309 28115 1778 5855 1964 31804 3986 28848 29034 25261 21883 1666 32655 14001 5723 25690 32471 32670 13186 16477 32429 14792 30788 14234 27305 6644 8094 19755 23895 9488 23837 24444 4154 28705 27900 2026 3344 7292 28556 6288 1112 25657 5081 11357 27922 19173 21899 32106 20934 18039 21002 30091 28359 29829 30950 11557 1465 12216 7029 19519 2641 6526 8126 475 3164 27646 23189 1414 771 10321 21768 22318 23885 29935 250 12596 31717 16487 8462 24770 30750 31828 26567 30815 23604 1164 4589 4288 12501 1690 50 3041 991 32111 5141 3669 19564 5460 21511 8923 
20492 3107 6860 15409 27985 25015 22053 2349 28561 27809 6316 20233 20455 10012 767 15871 1915 18500 18464 29717 22275 32130 20764 8763 10122 22603 17387 1939 26736 17418 29080 14096 3763 6234 28578 23362 6508 7033 24737 27760 16285 2297 12332 3304 11049 28857 17915 32659 25892 532 29769 27852 22349 5976 9596 26994 1753 5498 3336 29756 27763 29704 24465 23885 3456 350 22096 19465 15015 14109 439 22310 6033 13017 12120 25350 20461 10002 26371 14916 7608 22630 17198 5261 1211 31492 10394 32689 26453 1124 8500 24313 22650 17718 24122 29884 20220 24472 9630 10797 7689 28043 11951 2423 22262 27560 12790 7692 30778 15375 12382 12089 3518 21921 13721 2303 9812 29551 6590 18206 17028 22641 1591 22130 8335 31612 16858 8322 2478 12142 2134 5463 1179 7084 28881 1930 4434 6350 10191 3745 21017 17816 86 25500 17854 26668 8272 27594 30496 28543 19504 26081 17904 10506 5592 27982 11449 32450 29370 18378 10270 20809 32062 12590 9060 16998 25956 6536 3632 947 21675 2414 32657 32149 18737 8338 2624 25201 11291 25239 9767 541 10039 17955 21281 29077 32224 14902 22785 23280 27939 5562 18645 2450 22304 9563 9068 1698 15794 19352 18709 22975 20562 26394 5802 16878 4408 29509 21453 31447 21956 5902 22130 25138 9757 5644 32670 4476 16408 22481 30061 16366 16731 31098 15962 175 15554 7557 8635 12617 16129 28131 29067 11354 1675 1102 8556 5260 29363 11485 20204 19398 28177 14038 7944 27300 22568 18371 5359 19493 12869 25800 17928 420 5034 9779 3893 17162 10476 18773 12122 12097 17050 5265 27417 28908 14111 16818 7648 6997 7146 25217 23590 21414 6604 29592 2801 6749 24737 4465 4252 18682 32306 962 727 6138 7258 4877 30191 16649 27240 23666 20816 4468 13765 6089 19784 221 30167 1005 32269 8242 20260 27994 4098 29920 20923 763 6454 5187 30416 27965 9261 4961 8614 23400 22500 7897 10162 31535 24847 20246 9213 3718 165 3272 6602 5043 25502 6549 10873 13224 10236 4363 25259 27280 13064 30170 25255 7848 15582 8000 26108 6480 13611 6852 28264 5730 25910 22055 
5625 24002 29469 9624 19570 6966 10849 31271 1008 26744 11685 23676 4301 15754 30131 32713 16581 15178 16832 253 27991 1094 23793 9787 3438 6097 23838 12938 2625 25431 16085 8654 23416 32237 674 24823 11920 16940 12173 22136 7552 14912 24293 20218 14493 4668 13628 8786 26555 1200 27827 9393 26261 30078 21624 14363 24687 12009 27020 4635 28409 29935 27850 2484 119 25305 6693 410 26911 18192 25905 17059 9154 28978 24293 23160 1455 9829 10399 21136 27093 12268 6248 21343 5927 14328 29305 1994 26181 26816 23551 21727 27224 467 27420 14787 8509 22445 30766 27627 28391 29065 5203 911 26622 14711 18733 19548 12236 29358 1506 3690 27994 27171 23911 25453 7126 5467 31231 27695 14904 4989 27134 31294 7718 17579 10707 481 28180 27538 3909 26705 1711 3392 31229 550 20348 822 27973 22032 17084 29631 30479 30663 11412 9344 2105 3909 25962 23375 8719 24626 2962 16713 32018 26016 42 31774 3320 22008 11074 29104 1523 9012 19265 27101 18230 19279 21379 664 20150 3322 7751 10815 6701 21649 30153 5160 6501 30029 14507 23422 5555 699 7577 18507 12993 24173 23085 27349 27793 19951 12560 302 14015 11516 11107 23303 8455 4082 349 12229 9478 27268 30261 6871 325 3759 11074 12870 17779 6127 11873 27533 29682 5810 18327 17068 23702 4109 18935 22392 5289 9646 27590 30005 12338 31250 27102 14438 8310 9464 31312 18148 23488 19477 21069 20014 12894 13321 17223 15360 29932 23954 13139 25895 20437 767 29906 3731 22 2536 16720 3246 17733 15645 23468 27884 13522 25308 7545 23971 21134 839 29605 18462 4713 29460 3672 20717 10112 30343 18463 12926 17495 4253 2122 9714 12386 21131 9363 20009 22219 16230 1536 22815 12911 6180 5386 19324 15146 9155 12542 10854 14420 18376 13988 30618 7307 1259 23071 13243 20147 11281 22548 23273 1084 24442 16910 3990 4259 13372 27169 26517 20028 2032 12750 3956 1070 24235 16423 14348 28095 23856 25395 598 18130 13155 8340 23937 429 2817 14695 2881 2560 20111 9580 15977 14627 23696 18791 1980 24480 31483 27846 1280 2033 7916 12931 1621 
22155 23706 6476 7621 11035 5001 18146 19740 26383 11009 8895 17914 32088 29374 1019 28710 12142 31721 30320 10789 7061 32327 23325 30732 96 7601 26568 5266 22899 9156 18919 6249 14732 473 28865 11215 1477 12087 17105 30304 30227 14216 17003 16686 32531 3466 26018 32531 2310 30215 9576 12102 6169 7943 2039 20013 18923 14148 10864 18546 19529 6622 3522 9305 12604 25168 10958 21841 17477 31907 4553 28105 17639 1506 6369 9028 10854 4301 24099 22704 21711 8913 8348 8947 20280 32056 13502 31688 1865 1694 6150 5833 7675 26788 26588 3276 13728 13800 16315 20851 24868 11316 17041 9983 6290 26357 21353 1125 22233 5615 16711 8612 17617 3120 27219 7765 5497 15170 6714 30340 30595 28325 10194 14782 16402 23420 5629 14443 12994 22663 15311 7007 2793 21073 14323 6571 10780 20395 13130 16569 4085 6744 14038 664 32532 24586 6359 32404 29540 24462 17715 14346 19871 30275 25883 12154 22549 8656 10732 4574 2217 18966 16211 29242 9244 26468 10421 16757 9870 22762 3534 30823 5441 32625 15000 10291 7585 28745 22126 25815 9601 21634 5745 15873 12456 18527 28459 14885 16268 20231 2418 1996 2909 11902 32399 22831 17221 18388 8096 7684 12015 16284 19515 3992 23110 2720 7252 17182 11903 13011 24929 13894 7257 26759 17083 2578 15267 13280 31048 24550 1023 23177 28247 3294 743 19877 16843 5987 13037 13321 31612 13057 22599 25768 27610 11891 1674 25934 32724 2048 13238 16786 3064 7179 31859 19974 21211 8677 32154 11184 19131 27365 26359 8126 26211 6075 11086 4981 25935 14337 29083 20587 28433 2067 11166 19702 32243 16673 30103 7396 23774 12162 9039 23148 15482 843 7767 7013 9111 3873 31124 18102 16076 26955 24060 24078 21341 8971 13466 4053 22882 2607 12760 9570 294 10467 9725 8558 10190 30665 14069 8904 32571 30284 26449 24395 27953 7473 3726 19214 26040 24430 9882 16346 17602 11584 4756 14561 27407 11640 17107 30380 8782 8469 23083 8022 3205 9496 14443 12024 8882 18068 3626 19556 1715 7429 24004 22038 11363 24290 3487 15207 7686 9334 28595 30212 24551 19691 25161 14239 
14143 14760 28162 8164 22617 21469 1308 3759 16372 4187 18417 26236 15337 26026 29376 21279 26381 26709 22704 26805 7257 393 4114 11994 9544 29662 13287 27676 10113 8821 24226 17840 5558 20035 16943 1892 10188 15788 307 10197 7740 596 11670 23778 21689 20786 4159 21600 26643 8422 7710 25871 29531 588 15984 19405 10312 26449 17982 18698 18137 19461 19751 12924 14396 30194 16224 19732 20719 15789 20729 816 32293 5802 13922 19218 25195 18772 17965 20881 9611 4957 26645 15630 31664 8787 30016 7338 10188 7285 28097 22454 32055 11204 10081 12652 9369 16221 22943 13532 10249 30469 10997 7464 2678 27910 9053 3572 28230 21050 10260 12313 3902 4197 25758 1689 5026 26311 17674 4056 30877 13554 25975 1801 7650 26586 6871 23014 13460 15659 30963 9892 5476 20703 31152 22054 16889 10511 10640 9841 5524 13321 32123 14688 26868 27812 13760 31640 11639 6352 29271 30655 17283 22129 23657 27113 4132 27246 2321 10067 5622 1540 31077 11860 5446 30305 23472 29328 30580 29294 29186 14703 2459 31468 16875 6862 19060 194 29059 31220 20344 17813 30125 2759 1349 10906 30109 14143 20291 25000 1944 31004 19079 13458 11003 31700 14328 22195 9087 6864 20912 29898 6587 4055 4005 30473 9451 26059 8072 10600 8687 915 5101 15935 31639 25432 3757 24340 18461 18932 27272 16305 24563 4775 10255 26490 20927 25356 8642 9470 22437 23372 19317 24524 12740 5778 248 15496 2563 4031 10230 18238 17677 15966 10526 6133 25754 32730 1153 9608 24305 8430 1339 15025 4010 7006 22614 16743 9657 23525 2795 22634 12968 9326 13194 26396 16164 24199 19164 9106 2235 29202 30599 16107 19684 29757 20818 11232 17728 17077 24458 13213 14623 24343 22180 19663 18502 7848 22819 26879 21232 581 16317 11294 8978 19101 11449 16993 15075 7325 28315 18511 27804 18988 30211 31000 8060 4889 25299 5928 26128 29265 27792 17148 18865 19286 10763 13364 28494 3052 31808 2282 31084 5654 8318 8003 19306 1600 11720 11587 4618 10686 380 2790 13613 14709 24370 25196 5854 11480 18407 15092 17298 14615 19547 4428 30638 20626 24247 29448 
7754 13972 26483 20433 11573 31550 8567 29952 569 29633 384 26476 9632 721 11462 3967 5622 17750 17116 27536 273 30564 32471 15468 3663 9581 29618 24630 7711 32181 26609 20338 8899 22023 5253 28764 30292 14759 19184 13438 20998 4999 18089 13441 19117 18621 11714 15940 30336 22325 1224 2347 8221 19619 6635 1210 10958 10684 11102 30050 3083 1446 19713 21402 32320 1453 20798 8498 20688 32055 14640 10468 31065 18938 28683 23597 19002 16492 21944 17243 29266 15483 23743 13286 10763 10879 16234 16643 12695 7277 4136 6775 1146 16205 10543 19881 26185 17646 16229 7420 11441 5592 7297 24923 27322 24450 17517 10774 24909 21189 2543 3820 22773 9873 22153 26729 18658 13023 10654 25202 28467 14310 4821 7454 15989 9618 11203 20423 17510 30514 21700 8801 28159 30577 14633 12555 19634 135 24217 28132 16625 3248 17329 21792 11759 10973 20974 10075 6826 11178 9933 7724 25641 6801 30768 20222 25858 22365 6148 12315 13856 25569 23329 29706 27843 14825 26481 12059 31176 15729 11605 31552 3627 7957 4164 3614 10442 17097 694 30052 12652 32458 6464 27996 17665 18133 22784 1472 5932 6038 17723 2254 3326 13923 28741 22686 29957 6442 5025 14004 133 2728 29546 10706 25093 24284 4337 30223 13581 19388 28840 23341 4911 14886 30527 3368 31300 8985 8716 6923 26616 19749 7856 14343 20105 32288 1528 6854 18123 29979 15873 26365 9072 16532 18336 21825 18822 17646 31488 3355 29249 1822 30605 25950 14843 4006 19217 32440 8313 31175 5149 27784 24176 754 9131 24559 13383 11905 25089 2346 5663 20900 31449 8991 22801 7070 5310 23861 17846 28209 6073 5993 13293 6742 18221 9375 5080 21810 13056 1845 2088 31046 17403 23518 30107 26598 26484 26286 11202 7916 7722 30321 2824 22189 29296 4673 19440 15404 6542 9560 19358 7054 17508 7458 409 3790 25424 11670 719 1202 24914 12231 13786 13310 6766 20150 7297 20199 4434 30315 22146 2762 10297 14660 16783 20510 24847 8076 23190 9896 26838 5455 17477 12781 29256 27245 5838 20973 9150 6382 23783 15374 7248 17813 25109 8279 21566 11960 13867 11998 
23695 32079 2573 4484 16887 11338 18874 11743 5886 31272 6026 17272 26975 6341 3252 14903 9902 3955 25362 13595 13374 845 27689 15662 15938 22984 31076 6329 562 27019 6560 8884 6257 11649 20461 13952 300 11820 10131 985 30853 5436 18772 24326 22001 8032 30193 24914 31454 24668 2544 28096 5274 3420 28315 28155 13680 16775 7244 23436 2324 28888 4584 26959 10305 32041 26026 24872 20384 8593 21282 2546 32236 10224 27261 10680 15700 7368 17670 30760 7200 30031 25325 5444 6296 23490 5703 22619 1057 5627 8023 2872 8618 14918 24076 26009 838 9841 15562 23779 27418 27938 14446 7187 13178 11629 10636 14328 591 2214 13050 29600 19388 10868 31123 10512 26625 5927 2357 10807 16543 13388 2828 11813 22717 16254 12563 7801 13514 10111 31447 22808 25956 31623 14207 14885 14712 25819 26889 557 23467 24226 27862 27809 24313 8180 3433 2698 32412 27701 24940 13688 5424 15777 7155 11963 3860 32295 12805 16086 23571 17019 31065 26929 9284 15207 9309 2062 17454 20834 16252 25790 21552 7779 5025 8213 16161 14839 4599 32539 11315 2962 11508 28676 16413 5922 17045 23395 31097 30698 31723 5530 11370 32142 17878 1173 24963 8042 18193 19896 7140 14888 30574 8213 19110 19346 15459 28387 27002 8356 11974 12331 5260 10726 28117 29637 5038 27129 9081 26243 8370 12911 7628 5548 27927 8928 8664 1708 10985 7737 23458 30473 7394 10840 3943 22681 29141 28118 28709 24051 28493 16420 16221 11043 12145 32730 6679 32418 30250 9035 5928 26245 24968 14173 6832 22004 31074 16536 742 11998 25149 12924 4632 5099 14191 28952 14829 5810 20613 4312 11246 5677 30177 18591 21316 24937 18600 18965 7107 29314 25051 29763 10792 21967 27843 5213 27039 4442 16531 10462 4745 8339 15689 23258 3707 22597 28629 8592 23946 18120 16765 17472 24774 25721 13952 11836 11780 10343 32761 18752 20705 21839 25863 20998 7427 4811 18219 23318 30114 9926 17905 29148 11847 25395 17875 6652 26836 7166 24154 4842 5317 14659 29574 7093 29621 14783 32368 10531 18212 14724 18734 16899 2935 20720 8695 30143 25664 24543 18823 8497 
7616 6432 8389 30135 26539 25126 22948 30346 11562 23296 12103 24651 11814 8844 26984 11999 15812 10983 12026 13693 18988 12839 27661 32005 4495 13133 20211 23700 10344 25461 8353 85 13570 3920 31831 21146 1082 27860 10884 31531 23430 13618 8932 26845 11318 6921 31211 6503 3066 28889 15718 4978 5797 5050 1120 18159 7472 28238 13890 18349 17922 10228 19775 5675 622 21566 6127 27307 32126 13990 15930 13959 26607 28284 3448 20424 17788 7971 20438 31477 8032 26749 13052 18217 16406 17316 493 28776 23651 6107 13870 15411 19862 7108 9258 1114 16655 22227 18133 25618 254 22274 28304 15175 14957 28358 22349 31796 25729 3906 27123 30512 11516 4795 11524 6347 3591 2893 10365 19993 28975 27100 16637 846 941 4429 20010 28811 8170 10741 28752 10488 28738 18769 26956 8211 12040 16888 31913 6472 10187 12239 6920 13761 24024 5244 23749 5247 31744 6173 4055 14506 29084 16953 23800 10789 24782 16118 18439 1126 16905 1165 4010 26501 24787 27900 12343 32658 5577 6139 3541 5676 25060 10544 2526 25167 20220 13990 1928 2670 14730 31612 9157 3266 26546 8922 9319 481 4481 16169 25224 28050 15987 16772 13353 4576 7224 1385 6425 30829 12983 17589 12057 9737 6484 1999 12605 11395 4462 26147 1685 3775 10796 10962 9229 11017 20858 12711 17810 8105 30286 4174 17014 23992 8240 24512 278 24114 8185 14850 19898 11596 15835 16399 6332 16391 2209 15379 24557 18437 10808 13273 18228 31131 25967 32647 9336 30761 8443 14473 704 23718 9150 5323 24729 2687 26185 555 11705 18082 7583 5678 19425 17621 25403 9713 5896 8013 7765 6755 14517 27772 4706 21682 19117 26410 14042 14083 3278 23751 15421 9574 12859 22016 25176 4873 2489 11664 965 28588 1369 2393 31409 2388 25944 27059 17121 13892 2627 17156 31991 23337 12894 21905 14066 8597 9799 14227 7669 29358 6359 17806 32073 2600 15945 27870 11940 13680 24222 1170 24492 4906 26431 10366 20663 26334 16357 19084 28885 21742 26294 28243 31504 6860 6065 17131 30962 5993 843 3839 20040 14321 22618 8995 12838 7349 9523 18024 14635 2665 
21519 20782 21766 31631 18100 27194 27961 26163 21841 6665 29981 2521 13481 10339 8999 22964 1907 30771 11625 22296 7937 21909 12124 28722 12065 27185 7388 14071 31041 19400 26228 1114 13014 22796 13020 23490 11006 22709 20928 8891 29539 3793 19395 235 4195 15451 13252 31817 29807 15632 7520 9609 19121 14206 23736 26842 21746 4958 29556 22228 24762 10787 20232 31148 6073 26067 15413 2731 12133 16918 13267 7134 15333 25485 25807 2574 10798 14692 8048 19186 9580 23851 1502 27556 27555 9441 9700 21330 21910 6994 24565 7734 5608 21156 16237 9416 29569 17708 10266 818 819 14470 31995 13572 9373 22244 9287 6441 18000 29350 3249 29210 13617 10283 6123 13905 31519 20967 3689 17665 4309 694 103 21252 26385 31344 14381 9236 2806 18622 8594 25663 27054 4652 19135 13717 30549 11135 25141 17956 15634 32584 22034 550 4743 29113 30863 13944 1644 14008 19918 14158 14966 20018 26323 24358 13950 6834 28112 31226 30431 17970 18341 28858 14880 26929 28327 18681 20947 10245 27296 19687 31420 14963 2584 28543 54 4477 16595 16641 11987 3963 20379 1955 23107 1645 6464 20611 31351 28816 18652 3297 9221 5935 11611 3979 24527 7100 28219 32408 9696 5919 32145 3417 32662 17230 27469 4749 5382 25374 32190 20180 10652 23641 13145 30567 19458 14352 4534 22789 15683 32050 26075 10033 21297 6494 22973 19354 23044 19446 772 18907 14659 18293 20239 2916 24552 32002 28728 10168 15295 17989 12377 31962 16399 24953 19599 11265 16252 29634 15933 20115 7468 1473 5460 30545 6441 11878 18386 21455 15366 24582 6793 552 9670 2990 1826 28399 17401 3766 17249 20329 13096 7833 19883 3065 20339 9988 8901 11995 14457 20012 222 11029 19576 4965 23504 4011 24245 15345 26275 31507 11551 533 22098 25320 22831 14962 16850 995 26642 25491 17233 3590 3594 21443 16060 24858 18706 31009 29059 27996 3777 24566 12192 3188 4464 29509 29142 26278 24735 11172 6454 14412 26773 8267 3048 2948 5447 11883 3880 14886 7291 10945 655 19449 13101 20842 24724 1318 12850 26617 10322 14572 28187 17863 5260 13462 18012 13962 
17390 22186 12206 27433 13973 9828 15793 27855 17618 32610 28630 17983 29483 9633 17788 22375 18339 21928 23897 1847 1084 9475 9244 18355 27321 18163 22096 8263 28072 2404 22916 12891 29344 7711 12457 27688 2504 1089 4027 24010 16024 9708 21156 25750 26084 32316 23389 8365 3350 23421 6998 26833 28347 4507 19480 12408 4161 12505 6953 5151 27902 5318 19759 32737 21109 24430 7257 9288 20949 13517 22011 11619 27331 19081 31608 28697 21337 8160 27237 444 367 29150 20459 28130 22809 16340 27501 32368 9328 29703 25707 18935 14486 1189 14247 31812 27636 8445 32646 3378 16838 16110 7096 22979 28378 7328 31771 21359 7060 2675 4829 14780 1846 4405 12770 4623 28766 18584 22373 20930 26321 29155 11745 28278 27254 10983 17202 18603 31654 19765 15095 9358 163 19854 60 9489 9317 12187 14934 32065 4765 25054 2317 19413 13556 5609 19457 21762 21907 26830 31046 3735 19177 28630 18258 12869 4264 32118 11801 19006 29201 12926 886 27651 10610 12180 14029 5494 6381 31457 28655 24631 122 28170 5437 32557 21807 16482 32017 14947 7616 350 20057 23830 30786 5961 21637 18956 11572 5688 19108 10791 29631 833 25033 26937 19261 22504 1716 29978 3577 23002 10926 29432 8501 6878 5045 24303 26226 13576 30681 18905 20971 5935 26598 10600 19043 30114 19779 28274 13856 13079 32538 21899 22840 21988 12985 9689 26891 23922 19257 21028 30993 3054 19549 12333 9430 30785 29884 14913 6978 31811 17187 3853 28446 21291 27445 9140 20692 31819 32084 23583 5494 13818 17861 32149 12034 9425 9998 12171 31205 31514 29603 32445 957 13445 2754 5757 12131 14877 15516 9291 23081 635 14773 6567 26208 569 4493 16419 20254 170 1152 21436 10558 9416 11499 5994 13735 20078 17296 6134 26834 4040 828 4364 2950 23303 28583 10385 22758 14425 923 29750 15790 6168 2648 32078 7354 5441 10296 14045 15560 15401 22159 6641 17278 10603 22229 23605 25007 5413 24839 29891 5338 7780 4426 25402 8691 27356 22738 27920 11622 28381 30210 17706 5210 29058 14292 20906 27442 8492 4220 1033 17754 19502 15176 30565 10816 4554 
31179 18716 23456 8029 11322 24473 20741 19926 18710 4974 3213 13164 30731 28323 11500 32145 21529 30286 24755 10017 6385 12900 7891 24288 16290 26575 18524 12835 20084 14529 6027 20429 24596 8007 4 30589 9714 30241 25692 26886 27112 977 17626 26656 21276 15346 19327 10333 29223 10955 22851 13662 22647 16164 30882 11078 16113 26200 22871 21359 32731 11948 14696 31068 26618 25567 24418 3055 8951 23043 2534 24284 18184 23179 30820 8286 17356 26532 28967 22313 14454 18889 26770 31903 29997 7057 11689 1862 11187 18380 16339 31098 4933 11727 12765 18527 963 24588 15939 12058 19473 12518 28843 16961 18365 451 2227 22415 30690 2146 31212 5597 9036 32367 11558 16717 16860 28500 26351 6089 14126 6227 30550 20908 8314 3793 5877 6846 14776 8437 5422 5990 7688 9330 15284 18971 26448 10145 2893 27932 28967 14547 13783 5217 17138 14309 31113 11217 25932 26133 16764 9653 9900 10259 12138 28013 4929 11868 29365 29281 9249 30659 4267 24379 27043 25168 520 20820 13577 15950 18876 9323 1379 6048 26863 9885 15280 10580 21571 18577 23109 12155 20057 7668 21363 2871 19350 16933 11108 27925 17191 30001 28998 31133 4418 1281 21419 7208 20143 22226 21552 31730 16776 9446 24157 18288 19261 17529 17869 18916 30682 2039 28559 32558 4749 4460 10955 6629 25443 10556 31913 12198 31314 27924 25454 32684 11132 27424 21737 1953 8370 32127 31757 23220 9271 31220 31199 28396 2247 2526 11667 21692 21208 15978 18417 3287 1824 13575 11774 28741 16983 24602 28377 24247 32318 18419 20707 10008 10208 22528 14882 24164 27416 3137 30696 6333 22355 4860 10671 14524 16791 14002 21320 18693 1989 9297 23093 5150 6427 25003 29267 28289 26620 2087 15804 26351 10484 6071 9195 20744 759 30218 9249 24089 5353 28162 9992 14389 29796 17256 5014 21383 2485 11999 11061 27110 27943 22038 28961 21674 10629 5186 8465 14526 2010 9932 31001 14583 18555 4678 23247 8868 27975 21412 1965 18535 31022 12713 31926 32579 18672 17055 12636 29173 26919 31307 15778 16008 3464 21536 11134 4644 3430 28083 30593 14119 2423 9583 1209 18806 
7899 4490 2007 1302 19290 25399 11661 25334 26350 2590 58 30735 22145 11273 20681 19119 23543 17632 9942 4626 10095 727 31763 5171 3526 13030 18155 5601 2141 20858 6245 4373 25117 4970 20810 9603 13752 31532 12938 30575 8497 20041 19676 28866 21150 32526 5029 6237 21037 24196 5915 29613 11621 10915 10666 9856 26542 19651 29847 17687 21524 23635 16355 3196 15432 14797 29042 29974 30951 21993 1900 21370 24319 30994 4580 31620 9936 7958 28599 6567 12239 15137 21175 13953 17905 30700 20233 6322 19493 18482 31180 30959 28706 23396 23291 15442 19300 19101 13973 10484 5489 4568 28923 18622 19297 10593 4761 28284 28829 21385 11976 4403 19687 29342 12787 29109 19355 31514 23289 15986 24628 22043 25555 10641 5137 18451 7543 9536 8570 12225 764 14920 16350 12640 2046 11492 1374 8734 9796 25555 400 18383 28320 17836 30076 16611 8471 114 19691 10389 4162 28520 15586 19302 21492 4902 11113 32714 3870 20461 17552 30497 19695 26168 24756 6888 14655 22931 8191 18993 14381 14768 24366 2896 8455 440 27031 1496 8299 479 3178 22726 1452 1851 28471 8443 32631 13782 21936 17392 2999 18690 11953 21157 7861 11756 5245 6362 17796 11380 8779 11394 18332 4668 17153 4469 3013 5119 23871 17765 17463 22821 159 18451 9727 26004 30779 29634 12196 21960 26224 14828 17163 8486 19938 6197 5784 22157 11200 22941 16790 1839 1866 30713 26585 21407 6800 12708 18593 20266 30844 10098 13506 11627 21522 5861 12290 28186 19703 1188 16835 31525 25904 27432 14562 27906 1069 16825 26334 26947 11014 28569 5693 20331 15876 32639 16427 10240 1891 10054 17765 2529 22358 30695 11861 27098 25932 18853 13950 2166 22130 14471 10011 29204 3449 17675 17667 17725 10137 27929 21968 13109 19158 20790 64 28368 10626 14842 3036 32135 24323 4548 17367 7883 2518 9900 312 15770 18132 18617 8252 8271 29108 6229 25845 19134 20178 6397 4920 18048 558 23613 15798 17804 30648 22748 4201 21255 8395 16980 6706 1630 10999 29828 22976 27793 5123 18345 4531 7122 16178 24715 10241 9550 28614 20724 5273 22859 19651 7270 
9031 4467 20981 29965 3288 30063 21044 17651 11134 28088 28391 22387 20086 14506 10439 14064 28903 21979 28134 4807 22542 15274 18671 16769 23704 2843 5551 13134 25423 13794 24276 26799 18681 19133 18677 16754 17789 23559 11987 14307 2632 13451 21215 23617 8175 20118 18940 9327 18198 16720 901 25580 24720 6219 4754 5 8392 18781 7287 13385 4703 15531 4238 31550 11286 6919 3383 28498 32239 22140 5660 14356 14735 8486 32698 22436 6631 17991 13341 27752 28179 6552 13546 15105 19330 28893 32419 5246 11096 23484 12583 27855 30480 3535 8568 13692 18534 12024 14529 20631 24692 1525 17560 12271 6683 12596 7296 29830 23460 25064 16562 8773 19367 19804 22045 15343 19756 18567 9131 23380 1809 16866 29894 6599 31404 3446 1307 23761 28080 14137 22941 23335 11093 20378 10957 28122 24755 26203 17465 462 6255 10143 32067 15725 6554 20292 12068 11932 11734 26226 19505 5358 4795 32628 31836 7192 6777 25543 25341 6822 16318 26737 29139 10476 12506 23700 27973 9278 5665 17987 1518 29284 6032 24980 11097 6472 26036 5623 31753 32498 18888 21958 30397 26038 286 7197 20722 30892 26560 31979 5800 31841 13910 31561 30569 30668 22346 6667 25736 27012 5931 23189 25767 23856 13391 7665 16507 30014 4541 7198 27860 15576 4425 26026 21975 22035 22785 9091 28558 22634 1992 2314 12196 29548 7489 11369 21609 10673 6383 14630 7452 14354 5274 12537 22378 32025 24052 11995 26162 29879 21372 24672 9611 7221 2211 10566 20488 21101 29997 9550 18747 2106 13275 31818 29047 21805 5191 15480 26330 17538 1039 12046 22411 28242 4917 23318 18753 12554 6086 10876 31237 7963 13498 25958 15928 29939 18460 30659 32727 11053 1131 13607 17150 30980 14655 3798 21419 23310 3887 28703 197 29223 15091 13547 2141 20138 27590 28309 6451 31720 30990 27388 3452 24530 4927 12759 17122 17145 31741 27721 13261 5305 2433 27318 13793 16304 31037 15572 456 8821 21955 4101 26673 135 29667 18404 22552 32644 19219 1309 6728 1180 11541 3715 26143 1604 8403 20572 13202 9775 25742 26111 28272 10106 23351 24994 28395 5415 26909 18029 
23380 11468 969 26835 22310 24972 31014 10529 9030 2887 12774 15447 5001 5646 29472 30520 32119 17882 25406 20381 1103 25213 22038 2062 26187 24536 9303 14739 12068 22095 4647 12232 29657 24442 2314 19248 31661 11037 10502 24011 31342 24667 29957 13803 16381 7974 7802 19267 267 13818 13383 16961 7457 24523 14559 14750 1507 7740 25511 5683 11157 1041 4515 16654 4830 999 10574 3013 30668 5922 30153 12042 8729 20776 15672 6016 20141 13005 5738 29901 21091 21005 16824 16113 23056 10753 2351 9686 27586 9996 27633 7975 3397 17238 6360 1638 13292 18299 31837 825 24973 900 26040 10757 4814 5142 1865 2750 25247 2025 22071 8702 1800 31100 3415 24660 2853 28935 22351 15326 27247 8882 25595 26 28988 23812 27919 20473 1674 15262 28158 3637 17144 29225 4891 8165 30997 17293 9214 15695 4829 31075 27946 17661 26753 28590 27885 17683 29799 2245 18311 11999 2162 7572 18062 26802 26755 15876 26512 12782 28224 21944 15867 3425 6676 2298 11322 9681 13686 24053 14369 24792 27247 1572 32395 5107 29782 23562 2625 4053 19935 26916 4638 30209 84 2076 25201 3223 30753 30527 30115 1134 662 28465 26 25956 22761 4575 29532 5362 23674 17846 15480 11012 26715 20755 16802 2311 23568 18938 25373 26435 17299 11786 862 19563 16540 14000 23150 9074 6430 15772 6288 25505 3861 17777 7204 32487 25983 31425 16075 2672 13992 16696 32204 21880 32683 8471 438 25186 1334 10468 18759 30212 30093 5984 31629 12614 27602 25018 9547 26859 14467 27138 26014 12206 4932 31200 19936 18065 6623 21894 30925 26482 16521 31459 7396 7647 5991 24858 7696 8747 2384 19506 25224 27329 30677 2319 28404 26553 22654 9633 3537 7337 14167 31067 1558 3262 17067 4583 9496 11531 17424 22552 8107 20768 10915 288 3722 17887 2709 8195 2553 3723 13799 27467 10408 30754 21105 2814 26075 30445 4393 717 13000 597 27298 3214 14144 25336 1235 30444 1426 9980 9754 23645 17837 12451 22913 18005 7044 4896 10303 4282 19639 12714 3202 8599 26991 21710 363 18708 31881 10761 21594 23974 1784 24982 7021 26755 
19044 24197 30019 30297 10007 11533 30214 24639 4378 13091 26024 8428 24731 20299 13164 2598 402 22959 17065 28286 18085 15214 29899 4923 25416 4150 5274 32404 20776 1557 1727 30242 9418 28556 25475 16788 5487 15334 24027 1445 15420 18887 7074 19275 20119 18440 25381 1841 22484 6338 16868 13672 13841 27305 4247 23898 24158 31900 30832 4607 11298 16250 23968 16979 16314 18998 21276 28167 12386 21550 31649 4726 5465 10680 31733 25564 10816 20222 25201 9922 4803 17677 10172 15805 380 9512 11481 16216 17940 1634 23140 10319 1708 24940 17688 32254 10363 26283 31637 29976 11192 31373 24928 28828 32442 19486 15148 27909 3166 14806 20568 11202 2473 30901 17848 13029 18094 12691 5528 29983 1714 2225 18686 13804 9103 17299 22064 32267 86 274 18550 13361 3896 14253 5409 11774 28327 28192 16844 19760 25016 25144 16354 32023 10188 4581 8545 9289 30575 23185 2781 24214 8320 8880 1735 4926 6547 16792 7663 15202 31891 6547 22856 27833 13996 6195 4331 31876 28519 4326 11359 20164 27415 9674 14360 9642 27765 12995 29757 1359 22919 28362 16559 32677 10182 14216 2630 31918 21375 15139 7518 21227 26234 29784 402 17432 20954 11466 17095 12822 8004 31129 19309 8233 15683 26167 13313 21603 27371 16759 11222 11616 1725 16615 24342 52 17611 28256 32259 4770 4125 5083 18819 1423 6994 6534 18652 17333 25738 2584 3260 18588 12420 12641 9084 21446 16644 2341 8869 23594 19064 26666 27060 22501 27866 10128 538 11307 13272 12897 16519 22915 25139 13161 2920 14388 3173 21832 27311 22778 18054 18629 17618 24062 26992 1381 27926 24581 13090 30781 26381 13288 18018 5380 861 9284 19879 32108 14788 29554 17717 12978 25689 14778 12426 1396 16405 29635 16121 14276 22161 21838 9109 1402 13585 13348 9296 1742 5314 8013 9316 8486 22592 30339 11762 31276 603 5607 16105 8484 2587 27122 23850 25213 12290 32685 13802 31141 14480 25893 19543 5410 12301 28185 31614 24799 7042 12535 20332 2755 15113 20487 31123 30088 16710 25317 25712 3531 9270 5172 10859 30047 27431 18321 29695 30951 7688 23494 282 932 
14819 23872 25031 1419 20136 15556 8714 32667 10796 24157 27915 10861 13425 5273 27511 27405 24872 23540 24868 2568 23156 27285 19956 24774 18673 26680 5627 28954 23797 25196 29924 6936 32022 20734 16528 25895 15852 16053 16129 2647 1816 27199 4983 17140 2436 29548 1752 31579 27373 26778 12117 27916 19103 18545 15179 19969 896 19408 25447 2622 20304 3078 18446 15274 12079 22854 15868 21533 15712 21845 20011 11706 19532 9862 27894 30079 30410 22248 11390 9242 1437 13246 28237 30974 20030 16687 22585 11191 28381 5695 4235 18298 2978 13566 1377 25857 28984 13055 17233 13974 16524 17932 8015 6765 2002 2328 14289 10038 27850 3445 4401 26355 19521 3144 20818 13319 29402 19513 24198 27792 21262 3951 26031 28663 23666 7611 2981 6854 22584 16147 19928 13497 28409 14915 22071 1303 15282 11231 18000 322 4108 18812 15800 18829 19936 25887 8109 26703 31226 17654 23546 1846 27677 9030 16155 3805 16456 27301 3490 25760 27960 617 28377 15023 9262 16224 27305 9825 24050 19650 32442 28875 14616 8547 3804 21906 3458 21805 13478 9213 22822 27342 12892 30286 27153 25006 3350 29523 27052 9252 4639 20024 11583 9705 19356 30879 28595 18125 10350 15090 22684 19880 23385 9976 29815 3988 13669 6311 559 5977 32644 14650 14823 24873 6006 14467 28915 32398 21482 12417 16167 13984 29670 26421 2389 30331 7528 25266 5393 9712 12110 884 2487 13435 27251 6386 688 29301 13851 9334 5872 2699 913 15917 31171 12143 5390 20602 6346 20941 11229 7568 23360 29313 25021 17216 26242 25863 12679 12559 3023 5683 29456 17548 17228 11042 20049 32737 22603 3184 27077 3751 10956 12715 22547 3327 10820 16648 2285 17630 28062 22357 16696 21928 3200 3119 24173 31233 7631 1653 26943 24544 32629 13565 15230 18148 19298 32645 15675 22764 7632 1004 32045 28898 4300 13218 10323 17367 4338 25949 9435 8277 28536 12045 21571 14320 21870 7187 16574 10015 31811 5037 14809 12106 20364 949 9310 22308 23553 9100 376 25915 12232 25425 28953 26830 4087 23382 13209 17630 10068 20436 28320 29063 4703 7389 14661 26513 27794 7827 
13175 27203 17127 27032 11420 9079 3995 26565 7545 17908 9009 11551 31058 10743 7867 6406 6738 6163 25429 6064 19757 13883 6898 6102 16387 19230 15963 2221 22664 19379 15476 29720 13666 26388 9921 2332 24274 1167 1834 10900 27287 26618 17147 22054 5903 28744 12079 30581 8608 9306 14830 31640 23638 535 19796 14540 18125 17343 20340 32357 11858 3964 25501 24843 6469 17723 20700 5922 449 24249 12737 31114 9088 5601 20838 31881 24824 17749 22958 13573 970 14155 14027 15863 23645 22170 21507 4636 1222 30228 5555 11758 19180 8727 13460 3538 1513 12383 24125 23699 23219 542 16105 26127 13307 11343 22651 8752 29013 31303 19135 27678 4506 32397 28915 14771 23690 9707 30854 26416 20406 197 21791 27438 21150 13994 13793 1751 30230 22569 24558 18005 17134 742 4649 25995 23505 3053 22081 27907 30318 9285 25323 6952 28630 11209 29550 28086 37 9779 14437 24430 20837 1658 17856 11790 32175 17502 8717 15488 14483 28736 23286 25938 10171 14648 17162 20838 11978 6498 15552 9963 12938 7288 14008 9355 5959 29862 15685 31974 32374 20889 17705 1600 1947 11738 5023 4726 6249 1626 26527 823 28714 12366 18525 28272 2657 16700 7443 26376 5294 15702 29184 15822 31731 8 3760 20144 21685 4813 16767 11821 8901 26182 1113 19213 17439 8589 24259 22607 786 31687 10527 4963 5025 21496 5419 15001 42 31516 8140 18394 18757 25715 20490 17302 15599 12316 26459 17405 18664 17381 26404 27762 19545 26210 3965 316 11450 4156 15157 25471 12787 26572 15637 2411 28097 6888 8809 18100 12892 2813 32445 31042 23639 32606 9445 28201 29639 20956 28992 4827 26791 18839 2365 18077 28283 6164 13341 24631 15156 11407 12539 15344 11604 20882 11786 26041 7506 18630 17695 13225 24128 22794 8559 25769 12715 706 12953 6001 12995 20081 4327 11699 31931 27019 30416 28565 4211 1412 29634 869 15701 11565 15391 3464 4477 1088 14982 3252 5404 9529 18003 18016 21790 4456 9065 22392 266 26437 12079 15700 8234 21251 24280 27371 8685 28008 29416 15940 19849 31963 1011 27182 21732 19647 19624 10289 3765 3839 
21775 18116 7142 31722 25359 26560 31806 9282 21555 789 22076 10639 17582 444 30278 20665 10140 1261 18691 8918 13450 11665 21765 4161 20025 30714 30635 18924 18079 32722 26949 17655 9263 16465 19578 7297 19546 9395 19687 17854 14166 31978 4361 19017 4382 10896 861 31932 27578 6687 14021 23423 26304 23652 27182 5597 28699 29745 28528 26461 523 11347 31093 15695 621 2499 5534 23205 10045 11809 21602 28164 1113 15965 25913 19995 9863 8632 10680 20532 24506 11499 1021 27912 10385 3493 25677 10200 15137 2619 23036 27577 19188 27035 11149 21296 32337 6019 14875 3582 3262 22768 13304 22845 9924 9432 23187 15788 2802 29979 24479 2120 27685 9144 7537 12572 3334 10300 11946 9305 13523 18817 10519 8617 24931 6036 32725 9665 23140 16887 20665 4661 2536 7689 8430 1937 15904 29122 19680 9637 14438 22179 12121 9760 11649 18669 17386 1377 6949 14098 18573 11657 5818 9577 8840 22485 31070 14885 2709 6187 3373 17800 17471 18162 8128 6740 25743 15655 7667 19075 27624 5805 7404 7223 14128 28389 29785 19188 3120 19327 19960 26893 17726 10640 20061 30044 24601 24804 15088 31030 29716 20885 16693 17054 21367 4060 17232 3769 23586 552 19912 14467 15219 9581 6795 16319 10602 27583 17714 15412 24331 26911 5255 4374 19460 17045 32068 29891 20368 4991 16926 8368 30875 15656 21762 15778 4391 21660 23967 24609 30958 8891 2340 10537 4937 27277 1867 24356 19536 27093 22678 4885 31043 18409 20952 9750 6185 26304 30968 17156 12982 19021 7922 8313 26738 2571 23326 7930 25624 218 19381 6002 16444 12041 16273 28127 7985 692 11572 15436 31274 31312 6924 10751 27551 21892 23798 17139 30963 18490 19200 25481 8019 25591 21875 3194 10209 11111 6673 13072 1810 1085 24219 24982 19284 31546 5270 15373 24309 3722 19023 15648 8512 29271 11549 16218 6889 921 230 9879 20907 23851 12516 15800 32559 17188 23977 7323 12080 22628 3169 10827 2269 21101 23384 3955 18302 8053 24508 11545 9819 12985 4259 27528 17369 27411 25423 30094 16359 18383 31921 13288 6552 24507 7213 7419 4113 20093 9117 11461 
2726 3113 24728 6418 19520 25363 31476 5619 30210 30690 11401 15980 7468 6118 9784 30061 30783 16812 17965 21251 26466 7119 864 29136 23556 19984 12898 12473 25539 28841 1878 15582 23180 1503 31037 30671 2052 12759 27256 3581 11303 9386 14983 20846 16175 27323 9495 11445 26808 5961 4668 16930 29217 32064 15355 2870 14389 27221 19723 3161 24587 6225 23772 28879 21290 18605 27865 8937 18161 15968 19179 13432 21303 2549 32062 11143 23598 23520 6983 1866 21389 20754 14342 4433 5358 28107 16776 20225 24948 15024 31153 10053 16050 14365 27704 4225 15560 7100 1523 23240 26575 3159 12629 27214 26744 20458 7221 30240 6127 8189 2768 7954 2822 6192 23570 29433 22671 29464 8977 12315 7945 2377 31195 23780 3456 18100 29041 2011 29614 2612 17171 17364 7526 9059 9918 13414 32051 25266 29428 16031 27196 28601 27067 12791 30058 22987 22248 32131 6605 5838 25501 17771 19516 25673 17169 27806 11836 16063 7311 26308 26660 25404 22210 26229 28286 3885 10287 15272 13999 29300 4355 30318 7899 1980 8719 8672 3331 18186 13585 11093 2416 26261 31285 18905 22613 7640 32475 31195 22192 7909 4507 24870 7793 14844 10118 12051 13790 24412 9903 19708 20022 29529 14827 29427 21908 10415 4564 29876 24599 21782 14100 23257 11328 29719 20960 7245 18075 19485 2754 3075 4258 27087 26780 20200 11998 26013 20458 28182 8783 10137 1863 22858 4366 7561 25907 28056 561 5946 2835 21597 4335 15639 20857 20086 23301 21753 18854 16303 11863 18753 30797 3710 14811 9765 11674 11250 17843 327 7795 22502 13977 32652 8958 30074 24704 27947 15971 964 27768 7172 21459 3778 21971 31796 11465 11411 17030 8934 13455 23271 15058 13163 3333 20661 1059 24206 24734 6188 9016 27681 5547 1259 18820 732 18140 23156 12756 8808 9475 14046 12339 950 9756 5579 30986 21397 9611 32666 25484 31620 22948 14558 11089 27844 17008 1550 30017 8626 30126 22398 7092 18772 27673 29069 1496 20786 13289 25888 3666 16743 11420 27728 15656 7927 12278 32608 22750 18531 19527 13810 4831 123 29676 18554 21279 7028 17944 17906 26367 570 
21717 20944 6001 7 3141 32309 27228 3637 7982 5735 4930 4689 7349 28033 22304 17008 4970 1385 26517 9158 25989 8707 31047 22388 12911 7332 6531 10658 31109 3018 1827 5838 23064 4874 4789 15203 5304 28489 18905 24974 12722 4911 29163 8525 28887 26585 5602 18121 26239 1486 11128 29413 27086 31285 5004 10775 14390 27717 31172 17783 29245 14076 22390 31253 21889 19220 7625 27280 22521 27955 19223 30436 2173 9314 28566 16004 22665 27840 25912 2217 13118 631 16079 1769 1449 22768 12917 9739 7240 4675 811 24858 31178 2802 11712 19128 2839 19926 23797 16565 23696 1113 26846 32224 13464 14054 25995 32285 14163 29086 1256 26808 30637 8525 20450 29945 6559 15516 31435 31993 27054 3464 22784 12979 3508 12050 13257 11102 13026 4920 2176 13563 23814 9509 29174 10794 15114 23461 16658 14401 9405 20443 2235 19359 9687 11318 8440 5694 14903 1953 25942 25736 8046 250 12939 13420 24449 11974 26456 17072 30955 14115 27828 649 18402 9213 2342 13161 5339 18309 883 2328 27728 17631 22649 6662 9153 4379 2139 2016 12281 103 16094 5729 12434 13187 23315 9323 21691 31093 6711 15190 32057 31101 27095 10376 16300 14667 9527 21829 12052 21360 16885 20681 3475 29203 12266 16532 19317 25061 28753 11014 30573 20823 10283 20523 1057 4106 12770 1240 1769 25222 29228 17399 21460 15920 29746 27167 6893 374 4338 20328 27324 31821 9697 13181 15375 23773 7893 12274 27386 21626 22307 9432 16668 2263 5636 21391 29988 9590 10814 7132 17300 8547 26880 3899 1221 3362 5133 20087 25643 31974 27420 25975 7387 25348 27775 6491 24394 28326 2308 23752 17496 17092 20249 24191 29069 6480 20787 26165 21154 9905 19312 29599 3139 20851 19579 21452 3091 4669 26032 8375 23025 4099 9856 24349 3706 19580 26391 11916 4814 29911 9789 16317 3479 10922 32378 1315 8520 22827 30334 20932 24483 27298 12479 23112 5758 29214 15972 19535 22982 7527 6498 28680 28356 821 2533 2048 31903 8607 31473 25399 9763 8406 585 21881 28864 11795 8080 2539 7382 718 30382 25573 21296 27697 2421 25087 19406 26316 
13445 14191 20967 8842 29548 3986 18734 740 12306 12232 6229 28500 8533 27525 7375 2061 31984 7845 3035 4841 161 8704 25790 13475 5771 28223 22607 19014 6361 24814 18873 30437 30884 22482 19581 14733 19478 5756 17334 8056 2000 10782 1697 26243 26506 16286 11868 9186 18937 8169 28910 17171 1014 18058 11656 28944 28380 18043 3595 18377 13874 28986 25033 19921 10378 29728 5520 7768 4008 24559 27877 19801 21479 20138 24717 23572 28377 7081 18002 20927 28974 25068 9731 19577 8151 13488 24509 7807 27755 17984 1897 19362 19657 28942 6534 31481 13823 22274 27945 12499 15978 2834 1857 25839 11039 30995 13088 18672 27786 32718 1079 21259 20053 29015 9505 24835 24203 28058 6116 1879 20478 19255 19315 24762 23526 656 10871 29123 26314 20255 1870 29926 27812 31502 2388 8867 30784 2305 32610 18941 10725 12343 15253 19758 4407 24273 23633 22169 24156 13937 9861 23040 11870 14087 21808 13815 30416 3048 548 2456 21685 12065 3082 4729 17053 22282 7590 9947 31249 25118 14940 8228 1073 13577 29683 18832 15772 16131 11674 10019 20880 6237 4136 10466 28755 28505 5032 7746 17617 14143 16917 32225 28038 19885 5986 21876 31902 2607 8893 30208 17243 27663 19733 12366 27832 23151 26842 13721 11084 10900 28420 28809 32368 24709 3414 27237 21156 24021 27108 4228 303 29373 16339 28164 29446 1390 14688 11711 27375 17316 11043 30843 15078 4735 5269 865 26816 12431 2513 25265 1550 15917 27287 29875 16196 8210 2710 30961 26139 28706 12011 10147 31539 28809 1253 23915 31485 13577 30219 12098 29144 30354 32096 31410 7034 17684 25061 17991 4498 2961 31328 1600 19883 6774 24156 6537 596 11307 10353 4846 3966 6121 11717 8841 5669 9932 20179 13180 28467 16169 17771 4582 2465 23073 5114 11535 29663 30582 31244 18918 5238 926 4623 14766 21996 25622 31834 26868 18919 7673 15214 23236 1942 19153 9595 25628 18765 20397 3878 15265 3439 2676 5001 12689 16017 27000 7547 9209 9948 8526 5650 808 12979 29918 23655 31331 18070 17334 27289 4314 11335 21156 19477 22235 23339 643 18708 29510 8178 26965 
27493 9537 26491 402 16492 3628 12529 25536 31851 22488 27451 15940 25344 2803 16787 32632 6383 10695 7028 26109 17186 25381 21434 27475 5870 29083 27397 15526 16280 31469 14686 13803 15640 963 25373 4908 8220 19360 5385 19488 18256 9491 19394 19967 477 7729 10844 1940 15151 3394 9293 31636 5116 21947 32393 19758 3202 31085 27627 31459 9232 18939 18647 15256 4551 20113 14878 12778 31394 12755 13089 27073 18612 19476 10042 21544 1969 7625 27223 13660 27312 20029 1256 14626 24367 646 32508 8542 20824 8375 26278 17122 1411 21335 5542 17540 11003 24850 31301 21619 3077 11439 26497 18379 32542 28994 12394 22630 32133 3747 4812 29942 761 31262 13582 22352 6852 10092 15194 21771 15864 32226 14335 7754 26361 11753 31507 24278 32315 31406 1372 30064 1101 19483 8817 13669 7447 7429 28188 26210 24672 6567 18691 30346 5011 591 135 4806 12482 9815 11757 6492 24299 2903 4283 6852 16250 5273 26725 23735 13584 16077 4393 5000 1923 17406 26680 17847 2342 15301 15126 3524 8522 3005 17987 11841 24580 15414 1819 11307 32561 1326 25851 25466 29880 10109 30117 18935 31247 26191 24806 21582 11521 13527 10102 12644 11694 27714 20767 20458 24019 7658 17953 25139 9547 21965 22486 21570 24534 24893 15506 26664 22554 28121 717 27789 29671 5307 16260 16780 30143 9715 31708 8132 30614 18484 9737 21931 726 16590 2414 28454 27046 30684 4613 31575 17772 3263 24322 25782 16016 3787 26803 3940 388 11839 15787 12732 1281 31099 6943 6954 1427 31341 25744 23872 23127 18509 16042 2822 1795 24970 20845 658 12072 25092 30090 29913 20148 27003 20752 8133 23483 17991 10055 28296 13687 14410 24540 29743 1165 24612 2367 29818 28817 11941 23114 28395 20173 26760 30499 24605 11838 4702 32099 11607 25824 22728 7032 28257 556 18665 14152 2454 19166 27931 26646 22075 8699 8673 18346 14607 787 14110 24236 28451 29123 12676 12370 31468 639 16462 10555 26519 24718 15154 30106 22172 30038 15505 662 2966 5338 11250 12017 27218 21377 19630 28392 6950 26905 9452 26459 18820 17691 20688 17454 12494 14385 5616 
19951 27500 22261 19208 697 14365 31228 26606 13912 10634 32531 20936 32173 29729 12232 14204 26964 20000 28973 4712 21381 5616 8408 8020 17720 12981 17198 25508 13965 25379 26338 4818 11882 28307 25016 26652 1382 27734 19087 18554 20454 5449 21662 16595 13189 21417 28670 13424 11194 1321 21352 20401 437 9026 21313 4863 31625 17867 10707 2561 1680 13257 5342 787 24843 30344 27727 23284 1802 8939 5711 12478 26252 19712 31871 5660 7910 22999 26242 4023 20329 9109 23997 31217 14655 9156 32346 9686 14486 6125 22931 16975 22785 21609 19757 26009 2330 14708 29762 19190 12653 32387 5444 6307 12945 18392 12607 16905 3736 14931 6238 23095 16810 395 10161 27280 3564 31773 5165 8641 16038 580 26357 28407 9894 31402 3800 23886 24031 12670 11034 17292 598 9671 29559 7183 63 16632 24933 6404 9570 11460 32410 18650 964 15155 31950 24310 26500 5366 31426 29865 25603 8696 6785 22111 15431 24629 19685 12569 10914 7375 30302 13341 19342 17246 20719 31467 12252 14216 12153 21364 23054 27859 1596 13447 11009 12470 23707 30860 463 23286 3103 12404 4851 22576 28863 8944 15022 17073 28255 19425 20138 32142 28566 28688 13022 1522 16820 6432 13745 28338 29188 3521 30562 14887 4174 6694 24743 1596 31392 15544 27796 16070 5710 2828 18879 18964 6712 25362 5794 25543 20043 15504 15680 6628 25675 11983 12812 8232 19919 32405 6662 28060 13197 18514 7207 22633 29143 6814 25087 9196 15974 5347 2973 13581 23383 24151 6831 24781 31603 2350 6378 2335 15283 13837 32172 31737 22019 3009 5856 18602 28999 22321 31011 32622 12956 26513 15140 3904 29664 31449 81 13807 17268 20086 5808 13940 4416 10303 11274 18819 11512 27562 24143 31840 31134 3904 11062 29172 31305 1614 804 14880 7204 29406 847 13137 25017 13285 6947 10837 21360 9150 8421 11373 22866 6871 6550 16291 25107 2731 14362 30045 31568 17648 22425 2867 16149 17169 29990 3582 15010 478 27806 13105 12911 17795 31955 23661 26477 22966 22250 31055 16783 8757 15618 15245 905 3952 29719 20801 27608 19330 3365 6532 26370 13158 18832 1855 
14111 28776 7875 9790 13464 17881 7447 30342 3119 26375 15863 4585 7743 26989 23875 20439 25413 10022 25073 23415 31136 9640 23034 28662 16533 21678 3444 12064 9366 14710 19707 17965 196 23085 32598 21725 14770 32168 12888 19143 30060 4948 13059 12013 5304 22384 28916 1429 20891 1913 12539 18516 10015 15078 21257 9324 26196 13334 12111 29528 7317 15751 20132 8612 12044 26440 551 30722 20345 14513 7718 31387 11822 10833 23615 21155 3422 31784 10437 30256 6552 15382 24422 588 11151 4244 15114 31560 22300 7074 31997 26452 27526 2560 3921 30541 18688 8865 9854 12758 12147 27229 9804 21674 27262 12262 19955 24625 32444 5117 28544 337 15429 25062 13946 19846 23159 19481 16838 1333 246 24890 5320 20541 25073 19787 9163 10448 18855 15137 32675 26753 18218 27156 25744 11165 21091 19451 12390 32447 4951 16216 1003 2719 11944 14799 4993 12843 15199 30429 27397 22233 17896 32454 10486 14139 1118 6607 29914 7124 8202 942 13533 17962 14374 29503 18108 22044 486 19064 16353 6518 10681 671 30928 31171 22988 10426 26561 31842 2511 32328 3726 2268 31741 4654 32720 26997 2902 26100 16197 14849 12079 29489 374 14585 22509 9540 3734 11982 2318 6981 19628 24445 21609 17980 13557 14948 6838 14224 14467 15444 13648 13250 22571 14311 27962 23898 29598 30740 25440 3106 5078 28928 20000 9363 13492 29463 12297 909 20967 5212 27619 21067 15119 17405 23023 22165 29474 15403 17008 4919 7951 17960 24937 19635 18338 1186 22441 17971 29352 14399 11525 19137 22355 12921 18405 22202 12768 27308 32258 30080 31350 26989 8813 10096 850 32286 13524 25620 16929 29375 5633 3225 18605 12807 26019 25219 12476 5044 27985 22175 32565 17183 15564 17465 17029 29715 23428 27792 28737 23007 13150 18055 17933 5290 6325 30365 12732 2311 5023 799 1209 21962 20081 6301 30373 23577 19845 29338 15169 3526 21562 15495 12175 30172 6973 32499 25140 12151 15367 27900 31521 16089 30119 9737 18034 187 11970 16315 26262 9185 22744 11296 29105 24817 6344 20522 32318 25733 22679 24160 25337 8063 9837 18900 11772 29085 1248 25941 
5928 25165 4213 741 29126 23490 7780 10094 24942 7239 14492 9904 22056 20947 6919 15230 5074 5086 5647 28714 18626 12148 31329 27454 30636 31112 29169 29804 14533 7050 27198 17864 5672 3644 29655 32053 1913 14017 15134 16925 20681 23030 32332 29542 18618 23046 9397 29089 18916 29241 23374 22916 21367 25869 23148 17050 7457 20616 14542 22073 8754 7372 28638 21173 26622 14572 30004 20179 898 6654 3420 20864 8779 12402 15321 4547 6804 18338 29801 29425 18095 937 29067 4384 12198 29049 21567 29149 19233 23848 28941 11554 20618 25227 28232 8834 26992 27654 6036 3751 16681 5026 2726 5374 14268 6752 8523 4529 15358 27086 15532 18390 4346 21463 21968 16358 662 1247 30562 27248 19828 23568 1205 23310 15895 7662 29189 12185 19271 13618 20992 30617 12214 30165 23684 12287 18147 5739 21163 10007 12607 21426 25605 23736 911 29291 31012 12990 1425 4968 1886 441 17378 3559 20942 26087 31007 17438 15260 22624 4682 9751 3966 26769 21104 22206 24703 10731 22921 10041 26624 10716 4768 23671 1276 511 19764 29452 16528 23184 1501 21820 31674 28962 8755 14165 10849 30612 9195 3651 16277 24385 5955 21598 12057 25719 16545 4230 10270 28203 19830 21362 27986 5610 3177 8005 28185 27667 28850 28002 1306 19524 25795 18050 32766 22034 12334 8452 21620 24061 29891 31108 9849 27298 1784 22958 982 4659 9615 16724 30954 19493 21618 9663 25257 2856 24290 31555 8677 13148 17616 32022 5069 16578 6027 10083 29619 12785 2460 6041 2578 2826 13806 18185 19663 1261 25139 21424 21695 15533 16514 19281 19562 30530 29765 11464 15374 19838 24146 5018 22247 21571 29784 16848 11694 5362 10109 31750 27232 27174 7749 27583 31040 5283 17846 31739 17183 7305 32186 25612 23771 21198 25796 21669 20518 1770 1718 31540 24968 17620 29443 20337 30631 12078 32272 24375 1991 18876 12769 3220 11149 18459 12785 29212 17416 13488 5729 24962 19954 990 597 12393 19250 26492 31132 18295 26022 30342 14735 10155 12064 32018 6459 23025 8878 2182 13506 31988 19231 1033 26622 25908 12994 31031 23656 856 113 18713 11832 1221 
26062 29012 27854 25199 17101 12704 31313 20975 8819 9596 3734 19671 29917 9761 24899 8770 10883 2228 16180 18095 5310 3263 3869 22031 12168 3810 2417 31772 14467 21446 10115 14061 14142 32595 3564 10183 23219 3107 30252 26167 20500 22326 23444 2397 30407 5095 28515 23435 5551 15390 6191 27663 30125 20680 134 29516 1382 32388 30934 15632 27207 31391 12426 3361 8903 11331 2678 12825 7660 30187 4213 14964 27665 13082 19024 32744 27878 15949 31714 31989 7864 4910 3706 8380 29427 24842 10625 5396 19429 8581 15965 10971 1988 1933 2964 24714 15603 23180 23349 14092 2945 4578 116 18641 10227 17554 22676 22302 835 16699 21258 16807 13352 25163 17631 7263 1432 29295 2902 22415 20107 13646 16847 11813 30467 26742 3819 20047 20041 20630 19697 28745 5753 9967 4464 20340 26944 31493 22566 14759 23013 23706 21793 10441 30854 25052 12836 6816 6821 24030 15180 6884 3299 23365 16115 13208 4618 12100 9429 14234 21329 14538 113 7032 9692 8185 8883 20613 18819 10715 28367 22060 1236 29776 30320 30085 16987 11851 8466 23334 4897 8254 25260 828 14962 6355 17811 11226 9955 4573 19355 16784 31892 8590 27263 31296 5299 3050 10115 4653 5697 2171 5719 24405 3097 4167 16191 12033 7214 18431 12401 8602 17428 23161 16062 30910 16066 22368 14709 2963 30614 27179 5509 21851 11929 32075 21473 21065 12805 7593 10025 7827 20740 12879 7302 3017 27579 23653 19414 8293 17543 4960 21257 13731 30342 20854 8394 10131 13658 25685 21090 19308 14889 13844 10458 8227 488 8810 22880 27964 16602 11294 15597 17377 12115 9918 8996 5681 5058 10388 19580 22746 11758 22742 20385 25322 26496 28189 28184 32738 28098 28952 7202 26636 6310 6018 16356 4879 17162 19281 27588 6337 30778 12849 6166 5180 6839 18736 8184 15668 26679 26811 1402 11144 32492 17609 16643 30998 18441 15702 8176 13780 27523 4883 30333 25117 12564 21596 10473 25416 29318 5738 20437 9855 814 20170 31726 26062 12471 24845 23755 17275 16673 13506 20248 12182 4616 26529 5621 19408 15658 28681 17305 16785 26148 17325 5435 15940 5500 22154 
17970 2550 17636 1564 7771 27679 189 17617 16315 21183 17115 6590 30565 28589 27272 18576 5534 16428 30155 13766 4416 12992 24554 23326 31324 24384 18733 24653 35 1323 19429 11251 3591 17471 8877 206 17437 17224 1008 31534 20166 14647 22187 681 24974 3187 9332 1039 22868 31860 27836 1953 18860 2445 15697 30589 31105 3849 13350 10845 4863 17274 20055 1665 2735 4942 10344 20714 484 2467 5070 31945 10327 15197 9648 3895 24846 26741 8942 27430 11906 18323 28003 6552 10752 12256 22119 25103 2640 5397 31384 18244 32149 2521 2779 15387 23156 15433 9885 9431 27768 8408 11103 30858 24501 16217 7537 5840 4012 22106 3581 9661 15727 18612 8776 3092 28934 2400 8245 23482 2576 31116 9227 16490 17325 27886 25463 18089 12188 18521 8661 3837 27809 28302 14763 16730 7210 28500 24438 21725 23345 11467 426 32701 16996 27389 27124 25470 12676 32182 962 18791 27147 2198 27653 823 15633 1380 11829 17428 20592 1189 21142 1476 16167 23661 8635 19999 6396 14710 16712 26820 1382 18031 3580 26892 3497 23958 22254 2108 21059 30857 24086 13311 12167 21081 16912 24851 5512 28641 13597 30274 5944 598 9579 25492 29905 22559 14998 14787 9588 20454 19566 21999 9232 495 14075 30099 902 5032 12222 18104 3595 27010 58 18536 29645 11008 18867 3942 19673 19725 13878 17180 29244 5779 15065 26325 29288 21321 20292 17196 9434 10445 15984 964 8442 16882 29871 23866 7235 17499 28397 20312 29603 17481 12085 22412 25637 10929 23159 10136 14029 16786 25480 13450 25539 23173 26474 12783 28853 17302 7886 19780 3702 32338 2263 15789 14827 27937 13089 31722 25639 27350 17154 13958 26069 133 9231 22097 16854 11668 32738 10001 31532 30229 25371 30837 535 11091 13221 19274 31869 8875 23611 24305 28047 20126 20778 13073 170 28196 21080 20873 31611 17986 3717 29865 7015 6622 3025 23969 25130 21459 31102 28473 5566 5953 20216 24771 30590 10790 23570 7502 30347 28211 11923 8989 24943 23512 28913 30552 23296 13218 9820 512 5767 22982 26622 26152 7970 4094 1922 10851 11879 403 15059 17785 22090 21947 
13606 25438 577 15398 20794 30308 5030 10196 12510 26799 7516 11305 30133 489 693 12355 30518 21816 32147 27787 6646 19309 20430 26250 11306 7551 9174 24319 27495 21303 24730 26158 6061 6700 29864 2682 14244 2290 23701 21814 29221 8847 26783 2489 8444 11822 1425 23216 237 14104 3303 2489 8949 18655 24627 9517 721 15324 21439 22588 26309 9692 11380 320 27798 17175 13562 587 26584 27490 11809 2 30064 26533 7808 687 26705 15246 17756 11665 29577 14215 13515 119 13697 26342 22296 22413 2176 11876 25450 7541 15474 11985 1441 25497 7656 16390 15745 21696 28255 6170 14610 13792 12741 29401 11846 26931 30009 19825 30685 10125 29459 2671 31110 25581 14372 4586 3911 3410 11839 16894 3102 8912 12279 17277 3049 19938 2475 5856 7299 30466 3008 28036 560 2167 4654 8979 6971 21359 9534 27455 9949 19277 6034 1975 29537 2884 17765 6739 14214 23077 22804 26514 6949 8309 14557 7495 13075 1219 487 29071 29769 8760 13443 11782 25154 3440 30130 31547 31909 7048 2535 97 12324 8057 27918 11079 20132 4516 11212 13450 21150 21934 25097 13321 29125 4749 684 22937 17129 20707 19621 7674 31515 21387 4401 10 1554 24178 12121 8761 32205 24489 26812 23613 17786 11960 29583 5383 19351 22068 28130 30965 14167 7060 5669 24649 1351 14656 27882 31194 22321 32491 9197 3593 31552 19491 32337 28151 28262 6438 1580 25333 24059 504 15174 12860 27815 1970 7966 2271 16001 31773 16942 25597 4216 19327 13936 18747 24307 6325 2849 25457 24500 24450 13765 22436 21250 4391 3179 26165 28679 24372 13618 11351 28791 10397 12044 6598 32626 15632 22466 28343 4012 27270 4921 22026 23755 2329 30707 28615 7184 30997 9432 24520 8250 18257 9271 13491 29863 27584 8 15148 13245 22083 27508 4424 7304 15809 9623 3652 11172 25978 31108 21111 15198 19608 32649 4997 28438 31751 949 30934 28136 26247 13720 7238 12427 3840 1354 798 26232 26901 20911 9028 13903 10235 19448 18606 23927 28556 13421 28444 29445 7063 21610 25607 20960 4475 22952 17620 28194 20468 30398 11598 6593 12596 27880 10835 
31854 4918 25350 17613 17085 23119 11752 14565 18567 518 28104 11635 17037 12325 9496 32696 11101 32272 11391 30543 30586 27734 10270 30305 21687 13446 25111 31257 30948 27972 11856 32599 17324 13467 15220 8105 14270 21653 30011 31351 3883 5641 23532 15997 28431 13749 29984 26494 32372 12172 14792 1079 25715 21585 9585 6291 29084 23909 19143 28701 30873 29406 4440 29882 6669 22488 155 23960 1986 12560 15409 19042 772 6575 5482 7862 6728 31331 22027 12760 27154 22196 10319 9896 25877 1174 16427 32721 26523 570 10710 17476 6695 24106 24969 18405 26457 26005 6276 27779 2323 3303 19281 28430 28890 18077 3404 5380 3967 15448 11619 20013 16382 7728 6171 7816 22950 31818 6867 25733 11642 24237 27725 20340 29400 3921 7786 6718 26456 19065 23861 24147 9719 18755 7971 4835 31093 23166 10906 3153 11771 32187 5295 4069 9729 13479 7476 20417 13935 32408 3058 25366 3586 12901 29491 3735 11250 10875 31620 28974 10706 30509 7352 26862 23735 2892 26672 17482 4508 5880 18522 4996 26885 1205 22904 11880 5603 19650 16291 16953 952 4774 7695 31724 10235 16651 5008 8852 702 6095 24669 13854 4750 24665 6421 26174 16283 15401 2815 30121 537 16819 13718 23941 18405 23406 32069 17693 23916 7464 31599 8666 24009 924 4018 4975 28205 21062 5741 20563 18564 886 26751 13940 22869 32420 2130 21546 29930 2307 8217 32105 26546 9304 13653 16700 26083 20493 13726 21358 7779 24705 16544 16010 29929 24739 21348 29191 10080 12735 14545 188 25228 23960 25458 9114 2543 20150 5241 21657 14062 25345 29700 5619 13104 3215 32416 14737 29255 29883 27659 15554 20114 21879 29503 3123 3425 31971 4011 17436 28251 12062 11204 16567 18973 23131 21692 4854 1060 20792 23441 11637 21485 32588 1866 23982 10586 19455 15486 25964 12376 8095 15893 18562 14271 16048 27474 8892 32634 28547 7954 6678 12775 7690 5198 16684 3200 29162 29671 32242 31676 2770 28579 18597 11824 22283 3698 22273 25338 14417 3575 1973 30559 27362 32067 8724 30643 25300 29924 15885 14201 5035 4126 26717 13516 22059 2936 22275 19198 24683 
11387 16884 30846 1067 22198 13329 15359 10087 29189 26710 19670 11053 1555 1876 12964 13483 12062 22753 54 3212 20474 15886 13737 2181 9561 1881 3538 13098 7753 31524 15069 9735 7678 8294 22067 18924 2770 8609 1954 29064 20106 23572 10168 569 11227 28465 24943 7971 3373 24657 5904 2688 12446 9895 3665 12598 21834 13170 10176 5295 19914 19063 9573 1765 7162 16047 17571 27836 31231 26429 12128 31381 29833 24738 2150 7968 31318 28212 5896 4209 1272 4045 22024 12119 16087 8128 27064 13545 19065 3345 16736 24161 3841 1509 26592 2862 11766 9783 18326 324 1606 32461 25986 19383 26763 2154 22440 26504 24716 22342 31414 12991 14343 8891 10983 20921 5806 30017 1063 32452 25455 6300 28024 30697 19192 4692 29588 32521 3963 17510 14036 8236 1454 1593 28752 12821 25367 18899 21064 17690 16774 8525 18371 29746 31715 14468 22389 19536 18473 5906 11750 15855 12979 15997 4817 19694 24247 30893 19914 29343 12304 27300 15908 26139 16960 16233 10770 16088 20661 32581 2316 9597 29771 26418 19829 1780 23059 21649 29050 32193 22355 6427 19261 26003 32461 19226 27699 19737 6980 26073 4042 14871 13117 20057 23888 29625 31235 4165 272 18215 20973 26408 24766 31321 17379 26590 28437 24877 4127 24137 25278 18615 15409 13125 21620 11480 16966 28381 2150 27666 17833 10943 26332 28058 28810 2285 26654 28079 24319 694 30610 25643 15176 9189 4644 14680 28503 1592 9194 15620 3984 8467 26888 5080 25293 16758 21970 3813 11173 15917 18993 8576 5870 15430 5192 26960 29568 6088 1623 31909 5948 17570 9183 29451 5453 15330 10759 23584 10670 18727 30526 6306 32236 19545 5666 18892 11054 17303 28576 19171 7538 12657 26717 26892 15385 13144 27989 19808 31654 23634 13251 19778 15555 10227 12352 5360 7301 6536 2350 24665 6640 23445 2135 13871 13502 29570 20434 22844 26972 23953 22055 25593 11830 9491 28082 16989 22068 19676 23373 32243 31876 7156 16425 4143 23963 8847 23293 12034 16758 2879 25699 18348 23334 3177 2686 7122 16779 3574 20449 13520 25952 22346 20908 8528 10359 22906 14584 12572 31302 27065 
23414 9008 7587 20 20306 31252 31692 20064 30302 27240 10410 17264 17516 6080 31831 20107 17659 5043 26077 30492 9239 21295 23361 7340 15994 3599 2752 29454 31991 15600 12632 3801 32537 10560 14986 5660 22791 17303 3423 26956 26794 13387 10921 22657 1554 23103 139 14562 4886 11259 5947 28254 11835 12034 31495 15774 3288 31071 1942 31287 16503 29058 30833 25891 27517 16458 25281 20338 10510 10595 31835 21821 11307 15826 21497 17628 23069 7374 24266 1624 25623 14034 32558 5923 9239 18160 26810 28167 16653 30312 1411 23389 24127 24185 16537 14719 23020 23671 22993 384 24367 27678 9928 6170 20263 31782 25892 26343 17749 28951 541 5588 15173 19039 31549 30932 3953 7586 15459 1489 29538 23633 7950 26344 1304 6014 28376 31957 6060 13807 5953 26028 28468 20593 24238 23499 29671 10350 21170 268 8322 27842 18827 27199 12266 16587 7408 32471 19986 14783 522 227 20511 17987 8896 20800 14282 13369 23607 17421 1542 18649 18073 6496 8419 7939 27158 28215 20659 16339 17705 14770 6251 10615 2077 10879 27980 14397 10703 30869 4546 9712 14773 32549 6028 4965 4895 13005 19741 20561 21949 18448 6722 21853 18274 7683 4102 9341 775 16712 12243 893 6419 6976 11737 17629 1242 8573 12979 4830 7011 6518 24648 28893 22382 17535 7664 26336 9909 2040 28633 2927 7283 26052 23976 24485 11555 22781 11363 12678 22410 27365 28558 30867 24311 5152 13716 24732 31434 15905 21353 30422 7987 30947 4974 11565 17212 14553 19349 10203 18442 12583 7877 2362 25951 7698 28032 12246 16228 5045 14787 6855 2470 9462 557 26686 23390 30393 22628 8797 6389 4948 14005 20044 5831 4674 22778 29065 22824 26651 7361 383 5540 29379 11434 29019 22923 5602 31505 21019 31150 31637 20461 14567 12131 19812 28152 24485 1743 31091 4881 13256 612 22524 22494 18280 6056 17660 12981 22680 26936 557 8637 25332 25101 30005 16464 28537 5631 5661 19364 5786 2951 8708 23211 26767 21193 26133 19767 12273 3538 14006 13922 17028 19998 26370 17965 21588 27485 21626 30311 259 14198 23287 32465 32609 13261 17636 21631 13117 
11202 2985 14465 4475 22650 31850 6595 2663 29153 5362 20018 28233 20719 11498 26400 58 1835 16207 9450 11061 3950 26659 19928 3441 31722 27234 27716 19950 17770 21047 14335 28750 8155 1904 12016 6887 30732 25648 8446 790 32434 9187 13105 29654 25775 15991 7699 8849 11412 970 11101 17974 13668 2910 14031 9355 25243 19540 13920 2501 1390 29080 3479 24150 27477 15961 12345 20230 13767 5820 22564 15173 24388 209 21115 23999 4505 12742 10243 25394 12640 31578 9421 25468 17094 11669 790 28921 2961 16566 15723 12811 5729 23406 19473 14586 31541 2379 20899 3583 4402 13687 31485 8091 28064 15778 5721 3373 21558 12605 9656 32708 31895 4329 28804 1330 20764 8751 22643 8546 2772 11121 30126 2539 20169 11296 15923 16356 12421 25904 15479 31739 15829 17865 6480 8385 30669 4160 32019 10056 23820 19269 3065 14832 26946 21342 456 29054 11759 8340 12463 26734 26733 5227 26481 6283 14640 25624 710 14012 24653 29423 11774 289 9017 12571 5863 13150 16339 21137 6385 5431 4261 29255 9104 22366 18023 30112 24546 12936 23237 17451 22930 31942 8291 10126 12028 10515 5149 26557 3217 25897 21395 30576 30589 18842 23781 17619 11144 20507 31675 639 4154 1059 1929 31913 2371 8629 22289 20121 9754 5753 3369 3166 29923 6418 8894 13505 31894 19116 21017 32631 8798 5844 18273 23451 32319 17805 14945 12891 25340 29600 21900 16881 7480 25907 3646 9429 11739 26269 21061 22832 951 12153 11936 23700 30828 31737 21382 12267 5256 20606 6571 22446 24307 7013 27838 11352 15243 10531 16182 3865 7435 7828 27470 22222 3633 28048 9550 2353 22048 30656 25357 13389 15363 21423 23732 31798 11763 26660 2756 12534 20251 20912 17755 202 12569 18051 26803 6799 15528 27779 8939 21623 3452 21920 20234 11008 17774 5729 321 11303 6873 10947 10352 8920 9796 7492 26860 5802 13121 9275 5248 29641 6292 10602 25521 28467 23448 28630 21574 31528 8927 19415 20744 24539 15385 8555 1735 19566 14647 7375 2717 29725 26832 22865 13687 3002 11715 27232 22736 15193 31262 31461 12480 22604 28990 30422 14134 31570 
30008 29447 15489 18187 9080 18244 26902 29359 1192 3742 3213 27904 29652 514 24044 11133 203 24848 4392 31193 20936 23849 26089 23979 18513 15050 5006 25191 28000 7449 13937 24973 26817 12222 8812 6944 1979 8948 16028 12890 5874 11744 20068 25246 5004 2849 19381 174 30611 9128 13965 7198 9626 23498 32190 21769 14244 13971 25841 14850 13633 17246 3050 16973 29946 2466 31502 14416 11503 26383 22818 10308 30399 5082 11861 10032 19112 16725 22657 1560 13808 1730 5294 17777 20611 4201 16856 23769 13789 17640 16626 11013 1322 21707 5674 8699 11436 26716 12143 897 1118 24508 29744 16853 31703 22835 615 22686 24432 29125 15575 12835 30889 29702 3729 27835 3529 26927 1981 5252 1221 16496 14231 9560 11619 136 26552 26877 30367 14228 7319 1436 4942 7460 32591 20597 20993 6804 5283 14544 11308 11674 25919 24375 20616 22811 31552 11490 11445 6211 22775 32627 14884 2004 19690 15588 4660 14782 18204 25533 3483 26353 5007 27530 29448 29551 7686 2444 30983 30885 8975 11695 7972 18939 29249 19388 8787 10154 9667 17616 4239 5069 29454 1293 16322 32188 30963 10639 11237 14229 11999 17057 104 27163 22878 1585 20692 31428 10206 1666 17583 6157 24502 16673 15008 24593 14438 6682 9939 21850 19744 5995 12447 5623 18312 28857 21350 2254 10169 18242 1725 30004 19848 6675 12749 14523 9996 19067 28153 3915 10334 17599 23746 8565 28829 8463 5351 19715 16437 20665 27344 23508 9313 11165 6188 7399 31727 29153 1754 5045 14660 5606 17157 12740 1439 25210 22676 20089 10658 20815 8129 20782 24334 9643 15623 16772 28622 8034 22594 12794 17975 23042 20242 14527 21134 11341 26240 27333 27082 7148 16356 3351 412 14689 5382 28780 28077 30782 32643 11004 551 22420 20338 9362 16246 28335 13640 10467 27472 12800 17145 29726 15090 1115 2144 28100 29357 26723 20193 1466 7842 26178 14413 26525 18634 31133 17669 30805 20537 7110 1379 20973 17827 15924 31317 12705 28959 18737 26955 3129 25899 29395 10068 15510 17136 557 8067 139 5064 21190 6296 14318 23550 11339 32220 6638 19157 17024 12109 21670 
11211 29052 7419 19187 32030 2582 12722 25731 20368 17051 20697 9263 21351 8130 27546 30859 14009 27105 28996 31419 14566 608 7917 3976 5990 11630 29275 7859 14277 9204 17445 21640 13035 455 19733 8631 9633 25634 6865 28000 27217 19539 14266 11629 8205 6836 2581 22820 8915 13789 11881 27132 22800 12824 20775 24240 31330 3350 19344 29843 13218 20960 2004 2851 19490 14607 28791 26080 12339 6464 28409 16479 1259 15299 15798 26778 10533 27027 4363 21386 18376 17547 23482 24568 24397 16598 12944 15248 25211 21160 4933 7735 22133 9259 4771 20382 4599 26557 13802 11031 477 6744 31604 5544 5861 19025 22165 6750 16565 13894 8901 8420 6688 22610 20993 29268 10917 12674 23150 77 24888 27021 10048 8774 11334 5823 4314 15650 21235 16951 8246 2308 29606 31826 8584 26980 19399 5479 18974 2915 11463 20149 30091 15963 16993 6041 15876 15035 3616 11013 29706 19218 15394 8493 14666 2921 13595 18819 17089 13014 4508 24806 1571 6990 21142 30742 22142 31675 794 7788 13338 2126 10082 9416 21413 27927 7445 3274 8332 22227 20679 30789 16044 32261 27839 11504 20266 26696 25854 95 31903 21475 1149 16434 4729 414 24501 27277 9118 20692 20580 19144 1106 25034 24207 20071 7002 12863 15043 9804 20065 26692 11681 2091 3484 16206 8346 9279 17066 19338 9206 9019 9918 1904 5659 16516 17407 24475 20492 21661 9775 12504 31536 25570 32395 27773 29781 1402 16115 22268 24564 13959 28747 5303 21430 28063 18465 30998 14648 640 16784 19415 19979 15871 15716 30886 25856 9794 28030 23790 19618 23343 3963 10222 32515 5924 14992 271 32444 10217 17592 26741 1327 29667 786 1492 26127 24458 27012 22917 19491 10013 19877 985 13126 148 20698 5805 17331 6614 13759 9534 29311 18220 9416 1599 2919 30197 9256 31785 1996 14236 18161 14291 22268 30920 22397 26946 31667 14546 270 21186 8930 21884 15537 4661 6062 16096 1384 5292 14524 10150 6023 26676 21164 1402 16223 24563 995 30141 31514 15987 3470 23163 29670 23101 13795 17310 4694 28842 8106 30817 12804 6902 15101 13575 14460 6550 13132 28876 
4949 27083 32420 16412 24993 22904 29232 9987 19592 3377 0 28645 21295 11412 521 23151 3551 10460 13933 14029 11363 20915 20733 16669 13233 11336 17916 20772 16077 16546 12838 12864 18155 20788 1009 14238 14036 12465 18963 24749 19850 10785 19268 8659 5167 12085 19269 9566 27427 16599 8481 6333 29293 17926 691 23024 20828 17633 10600 6461 8557 12801 13383 17189 112 18956 27438 18070 3559 10631 18270 2914 22447 5868 25913 11504 31202 13053 17227 19762 30203 855 29320 5078 1339 2890 7124 11713 27212 26344 32457 24761 1573 7260 19892 1889 13357 6014 2784 2411 12707 932 19224 9225 5181 30650 359 5796 5135 10389 14370 2001 11439 5508 23336 13953 22935 25384 30569 19319 29130 22662 5029 24320 26299 12891 1654 1758 27242 16559 28049 133 16592 685 10825 19338 16509 13490 1877 18520 18048 1188 27602 12069 8583 24709 16268 29476 14407 4936 25721 26108 28446 9187 27014 12154 4343 10917 23190 28034 16239 4298 20936 4172 11830 28237 11769 18125 11703 31229 4747 3954 18683 16339 5220 16660 31434 4483 14393 8233 15892 25937 9740 21559 32144 5926 13811 20879 9891 16355 14876 2871 25475 5877 10766 296 16540 4650 4913 32441 16691 14274 29329 7516 10057 22218 23519 24456 29378 6565 4537 30710 23494 9964 29482 4368 19560 17528 25205 10407 7557 12476 2318 21476 6895 9816 7402 32641 4811 15852 2808 56 29752 8746 10992 1916 16690 18992 24651 20584 22453 11796 19602 6389 22053 10688 30428 15215 7917 512 3219 31786 16231 16345 8054 24433 15868 22045 1252 7103 5004 17724 14935 31794 21519 12637 29487 18236 19069 7853 13233 32156 3052 18423 7503 1420 17912 17270 20521 5692 19560 27111 1493 30592 10767 13281 18779 27077 14575 361 28804 19018 1445 32706 14933 18317 513 8578 14038 14851 19188 23787 23576 29963 1455 9335 27765 9253 6153 19893 4634 2143 16417 23124 21443 10769 20293 22397 18118 21194 3091 18279 8787 25482 32734 18725 6138 23346 13140 29378 5485 8504 7773 4495 21384 26783 20294 17596 22158 16167 3358 9766 17334 7361 31072 30064 12262 1861 29907 31061 
19390 7783 19375 2876 4312 9192 27905 269 21582 21513 12624 26948 25213 8773 29825 19780 2057 11839 1784 28141 11298 1274 14848 11888 24581 584 2925 8546 1989 26245 13440 27664 75 29828 8202 29715 26267 11210 3028 2852 25690 29434 22847 3377 9613 18065 20776 9392 23460 16339 24334 10547 29111 2054 1911 19516 22031 3037 7567 2131 31976 823 31763 1623 117 8458 17773 27922 549 32665 28449 20239 12581 7406 7271 10928 6694 31620 3097 12411 9312 15172 7632 17333 24535 16050 12875 26930 2269 12393 27408 6251 25816 31941 3413 8913 23621 5087 3104 9569 30205 1982 32174 14457 6071 23243 18 20970 12239 4742 20766 3406 11334 25208 7558 20124 25353 872 19267 29433 20342 2770 17206 977 18716 22165 32270 8231 6082 24812 22635 4137 2219 4255 29251 14088 26905 22907 7558 22278 2576 16639 8189 23505 12636 7000 19576 7951 7126 5264 14120 23354 29922 23042 2378 16558 26428 30737 14341 24832 10997 16409 8854 25746 13496 19110 23466 15972 27218 27108 8715 21037 113 8279 19583 16555 26028 28620 11502 20023 24260 5264 11970 6044 14378 223 13459 2345 12481 11423 30980 19461 484 3407 30440 7619 10411 19002 7338 17974 21610 240 20203 8071 7803 11766 32364 25732 28478 3517 21807 14651 13405 2513 16089 8648 19541 1619 20571 23403 19250 9129 21201 19422 31897 18548 30122 31461 18188 1986 27658 18982 21610 14214 31084 24379 9141 19269 12684 29702 26648 18193 28548 324 22825 24251 18485 30565 22635 5445 31720 31132 4119 28822 11061 20274 28444 5489 21285 32543 9828 24488 21651 18907 2905 19085 2776 30066 936 15786 13735 8151 24132 4530 14901 2938 15791 25015 32669 6684 30581 31900 27268 27106 3321 2766 15352 18601 8563 15407 22430 29082 4410 4691 13581 18686 3647 6895 117 2643 26074 11918 11908 7327 21450 1926 1930 260 1655 17707 28123 3989 14457 12098 25461 30312 862 19897 4834 12012 20392 10389 24416 23933 1558 17451 16448 20278 26149 11667 27532 2567 9685 11098 5100 8967 16048 26231 15818 20235 3081 8064 28597 24951 7810 17438 16899 11604 26833 30911 
4539 31907 10691 27274 23218 4593 14208 32152 31987 26668 4114 11105 29028 9397 21281 9588 12711 28598 2304 4204 22335 9910 23278 27423 13812 7531 8341 30232 30072 24783 26327 12104 28234 12406 21450 13816 19931 8734 3073 11010 17904 9096 32014 24897 19271 20102 12612 29254 10109 17238 4290 2892 25135 32046 13229 1646 17760 21784 10684 9240 282 9984 23290 30908 12888 19723 26055 25286 20772 25899 7712 7377 18941 5361 4641 16411 18043 16290 14280 19254 26934 25228 10236 257 227 2970 2766 13271 30400 7719 6398 20742 31795 23056 22209 16515 15277 22797 27585 27868 4309 30273 15462 1901 3043 21519 10324 23767 17481 29744 4661 19886 16025 5634 5304 16242 27043 20259 2265 6593 30429 4671 16740 9162 4617 6182 8116 22021 15377 24354 26049 29730 19766 13447 26970 831 25193 31883 3246 28765 14841 11352 8209 31509 17263 10848 4349 14471 26295 2289 2647 17044 18048 20233 27124 26445 484 17259 12124 27818 14668 28146 18382 15488 23182 17190 23428 3245 30809 11789 55 22421 12499 27716 29926 14547 26496 28749 19156 552 22118 15915 8144 7351 14959 30252 19896 2677 7950 519 13120 7131 3365 6182 31216 11742 8487 2373 32108 1056 19578 3132 14328 4968 17951 31769 22587 20560 28308 15474 25667 22077 11001 14330 3530 31380 31603 11601 7096 8235 20686 15905 3305 24318 25958 29798 22575 21540 7495 12813 28059 11777 12691 16065 23800 18620 11044 26626 17817 28403 28787 26487 29525 4782 27320 901 19663 4754 1619 7712 30459 24408 4715 9697 20957 5501 17365 7513 12948 24378 24375 11430 32408 12982 20077 28995 3136 16507 9515 37 27783 9766 22756 19971 527 14691 12267 29173 2406 32537 11225 30272 30345 8930 29486 11120 19366 702 32315 12712 19750 8968 2879 11319 14059 7849 7632 21355 22230 26507 3452 22698 12429 27473 26545 20670 3707 28741 10458 6257 9240 16017 4299 26458 9578 27059 5727 1270 30668 20011 15967 21499 24558 6006 22950 10216 20765 25152 28291 6369 16836 20182 20831 18874 10547 6106 12448 21586 2720 314 6093 20514 12651 13154 11762 10005 679 22193 13126 11418 
2005 810 523 11000 5874 22637 5814 23267 15285 20965 25424 31052 17938 11074 29212 28541 8706 26922 7034 16740 23686 23083 21259 13871 31209 9205 20502 28442 326 12486 5418 24709 24907 4389 6917 24906 4668 9683 8885 17485 6459 9727 29437 12373 20678 21945 1274 10778 6785 169 25606 1183 24118 3329 17629 11201 31258 15024 6143 32016 2130 25305 6997 8927 7605 19331 12054 9623 26068 25490 29164 10065 16439 31478 26707 32163 17130 19234 13122 7609 17977 25535 6670 3752 23991 20386 27531 22016 25221 1532 31348 4768 29392 31697 14605 14799 2716 27052 14342 10888 6592 6544 3235 2836 15154 20785 25114 9439 29061 11364 14909 12932 3248 31701 8536 21546 7441 31736 22877 7699 6066 30786 16446 30066 4042 11928 30107 12157 10631 1800 925 9924 10762 29623 3874 15041 18612 3354 21274 28080 9632 15977 27440 5281 2416 5713 12718 19915 21069 4074 13466 12579 12841 26600 1573 28461 8775 21013 27719 21010 12286 8959 13219 21748 1722 16877 10672 17790 23363 30488 538 9151 7234 27160 11110 13368 3073 25757 22230 30771 10098 11615 14220 87 32371 3928 15601 19834 24912 24880 19544 13238 1929 8441 15839 29631 5078 30748 8342 32371 6505 15251 2532 5811 1651 15449 29734 17778 6121 31775 28824 21515 14984 6721 12409 16600 32023 3320 10602 25088 30700 31441 22808 10896 19889 18526 27674 17870 10600 11819 19485 31946 23981 27379 22846 6709 2363 26132 21175 16502 25778 22081 12990 26107 7576 16503 426 27597 25245 25394 25688 616 1315 25056 27085 20681 21501 17558 23580 4552 4983 8194 6282 7080 13975 31137 13041 1517 15779 15409 26722 24941 24035 20586 9486 13994 22184 11753 8551 15967 6030 30829 23170 2137 7165 32069 27072 1160 8182 9481 32685 8790 4620 11657 1576 31287 26288 16387 11717 13698 12466 14233 27247 10367 8965 11265 9042 21185 24515 5247 6648 14774 14448 5904 19633 20860 17283 22504 22585 26614 27426 23839 7317 17952 22830 23208 10558 31647 25727 31362 13441 2205 25457 30002 8742 22995 1951 3696 23888 19175 9966 18977 2468 8953 5582 28037 20397 16249 30396 8370 
18559 24891 8971 17473 19611 20429 4325 20295 10771 18184 23181 18823 1519 25317 19174 13797 27854 32146 4921 286 22225 13253 3635 18615 8884 849 13357 3635 19518 14327 9393 10889 25052 6782 26937 5589 32137 5637 21817 22350 17648 18329 10080 12664 13525 11267 20507 24219 15281 24547 348 29043 26524 9731 27545 11817 11120 10213 19479 28546 32556 9374 12392 27735 24470 487 4915 28997 28965 29554 13875 25253 18973 11386 23938 6846 10236 20382 20504 30778 5141 4335 16782 12503 15227 15944 2344 15455 32288 8670 18963 27610 31038 29463 28907 258 4342 18848 10881 23031 15672 18106 14298 1332 7650 26836 17275 20930 6700 15711 7139 12203 3907 25822 30554 29874 21044 7484 9449 22849 2316 18019 20138 16803 7997 5386 12610 10099 22852 26574 27819 14165 19337 29317 21047 30436 14471 13263 21457 1771 6700 26861 30854 21975 23171 29655 31301 22124 32656 26504 28899 3768 20092 11933 11874 4933 10738 30 12403 17043 12232 5788 19257 21701 23010 23932 29008 5019 9811 2194 15630 20128 2758 18930 7945 24485 14109 6658 21977 21357 27479 17876 4895 2730 25783 14259 29126 26408 9762 11772 8584 22857 8138 21552 27572 25009 31241 29254 29999 23362 1935 9798 25017 8523 8896 23571 15474 26108 31320 30600 18845 19742 4433 25799 9635 7937 30214 718 21851 10165 29848 7244 11144 5756 18577 25266 10148 29056 4551 8076 12764 29122 4228 4114 22619 23379 27875 7930 29131 9670 3453 28817 18713 2277 16709 29962 13945 16803 16561 29974 18859 9042 18971 19637 27004 18710 23910 18507 3215 31642 23268 22518 28509 7937 2423 3359 27515 15648 18423 5711 21532 32746 28116 11588 31702 12331 7933 11077 18345 3194 5888 14258 29501 3176 12146 17631 27243 25598 9617 20258 23551 23399 25384 4651 27068 20201 20147 10388 6561 27418 26308 18873 27755 31056 11429 6602 15707 20569 8767 16415 20281 15724 24378 14283 10905 31072 358 3699 12637 32284 31834 1377 2939 20559 3163 18644 20737 4449 20607 12698 5462 28073 20497 17633 14274 15072 28472 26187 7472 23253 5844 28736 14131 13923 5033 9864 31816 25760 28863 14105 
13659 21080 20744 15661 17548 32186 3140 31384 18738 6736 4898 15193 17696 12597 24232 5999 10024 4482 28372 1774 24286 9481 7300 31825 23966 32070 17043 30994 10449 11410 581 20600 24939 16282 9957 3249 25784 27408 27820 10784 27225 16800 12005 7416 17290 1574 16719 21770 8102 28190 30915 13275 31212 26715 10006 10490 5251 15357 3649 26768 9404 5021 3775 28729 5272 18634 5431 19986 32138 953 2907 24084 16509 824 20496 29088 24345 8420 31439 5466 31298 26012 28235 26939 6626 16949 32340 16098 8681 16495 11515 29227 6290 16424 17143 12291 8679 5328 18247 8059 21639 5917 6681 8475 19367 32512 14059 6264 6743 6615 25072 29704 1030 12516 17589 26422 7753 13310 15876 2738 16344 31878 26889 22283 24793 15517 8115 11647 20578 28308 31837 25362 25401 22692 7854 477 32734 30944 14269 13481 11211 28007 8569 4284 32250 11486 1353 12787 6824 8990 21999 23825 7257 1577 8370 7255 3612 30563 31164 2645 23312 17663 1985 16127 22311 24503 29409 4867 17706 22720 15056 11610 32253 31741 14388 3869 7461 23155 19790 4507 22151 22781 2525 2728 22898 5952 17983 2872 25824 17122 31194 27692 28921 10999 20666 7531 4569 10172 17531 27445 30611 10888 15466 11700 12150 2559 30951 5844 2703 24201 19982 4693 19822 771 29078 27679 3373 3508 24568 12501 23983 21890 7380 31916 13606 22373 21137 11390 10456 4125 5445 9498 26402 7712 19668 9439 4797 16343 2651 21385 25408 521 19663 1098 12006 12952 30945 24093 16786 27499 2085 24151 9488 18859 13172 27006 16030 9522 7311 24159 26027 23616 15108 24411 22494 1904 4182 17922 11866 10731 26456 29923 14401 12764 8922 31649 24182 23844 24455 16714 29864 22094 27918 10469 7052 7621 25216 25674 6249 4932 20985 26935 17882 13199 24451 15519 464 24161 16183 2117 15574 14501 24230 11914 3737 32488 15735 20611 29607 23567 14673 31311 6263 6213 20731 27048 21930 13368 8897 8887 16784 17541 10778 18221 31470 8560 137 25487 4350 16089 9665 9937 11448 16492 4876 14375 24400 7703 7661 7960 14848 27841 28164 29140 4871 7993 2611 15815 7154 21356 
16639 24174 11546 32732 28729 13930 27246 5453 28637 32467 9586 26817 9274 8398 8328 31143 31571 19810 5999 26704 22918 18311 12553 12450 14699 5248 15969 32016 767 1643 27372 9674 24066 21783 16911 12336 925 14613 11746 25229 21320 15634 21300 16386 12011 14692 28367 192 25155 11746 6140 23162 6536 28153 3146 11547 11085 21244 26764 26548 14759 26812 29473 14776 28305 18521 23416 25707 22415 5463 4818 16536 9362 20724 8778 19586 19996 30649 8723 22046 26276 7504 13826 5503 6972 31381 13132 19346 10097 8687 21392 14603 16499 19937 6424 415 15222 32220 18524 20340 29527 21848 6855 19158 12675 28963 3774 14891 7701 9976 30943 24105 31550 25427 14982 24134 12266 6532 16790 22896 26016 31234 13686 28415 15786 25347 30041 21480 24951 16201 19395 18483 29245 18239 31561 175 7138 22596 2200 22756 20253 22087 26040 24905 26329 19348 25234 7607 15578 15085 1712 2078 29090 22493 14405 11127 27542 6473 21613 27385 20829 23112 7349 18832 905 32053 7646 17803 22905 17666 29662 7316 9597 22734 3880 3046 17468 9658 24365 24762 15187 4857 1571 27906 11071 15399 31237 13402 6269 9692 14043 25916 20463 8320 26171 29299 27266 19809 8208 24786 13326 31234 10394 7461 31102 17847 20406 28264 560 17774 21856 22583 14495 6608 30582 390 17983 11145 3262 29586 9896 483 20779 17687 30199 26522 18268 1476 32369 20972 21350 32236 18794 15855 29395 5758 14182 30759 13803 32055 25469 600 24114 22806 22020 2969 17969 8977 19049 11946 30329 30470 3167 27271 3046 28916 12347 2365 21281 27243 10910 26877 15720 11329 2901 23407 4754 26759 24445 3912 1101 4283 32491 14367 1707 23615 18635 26749 4573 4874 4998 21043 12606 28830 21482 24816 915 13114 16261 25362 4240 11088 28241 13501 6047 24377 16279 8490 15326 5928 1549 28226 12646 25949 16193 18028 20435 32411 23099 29859 11777 30427 20830 9931 11027 13890 7056 10821 2234 14929 14491 22209 31412 30556 23762 6995 20370 28221 32759 25034 5823 19017 21340 15421 26558 7043 25417 4326 11955 272 26526 14387 8741 22507 1977 16667 17922 16858 5530 20399 
8163 6305 1093 18929 146 8565 7528 18152 1738 5299 14910 29684 16189 19922 947 25696 1499 14231 32201 32566 3154 18567 25146 32599 10705 9122 3679 14794 22546 12622 2128 7765 407 17554 24397 9802 1332 8324 27485 9636 4813 29189 12340 12882 17761 4523 26458 5587 7751 8703 30090 32003 17848 24041 20313 23093 13454 11112 4376 11649 11083 18054 19962 10080 6749 6284 23162 22902 24481 3954 5623 27054 32037 2457 30625 31628 11570 10685 25241 17343 30602 10021 1364 31222 11246 28188 18497 7413 26083 9381 4011 15592 32182 26475 21728 16375 2750 21239 23187 21786 23265 11557 127 2351 857 17113 31309 12874 28344 19950 28088 9548 3114 30575 15343 27063 1019 18954 31290 24512 5465 10433 24033 3238 346 7651 8010 323 10049 5691 6241 3809 13821 23687 8764 15950 5874 26924 30208 15667 30204 23079 5374 13729 2737 10055 31778 17389 1767 26265 9870 32446 20087 13604 9090 17764 23616 6103 17279 18539 30830 26816 8364 112 9212 9343 1656 1844 23927 11257 31873 1775 8965 20049 30901 13287 21927 12052 31926 1088 25019 23731 8835 6678 20677 11063 23638 5065 10350 10032 27592 13976 15053 13550 21563 10098 19430 12276 19577 9736 12400 7850 29593 32295 18908 20050 19747 9029 914 27453 18548 10842 13694 26943 22371 5617 4043 20576 22564 10366 29678 16852 22125 12530 24295 18734 26584 1421 18627 19920 10121 8435 7526 14502 5392 5507 12935 8724 23184 19172 24316 7212 15905 14816 5944 27941 17012 6774 13074 19976 15030 14378 16584 429 21942 24736 2371 22502 25673 8297 10652 28922 24302 16925 26080 21845 28334 17322 6416 13693 32070 13803 26220 26184 4232 14973 4081 27981 29951 5070 5665 12696 31698 31606 1282 9378 20458 13003 4713 30592 9815 431 29048 12378 19952 6061 32614 13343 25146 837 11646 6263 9612 13187 19563 20985 18032 14295 7346 4767 5195 12832 18560 27766 26433 12042 10918 3226 16211 22682 1762 8802 24266 14087 5984 18136 25561 29644 4992 30828 9598 21243 5082 32489 22441 22228 30592 19367 15008 16790 11906 10755 22946 27029 3512 21516 7370 5005 4027 16255 
12855 18230 10037 14070 4714 21016 1627 4956 9199 27809 32695 10660 16960 13685 25643 16570 11238 30469 563 9146 7137 27491 10858 9313 4682 29269 23888 8641 4151 28072 1610 26424 19167 14278 26602 30626 6655 26763 7537 6350 9596 23637 21906 13103 5705 12634 10873 22996 20107 12095 15116 3738 27899 19686 26993 5793 8076 18567 25296 29436 2383 1538 21594 20909 16275 10099 29066 2768 8784 5127 12202 32278 5062 24847 23194 25717 21345 20819 26317 27166 32736 24233 9364 9392 1206 454 14495 14763 30384 11347 32192 18727 9177 10564 13299 28870 23195 22373 8348 31463 11302 29237 1039 3612 11798 23800 2133 28895 32591 9224 3374 13696 5164 10348 30034 25186 3546 10667 22780 27239 8446 8674 16809 2473 20382 10261 21277 23147 31294 19651 1448 13903 3145 9405 21927 14281 18355 30264 3149 28627 29661 15392 1444 9186 29625 29615 6094 10265 1838 26687 32657 10685 15294 29020 30227 32234 20582 22302 21473 18564 4293 20661 25910 3951 27521 20806 21371 3587 18407 5878 18442 23738 24273 12356 11319 16684 6861 27547 10897 14910 17275 25895 21861 7318 30775 9961 5764 21330 15864 3846 19526 6393 9336 28773 14287 15537 18070 8568 8337 18355 10744 27994 20754 5885 16884 6939 20720 15686 6577 32600 34 16695 27017 19470 30592 3032 7090 4783 21126 6985 1054 11382 18005 19890 20383 31992 10746 22652 28239 17149 21491 16322 32047 27533 28911 25090 29454 6990 14294 27673 5293 25101 7945 18798 29728 19610 30443 25709 32631 18649 3488 19255 25246 4118 16405 3223 16514 2969 7232 24889 1909 26490 30889 29974 25812 18359 9513 25907 7143 21380 6385 17803 17416 2786 16847 17225 12808 6771 22701 14139 4302 8589 24411 15492 27969 7821 11150 8081 14697 30062 9000 14670 2768 17562 3513 2713 6191 31743 8006 11255 14918 27238 8266 25989 29708 13568 22267 818 17928 27970 5582 14636 20735 14579 4925 11416 3023 16516 28360 29830 4251 22431 1850 10020 17704 5122 1581 18225 25223 18062 17616 9653 8181 2715 28136 3056 1279 24463 277 16784 9962 175 6999 17191 21841 28469 10448 15579 31248 25250 
