26623 3377 15113 30445 23017 30764 26163 9817 22822 28984 14597 3395 14981 28155 13914 14250 23649 3188 6405 30372 1734 655 21780 27797 5846 11255 15958 10660 31083 10796 30746 27760 14590 19157 4666 23294 8904 10327 30552 18423 18214 14502 4200 22544 22850 15964 16750 7113 12784 20488 9097 29018 31190 27080 8241 17130 16080 15642 20925 29955 30867 13039 19752 6467 16528 21505 14612 14676 16667 2919 22031 19998 8140 30566 23574 14138 26405 15499 20823 18090 13174 3830 15931 13512 9982 26105 25252 4221 26963 3554 20596 32691 13828 3092 3918 25613 15996 2397 11680 14293 25385 13955 25313 14134 2014 24352 10007 10667 1910 7856 25501 24503 2747 27625 8483 14551 18054 28235 22262 17845 25895 20983 16258 23198 7942 3524 22037 9782 18059 20368 25061 8298 19260 724 12885 26023 30757 9595 28788 21065 29053 24309 10694 29271 13702 3463 30792 6509 9397 15845 27566 14073 21779 16642 6127 15018 13539 21543 27907 7462 16517 3907 15339 24828 20378 3458 3315 8153 15721 1056 11060 30718 28802 15232 2396 28145 1440 7800 25522 5747 8660 21487 17236 7347 12256 5803 18115 30913 3297 16228 21410 27205 26674 13597 5563 2929 23180 14260 28483 4148 30834 14519 15967 1457 25548 13945 7143 9711 8402 19813 30569 5074 12843 29587 13425 4938 16470 4761 11527 4554 20554 29604 15738 4860 19801 12743 15708 21939 27226 9874 2510 17697 7687 1255 1278 2634 16036 5641 12013 20920 226 19702 15222 6512 24066 9207 18828 6950 9533 30837 8131 9901 15460 22798 4625 177 21444 31208 29910 6568 4428 17221 16667 12550 30450 11864 19991 14512 2130 25688 17400 3252 29592 21458 11232 21303 16801 12355 16685 6319 20829 4070 26621 31826 8824 7115 27889 205 13113 1577 29234 21818 30122 15093 11698 10828 8185 32435 23733 26573 23582 28557 4239 22091 6846 7330 14511 4366 3407 10144 3548 21581 2942 9365 17087 31649 26573 11266 7586 17593 30593 21298 24439 10832 20923 32457 7196 27484 2533 17312 26589 4744 26959 18896 32315 4581 27674 26125 17899 18140 1366 23862 22050 31336 28263 1577 24848 12674 1453 15836 
10154 25052 100 25002 23213 24273 29640 17386 3296 4764 31101 20166 6809 22473 29487 18763 10882 1770 12662 29372 11165 3211 508 26668 29830 7016 26849 2123 26617 20189 2398 18817 17043 20893 425 13881 30173 23719 15897 896 13446 8822 1931 30158 5104 31352 20740 2083 26351 24770 2200 2390 13773 7682 28554 9130 30609 11189 15796 675 28800 10394 5161 2840 23013 29030 794 22920 14094 12729 9974 31410 31639 337 8405 4703 26347 24958 28183 25731 14599 11989 25416 29828 9345 23337 20039 11994 8649 951 936 20696 1968 14241 23382 713 3366 670 24701 22591 6216 4079 14503 10920 32410 31125 1573 546 6800 6081 18864 145 23124 25740 1872 750 11203 18408 12925 27874 27064 24534 9604 21139 11918 6362 10285 29886 12256 10924 18843 17158 1939 19761 4467 22667 3607 14761 19521 9919 10729 19498 30487 17013 14429 22861 3703 1851 29594 3111 17522 1258 31206 24699 25106 27515 23076 3373 22518 26908 18842 29434 16956 11907 26360 25447 25508 3459 11926 21495 23537 26077 1022 20897 7571 21592 29866 18561 26244 22548 6159 29646 16496 25115 12506 2572 19480 825 29561 31107 23544 11278 5597 18671 8743 13153 3198 28793 30080 5815 6304 16102 29183 10532 3029 7951 30829 9314 25796 20881 20800 20512 10536 28357 30397 13212 8476 17651 19039 1396 22421 26306 14716 19898 1072 32243 5414 28230 16942 13903 8528 1360 14524 21726 7985 24126 6264 20314 22254 25786 4658 30691 25715 19976 10991 4340 19361 27798 4404 23958 6063 25045 22401 468 2506 8776 14363 18286 6911 32731 17934 6866 21851 11893 12147 21575 18513 30416 29935 8556 7259 2953 14972 8929 2532 13427 5484 4676 14182 17457 31659 1119 17104 3076 14404 7071 31274 16865 2342 16072 1915 3271 18985 10216 5099 11087 20812 24458 9765 26757 24640 30763 16383 21238 20267 7666 32605 27146 21670 20123 18002 13716 3847 19893 11913 31656 13030 10509 19428 2221 730 24938 610 15794 29828 2938 29510 22790 9935 32013 17782 11522 3445 23169 19745 14634 30150 6269 22180 22901 18597 17891 6319 32744 11731 12799 4515 11369 29808 17157 
21567 5843 25790 4282 1916 16198 24361 6001 7605 22721 27780 5945 1803 16882 9110 29525 25352 76 2005 9708 30083 29019 17777 7170 25283 9812 28308 3495 30439 7665 7657 9838 31876 20603 8795 4641 26257 16936 6175 16819 20864 4008 4852 31862 8110 10491 15785 4494 13565 11909 4832 15782 5567 9316 4883 6370 27863 28673 7124 8468 15642 21477 17497 13362 16892 24015 25399 3848 17256 31491 8558 9258 24815 9956 16038 24365 6181 26565 27320 10262 2632 3581 22640 15123 17699 26937 28050 10345 4914 26647 13338 4270 5895 22000 28872 28984 13804 10996 732 5333 5578 8829 28959 31932 12874 2973 18466 21956 19769 2041 11722 19924 15921 11483 19980 23963 25974 14978 1270 23169 17950 23997 27119 25821 2933 12216 8255 1640 32159 26645 4306 5362 10623 30014 28984 11603 16344 28410 15345 23205 28594 5951 32232 15792 16384 23880 7485 18598 11391 5862 32071 25361 2529 25627 9178 2569 29995 28901 17349 16554 21084 2392 20639 25797 7759 13295 32708 15318 6114 17956 23194 19510 1112 10046 17945 22162 4860 13675 9098 924 9223 270 28302 6656 30404 21082 31843 20634 754 11552 16483 4326 362 18149 14797 15800 26626 9016 28360 21037 23728 19011 6309 27873 25587 19871 25957 7010 20078 3949 29307 31205 10710 32674 25811 31544 14607 17314 16914 27896 14226 31761 28448 3076 27666 7397 30692 15665 20063 3008 1102 15936 17546 30846 7835 25357 15178 9225 11988 13064 7582 2421 20376 31465 28596 7497 24604 9888 4362 5914 30576 30603 27091 31071 7428 27372 1948 19328 27242 25754 27951 14896 31325 29175 6584 4605 18691 14625 2854 18469 26991 26733 16340 1452 13418 14865 31593 26795 21619 24608 21245 28651 21252 27836 17533 17586 2839 2695 23888 22237 9449 6490 13370 32559 32510 826 14977 7145 10341 23943 10319 23451 20541 10871 2136 10809 20088 20163 9916 29809 10719 4000 26415 13628 16214 11505 18007 436 28258 27579 2677 1829 28392 9433 26440 12134 13368 11249 6447 24426 329 8870 15245 1042 4678 3087 24177 24901 32586 13416 8055 22339 15465 16648 18921 4662 23279 31891 16938 22539 
28652 13169 16469 26751 17392 13439 7713 9085 12307 18948 15368 27047 19512 16102 16808 27443 21139 17438 15721 22776 23657 19049 26464 11208 23575 9280 2931 30209 30806 1035 24254 29535 11453 10898 17462 19220 21384 22964 17548 14363 31895 24411 15701 3017 13754 19631 2919 16037 10283 11658 13446 889 12124 21548 21568 4265 19699 3377 20501 5060 7699 20416 5851 857 13790 15876 28513 17164 312 2528 6739 19944 6093 4574 19293 23287 7765 19049 15763 12304 7703 18237 26385 5873 30123 31003 4062 10382 18181 29633 20503 25256 1711 20505 14665 15264 4182 32433 12062 10382 25736 7787 13116 18830 29628 11126 10346 12378 6803 6780 20724 29982 13149 13341 3153 3463 24799 17565 6148 6685 30292 29657 22464 7636 8369 22912 26831 21469 13613 8575 1205 6082 18689 21693 30480 5042 30316 6665 10946 10522 29435 849 4690 18293 23303 15124 28560 9572 22143 9753 15992 4097 31464 19810 18265 17520 3745 9308 7223 1976 4460 32600 1389 28881 11818 20030 8598 6399 31206 28544 15534 9822 9237 12110 8821 25789 31772 18185 28692 24751 28691 28921 10499 14560 26825 25666 4906 6566 9992 19732 7751 5848 1562 5411 23183 22499 18315 4183 17048 18970 19505 25028 23670 19790 24170 11484 30245 3743 29093 26339 295 1425 31524 23716 20845 18275 18432 16483 17275 9372 29805 21522 3528 17638 26687 968 16739 13599 31917 1134 15836 7086 12117 19132 7266 1811 1665 28260 22057 2754 2729 19852 10767 7730 31033 1154 1406 29233 5267 3499 29844 12410 13656 7613 23937 22921 228 4142 2865 13486 26903 30701 19244 1633 22875 10319 8890 213 13538 19020 24394 8912 2608 20971 1556 30905 8154 26619 26366 29683 16013 7172 22204 19561 23633 29309 21564 8298 3343 9023 7489 18104 23633 7226 30286 1755 29770 7271 10693 11195 13846 31485 592 9326 10051 28392 17536 10063 22671 27255 27572 2896 10739 24405 11837 19345 4065 32442 3263 26929 15819 18914 28890 8036 23012 1727 7946 7621 7722 27883 32716 15598 2724 7904 1027 24902 3304 17259 10393 27 16609 21342 23913 31473 11983 28550 21341 17689 10895 21212 
30163 1925 14365 13567 4934 14042 6487 12514 31018 20423 26884 962 1815 11670 26388 14428 32042 12032 23081 4700 2473 7494 10839 19992 23013 2429 6440 2174 12901 5161 15076 25419 21056 21262 5391 14719 9675 18755 1586 30733 3188 9608 23263 28374 13806 15065 13295 11736 23183 26436 8718 17059 21238 23799 6778 27149 21232 413 10503 2599 19357 22507 871 2160 14542 10101 25000 20552 23986 22215 16382 7591 13490 11185 28099 24590 5785 26082 3516 18878 23800 26552 27550 24361 969 24919 19152 6822 3666 12793 4723 30824 13132 29573 31392 32433 5189 25698 7920 5699 1091 9101 6722 18200 8618 29417 4024 11602 18271 29655 17667 14965 6446 4615 12769 5844 12137 4238 10467 14153 9682 27960 32116 31529 4539 3615 19223 26231 9068 28028 16880 19544 30405 14270 7302 32199 22309 4057 8903 20618 31370 28129 24141 4709 30713 19415 25567 15501 32032 5315 22075 31583 1850 2562 1554 24146 9011 4834 21333 17451 30988 10860 13231 22384 9858 24449 595 12062 11498 6953 31991 26526 30304 8487 4640 18422 13856 32465 25761 18237 10292 23582 10334 1617 29776 25345 15446 4556 14330 12533 9697 51 31725 1753 20789 16497 6336 11007 15151 11396 20163 12672 26705 13431 5418 7890 19719 13712 25709 6300 2862 20938 32750 6344 10454 23429 733 22234 9287 10621 13400 23425 2371 26361 26327 29292 27531 13381 26312 28255 27301 11105 15478 29574 8923 7419 17711 15369 12167 6555 26534 2784 8846 6942 26518 16617 5419 25189 7336 18488 13806 23886 4247 18862 30724 10467 18578 24781 18360 978 15842 16842 26682 17694 18892 1508 24223 11027 2233 4597 3626 5759 30868 19271 27082 1567 22132 3752 24291 26200 32635 7617 23889 2343 22782 30371 8363 23131 997 18851 7876 9218 24405 360 16248 30497 7821 4418 16805 3240 30222 32189 29047 12964 9215 21367 5097 6583 22479 46 11144 5829 15644 16925 31354 11505 11732 8585 26048 29640 20378 10391 7608 11707 8299 19808 12262 8915 13953 16967 26099 5024 14199 8331 5622 22643 19119 8472 18419 205 2801 22435 21665 1814 15188 9205 24945 27794 17250 19847 
24011 20882 13943 32080 26011 24039 27242 2523 11532 3484 24943 18844 22931 13797 2876 24452 27696 22098 8555 13779 8433 2632 8992 6958 26551 11954 13291 13809 23100 4084 25072 16838 21333 13344 5957 19319 2933 5485 15003 24320 24179 24805 17185 23529 7821 3421 17317 25554 6316 24234 12540 5968 11754 10514 26533 5367 9809 26881 13481 28344 8421 765 26053 2414 17637 16348 9419 6835 6223 22837 8774 14584 8098 10772 21341 12757 10983 22514 18170 6813 29682 2020 22059 20278 29158 29714 13256 21287 1527 30059 8022 18675 25972 21911 16171 29606 25860 32045 26067 30381 2352 21031 18099 18410 33 23187 24044 2056 26795 30603 3970 13580 2699 19558 16830 27437 25581 9776 30416 10214 12338 30552 10681 17225 19439 15273 29288 5014 6713 22651 13603 28428 20256 19755 24873 32767 17273 18376 662 7979 13793 29199 11142 10312 7422 2714 30845 31967 28424 7764 13319 10587 648 30256 23963 24675 27744 3355 6085 16487 32524 8751 16773 6009 20263 15145 16114 6495 24881 11037 13602 15334 25743 29032 15694 11641 8147 1255 21298 6641 29246 24422 691 12719 3715 23899 6340 9960 21198 17877 23434 5441 25093 3759 3518 1948 25166 12553 16724 4145 1233 8696 15706 9952 15039 17277 31522 16837 15251 25012 32419 23566 16536 4174 3613 24329 6571 31809 3324 8577 32578 1470 32255 29003 17837 13924 28825 23324 21916 26547 23960 9374 3554 11715 14084 11458 29304 23094 12106 9815 19653 11115 31641 24796 8476 31732 5517 5010 7559 1611 16395 24278 26051 4288 21356 30638 24715 5558 5341 12706 27162 15375 7429 23245 4075 13285 4585 7731 14787 19323 14349 24661 25585 20595 7900 18947 20180 4417 27722 30066 18335 4831 3000 29070 28249 20162 17432 3985 7464 3342 31057 11989 21710 12038 7397 31462 21108 32198 4561 20444 12967 20788 1973 14568 17824 9012 4404 15660 30920 25371 31134 28368 31099 7527 7628 28754 29964 19373 19532 25629 6666 24786 28863 31326 16066 25982 3710 4371 20741 14542 20100 6756 29484 18761 9352 15671 27224 23062 20329 25599 16895 10348 14543 11732 18596 1353 30736 30153 18917 14183 
31824 25722 10683 14700 8685 16356 17662 10336 14106 28026 15143 30309 13257 23157 1370 13730 10447 15979 32420 3969 10818 27683 16769 15386 14630 9384 32417 3567 28745 8348 12523 26073 30828 17359 21187 9026 1955 12048 30856 25749 28671 9283 29793 11251 361 28852 26426 15400 17105 20907 25353 16861 18057 1857 598 7438 7659 2417 6394 24255 12354 4978 25127 20203 30952 31044 20392 3774 28843 31626 24170 11012 9845 3479 5180 13024 19245 16843 2771 9921 13528 20512 11281 21394 7428 27392 903 28209 7782 22106 18744 803 13762 29940 2463 3718 18955 16387 3828 20550 32716 23801 28588 12436 23494 17822 26175 18580 30938 13922 22061 25430 21802 22257 8771 2824 31356 20745 14362 30314 1503 18824 29922 27266 21136 28618 18269 25744 19486 5937 13102 8260 11213 3845 6484 20015 9528 11391 27122 3704 17979 15136 9041 976 3600 18247 16935 4775 32696 30467 1818 8352 13213 25894 13696 26691 11381 12955 12137 13555 29545 16889 4831 6943 16247 20823 15468 188 11285 26211 21213 2546 17175 16558 16454 15893 24018 17994 15430 30936 8578 7831 19340 31677 6889 28506 22682 13264 15673 28687 18889 1941 18484 18305 14478 16703 22930 26519 11771 26914 11683 23409 2185 9323 21301 15283 28436 27663 22200 15649 29991 12289 10400 3437 21626 15016 17163 29260 24505 26768 21156 24271 4743 2144 26311 29425 25283 30476 27878 6509 14090 19531 31531 14290 9853 11084 11870 9432 26052 2980 7946 22773 1363 3724 12763 3372 25835 13385 18251 15398 100 1515 3709 14723 31147 1850 32617 21362 1031 1262 16442 12927 5280 4894 31220 27565 31809 20475 24666 30917 20061 16062 28943 2797 14672 20191 11771 27516 13288 25480 22256 24333 9252 28489 26254 16083 25403 30733 22116 15404 17120 5965 28247 632 30661 19075 9032 11051 3422 10210 18673 14369 18151 19268 6928 2098 4520 3940 25032 31239 27768 26445 13636 12587 26752 27666 9373 12645 10049 29376 17406 17478 31193 16017 26118 23806 1409 9058 1133 28276 4443 11367 7147 26517 24939 6942 32597 18923 17122 21121 26122 3698 11683 640 14733 19624 7936 10158 26227 22500 
4548 13115 13440 18152 14199 28450 27149 6585 22237 29347 16044 29103 29632 15092 24847 4040 9199 15412 5158 3393 13703 32416 10120 616 2673 7177 20244 4012 19756 12678 7640 31990 25293 6502 10290 25404 15940 360 4404 5203 30944 12591 1869 13572 21526 5360 29734 15715 2174 24686 25547 21340 1566 24104 26379 13199 2539 16080 29985 7262 11405 32000 4244 28483 20067 10537 13147 31847 1223 12748 17989 11377 27795 31724 10136 31900 1507 24515 1272 269 32029 23988 3211 24931 1327 8065 14683 911 10008 6590 16124 22758 10922 24965 22638 372 31886 2668 32324 14740 13704 8372 18438 17854 9980 5059 31957 20639 4274 9428 5965 28527 25558 11758 16560 16511 14147 21778 1856 22545 20737 32697 21484 28525 26891 6782 25391 2609 2390 2327 17718 1513 12048 21129 10561 18399 4389 23964 30795 32053 12296 20877 749 8496 4784 28420 18048 15831 21729 30021 3458 6845 27308 26538 28474 19995 15673 18257 29343 25633 1220 5394 22647 4238 998 12212 20668 7807 2070 25184 8003 4740 21359 14165 29600 13049 21428 25310 30788 27284 19089 23169 23784 14650 19235 27770 24623 10007 12475 27496 7302 28141 29407 16965 7247 19628 31378 1179 31040 14660 23766 20213 2821 25783 7790 2964 26925 17778 25832 28516 17475 7133 14555 17199 23099 9521 15726 19727 2577 28810 281 28201 19116 2621 19376 18584 2312 29035 3485 424 12692 3030 21612 29765 26841 3060 26766 26547 14173 32066 30806 7807 11463 27355 29768 20917 15939 21577 147 27731 25640 25755 8156 6910 15065 8119 31549 1012 10985 31218 27534 15170 23682 3550 10211 18231 31239 25699 15701 18712 1528 786 13318 7701 18454 13493 1375 3196 5576 16427 18332 20781 31166 371 12939 8526 32468 6406 24976 29759 8761 9578 30445 10704 12496 15108 1088 24754 5078 3630 23629 4396 20678 905 12798 16399 16505 6804 10408 24044 16786 26238 14736 9860 27161 2361 4782 5248 31846 25808 21169 15715 9025 30458 17987 10684 14663 4847 2701 32160 8080 28026 14590 1367 26510 12112 72 31318 21560 416 20140 5229 30312 18667 29048 15170 26754 534 19918 27646 
27991 30142 5798 10054 30281 13771 9238 31597 21679 6472 20434 32488 6779 10866 31471 20226 28186 15118 8428 26321 21915 4864 7154 25192 15636 27930 32347 590 15425 13874 9586 815 24431 17015 27001 7634 30616 27909 3825 17227 13776 21942 23829 26994 5599 12603 32168 31635 23600 24428 2544 17255 10986 15325 26883 24131 29276 23730 25409 4752 16542 13236 3874 6523 13429 17828 31538 12525 6008 27599 14681 2494 25457 21474 12128 26150 14086 12800 20657 31860 32153 22802 9566 29186 20076 11614 16997 616 18185 9564 5939 9968 25825 19652 13414 21066 8755 32236 28631 5249 23087 17745 2520 15150 14428 9075 14266 16876 14135 8423 14227 9995 29213 26791 20797 30857 20074 23724 26786 11581 16355 22719 1335 7766 11345 6028 29383 13572 12911 28152 24434 8309 22534 20660 6901 10243 25431 22546 23340 28076 25529 13848 10709 13506 11651 21204 24470 227 19756 750 20546 8492 13745 3204 3160 31658 11831 28209 23500 11537 17138 7279 22026 20657 15685 10528 15161 1189 26411 2407 29372 32334 7637 28092 21247 17152 30613 24640 5744 22778 250 7501 8651 1180 21821 23122 32667 26068 5595 28382 13566 2522 1412 5114 21416 17693 18996 11708 27946 27005 6816 21273 19316 11450 23251 2043 4761 21292 27673 23955 12243 29365 13340 27889 14791 25077 8013 24530 9738 10172 8837 31673 30691 32453 32748 25409 19539 16801 21275 433 26450 21233 10365 21713 9820 21976 9211 2300 31788 19120 31448 7031 22984 25596 17625 30465 10429 10142 26794 16043 15020 12363 10109 15082 20997 9019 3060 7403 10259 11813 16449 3110 5177 8554 3980 12854 14459 31377 5780 14568 22335 29427 26522 28306 13909 26295 9595 1190 13110 10241 23068 7302 27785 4711 3082 5786 9452 29349 22370 22433 17136 5777 3567 30788 4709 6481 8851 4849 10969 16331 25576 9190 8027 31069 18982 12172 23429 22734 23624 8967 20921 6533 28778 8971 24234 1273 19318 15601 1566 19561 25599 11786 27891 10957 19565 13619 13408 25356 2139 8873 6782 28271 20797 6687 1031 28502 3654 15118 21341 15402 905 9037 12494 5778 31838 32737 10262 25322 29959 8214 
16165 29681 1939 16079 27171 16065 8195 30234 178 2821 15276 4359 6259 29542 14300 12219 26827 19014 29632 29120 7143 14001 18821 6815 12541 7568 8894 25777 21461 11040 11270 30258 19849 4259 27622 11415 29321 19030 16633 12833 12769 418 2893 4531 10687 24470 1293 15585 25903 25493 3677 14409 10026 4684 28806 25126 26319 4327 23635 1826 24816 133 10171 14700 25296 11753 3775 7691 12843 26994 31638 9330 13943 6989 6664 23636 18282 26601 14872 23993 17596 30891 17893 30546 23342 15588 20178 5897 6859 14080 30181 8413 17006 10752 13165 10221 25732 15146 16872 15826 18707 23550 12323 19506 12540 4205 24227 11410 24189 25926 27716 29292 1785 10993 22048 7042 4604 18527 20146 6769 18810 14913 4156 28553 24407 4728 11877 17372 27692 3021 11047 14997 19273 1507 21224 27788 30710 32105 9191 16919 20479 21652 17626 7970 24431 32717 20182 5506 6555 27303 28270 4486 9058 10515 8223 13519 4788 18647 3052 21346 18257 22332 17477 18172 16595 28423 27693 3238 5615 25259 2204 24712 28920 22205 290 19458 13732 24744 5070 23033 13331 32162 16462 25967 3341 30175 28247 13911 11148 4 21320 24743 30586 14558 23306 6574 9659 17236 6202 30632 18798 9370 32650 20368 2672 12456 29284 9525 9506 6891 23761 24976 5997 32570 27290 17237 7939 30475 6061 15816 27879 3815 8129 14802 12847 12315 4413 27988 27145 21169 1878 15547 1276 2974 20344 23253 22896 19261 32232 6883 32113 24572 13735 10479 28080 4438 10137 7263 9674 26369 3302 6347 3533 28776 8353 28940 24825 8283 23720 149 29123 4357 32203 12039 28448 17439 4912 20991 3839 13156 7413 24882 16919 17733 32280 12477 21732 31197 17812 9654 8684 25639 4813 6407 14663 17263 6446 23676 8542 20742 1809 5658 5363 5690 21471 26035 25186 24197 14712 2231 20518 6661 23765 28749 10910 17452 27116 32162 24337 8889 9939 22657 18417 28903 16937 5157 3676 19172 24754 5707 17640 28036 11841 29835 8096 7735 30171 15335 27978 20281 1305 22181 13804 21512 24270 1114 8846 14875 234 6216 4672 6609 16798 29161 95 29608 1985 25548 8213 28079 
25203 31904 20767 1342 17408 26255 20947 2276 25607 20685 21089 28321 3291 6000 19801 23125 22569 7554 18797 26745 7899 3412 26745 4365 8253 29462 26560 14033 9310 26021 30072 14008 7610 12708 32650 2970 3605 15054 24467 23081 12970 1930 2094 31014 15237 10944 6005 18901 4654 32748 29381 29870 29575 28017 20418 24149 24823 8495 20123 26828 11464 31575 2448 21736 9678 7038 15793 22529 9802 17393 28904 14830 2573 1865 14649 3888 20449 29759 2377 25454 27172 13249 9757 26658 694 19781 10789 31633 13846 1373 14713 7168 2503 2699 19298 6949 8697 25687 11548 9692 31333 22688 8666 29723 9849 15152 17419 13608 23733 23443 3036 3081 20821 1320 7934 12349 9264 17784 19881 1705 26080 27847 24801 18133 30755 31977 7672 88 19841 31319 9044 5265 19503 21378 626 30872 22580 21095 15147 21364 18634 19556 31798 19599 19719 1098 19695 7783 956 29363 1110 16773 19102 26774 12635 17331 2211 16408 22617 8042 30639 4005 10720 10122 12656 4928 5815 23373 902 16407 25889 13950 20200 13915 11104 20966 30339 1358 21368 26632 8484 30110 3125 4622 21143 19953 19311 20738 8209 17857 17805 14145 971 6762 32328 17965 5104 31361 22194 21539 8377 15208 15478 3757 32214 3359 24161 27896 31505 8285 2593 9864 20526 29408 5965 554 21 13825 934 4394 30515 907 9373 10951 26909 21709 4629 15332 12662 28654 11881 16128 15380 16257 28593 28776 14430 18521 20033 4779 7160 12703 31859 22351 14499 4897 19367 16322 26974 32237 25223 2707 6865 29471 10384 226 13036 15607 2766 14358 7116 24111 32230 7118 30174 2955 24922 21529 13638 25521 10249 23529 11906 22843 27125 23493 22090 779 17225 7359 14523 18142 9371 10150 27573 4644 30830 25724 130 5392 16891 20010 14520 13291 6449 3699 608 8877 10234 5671 32599 24270 3264 1433 7157 31578 17968 31058 30957 29508 3133 3847 11380 30204 14952 14025 7846 25155 12095 9340 1317 25407 17700 30090 16899 25546 18512 24281 10722 19472 3608 30458 30041 15705 4462 28835 24986 16419 14506 22879 17490 6260 10379 12420 5841 13422 18552 27237 15467 26916 
23564 13258 2078 29100 21970 2461 17781 25718 18253 30950 18603 4827 4668 6906 18964 1785 16155 8686 4281 5055 7405 2386 12354 11076 3641 16156 24090 28509 10067 22755 8653 12398 476 10574 25781 20096 27020 18891 9429 12436 17967 27780 20229 17975 26350 2703 1104 18263 4816 16996 20122 9813 641 31381 2181 26715 10065 7353 31894 22512 25471 31913 32660 17866 6072 16368 2609 19427 10715 22908 5613 18127 26879 28058 16694 31052 29367 12833 32468 3611 32149 7916 21636 27662 11500 654 27875 4195 20954 20290 142 25424 15750 13345 23176 15071 2215 22168 31708 32764 29766 16408 8835 10700 18372 21519 14215 833 20510 25112 26729 28396 25712 10350 28609 7442 5048 23207 20772 26625 24541 159 3146 19108 10736 16818 2928 9558 13233 28718 20732 17652 23125 26887 10336 24630 28294 7117 24128 32575 19884 20188 17367 370 8299 29651 407 13704 25196 8263 32015 14303 5985 32440 22034 2837 20803 19395 16150 7894 27614 13210 13530 14578 8592 9138 22860 29875 23886 25787 30121 19565 28135 4309 26598 24918 32397 14849 32591 30104 30865 21717 3182 19621 12910 15221 10286 26059 4105 23742 30272 17672 30775 27588 26302 15903 17280 9087 15118 30187 2083 29377 21002 3572 26457 9323 32605 11840 16350 22497 29232 24940 27054 23995 28423 30459 24332 19646 24805 24557 30409 25354 1463 14739 5059 1940 14831 31395 28076 32727 10096 30344 22285 11719 23466 11003 9354 27143 2310 3031 6503 20059 30596 16681 32075 1120 26786 2951 16196 27771 29313 17060 18956 12559 5699 8737 28043 6643 5559 22693 412 13347 19512 3375 9748 8629 3794 20139 17409 9743 22439 8644 13359 16984 16529 8442 12017 30252 4361 25332 26909 30868 25416 6935 601 32053 9387 10327 10389 22983 30044 1613 5337 8137 11055 21642 17729 32371 31690 26668 6214 237 4617 7087 11582 31934 4769 20741 11814 17543 21507 23016 26272 29425 19843 14959 19512 25060 441 31199 23531 8698 26663 30148 28906 1587 6685 27457 30875 6122 18138 10917 10209 1799 13044 10558 5533 27255 18170 25970 24181 25817 29015 20747 13780 378 24441 13779 2097 23940 
21043 18529 4757 29042 4448 23858 4951 3783 17098 29692 30762 26112 10314 3390 11611 10439 2352 32284 29267 7273 19172 13930 22371 12426 31950 11527 18625 28184 23412 26220 19149 21117 3810 18820 19353 27417 10319 14015 11689 17647 8957 5474 28663 1182 27745 19233 5946 14996 14212 20975 15464 18302 8105 24597 25722 25858 24112 22145 1391 9905 6074 26977 23699 1847 1166 14065 31233 21973 30780 16529 9575 6162 3200 31259 9 13229 29544 25459 2057 29909 13497 24672 24805 17564 23184 17050 1345 9130 20805 14884 17895 15662 32404 8155 14860 9755 21503 20048 1237 7312 24686 31955 5145 23447 9497 20688 15465 22291 12711 6495 22093 29684 19351 26902 16593 4269 9440 545 27968 29160 26068 18581 22576 26488 3658 12034 5054 15759 29180 20808 18203 20017 21550 12715 18248 18152 26257 19497 11549 30394 12134 29706 3216 14424 6886 12218 12596 19608 15330 1748 1024 14629 32679 30335 32338 32629 22820 32765 20019 16380 10063 1409 4061 7584 23236 26945 16507 30060 7855 8909 20015 16008 2285 16031 26969 9833 5486 31731 31511 15685 28894 31961 25864 18122 22148 15496 28246 783 1386 16373 499 971 4286 13476 8738 25029 3960 29118 13626 26251 28477 3941 4006 32359 28291 2116 24369 1679 503 6506 23425 19356 10523 21592 24544 19517 30260 5976 21059 5165 19811 24593 31620 17250 7954 11353 13555 5512 8593 23882 3853 32173 19969 20632 21899 10814 9330 9249 5279 1330 31560 22470 890 1157 24035 16762 30737 24296 15999 1944 18465 30903 32600 5498 15216 7467 5906 15943 29527 22481 21593 524 27517 570 1221 10511 30693 23028 768 10592 25643 12986 28714 2736 6154 6376 7292 15462 25890 30770 25388 4592 25080 6804 32145 22871 30271 5004 4488 16407 31830 27528 32534 31277 7185 8090 12623 24433 17084 18803 30326 29478 23645 911 9061 2512 12858 23981 1583 325 4763 30082 27653 16135 9681 1966 15958 26833 5239 3311 31546 2928 25336 14229 3345 9172 9810 25910 17767 15975 30233 22690 32540 8350 16318 20505 11201 12493 24337 19388 20548 4159 8197 6210 13520 7046 3507 29164 19439 17680 
12962 21435 5362 32251 11846 18144 32146 8490 17350 18036 1751 5273 17923 2921 12601 5357 1237 21697 29702 24400 8087 32765 17411 11643 24807 1497 27990 14356 1959 12086 17571 13115 8519 5720 29558 31072 22855 18513 25569 22615 25079 6845 3942 13486 23170 2480 13590 30526 22058 12781 15099 30976 26837 15193 16052 24866 23753 18351 6495 10586 30132 14708 23228 15483 25839 26414 32654 25414 21251 3793 26437 29570 8813 7546 19675 30031 20382 8031 18172 12983 4678 27654 4969 25990 9170 25270 12702 30555 20275 19244 4275 2048 11746 11918 21632 11767 13857 15525 30212 9557 32387 4422 17160 24788 23214 28177 255 12579 13664 15455 14129 30336 19376 27509 25624 4233 11671 32510 8714 79 10158 25016 32537 28845 31289 20589 3128 6360 357 28965 26527 11574 13006 27290 18032 21108 5188 4076 16794 18131 4047 29846 27133 13762 18672 31905 26576 27058 22314 15639 10560 20518 2497 16571 25690 1033 6338 1271 28715 21061 26435 17174 14630 27793 15084 22963 21702 16010 3255 27249 30836 6406 22259 32749 22442 10149 1167 20465 11609 25769 26005 28139 29832 32519 19701 413 5182 26301 15236 22037 675 29543 15428 21728 9058 22797 21990 16763 25937 24384 13709 18698 25428 3685 30421 14924 3199 18256 11540 31183 6010 30997 4576 1632 17706 26906 31953 8646 13965 16753 2183 29104 23014 22885 2287 11499 13083 27731 14019 10456 859 12988 13392 23326 5123 4503 20348 9116 10435 21484 9479 29346 23805 8862 2321 8032 28781 11913 22749 670 18191 16588 6612 10670 8253 9576 2509 13727 18712 9227 1163 15028 20010 31526 25223 13332 28746 4421 13552 24515 24767 20640 753 5841 2216 24813 27698 30162 24475 13177 21665 27022 5516 5495 32114 29689 5104 15512 12132 15717 6691 476 23111 17910 30983 16039 19899 19286 12783 23 28474 13995 31931 1173 4441 9926 31044 14250 20554 27293 4090 8212 6054 32764 17867 29722 13673 27255 1863 18460 7743 30371 12034 2926 18174 15750 19258 18279 14195 31819 26298 21684 14945 5178 22782 31474 20167 18152 24984 11901 15970 683 4819 24706 32115 21329 20373 5468 14274 19218 
24714 13597 12003 30658 25726 19050 19896 14412 8203 9101 5431 1627 28789 2501 18029 2138 26066 736 28099 32671 18542 20748 13185 26339 3437 9451 5520 21750 32434 13797 28292 30640 6656 13506 28122 15147 27487 19576 25981 28975 26306 9537 4239 3310 1254 7665 14183 18162 10109 12167 21718 15699 2188 12034 8367 25645 14610 24950 9094 23121 29418 5726 14263 30267 16882 15412 7083 8005 18541 9023 31062 18202 8870 25261 1796 5996 11735 5089 9558 10218 13896 22542 7815 20588 20667 23557 27380 27505 25352 20043 7900 7372 8197 31599 25956 28826 31400 1178 11486 26231 21616 25704 26698 15602 27392 13814 2589 4414 18702 29245 7234 10026 15995 6046 6495 27986 9155 28605 27481 4503 27800 26515 13082 14798 19914 11711 15762 13493 31338 2845 18939 14123 15407 10650 1378 31136 27416 15687 24419 18890 2131 17324 7220 25753 94 19806 18405 11374 22636 1492 28389 3976 19210 28022 16329 12990 6146 31223 31305 13428 2944 4325 20363 7112 115 4222 6053 18444 25142 23238 93 29817 29040 5846 6450 9249 20537 7287 24737 2598 6526 15855 13985 16938 1958 25627 22640 27910 28277 12478 18833 1471 3121 6937 19990 694 30212 15036 23067 5918 9122 13467 6803 10419 24107 32356 31559 19881 5715 27664 19995 26339 26048 15289 30611 10854 16308 5035 17559 12813 5355 9917 19827 25214 28359 29410 2594 15964 17834 19963 31692 31167 5795 13551 3981 25057 31822 4350 7800 27930 20213 26450 11996 1806 4091 9943 23237 27941 9339 2125 32710 12091 9004 13468 7158 10393 14728 9575 31801 1316 27693 29667 8129 9941 13955 2538 29908 32617 19871 26955 21199 12890 2663 32101 21867 4877 16119 10996 32063 21325 31556 4650 14726 30200 1279 14082 16163 23032 1725 977 20706 29045 14932 23069 23809 31049 4744 9651 5103 17589 10215 9716 23635 29010 27889 24944 18512 5962 28028 30646 28679 18887 7511 17769 21854 31660 31278 3735 13568 7300 1197 9031 26790 439 21736 12881 16020 28676 19963 15987 27238 22827 13549 27040 29452 8682 11995 2715 16916 1067 27218 16581 14375 24956 30716 31284 27351 6591 5759 8196 
28568 14883 30114 23794 22539 6227 13490 12838 17283 11757 8228 20049 10690 18485 29307 23288 17155 24587 7276 13328 12606 11802 22592 15818 20135 20307 3195 19632 17783 3482 16827 21489 21744 8382 12258 19961 26523 31663 9847 4933 24277 31211 21578 4982 14217 314 12887 9380 27711 27547 5613 23796 14422 19838 11792 10861 8333 27699 28699 7431 25801 30883 14250 5893 16146 25150 7606 22405 5086 22068 19202 4950 30610 16104 18870 4105 11590 22434 6730 30027 712 10371 4006 18546 11748 32447 13960 18005 3811 13574 19493 3937 31826 24643 2067 23017 31749 13449 15718 7870 3419 13898 5914 29696 26818 3019 29617 2611 22654 724 9244 32661 3751 7852 4575 32175 7281 16965 4209 21803 28337 19123 24033 3045 29596 11746 5823 4421 19921 29065 8506 3275 14490 3674 21382 31467 366 4988 22913 3100 15035 7738 7573 31276 3043 31229 14560 18390 17028 31863 11922 7830 2301 29218 30359 16060 26158 12009 7031 13760 27263 5924 28538 20181 11811 13514 7439 29120 1182 11490 5742 25579 2436 10555 10365 8117 27268 2653 13552 13837 4774 30143 22453 28223 6865 5179 31631 6157 9104 5310 8705 17410 31765 18244 25197 22019 14975 25604 25725 9767 10584 21223 22978 9161 11874 1855 15003 11995 3731 17334 19033 7036 13150 23172 9888 5069 21812 15846 26128 19457 12107 29899 2597 15540 8350 18384 18524 22398 24117 14958 28312 27079 6822 9330 26307 8669 18140 32686 7608 27203 20503 15855 20833 3917 32564 15151 2588 25321 23855 8203 17252 21184 16614 18551 1965 9342 27167 688 911 19565 19917 14962 21543 4681 30607 25708 5307 30800 9338 15857 28572 6296 31512 13552 13905 27813 1200 3110 17649 13115 19400 3986 13521 26737 17385 27945 8799 1031 24226 1484 2638 29177 29135 19063 500 31060 21276 31163 20208 1353 19652 20846 8719 1152 20383 2209 31089 21167 1627 9682 28135 24682 11785 1379 28576 3389 22492 9291 13829 26616 30766 780 26337 18762 26308 13541 14533 31889 13395 28488 5291 27377 31043 11662 31449 31907 434 15594 12040 9360 31420 17563 28614 18975 1274 7782 15641 1355 20552 4932 
29285 24824 9420 20568 14223 6023 32052 10275 3427 32168 5694 29691 31027 3951 6014 10681 5057 21419 14684 31155 32608 2419 3164 2282 2389 21505 17826 7044 31363 22724 13493 17276 23368 944 18051 26520 11938 26073 14757 13979 26774 25152 26597 23228 9170 7404 18685 344 23185 24637 4770 2788 9919 27774 6593 30501 19805 26041 22793 24995 6440 21455 16553 8795 18549 26823 13147 26292 4704 359 21665 22196 1829 5121 3150 6772 20430 400 25417 21457 4367 32004 7566 24677 30062 31961 13685 30646 8870 27374 7223 31148 7758 1685 25518 329 26038 11494 13660 3988 15634 31578 15023 25302 31194 149 23171 19977 19568 28546 28649 9358 19716 2213 24103 3614 20405 11693 9728 22275 17400 21321 24629 4232 9022 17725 16715 5550 13009 28853 2703 18464 7423 10457 3160 6505 9595 6561 7564 13413 32000 23787 11365 23285 30775 26059 19573 19447 11739 13858 26088 17782 16411 4722 27146 30493 21824 10224 12553 30962 911 22747 25851 6721 13425 8973 7714 7381 17105 21712 5231 12398 22726 1010 2630 17008 20594 31516 21633 30169 7210 4447 9143 22389 31190 8208 29374 8789 30107 2774 15982 10365 32696 3585 27304 13277 6574 18205 30871 29571 24228 11207 29238 18702 27401 25280 12051 2662 26491 13120 22098 2986 15080 32397 16884 1386 10227 30667 10074 11031 22937 3606 10500 1463 8980 15566 13727 26333 30463 13874 22591 2009 22972 7217 24041 10540 21267 15228 29780 17983 8987 31968 9712 12628 15966 211 22312 11196 21816 6477 10468 20042 27264 5593 25683 22025 15722 5611 21479 10538 2732 21876 11681 10304 26848 10164 29326 8112 17450 5199 26514 28002 15642 19108 2916 11965 28372 24410 11738 2771 24686 2107 3175 27864 9625 19014 6114 17113 29316 19967 18312 5290 9981 19978 7493 1825 5338 21496 16175 8065 1431 14177 19027 23353 17216 4915 17077 28623 10385 9545 17554 18199 31837 19520 23272 2984 7212 6022 7993 22928 14888 7603 1675 26439 12858 3357 32691 15074 14960 10918 18131 16265 29346 13017 4642 20267 5973 20790 31723 1136 23519 8649 19929 26864 12236 28930 4465 21410 29569 11712 
2528 2967 24607 16815 31479 744 9898 17364 24948 15853 2667 14694 131 15023 31378 22752 26756 27808 28448 852 23311 8330 3332 26626 12341 23750 21892 1577 8457 4526 25823 285 7008 11860 1073 31386 724 28021 4758 26456 783 28328 2450 4575 22342 28635 8369 16285 11011 15104 21610 11318 30760 7172 21577 20251 1585 29441 7246 8030 28345 14004 15760 18885 19263 31537 6693 3357 28715 20693 6214 12496 22796 3965 4271 18874 10788 25077 31813 16697 27430 9652 9467 21123 24382 29382 24054 29245 7762 24585 1776 21577 21384 22428 24282 991 17672 3989 27077 16863 2307 31474 28162 7525 3060 18131 19592 31390 19493 14310 14487 31707 28277 31778 4763 228 4186 17592 27219 12431 31522 15430 27698 16529 7294 11598 15878 28563 26688 27880 3799 25993 1892 23987 24082 28223 30797 7953 15847 16948 1106 15508 5359 20908 11897 29107 8978 17921 32642 21954 19880 11578 21288 1057 30430 990 2723 5299 25691 4363 18545 30865 31012 18626 6486 3840 18109 10373 11938 1697 14738 16932 3506 24296 25749 26836 22713 7631 12327 13441 5313 3532 28732 20325 4332 6144 9658 16858 21248 3761 28451 12396 11554 31738 27764 16435 24802 18625 6733 5472 29560 20458 26705 8213 5965 12746 3792 11130 20158 31711 26532 25357 11292 30910 20056 16953 21239 15436 19344 8747 7836 16433 4004 23009 4572 9354 143 9347 29711 26846 24328 16887 16217 12628 18158 1456 17452 27683 3817 18374 9742 27465 19279 27724 5533 18048 30788 29918 27600 6510 3878 20601 2687 29212 2856 23951 9766 937 8508 21083 23782 28992 12087 32627 16076 17735 9775 8348 11094 26841 29736 12257 10291 12151 12528 28391 5451 19194 4680 6779 25087 15308 27460 31853 10162 4440 15093 20385 19848 3775 3653 10851 6509 1997 14625 25339 21082 2603 10974 8833 22483 9942 25045 6643 21173 28623 16977 3461 25390 32277 21676 10808 28685 5072 11956 22958 31548 11983 3155 2109 8074 7988 23408 4418 7086 30318 16144 17848 3721 25192 19905 16649 18604 18688 3896 35 22298 14267 32057 28367 11087 31671 2999 24382 1153 30177 31805 8165 32293 32615 
140 9100 26549 29297 28806 28577 18865 11020 5962 17617 15332 5222 23457 13786 28904 5697 18329 8346 6892 30370 13167 15724 3509 969 6066 14517 16867 6758 19110 2746 7542 23562 11495 437 9616 10716 2382 12839 32124 14221 11288 16751 22256 19086 30021 16028 14223 31104 27199 32128 14258 32748 2748 10245 7784 31284 27877 31173 32444 7625 25784 22996 14902 16799 15019 18144 3236 19166 13714 18813 1305 20955 31682 24762 4151 4934 3959 7416 30634 421 27251 23804 31477 2816 31976 24898 25969 26334 5016 10644 17810 113 26939 20700 10605 20750 26401 23351 1143 16096 22808 10826 8848 21468 6288 3033 19520 24823 29437 5781 64 24983 20349 18742 26172 13128 22459 8138 24279 30129 10259 4941 21744 9926 19191 14201 13347 20287 913 27359 10387 21320 11177 19767 3047 15226 10442 28661 9107 2570 15520 29981 5209 28736 13477 4183 12047 30763 15613 7750 31394 30356 23197 17942 8027 22832 20659 22868 5985 9497 30018 26115 18560 14719 14605 12012 27432 10907 26295 32309 25273 18661 23848 1589 27389 10375 18739 17543 16118 15633 8821 7005 7387 23918 28544 5399 19293 17431 5433 1557 1070 24454 13694 201 26564 1774 24844 20496 24155 26409 8352 27586 2617 15346 6493 7047 12085 10580 20590 15341 13178 18786 20972 22968 7561 16937 16130 6010 13181 30691 1871 4451 8083 12142 20875 13145 15849 13564 22382 13643 30598 23307 14541 12739 20123 26008 2567 2747 8 13711 8607 4274 24098 18567 26922 8191 18612 24748 13676 10340 26180 26876 27070 21222 663 27063 27314 14812 13943 8464 9210 26439 15539 5161 9606 3425 6248 11326 7149 11641 28799 13345 10254 8445 17527 18918 23031 14553 24164 6367 21254 26367 9784 28619 21325 9799 14914 1866 13883 5242 28916 3220 8825 29353 10217 17515 28947 32708 1063 23118 4056 24936 1953 12272 25347 3831 8192 16616 27163 29422 4770 28330 11287 13939 27107 18614 11974 27438 18332 9487 32110 1882 16618 7407 692 26652 10033 16825 14779 19987 25184 7727 31376 2096 16502 22501 26054 16584 24133 1269 13149 8423 3445 2549 26857 15848 23501 5158 15087 1346 
8110 1006 7571 6821 11744 23433 18544 23622 7314 1531 12744 375 14235 2633 17629 1914 2566 32488 22430 24727 8398 20854 9094 6508 27366 13992 17858 26757 23164 22148 2706 23596 11135 2256 2033 6786 29535 13770 19320 26575 24084 12057 8064 26391 15457 5380 11143 18670 18266 7138 29653 23692 15652 17873 31838 14116 15100 25771 4843 25970 30842 30774 1141 23444 18455 15515 16849 5914 238 32026 14227 10080 13759 32507 23852 4124 23865 6344 16213 14899 20345 18873 2481 26321 15566 25968 21421 22712 447 10214 13484 10200 31823 17830 25441 29472 18047 19513 25723 25749 31253 26337 3208 15265 24988 23434 22803 20909 15020 21501 25872 19698 28011 18263 31867 30091 23892 6073 4923 24783 14135 14402 9036 26335 24705 28474 13853 5755 27582 2192 7479 6938 13916 3207 7712 18745 5042 20140 5503 17651 10561 26891 21888 30418 24633 30626 17274 17125 4159 10262 30928 13842 18285 29093 27413 7598 21402 2396 24435 15691 28892 26250 11597 5841 16716 27508 5155 30929 29193 1610 10422 18197 12672 24154 7533 12668 23274 24964 27128 19717 31509 17902 5683 17193 4712 21497 11341 2926 14370 3187 5673 25401 738 32526 27140 30691 23148 25872 27225 30480 5802 21581 15617 31036 4081 7762 7583 31383 1158 12260 3899 22035 30561 1193 20781 30395 27696 804 6973 13126 9375 21735 25864 2028 17111 3843 15526 8824 30020 16068 28809 29855 3996 11931 4264 16528 13597 30556 2781 21452 30742 12713 26252 25656 4776 23470 25478 17264 7374 18192 45 23647 25499 8991 10968 12045 17859 30547 8825 16055 14685 8694 19069 9765 24295 12062 30195 17976 17803 7134 28145 17091 17568 22973 14131 16795 3700 9831 23302 8178 24649 2979 14180 4576 29597 7045 6753 24643 5295 15589 11462 14537 574 7184 28667 17483 31380 5052 21290 30557 6595 8770 9121 20771 27951 16135 23672 31846 24652 9275 6516 1766 26281 24775 12588 8946 1838 18048 14954 10039 11426 2209 212 16598 24431 7800 11468 3001 19626 15967 8852 1318 15950 1262 23734 3220 26824 7279 17827 26302 12729 30866 21658 30455 21495 31331 29131 8893 1237 4216 
26045 5008 32420 10095 22509 19205 5241 32408 8376 15638 13105 13550 29306 25788 29619 8780 7672 1728 8821 20701 30203 5837 24642 10965 5694 29387 16442 12382 4490 26728 1818 18901 19232 14583 28605 2615 32599 3966 6371 30166 16262 7434 50 8529 25892 20294 11898 15554 16430 21836 31037 24377 1225 26299 32111 9834 15401 266 14202 32418 15537 3868 23685 9984 27996 12052 22774 17889 22619 2666 6197 8604 20736 29759 31155 20848 12506 16877 5932 31418 28706 4579 16425 28267 7509 29872 20168 15034 30755 11357 14783 1302 13192 30208 1951 16479 9017 4494 1878 4949 22593 31729 29176 849 28908 3930 22975 14131 8164 32217 2640 26267 11930 23083 15935 18780 32487 8915 19926 6957 20468 876 15122 1954 19031 16445 16111 4699 6014 14 15333 20348 2129 26682 14771 92 3859 16134 20059 26754 4233 2097 6254 28365 20575 20428 11913 24306 31943 5964 10272 24364 7523 6366 9082 28206 26981 21754 27901 32093 18677 7739 11180 31548 1491 5998 14062 25127 28477 22505 31121 8005 29971 10782 1550 26040 32313 6255 16399 16918 32317 15428 16174 541 3641 859 20224 17570 3323 24416 12370 17867 2660 5054 32690 15230 526 5556 25906 22041 10545 12971 29032 14692 21448 28871 19385 452 13551 23996 5592 10673 32400 16355 10377 25449 9278 23949 3499 15078 17761 20119 23413 5134 660 3134 21760 22827 16971 13109 29701 28058 10425 11253 16361 14535 18161 11605 5622 23897 17739 19802 18156 28841 3337 5200 11704 18041 13626 17945 9091 9443 14047 21958 29934 29839 11341 14180 15516 16681 8146 1048 18162 7698 11675 9327 25370 17238 31957 29935 17742 30431 21523 6386 24147 5608 19696 28596 19523 21172 27381 24490 18576 31359 6589 27669 14150 22453 22102 18648 15248 1122 2027 24710 30078 16617 19360 192 19717 8954 14270 8382 28232 12478 23056 30251 23317 15444 30093 19510 13747 4993 17206 20710 10459 22435 14914 19629 4356 4583 9081 30785 19172 22460 31710 25767 19251 5000 27280 10640 25522 17817 19954 19945 22892 20830 9226 7854 12347 10967 21031 26623 20367 30794 4039 17525 25707 31800 30903 30390 
9392 23439 2684 327 22430 5153 4338 28834 18328 14165 17971 2953 295 15644 10682 23961 834 807 21193 20514 17613 19544 16903 17718 13151 21622 30318 26880 3912 19492 18788 11607 18643 20756 22056 9107 17096 13944 28784 10400 7733 12729 28241 5969 29550 16236 18782 29942 7251 21634 23316 19504 29649 12222 14454 10756 11948 24429 28916 28975 12667 20305 13457 30649 2036 29406 9541 8909 24937 24489 22432 29896 13971 27677 18097 16784 31887 9839 16166 32039 2342 14293 1460 22656 3153 2035 15546 8337 17148 13462 19745 5033 18187 12709 22150 8452 8347 9557 27291 18077 31882 21659 6090 323 11321 13287 1820 751 21136 28687 12634 9045 25155 905 28530 16057 20820 11230 27163 30468 9690 21339 11452 2839 16384 17162 24458 14431 1360 12513 27889 23209 20786 32312 5686 15928 20143 14977 15194 22549 8059 15923 23105 22695 29747 29191 2324 19587 31203 5735 28643 16261 16587 7971 1423 5664 99 30567 5095 4338 23708 16874 18193 11932 4201 26983 19500 24528 8574 5457 17203 16812 343 22211 2084 21062 16253 8630 5986 21384 12549 26230 4440 20542 12633 24407 8544 30573 24635 26275 19427 16870 262 26840 26561 5660 24375 18192 18163 24115 23597 15809 21103 17497 2605 9126 7499 2393 30889 5373 13094 10605 5570 24307 9668 17236 18699 16221 7672 30117 11152 19624 29639 9827 279 6675 4554 26833 22181 27675 10196 30088 27204 4407 28885 26822 16388 12998 4094 15113 2112 12870 18726 10205 15138 26310 6253 30450 3433 20126 27935 23409 8810 2397 3035 23952 8021 11779 23540 613 954 20849 9239 9719 27468 20765 31278 15259 7396 13834 27269 26750 2761 17400 6699 11390 10286 2264 26780 3390 14332 130 21660 30585 30930 8362 10342 19094 21066 24848 12550 17021 26495 5112 1284 13226 13004 8922 7746 19839 3798 858 19239 22239 20684 30842 15101 6392 22509 29711 10648 27744 13899 11378 28217 7268 22223 14967 29106 5277 17534 21411 20426 3268 30458 29849 10210 9926 18508 4054 24793 13083 30688 5278 25646 3924 24273 25142 5220 21236 14696 31572 683 16001 10719 3540 10172 8411 22634 8876 
9221 9932 21624 2594 19206 18655 6965 22589 32251 19318 26452 1401 6587 1303 11789 1982 31712 24327 28001 30611 25384 17434 12197 5520 12059 29129 26686 17425 17134 24453 3498 18738 4008 12363 5312 27895 2435 25209 12600 18378 3221 12768 32621 21803 29871 24602 31586 7843 27782 22301 26883 4857 14352 23057 4526 23977 32305 14431 31474 21138 21911 14091 31383 16879 6371 9283 19422 18568 17929 18744 2569 28714 27897 11820 13342 13396 29055 25804 7657 16179 9319 19649 29248 29392 30694 1666 10891 4745 21301 2156 8067 8382 18815 2580 5945 17612 14333 14812 29786 19775 3936 28868 27314 8771 19567 22659 23792 15452 25585 14295 18345 29527 9677 22809 23967 14721 23408 16148 14658 5910 9583 7191 18295 31228 23661 16201 20377 11697 31040 27709 15549 3971 18511 20678 3131 21247 27710 3341 1386 27307 29646 480 7850 26872 1790 22861 13224 28018 28535 32112 28893 29242 38 29065 6232 3510 8235 16721 958 31879 31986 31375 1935 1979 10143 25830 7082 6980 8624 27633 27924 8361 7389 28562 15605 29180 29251 28294 12515 30988 5314 16189 30819 20187 676 19177 27565 28499 31359 32470 1968 21812 30556 26617 27478 4689 14360 11467 14857 14332 22027 22872 1910 9151 12008 12690 12433 1101 9700 32236 17881 10935 27 1572 27357 31715 24623 11872 20223 5691 9522 27261 9080 32674 12486 31652 12956 28588 22658 11294 31839 2574 1688 32105 31769 7507 19893 31883 31622 14801 29737 12454 5905 13532 14920 22477 22354 27705 24592 26134 981 24021 11788 31472 4893 26551 1399 16567 23528 17460 15269 27270 27573 5730 17567 17485 9860 6863 28942 2339 5085 20594 17242 29661 32019 11745 8210 15839 16586 14021 23951 50 32695 1419 30420 10967 1703 7517 26041 1627 6595 6225 26697 29612 1298 1504 13672 24107 5695 3481 25785 5122 25501 10774 3518 30904 1128 4144 25153 17923 7758 5743 18419 20189 27693 12484 13652 30937 8735 21627 21970 24504 21172 22635 14645 22327 14718 9584 4666 16172 3795 19227 18558 24017 18638 19623 24990 13408 28055 14895 1437 480 23268 27167 8838 26686 9920 26345 29522 26527 
32140 25849 28171 9205 8515 21738 23858 10448 28162 26106 10335 8056 1991 3259 4135 11064 5496 25100 24898 24572 11560 28232 25325 1823 21911 13501 1166 9854 16631 4960 3735 32209 9462 19134 23212 28219 21496 16950 22280 31 31652 23654 22813 31542 11427 28643 890 17630 4004 14381 17138 30901 27556 21218 9979 28519 24940 7473 6484 10180 91 1426 14571 17942 6245 9652 23549 7601 27996 14519 32127 30923 12142 16796 6589 4750 23792 30202 15937 30572 29018 16626 20726 16307 1426 29284 21133 22625 17773 28259 8224 20025 24179 28903 30741 20246 19426 14786 17990 21888 9206 13526 31582 12925 19048 29316 29574 27049 11316 1128 12354 5001 26784 4675 27029 14877 2938 15160 14956 25524 15521 5948 27706 16388 2247 27848 9695 11130 10100 28368 462 31951 25166 5881 20335 20700 409 28679 962 18607 25082 25748 7494 28126 6016 26120 32537 12571 16868 32709 1888 14089 30224 10914 25833 26447 24799 29851 28687 29162 1828 20679 2782 16071 18157 9098 19576 31633 32265 24331 31671 15304 31175 17384 7444 24339 5121 6697 6088 12759 8537 30323 13873 31752 5315 24446 1398 29247 31812 26569 22638 15629 15097 3981 29118 2704 9306 751 6466 24131 23744 2169 8367 4890 8997 13259 7030 17359 26667 12430 19947 3446 22112 14762 6054 24664 12225 4281 23849 21246 9341 2491 13508 11148 1787 32523 23222 4945 285 16786 12437 10395 11975 22842 19440 25296 16795 10661 22578 31930 4615 20256 20425 22819 16770 18386 20616 5538 21010 15673 3914 16308 22290 472 11993 24590 9010 5929 32270 20530 6079 20441 24889 3649 31013 25140 27330 784 27826 32479 26385 28285 924 16325 24492 28164 30534 851 22943 20877 31423 2024 21281 12936 17803 23431 17524 316 15271 29648 10253 31836 22215 558 19957 18140 13538 22609 32367 4098 28656 28895 12251 448 8947 28774 21466 26945 16436 12950 32691 19906 7375 14253 29686 27043 21873 1586 18271 14782 28769 21734 14588 5879 24765 4344 28050 3604 20231 5240 7230 27088 19168 8462 28248 9002 18962 29420 5788 11267 6356 1 25484 18408 8010 14191 20752 26413 8268 21824 
23904 14395 21864 7764 9507 25386 3114 6302 2777 9107 10394 5009 28022 13471 12551 5332 12879 17252 18179 32061 9786 23410 12719 31229 31217 424 23865 5656 23992 29005 29602 25 64 12124 29381 22531 29898 26654 25493 6538 17551 19198 5798 30339 12128 22682 2543 13722 24458 22294 23502 26947 5372 24757 28492 4851 2988 16554 9635 1679 8502 4651 20733 8741 32198 21960 17535 11738 17465 28923 9606 30755 3455 19456 25136 568 13124 486 28959 20678 11727 22247 15993 13540 2346 26869 27187 8521 13699 20117 15248 24508 14034 6128 28132 15051 30652 26151 15006 28608 17335 3304 17541 31953 11376 29247 18498 8087 24170 8366 13855 6082 10471 16255 6414 522 15627 25945 28397 24425 26687 30994 22024 7303 19924 5316 13280 11638 25576 7971 14635 4511 14222 3853 26395 21500 15401 3427 31203 23432 10777 26904 23672 8180 12442 4487 2452 5788 32488 2826 32257 27577 26792 4552 8212 23512 10627 24270 16504 16779 3092 17250 6188 11102 30724 3731 26575 3596 11123 28949 7196 26355 9114 21324 7089 25286 30895 20903 8724 23682 12553 21295 19447 18595 20357 28256 14523 24727 8488 4151 25908 8819 3590 6540 9132 30949 29026 26274 21802 8041 15638 29949 18420 5824 27702 7027 24402 15775 2288 2182 26773 24996 18870 31473 16728 23693 2464 26753 13062 4524 8203 1830 10140 24470 23431 27722 7088 23068 9200 13921 29107 24700 2010 29890 2675 25560 14642 16821 18147 29158 15651 17101 22303 22506 21303 888 31403 29153 22463 24020 5627 31231 9588 26052 16697 27740 14942 2628 13378 21227 9205 24825 13298 3499 30343 20492 25761 27425 21465 2617 9709 9477 17681 4387 23482 5436 27603 12779 18552 14086 20139 12288 23717 18553 17579 4665 8082 8238 17493 17953 5481 2874 6587 3474 18031 18271 18404 27269 19335 28036 6514 32040 1016 24675 9346 2097 22639 4994 17876 3954 12104 15972 22316 17582 30217 20480 9463 13996 25647 13938 26418 30345 23342 20209 16776 10066 1971 4609 3770 11219 10284 20457 31556 26281 7306 4456 13118 16543 9029 28836 10112 26935 26529 32355 11785 1414 17713 1917 418 16709 
25753 20114 25790 30246 5527 3576 27557 23908 2629 22007 12753 32670 22424 6969 32408 22245 24365 2428 7436 22292 1605 28298 27424 20575 24078 20843 25612 24623 8484 2521 10738 25646 10839 27636 21185 9117 18607 23607 31834 8942 5293 24491 27633 21903 10964 31834 15542 8708 28520 32263 25013 27704 16246 29468 32507 6677 13076 30180 24059 18002 21738 5626 304 5516 29425 30210 6915 24985 27771 29078 27630 12057 8564 24451 19426 8525 26343 17462 25318 24621 9411 2161 21762 9396 224 2115 25947 24447 15165 3638 21663 11670 8076 3786 32419 3978 12272 14370 31563 5824 27909 10750 18091 32012 24353 27113 13419 23169 17625 26548 12912 28040 2759 9762 7864 10544 28811 23525 13446 32197 32528 8393 21696 4004 13329 31536 11669 20557 1755 25022 1378 11706 10836 1365 11479 19440 12348 30532 23638 31955 29107 32699 155 27198 24827 14467 15010 9811 10368 16363 5829 5648 15125 6150 16166 27171 14721 1555 11596 6656 20794 1597 7953 5424 30832 10117 21179 7916 11085 25596 20073 2026 3708 18741 14001 14967 6888 1274 30855 19654 14022 10814 19040 3464 24533 16979 18584 16060 19172 32349 12561 29385 7318 7431 542 16330 8034 22644 159 15657 6877 28793 26989 32623 12348 9481 20984 1626 24596 13552 31790 20785 7525 13508 8607 3412 4567 21017 31199 4887 30531 22261 44 9424 10869 388 15441 9263 23345 1036 4810 12750 32115 16674 24617 27401 24571 6175 25529 14864 3081 21966 15712 27706 21094 7527 714 669 10659 24001 12227 28891 16805 9923 30181 15934 28770 29468 12148 15624 23525 14899 31110 19460 1432 24161 14695 22113 6850 19295 4411 1472 11855 22778 2021 23180 16336 17934 26664 7818 13250 24497 6924 26033 8467 10415 388 4411 6114 5431 4429 2300 17799 11987 14617 7923 6611 13469 20461 20767 20888 2993 5064 23955 2668 5086 31621 23757 17323 13473 24578 22084 28859 13907 16514 832 148 15265 9808 13294 32383 28477 27558 2740 12317 14803 27084 450 21676 5183 21124 28394 27014 18941 14502 31153 6122 16352 3080 14246 12287 4871 3232 25330 21782 9230 30957 24369 16176 25217 
31634 128 13760 27798 7237 18647 10162 22299 14311 3994 1195 12717 17396 18282 15251 6955 24862 22081 593 31338 309 13246 19157 12074 9290 16829 2396 20297 28948 4907 12271 17463 11411 5401 813 23722 21746 19982 11339 9875 25522 10146 11353 9552 31493 30280 5319 14371 632 13164 10535 17635 30421 7614 20020 31473 29000 13261 27156 17006 10688 15575 6618 11179 30872 21471 24655 29409 7031 10497 12786 27683 16757 27907 573 27536 8831 6956 13866 32205 9724 5465 8182 1203 23728 17997 26661 3140 20961 15945 1990 27620 30649 32220 14328 1990 13036 25341 31405 18084 18843 27735 8366 4019 14711 18148 28896 25814 14633 22973 21701 27921 26866 17457 11845 833 30350 532 15023 7435 14431 10841 9979 7699 967 31716 14674 27502 17110 11417 13264 21337 3365 11961 21640 7467 18433 24686 5832 21896 4556 22948 6559 10968 31905 19483 20381 28151 23607 10682 23514 2862 11016 1319 16441 3939 19122 24724 16622 3468 9117 24284 8510 30826 26590 2766 7558 17523 32091 10440 18047 26128 21296 18057 8640 8 9810 32064 13189 22076 31090 6632 21934 22678 17445 8152 11 23100 7489 22934 26070 18697 25738 27629 3201 31037 12174 7999 16307 22899 32205 21276 1677 8916 30749 20498 32305 22923 16205 27591 15749 12664 3593 13126 9780 11049 12797 3991 18166 32006 8254 6290 13074 7371 10469 2548 29473 32060 3581 3763 29460 21524 415 22159 4472 31806 20315 10730 13305 18503 13530 28633 1317 22804 11714 23163 16243 19664 14042 11658 10628 23081 19567 21295 10152 11196 10230 13083 1700 4045 242 32723 25523 20540 21784 28235 21962 18100 31665 2999 15392 294 2113 9630 21998 2678 16486 30768 1907 11124 10498 5849 28732 14349 28316 17174 13986 15555 11524 9608 11412 8282 23094 7495 12695 3540 22657 6520 30218 15008 29673 12578 943 23823 20169 27965 12135 26375 445 30988 22589 22779 29374 11437 6054 16666 10127 9711 18183 15047 5977 25443 32376 586 16274 5558 28872 28869 34 6973 18625 29801 713 22994 27565 22761 12731 27359 17689 29743 398 19896 32728 2895 4694 5166 20555 953 27663 15713 
13280 13490 23099 13013 18905 27909 10955 7112 10575 245 21571 31427 22646 29815 18202 18800 18722 5534 28255 1707 32394 6999 9123 27355 16460 7254 6674 13955 32434 29264 1251 20244 19508 23915 31987 7686 4158 31731 27052 26150 22323 27214 28972 818 25521 7986 13219 18339 25879 22549 22013 27850 30532 10725 8130 18718 20386 2554 12346 16597 15204 25417 3796 9393 21259 3034 6856 29469 1839 11900 7676 12152 27260 31927 1829 17329 23803 15618 3886 8212 31890 2358 19933 3427 32463 20803 436 25897 22497 30241 3861 9291 21223 4362 31402 3040 32622 15079 25348 17474 6196 26632 15746 13925 18226 11287 23157 3944 27354 31311 29825 8810 16542 13801 20295 7327 6321 9943 10560 16291 30481 9909 1260 5646 17861 6653 3373 22088 31843 2426 6381 26527 24790 28671 4615 15766 17758 4184 17253 32128 26584 26497 21094 8782 22080 3862 26498 4774 31860 9227 18992 23861 16187 1437 29703 3909 18565 136 24356 22930 26869 14971 5069 30553 12956 29129 14675 2995 12552 25953 11837 26913 25213 30976 27554 30568 22146 27045 14295 11167 5535 9798 27723 18054 13926 8385 21166 19737 17328 11029 23897 28517 22569 13522 16106 20891 4879 31950 9518 27491 18998 2842 6981 29042 7504 1844 22272 32095 20075 15998 30094 26546 955 28399 27480 2111 22170 10761 11049 20658 21453 25611 18578 30058 20745 871 6541 6283 15285 1142 7008 11086 17650 1387 7876 31132 3801 20102 32583 5084 16131 10890 27119 2825 6735 9072 30496 13063 3551 30557 7103 24375 18788 22994 13720 19785 20124 21794 14077 12881 6681 24618 13744 7709 18755 31804 24836 10438 24992 28508 9022 7814 7507 28335 29249 7625 24803 19760 4971 23431 15934 677 22202 464 10494 7890 3379 23721 16362 31980 16004 18710 20416 19280 25064 6776 29490 15221 7755 27161 29742 28191 21935 1286 21090 28630 32718 27677 4864 22935 6144 6758 15806 27081 8800 1447 11042 10610 3114 3378 2044 29099 27496 19202 12852 25938 25038 31494 21189 13054 9954 27837 22794 13112 32096 13059 15161 14056 6108 1579 8237 6669 12457 3149 22120 28337 22778 31713 15448 21533 
17223 19597 32217 20041 3314 27196 19196 12694 19243 7792 27654 30399 24337 9177 22204 2829 21785 6182 10462 28875 21428 16411 11250 17402 23852 20964 17986 30534 26831 14761 32040 23864 5968 3170 27785 20908 1642 7405 22432 6022 1990 26461 14077 16033 16159 18070 26573 9736 27556 10263 24667 28265 24734 12822 3543 28870 29010 4050 16215 3438 21545 22565 16923 26412 16654 16984 4885 24254 20248 7484 18856 25224 21865 15478 8113 26250 21334 20507 15044 6288 9160 23165 6840 9384 32737 14404 20837 7641 5347 28352 26540 24338 12622 13437 5048 30817 19785 26648 9348 31845 29251 26962 18077 16902 17882 2147 1578 28259 15356 32657 12841 23308 13388 11008 1275 11378 1735 29388 13859 11420 17319 6997 22859 15899 10887 28634 11911 31551 7369 31562 18398 21899 3893 17238 10247 18791 16098 14795 15984 31253 11610 22559 25733 18918 10233 6473 16430 17070 24214 17878 12185 25205 19814 17978 8763 8303 32284 28516 785 15919 25685 32149 6188 14615 22836 12657 31596 28691 31305 17239 4236 20871 28600 8430 7262 9605 23959 10496 24920 18500 1175 22924 25936 26829 21991 9238 17540 8184 32341 23618 13789 29591 11447 29857 9333 6641 6025 32203 598 4466 1495 7086 14469 24736 24414 25893 22591 4689 2030 25037 29058 16923 2578 6676 13007 19725 21747 28050 13871 31388 4474 9117 8052 12768 21173 27159 28609 3841 9596 13963 12876 27884 17236 15736 26211 14154 27795 29677 19117 6322 11717 20310 28083 22813 5199 14230 10142 155 5714 24406 24898 4677 12754 30364 19548 29555 1816 27551 28952 21295 29268 11738 13527 9705 26759 10079 15918 2412 7072 24686 23090 9488 10725 326 18163 23089 23701 9787 1862 22753 14796 14857 9160 27866 28070 19048 32031 5814 20135 2784 4995 17763 347 31199 26494 17361 32569 23561 22511 12013 1229 463 8533 2003 11031 2883 25162 13887 12334 7722 18766 3909 13096 16979 20422 13379 26430 22568 9796 24083 556 23939 13833 26757 27095 29891 23497 12812 25906 25118 16302 9143 21602 29497 28319 30051 13345 1269 6337 560 28768 7052 6462 16689 18992 16606 11078 13928 21730 7429 
28756 28657 20077 32047 11187 25469 22289 15533 22336 16386 19514 17479 30065 1969 19111 5075 17558 1577 7115 2566 14175 30442 4724 24201 22175 28684 6826 591 28751 25905 218 23079 14294 22200 13364 1933 15240 307 2129 13254 21356 8475 14873 4396 27970 7875 15332 1734 22980 13963 3295 14875 32557 29014 8114 27464 5368 318 5215 22353 19690 22150 18797 5301 3410 207 2119 7749 8336 12431 20703 53 32212 27840 2198 23412 3880 20693 4192 13113 6321 26354 1571 14559 9521 29276 13665 2546 7121 15919 31511 5258 25374 17487 8421 5591 13649 16544 29550 26366 2515 1146 6146 3107 14336 7767 25979 14791 14124 10703 17508 17493 8163 23495 23137 11767 21109 7909 1226 18094 26290 21575 26266 4770 18675 3188 3464 27319 10330 19602 29299 2912 6746 13274 22787 1464 6009 5450 21134 18127 13652 22937 26680 10561 16868 15728 12383 17678 9217 16343 21302 29093 9508 21742 17071 11842 2161 12509 10655 25722 4853 16141 22045 14613 26924 6553 9002 24347 26054 5375 9624 8497 19882 13340 8228 5414 1340 6231 742 11722 10971 16924 31211 7935 15022 13708 20256 18450 8097 22386 9073 6219 21930 5753 17203 8642 337 13469 6591 20085 8303 17632 2144 27544 14390 12606 9328 32556 9329 23778 8381 7123 27661 13978 26162 9955 16089 20361 8115 17593 138 18972 15688 24400 1282 13631 12926 31506 25042 10192 29706 19949 30973 12371 30896 19626 8447 27880 16739 8826 3597 24443 11438 18130 24735 21051 6482 9593 32044 24653 7217 3296 4404 30401 19818 22193 27012 25029 28870 32426 32182 14872 32083 7084 21751 18114 18510 28431 10253 9987 22342 32313 25752 22665 7551 27247 30103 28133 10389 31466 29999 2368 97 3374 11176 28490 15904 24471 32697 18036 7890 27189 15365 22111 5345 14810 19941 23444 7427 368 24936 17269 23137 21904 32408 25716 15865 18001 3071 1666 15681 19294 23146 20426 23565 13900 7661 27040 3506 7978 30759 29108 12652 32601 30663 2956 11773 28318 12623 9777 28823 13941 21785 18984 21244 12200 26263 931 11492 7713 30942 15609 5279 32508 5222 7508 4859 31969 10763 16297 
20072 32401 14168 21998 29018 958 5 3207 20463 17440 190 16897 4306 17605 32551 26370 23903 22441 23324 6784 23816 14726 1341 22066 32759 16877 16042 16196 23796 22934 1547 28495 9866 10997 21972 18824 31589 16653 6087 12344 5631 2185 29114 11884 8060 26377 20378 27117 10706 23738 20144 29042 5420 25641 28195 15125 25745 1113 10430 26372 17856 18707 23540 6777 20575 5501 8225 1772 16469 1262 30227 29063 12149 19969 28105 20186 4700 23528 10874 18128 31900 4611 26586 13537 28698 28081 25752 30858 15284 31335 22059 10746 11559 19455 18894 1807 6704 29522 5833 11392 1266 8456 17907 28508 24472 27311 4725 27315 13115 26123 26576 5522 11782 3757 290 30005 23704 10695 3493 16249 4777 7231 32376 400 18161 26370 24994 7928 26181 15771 28244 15534 25092 27396 9838 27807 32177 30908 12613 11615 8161 19481 21411 4637 10840 11744 10512 9943 7535 28691 592 25802 2745 9738 3373 19245 6885 8901 10615 28702 10982 12673 3912 7645 17490 15497 10892 20536 29960 22095 20417 9798 18966 22715 11772 7256 29146 3779 8749 8749 18791 7228 20387 24933 22825 6128 8659 18488 1229 3056 6997 11368 29275 20524 5679 6772 27813 29504 22870 9487 17637 9617 10098 18640 30626 23193 10978 14379 6355 5247 25344 9120 19271 3563 30374 21042 18244 13848 4081 7707 13423 13099 9540 10686 23275 24259 21392 24797 28613 28881 11731 6668 144 19626 9695 27750 16972 9306 29277 3454 18317 26171 5649 19353 25049 10439 27744 30746 12881 2219 24335 22077 11667 11548 10573 25096 5856 26222 19444 895 13946 6883 5900 536 20304 30145 27793 19566 6109 3239 8309 26681 14926 28448 6633 7806 8163 21625 6617 14339 2967 23504 19125 24070 18435 4718 32119 29486 27776 13399 14306 30914 32140 23326 30727 21529 27759 3838 20750 2130 14878 28199 17715 14405 16735 24150 271 1208 27694 31912 23577 6871 22623 16304 17004 1758 12166 32711 27595 7961 13844 22947 994 6926 21954 7980 10190 11001 10035 19082 23776 9080 16084 10115 25758 4488 16648 9988 4619 19120 386 4349 1065 19836 12785 2162 27067 1581 25571 5584 
12879 19375 25059 11133 20604 10443 9189 22706 29033 17822 25317 7821 19854 1354 4042 7010 30399 11243 12688 83 18278 8397 28326 1312 22288 8412 17813 20032 6187 30043 14563 31024 781 729 29239 17163 29241 17505 8381 32091 5086 1778 5836 17710 5281 31022 27335 12397 26524 25430 8001 25962 20391 7030 5732 20664 3542 2525 21651 27967 22851 20944 22094 21135 1037 29312 32086 32117 29088 29753 22802 1740 16951 30171 20018 15510 22432 11918 24978 20812 5951 14258 10849 5490 3414 13077 12162 28525 21892 8553 13362 1433 27787 31989 14316 20119 20310 27786 11657 31716 2874 8889 11692 29360 9084 15683 10333 18157 28691 14545 23028 27814 22960 19685 1849 5010 5884 17425 17609 24809 20256 9319 19900 31606 17803 15408 11652 7662 29423 26337 16664 9088 12173 7754 21331 17069 21171 11281 22678 27226 27523 3935 3509 29987 30453 27353 32273 9971 14112 3794 13569 10449 4021 29630 7799 30461 3020 14570 23264 30012 28899 31595 2635 7536 803 6485 21198 31851 24294 13613 9765 28933 2935 3488 2717 24940 11032 32116 27441 23228 27722 14272 13042 20176 8264 5208 14252 25687 6869 140 14278 3370 16183 26642 28522 22237 24196 10816 2278 10643 19228 28542 27730 26903 17783 29436 12915 11305 9761 5280 16096 32278 26882 18243 17763 24204 32227 12060 16034 29611 558 1148 4095 8799 18421 3772 27324 238 20022 19316 9827 22477 3678 5614 6757 9400 17163 25307 15105 21505 3094 25668 32103 9257 5073 10691 18206 26541 6541 4338 27811 6434 1376 6692 851 30084 26917 30035 2698 4300 4803 23386 12301 6336 5043 1892 13221 14863 25020 25765 11789 23453 29953 17480 16142 9244 1854 12200 26345 32220 22607 10946 3829 3300 7154 31467 1417 19265 29901 17854 28956 16286 8371 7257 32427 533 14883 18121 20316 837 13073 25538 26976 18853 27881 12435 12317 6423 4562 3418 10125 14529 4912 4468 1761 19224 29036 17464 24171 27709 12535 19941 21690 2701 8332 13528 16135 11636 21686 31491 6352 7809 31891 12186 7874 10432 29655 18703 4316 25156 13843 23361 24530 13315 5944 32241 18863 5095 25943 30581 
10687 9505 22442 32688 32684 12993 28376 12097 29159 14467 10869 28411 20297 28140 14280 31637 21499 1942 32210 20899 13715 8905 10891 5573 14975 3914 9583 19743 24743 27512 2873 31241 22350 18068 5871 28935 20537 15713 7198 31227 27668 17645 30311 4505 17937 6062 4666 24348 25298 30928 29410 12855 1673 16846 22978 7503 13918 28224 29406 32743 26897 6644 10909 5468 10976 9535 4301 23506 14507 29589 27879 26478 22102 30808 26516 30150 25711 1518 28017 21909 30992 4886 12047 30388 7 27260 25151 13893 9781 30859 10380 15153 5172 11138 16136 30422 15421 6602 23372 7673 16200 25223 22970 11778 11636 31853 8453 21096 9642 26324 24308 15978 6269 28943 610 20224 12885 3066 5770 2321 12493 22995 25473 18406 10073 28747 30724 12255 30508 220 116 14692 32345 23388 3871 26655 16952 32467 14785 616 6411 11402 12363 23809 5857 12644 12514 3844 16827 22897 32043 8729 20718 16833 13510 4844 31688 31862 14616 13791 7030 15133 32334 21500 9253 29503 28062 5165 14696 12594 15568 1199 25050 3381 24318 22724 7684 30397 29336 11944 26241 18953 20650 29127 21855 25596 8546 11565 32457 10284 6605 25150 15587 11575 18145 14247 29430 854 2496 5268 3021 18740 10555 31780 14175 768 7317 15641 11182 26560 29578 18901 27886 6377 32656 19586 24810 30765 8797 19344 12708 3989 26025 29284 17211 16335 16437 21070 16658 10441 11276 12220 1583 127 29193 12206 25825 19473 20121 31082 4518 12056 21442 8305 13643 17722 11365 27313 27221 14844 9408 18172 10656 4824 7222 1977 27206 24464 17491 13786 30914 17601 20747 4110 18774 5307 32322 2615 18858 27280 3730 24862 30133 31595 10056 5733 13280 4643 11695 26814 15465 26896 2450 7259 4102 22046 28924 10150 16844 32031 8514 6193 6222 31846 10563 17392 18953 18321 10479 6822 22784 9382 10758 11165 20899 32610 30242 13210 28917 1741 3576 18192 30190 18706 9691 27796 8734 16782 19330 15249 11668 3367 6410 21309 12798 14559 6462 15819 20754 24232 16663 5091 6700 1147 8831 29775 29496 29092 15450 9207 2258 28256 3015 27151 2476 8617 17059 31887 12592 337 
18256 4323 25959 2126 25012 25828 27674 10069 14724 21512 31543 9130 2498 19669 10357 22582 11652 15004 31803 3290 27128 14179 11199 22531 6565 6691 15979 15998 7411 13620 8836 1422 13294 22789 29965 27452 9543 28432 233 14575 22171 16653 14657 25660 14840 16486 13093 12799 13470 25068 25206 4011 25346 25032 7683 5854 24089 948 12018 28473 26066 9067 28514 622 5349 10589 15438 13978 459 14248 16052 8918 28941 9028 20471 29192 31938 3453 32131 26624 21843 12711 28591 15552 32642 15117 14311 16922 13227 14122 18954 1921 16969 30748 9489 28697 8635 31573 28402 28432 2377 10388 1987 24113 15714 32019 22563 8886 28967 30466 24278 5214 24878 21813 16815 23232 2943 32538 26035 13535 10467 10477 21115 24318 19295 2095 25818 2742 17915 11348 5312 7493 16839 20412 21086 10281 9248 13540 16011 20462 10800 25566 16999 5444 23988 23550 19006 13396 18178 3543 10159 3668 74 12645 24333 20825 3612 19596 25605 21101 8490 32193 2433 19938 9552 24328 10445 486 16849 5406 17400 22359 12004 24311 10110 3288 1135 14699 20259 6180 26130 27436 4642 12706 12391 3323 23175 15930 2952 25115 27610 2920 1746 5382 31997 4494 8681 11360 10583 12431 26364 19497 32051 6809 31307 5942 8546 24898 17126 17634 27176 22743 4279 16129 19798 17904 25538 23573 947 2376 14508 2501 22944 15820 32378 31626 29436 31986 6556 12716 1606 15692 6186 27757 21249 32605 31597 24451 22365 15531 15009 14796 2323 19733 25337 21822 5521 13927 30948 8989 27991 6700 32399 10352 7841 13764 17323 7861 17222 10422 25200 3284 1504 30023 3554 27730 557 28491 5459 11975 1205 3387 16681 14226 28077 20360 27873 7627 15132 12847 596 19065 32316 23694 14905 18181 16419 885 17900 20463 6562 12673 18030 32704 622 27045 13484 9792 7037 22538 7940 8168 30899 1305 24581 16794 11710 16086 12918 11408 8767 11375 18074 7827 28970 16404 15539 4717 22383 31498 10437 17568 30170 14331 924 28760 27191 28561 11536 22687 955 11075 25480 29136 5791 6766 21693 16206 13070 32167 11201 14709 17217 23632 16447 20433 21737 14441 19204 23438 
4557 13481 17342 5680 11188 24781 19460 26757 16261 8241 19351 9687 29613 24221 8680 1893 21953 1889 4314 31765 15204 29348 17608 8291 10860 15609 7626 29341 3136 15667 7732 5970 12420 3195 8800 16904 25337 21663 17838 5677 6302 22701 6344 5200 30748 27585 3371 26513 16736 18971 14819 10070 22666 2164 23957 24896 30726 3474 16835 32606 19960 18971 25420 24224 2270 8871 1074 10638 6001 16408 2720 19257 8139 14894 20780 3698 29135 20566 19545 15675 30918 9411 10592 21627 28742 11712 18992 8182 24664 20805 17075 21115 9433 24264 15187 28255 1057 23381 23741 4651 6371 21473 10468 32146 4948 10716 25929 25254 5520 3589 31355 22347 12089 7554 27865 31467 15457 21808 21151 9323 11178 20280 27425 11358 28587 32483 15185 10105 8086 24239 21383 9543 2840 17570 8834 18206 17793 20702 31146 17234 27685 10870 9879 10408 11266 32384 17879 30222 19107 30059 13036 23177 13892 4755 14741 12654 24886 12819 27727 3797 27781 6362 17434 28747 26073 19202 28032 26055 7322 7261 26324 18144 21079 12112 21432 18492 19049 21988 10721 1356 31955 2330 6943 21046 28781 27263 24727 27155 66 1025 19283 19803 4150 14849 15870 25757 29932 9129 29672 15220 4838 15744 14673 26550 30958 10811 30947 28910 31157 30167 17024 19469 2235 3812 12094 16220 24174 27172 18096 17077 10134 1108 18792 12275 17392 13898 1209 22439 22553 3904 5058 19981 13998 10608 12711 1086 25778 11489 290 422 15664 29824 27963 20921 30753 2418 1875 31202 6287 26793 1639 3004 1531 18101 19347 10117 21757 17885 4053 720 810 21103 7956 18297 10810 6484 17505 24286 28267 19687 19324 32076 11296 11272 15258 440 10446 32619 12133 32176 19224 310 28229 31121 7737 25292 10974 18681 9379 25827 2778 895 15845 13789 23528 30114 9170 2645 6660 7680 17120 9208 11002 2761 29134 14998 29477 11122 19594 31608 10109 27310 13905 4853 209 9370 18200 29760 13392 19767 10283 21380 21838 23326 9236 1587 1093 19055 28094 15771 3866 19467 25306 20410 26274 29955 19842 595 3429 592 26908 3137 25506 1220 11906 16652 29843 2368 11104 6842 
10481 4392 26845 5607 699 28436 9597 5144 17972 23496 26181 14413 13355 22375 8993 29141 14718 10979 4740 10598 14305 7608 22606 17517 19420 13274 7154 29347 13331 2027 18904 31201 15818 5554 1024 29749 23208 2249 1513 13365 17339 25493 32689 17299 19901 4731 11389 12274 21142 16209 10267 6648 21537 30995 18406 15013 15411 984 31466 21219 24026 25860 30025 14686 7138 32702 10974 31381 22686 21925 23839 16178 4837 16318 16456 27798 21594 13233 31670 13241 21744 26934 2448 561 30638 29642 14765 2448 1200 9382 23474 20723 17519 18673 21627 1240 24642 6197 8893 31024 11300 26384 5865 4534 15799 29228 16979 1150 29833 21872 24979 10961 22422 888 17963 21560 27663 20803 875 20439 26970 27180 25234 8188 28250 16412 25142 3064 7152 19453 17638 1070 14530 12914 29453 3177 16955 8389 13337 8307 3795 30241 733 18147 26000 3329 308 17974 11980 14568 20200 12321 8762 19539 18386 14118 5668 15083 27970 614 21494 11264 32417 29622 5632 4403 1364 5108 4728 5490 22500 6556 14270 30762 22620 15766 32228 10423 29171 21074 29038 13856 6635 20759 23382 26369 22457 20888 10836 3528 6246 8137 348 27940 20789 25584 3943 16571 13702 4351 5238 15900 1018 3361 14292 8692 11992 18579 5020 7556 25520 14005 6524 14418 13886 23905 13496 31263 29328 28283 19826 28954 23147 8137 4392 26707 20972 13573 9342 25202 16235 28721 8766 11433 8868 23595 2973 7655 10009 9601 3520 22095 13746 30086 16510 4840 18855 934 17000 27030 3231 20726 22022 329 32282 16911 25700 6772 10764 2845 2253 31681 13002 8755 2519 5891 12842 11234 25504 31339 13798 5641 18262 25088 23362 21742 13309 32073 19951 30350 3180 15692 11822 50 20121 16061 8761 19011 20503 9327 5854 20063 9181 30222 29549 7084 3401 22288 17620 25965 9317 10729 9225 24531 3944 29566 23464 24341 30080 4829 4318 27843 3790 8491 29573 18263 30130 3549 14736 13 7498 19244 27050 10996 4405 7874 14618 21829 25245 27322 234 13812 26228 711 3656 19590 10493 25011 21036 25122 14991 21260 13371 8426 14742 25882 3308 13708 15834 14099 
2793 12051 2308 30610 1976 4356 8286 10054 3994 19366 13274 29671 8371 3745 30294 16239 25964 10698 19230 10118 28182 28734 27826 8510 11728 20910 28874 32000 16042 7673 19864 26311 12554 9984 17485 13963 27215 13494 21726 9473 22197 32630 7944 14465 29304 9370 21650 32327 28221 18761 8402 25567 29357 24464 10610 17627 18275 16820 3188 199 24840 6087 32628 11615 6844 15226 29741 14591 7864 3634 26175 4442 16946 30046 13872 8815 22657 28935 13744 16825 16770 168 18721 22950 14138 19009 16982 26955 7869 14247 22683 11350 24654 32286 25078 32580 2759 17449 12717 21460 17980 22945 16392 18875 23003 13829 32600 16281 18710 12561 568 28716 19461 10642 22291 28611 9989 3704 15591 7670 9638 32301 5448 24469 15556 28709 14247 13534 6131 7351 2516 32755 5665 5931 450 3979 31094 19988 29835 16871 20095 26080 22195 21512 20108 8621 20913 12575 16726 20062 21163 22085 8677 25582 30338 7788 2737 20741 30478 2709 11528 9417 32171 23108 22447 2807 32500 2097 20684 20018 974 32577 1795 21659 937 7092 24032 19105 13314 19616 6517 28699 28972 27038 11588 15252 9297 4291 29279 18405 19124 8402 2253 16394 568 9135 26672 15662 16166 15639 25509 19208 3883 29071 9452 1642 3488 22938 25289 2583 27918 5423 22185 7638 14834 4970 13705 23492 15037 642 12308 16366 4383 31739 15883 22047 133 16669 14570 31223 32225 7076 2505 23869 27817 14009 28288 18550 11554 1057 6670 18871 24542 437 13372 17847 643 29458 31869 7976 18895 25489 5145 26696 23769 1146 13194 21171 21914 15220 20262 20859 10923 30016 28415 8570 26192 4263 15880 11239 20150 30129 5241 30504 25465 11544 372 6631 21609 3068 6120 25704 21902 18392 694 13338 29802 1717 9234 9580 21117 16286 17452 6113 26895 32595 4880 14439 14889 25922 459 1509 4837 27826 14032 1043 17127 22082 8602 4238 27948 17810 29074 3628 22019 26432 29746 23180 21080 13078 7787 16882 15416 7809 17732 25938 4242 21317 18885 18091 6715 15984 15379 28567 20021 2956 14812 26143 15665 24601 3061 25555 15954 27451 18242 795 14132 7599 29911 22216 
9517 7683 1372 8174 19411 19719 5046 5622 11454 28287 15076 29935 11407 18970 806 17957 2352 22696 10853 5877 1374 20871 19407 4575 28005 11358 10946 11741 22827 27406 9451 26611 20336 16358 4015 15112 11860 25623 1225 18932 32026 12903 25141 28634 2859 23081 333 10936 94 15980 26931 5180 17014 21875 110 23770 21485 7269 472 32027 4080 29510 14519 4408 26538 29990 18474 4839 1221 8344 455 25973 29998 25702 3970 26645 17433 25731 29904 632 9286 2881 11021 24477 3970 15044 23835 19179 32624 12983 1613 25469 9097 32317 30851 6589 14434 32299 3478 11060 25645 25460 2038 4256 15491 11749 26257 4679 22881 786 12279 30348 6512 29072 30908 32448 31625 29796 10526 9786 12664 19132 17896 22442 20480 30685 16535 3242 16416 32605 4794 2966 21909 12690 10399 14238 11936 7242 24363 10009 16649 29628 6410 29724 14436 1983 12041 31564 2451 6458 16319 31984 24460 9180 8819 21579 17757 28685 314 14632 12653 292 24160 16310 22020 13274 2313 2710 23309 8446 17688 25395 25883 6251 10832 11346 3499 18488 32441 25322 12457 25646 4166 8501 13109 24959 20916 22535 10150 6836 16053 12895 29391 28648 19278 22331 22146 14132 25214 32177 1363 4458 14368 1852 9118 30470 29202 5204 22988 4449 27799 18241 23505 13352 7674 10544 2553 2829 23925 25991 3813 20412 4432 20342 7888 7185 2125 26062 15384 11400 580 18711 9465 9973 11275 22493 20123 14709 4760 25930 4431 9636 20842 15866 27157 3088 37 28426 30051 3054 9084 882 1825 2828 9555 11157 1016 14855 6181 791 24524 10430 18852 26863 25991 32518 26784 7613 11289 11680 16938 7261 23741 11112 23033 24764 11901 4814 25101 4330 15096 13194 21905 15473 4195 27788 15110 9702 9422 25138 20894 19133 3752 25790 11750 7521 9862 6919 2472 9605 30240 17775 19216 31412 6300 11540 1805 19760 28688 4939 762 28921 21570 13642 31102 7980 7858 14372 9905 24974 14298 4347 24448 23657 2484 15728 14418 27287 31613 24671 32492 16348 23225 5834 2961 1401 21879 6418 11630 9469 27094 31853 13878 13663 28360 10388 26890 15946 6678 21948 
20635 17848 10148 9928 16530 23490 1527 13245 1584 6326 11252 6262 3121 16747 31722 23449 30199 1489 22483 16841 30180 3532 19159 24861 25352 18499 27666 2257 20988 12404 24215 20796 13581 32138 4789 26626 18333 28785 11385 27787 18631 13289 13171 28852 18754 729 28605 29124 4232 2278 6202 23969 23863 12613 13852 30788 1207 22477 25001 13674 13853 4177 15422 23180 25679 30764 19348 32018 7017 17949 6722 12484 17760 3158 16771 31361 8678 24783 16442 23347 30093 24544 17203 1794 13358 15631 17068 7368 10892 22055 6420 29125 27445 31882 30482 17813 681 26823 22729 29278 14014 3183 24667 27982 21827 13861 14763 11077 21988 15349 27496 15822 21325 8167 14663 15444 8083 25299 31631 19859 30671 31094 4059 25932 6924 6086 18203 2621 18531 18051 29917 14416 26724 30479 971 13075 26040 2431 13172 23656 30981 30962 25423 25470 27666 8737 3836 24575 6188 22584 24526 11659 9160 15333 30599 7014 17257 2222 22626 17517 452 19591 3671 9039 21282 15780 32154 14073 30727 8844 31333 19282 29457 111 3575 14889 5666 953 3293 14443 27330 22247 25200 922 31166 23449 13727 890 13845 31209 19182 13326 3861 31228 18367 27586 28098 7126 15056 20970 8567 24947 3590 6507 32720 16147 17769 21432 15302 9685 12143 28673 14364 7303 27261 15015 22779 23229 25515 28914 6361 6688 13000 15622 25759 4617 30622 11795 778 20815 7286 205 2897 27229 8671 19484 12041 9607 22444 26132 23366 11678 10044 5415 29956 27329 21246 24985 13509 32631 20275 6965 25979 7163 6134 26431 2727 7127 10362 27305 12739 8628 30612 25737 29406 9585 7545 19659 25734 10354 1736 19235 1770 1083 22731 6726 27200 1853 27386 11098 5221 21487 31168 7595 27075 13857 30338 24223 7544 25230 6366 1516 27829 21680 5424 16904 10595 16088 7259 26850 22541 16509 2246 207 25850 22228 23716 21959 13465 15266 30073 28369 4899 9807 6361 30652 18299 9019 15987 29456 19801 30037 15183 18500 31399 13801 12884 561 5163 9913 28173 20935 5479 27216 1965 10495 12221 5779 32592 528 17623 21913 10627 9958 24646 2236 5639 3280 29801 8688 
21458 6265 24209 10068 13911 24089 30306 5383 7 12780 11389 4413 5656 7396 31836 9874 8581 2459 13692 30878 16726 15755 24514 9929 12833 29313 16152 20832 3793 9295 14935 29929 3750 26305 10601 4020 25725 22483 20143 17843 9042 545 32672 30347 19459 17311 16563 31211 26710 3210 22655 30237 22334 2719 7713 1243 11866 5258 1759 6755 21695 27041 14091 25294 15095 6610 6697 2461 21577 10714 18004 8085 13627 18360 11997 4813 31574 9058 27190 27909 25129 16310 3854 19513 10641 20403 27838 18806 12599 29673 8932 16877 27993 27694 23629 13894 6350 4499 12569 13366 18500 11415 29721 32340 17101 31642 28540 26152 17306 32148 21675 3205 2309 21766 25457 31769 21717 22321 3167 21059 16830 7047 4719 27172 4648 8031 28647 15865 23602 20972 640 29352 14069 7280 17096 16792 19725 15021 2757 13510 30806 30620 12251 26902 19187 8802 29679 19175 10645 20352 4557 233 23289 14922 26823 31027 12467 23194 2975 19600 11563 709 13992 27674 19173 6606 28967 19723 18693 17882 24063 1743 8466 6884 32654 5982 2554 8626 29394 16840 11350 19208 26064 15121 27632 8987 19766 6464 27266 22856 7487 14515 10177 28678 2519 2997 25242 10522 4608 2131 8124 522 23156 10347 31062 21715 7051 12293 7202 28894 9824 11750 5538 16433 17711 27235 22442 19683 31490 14452 5406 15058 26253 23817 23549 2456 19542 161 4254 12986 3097 24344 11834 30755 1386 10688 28843 30417 12188 20404 19315 20943 26850 8297 20992 2403 16564 31878 29999 21128 16756 2294 14862 670 32082 6203 19942 25441 25197 15877 7033 792 6714 16643 17800 21774 30762 24313 10904 13894 15239 5907 22006 10859 10399 28281 505 25862 15653 25379 3975 29428 980 239 5850 6166 19285 19696 30084 13642 17507 31497 32177 19098 19245 8635 10925 27060 24572 24636 32422 11418 4885 10953 28082 1179 26593 12604 31252 30082 29515 5089 26043 4365 14698 23174 7435 18081 3680 25041 16096 23355 32386 13015 26064 7594 441 30953 5809 11004 32295 2481 30811 22326 24078 13183 14511 3656 15598 17885 17113 16703 28654 2153 10961 13245 28029 5092 29224 15782 
22585 16774 2561 21789 12560 9364 13918 29871 29861 16949 13981 12749 10229 31618 22338 6016 6202 24028 20726 6488 21008 19842 6352 12966 5078 15970 1492 1514 16215 28464 28601 4239 3753 23222 10992 18134 4182 21355 1505 11281 11962 32070 11128 15121 18092 6612 3808 13025 4449 23177 17550 7093 25996 11604 27778 6173 5066 14197 4553 22142 25150 29331 9031 14019 27512 8201 27059 30800 25756 1666 7907 1079 3776 11717 2634 10159 22421 3282 18111 21186 27978 24109 5503 12101 18861 3706 25206 9229 30868 31050 23994 6240 7547 26677 20057 2986 31854 2089 596 21873 2602 18689 32747 8587 18303 23385 23579 31887 27640 16545 23142 1161 9150 8561 14802 4594 25786 24092 21300 27871 7930 3464 27822 25208 19542 24125 26231 20140 9043 3515 9434 28195 28999 27153 23426 3188 24510 4523 7668 25241 10525 25964 22877 14752 133 24829 7054 9634 12538 19812 19269 27897 14277 472 13742 28590 24086 9939 5417 9009 5614 12138 30030 30285 7740 31962 6190 12634 12871 24675 16604 9909 18507 28505 1837 18285 9063 23928 6331 28735 15542 20856 2864 709 18365 26593 9153 7914 22021 22561 14328 4257 24072 28635 2999 17879 10578 22659 20602 24741 28128 23336 10716 14795 5836 5776 23389 26458 44 23434 866 7088 10807 9088 1917 28841 10153 21836 5615 29460 19305 19532 24683 612 22889 21945 29725 22696 16078 6196 21227 20158 5458 6562 12795 12483 30182 22330 373 14029 24219 9180 8586 30173 12226 16549 26805 23823 1106 25536 24384 4884 27019 8575 21515 18402 14809 27562 11913 20138 7931 6935 8715 5131 32612 14202 9793 17541 23266 29055 22781 14128 23165 790 11579 28846 6050 27150 2911 21086 24193 12518 18109 18898 28595 14816 3166 5252 1312 16470 12033 27588 7712 1105 29793 11509 22240 21592 18358 20985 20232 27014 30078 19946 25498 18912 21629 8715 16413 9445 3 16126 2812 24166 1901 1591 12585 15255 14062 32688 5381 26215 23952 6110 9348 15117 13429 31205 6796 5091 19299 23048 28575 1912 7808 17507 15802 19680 14681 17372 7037 14927 2857 30039 12939 4583 20569 23337 5428 4301 
13635 1231 5970 29826 5691 24289 11888 27249 208 16193 7474 7620 23119 408 28145 22396 20361 18435 165 25793 29142 13321 12296 14198 9562 11217 20984 29969 17543 32657 5917 26538 7395 842 3533 1361 10508 28851 19500 421 11257 9586 1432 7587 4482 4498 3908 10683 14371 27186 6178 28201 2045 29818 6151 28034 31517 31956 14858 13709 31489 20056 17965 12885 14168 16007 20031 14204 23050 8509 8704 13266 15480 14561 20103 17190 517 30431 11489 4701 15317 8280 17403 18881 31189 11032 449 29083 27899 26312 3976 1283 32463 18020 17833 9975 554 24048 623 11691 24893 26727 26676 30752 27862 27125 18118 16888 12511 16997 13328 27017 29223 17373 6134 23600 14694 8649 12160 7399 3963 19477 19259 6426 20215 2719 19676 16311 11999 27884 10279 3717 27310 25114 27407 2486 11162 3349 4383 20927 5912 10510 9752 19303 9890 4649 31708 3614 11448 18038 30602 3217 11045 29475 14827 11131 24195 25072 9997 15038 8961 23266 4397 1202 5732 20028 2778 26557 6988 23211 9304 11812 8633 961 6211 6176 22733 11428 11124 19509 11732 11016 17449 8639 15489 1626 31839 31182 5242 14142 13187 6707 30744 31548 25418 16091 30823 4278 15326 21852 4725 28446 19258 5838 12745 20326 13271 29660 15409 6327 13960 1818 2753 1381 5026 410 29720 5155 1889 17850 19429 6515 25991 9279 31658 1377 6214 28584 6336 12657 1632 22972 7068 19158 9357 20326 7248 11492 13853 18114 14420 16328 222 13176 1415 12151 30784 5449 13937 3812 9143 21735 21451 15222 17505 25354 12097 5305 32233 19904 29558 23636 1707 16388 30025 21051 8985 8083 10839 24869 28765 15611 26816 28481 16960 18933 21551 10020 6218 2548 7188 19718 28202 28926 28468 29743 27481 9403 18532 10412 13819 5068 30865 24902 27910 5981 4612 19893 3493 21246 6372 21776 18399 18094 7421 22664 1652 18233 8383 3670 11783 20677 29066 2290 22402 26535 21801 16006 2487 31611 12444 9378 13891 115 3098 13361 32184 13039 6230 27052 32507 14670 6402 5517 13802 6148 22673 4359 11586 11245 2370 10996 1984 7906 14170 24847 9351 2697 12464 14691 
25282 15729 1391 20483 18570 22110 1560 27900 4362 10721 25286 13960 26081 9772 20406 21380 18375 10533 21254 4644 27252 31929 8125 26342 1982 28019 8716 22468 28161 12109 8404 10158 19907 1222 6247 22071 2712 23604 12947 18319 4932 22364 32733 10417 1312 28992 22026 25565 7871 13880 30692 14665 17872 16964 27194 20500 9286 31137 6697 21371 8375 12186 14490 28751 13826 12193 28428 18086 28213 23710 20884 9170 1198 23175 12833 6287 29568 30257 14597 16256 28696 16230 26289 18397 6944 2359 25280 6246 26531 17555 15416 7835 32114 26905 32524 7726 6855 24619 17125 5305 14633 9796 5921 1453 31119 5771 28700 17034 7112 5288 31151 854 1306 2262 29431 25416 6698 25145 30552 5572 28699 4979 22721 26508 6394 15730 28465 24628 3930 31883 378 6102 1339 3021 11077 5384 6705 12943 25686 18187 15554 12364 3345 28741 15119 6833 9277 5361 18103 25075 2569 16918 28664 28518 29772 16565 23575 4684 30737 2375 15106 12010 19539 2919 16437 25570 10757 7627 8922 6588 27990 10872 26932 12486 23602 27446 829 16670 13836 19010 30862 8461 28891 15172 11648 9622 18274 8320 913 20815 31925 4176 22793 25968 30969 3794 11229 2346 9067 4062 25555 31546 7588 21819 2023 445 17435 32018 25325 3142 6123 21666 23417 15406 30166 17206 764 18219 16010 24916 8239 26660 21540 4152 14517 21060 4339 9601 24060 23118 7038 32553 16740 18992 15304 5050 21411 4826 5586 21183 29544 20560 28002 27001 28478 21502 22275 16340 24243 10573 31309 16793 5818 18547 18790 18405 15695 27535 20937 14042 16473 14837 2630 9108 13268 15814 16970 5727 23343 22469 5729 15655 25075 9573 3577 8752 1958 3367 18025 15111 17135 25890 20274 25528 8187 26595 7044 6721 24094 27512 11524 3655 4286 3784 23500 22792 18285 20774 24499 29073 341 18469 32463 12592 28633 26541 1337 31789 19577 4174 27152 25269 17910 22485 17857 19991 18615 16413 32133 3635 9836 20520 18475 23342 24817 17262 28695 8043 7285 17269 30347 7607 31963 24482 31781 18372 29280 14159 4777 22745 14719 2590 23553 2247 4626 8844 6786 27423 29113 20169 
5745 20130 13695 23495 31942 12537 5819 18064 6959 6823 26421 6110 7512 30523 22666 7653 12138 15818 21202 30836 10706 32156 7807 11068 10819 8998 25992 10863 15870 2360 20424 5518 337 10872 16033 5244 22621 1807 27620 2774 9501 4770 28661 5511 7844 16004 29482 1686 11686 29738 3701 21315 29242 5087 8003 10323 22238 19384 4771 6312 21692 23243 27563 6676 19756 5276 2327 17519 7289 14552 28212 1767 18920 29510 4861 18328 30966 6138 32643 8541 32738 28620 13970 13285 18283 10504 13201 14857 22491 16487 32682 23132 14148 30270 8747 26116 32010 9206 28716 31177 16033 1468 32627 13676 14744 19577 16532 32058 24279 3077 1116 31200 8997 22936 28784 19073 14573 11905 10034 7430 5953 25370 9956 8374 29215 22011 9232 1798 2035 4974 25383 1714 26718 4387 21864 5388 6198 21029 32003 18836 14030 1805 23679 8138 2167 32374 30041 2880 2630 31152 6638 4595 29464 14777 5786 24795 17876 22632 30242 3777 22768 16876 25935 337 30519 25205 31196 10352 32201 23601 24723 976 7011 22906 14002 9921 5344 20302 4755 11850 13056 17407 32652 23928 15721 28203 28949 21494 9963 16367 28968 4830 20232 12888 3566 17359 31924 25882 19095 30272 30297 26245 6025 18195 23326 14260 5566 9837 8553 24840 10599 12230 24226 10965 8150 18492 15419 20058 27802 30509 15853 13047 16876 11524 15684 2970 2122 27731 15965 26747 31073 2339 495 4361 25136 29320 30856 14883 20587 14968 31513 27788 12061 20444 27829 12185 5778 7912 10646 19501 21364 2984 26465 15335 26932 31452 27306 6298 5035 23814 13755 8190 3074 28609 5265 8101 5327 10580 10792 23856 4480 647 25337 20162 11517 4790 28864 14261 21385 12835 13186 32140 1001 5776 13263 18729 15305 7694 4677 18497 859 15376 4181 8972 23617 15555 5706 31297 6061 21154 23174 321 22471 8773 3599 2194 16463 16505 12875 3216 6787 22166 31752 7263 28739 24845 26559 11556 25203 15425 25370 11637 16033 29592 12211 27918 6119 1745 25375 11461 26387 6552 10283 27328 30214 16727 9573 16101 6746 25936 11487 23442 840 25833 6447 1678 7880 30790 31674 7744 
23033 32541 51 32543 16580 12742 10590 23914 16572 26770 19226 26393 4937 27998 26014 16915 4870 2920 17923 15009 103 20833 4099 13859 31135 14787 5376 15874 10689 11620 7239 14053 29477 5196 151 6184 6413 26819 18141 14218 11400 175 4674 32037 16535 285 6503 5028 10639 12318 239 26800 19390 6356 16191 4523 15697 13772 28033 26785 16245 5518 10735 30075 21181 11635 28494 30582 27332 20151 1464 8916 1299 29135 28831 26322 10053 19453 32271 20441 2153 25377 23347 23032 27047 5074 21019 18322 25127 15789 5308 20564 8750 2541 14649 15466 29066 61 19297 16371 27953 24010 6008 10930 18469 25243 4666 16390 5018 2341 541 19228 21083 23578 19927 17251 23402 24195 5152 5440 20454 14862 28857 25348 10290 10153 4781 21019 7252 17999 2007 14469 27547 21538 24996 16011 18309 32187 5914 18602 26079 14270 18457 15828 32302 22193 17889 32216 13902 22798 1237 7198 16985 6038 23423 12951 15307 20457 13011 24820 29667 15700 3000 19478 17740 13290 32196 12742 10492 29142 4935 25767 4701 6895 9868 17512 22186 4749 9307 1598 9116 10139 22466 24978 18759 18158 8982 29943 23358 10197 18996 30558 27902 9970 12812 2445 28042 17224 14689 15309 26194 29076 3786 7139 8537 14817 10237 24386 31383 21335 15948 32127 24733 12884 29808 20229 18551 15550 2438 1034 6358 6295 15703 1986 20591 18641 18908 9170 27550 3172 5634 30727 19791 13215 1450 6728 12062 24507 2804 29385 23741 24758 23741 10370 16022 9567 30310 12768 30642 29101 17623 23994 6874 20308 9412 26758 15100 27802 5679 29133 23248 23911 18735 26076 32698 29340 26607 12221 27635 7078 16889 18277 17380 1619 15541 28719 8914 28900 11564 15241 25280 25187 32530 9197 7057 15671 19716 21524 7534 24565 19982 28262 27239 18553 15472 26804 29533 27958 6562 20521 7199 16586 29589 2430 19155 5077 3900 24942 1688 18700 7243 362 26985 3977 22079 7309 26948 5989 13982 26834 15500 29833 7296 14469 23981 9153 3406 18423 29182 26131 29386 4982 6123 26190 31311 18812 24659 23781 31066 11559 30511 9726 31562 31977 16245 32199 23652 12673 26172 22281 
5658 10538 12576 32767 8333 4882 3048 2408 3408 12045 6502 9179 16239 13707 19359 26459 25776 31688 18220 14635 5144 10306 5600 17379 13745 2928 27819 13764 6027 28849 2238 14665 21505 31619 26608 23550 27965 25845 24673 22421 16895 11615 23389 28983 16281 5712 14211 25368 30015 30920 5670 1102 27773 19367 6131 8931 27401 28262 19668 17449 443 3077 23317 16205 3290 10820 8646 26159 2457 14614 23136 12401 25825 13907 32171 7375 10065 14765 28638 15534 8836 31973 14344 7671 914 13375 18096 1829 28377 19251 4024 14749 2301 22885 31624 11838 4397 25559 29544 58 28840 15965 3372 31268 25472 8530 6679 31050 7838 18314 7418 6980 5895 10375 27548 27085 20062 8944 32606 30930 18601 11070 14623 10953 3928 21177 7262 3908 25987 15011 17822 4038 4467 18355 8207 24277 24420 10693 7786 23888 16777 3023 31517 27139 12625 23 17320 20345 13801 31907 13127 17425 13314 31729 8401 12372 27348 5609 992 12166 16994 9488 21810 32379 20224 19454 20047 19629 11795 28434 19564 9099 8217 30308 23184 22547 1001 27643 9973 15010 5947 19009 26545 30987 8298 3763 29333 26343 25977 25821 3158 8237 5205 32134 13034 14851 89 26152 26421 30163 22807 29859 14821 10912 15958 6961 8091 22683 21847 14493 20555 6897 17245 14512 13797 27624 12651 6381 11829 28458 15696 9598 9224 13920 31713 621 17296 13315 28806 21783 19977 20591 7672 8670 20637 21818 5192 12831 17029 8899 8228 5732 20082 25614 32598 6362 19243 13519 16013 13317 10103 28100 9312 25010 19773 2888 19856 22061 16362 25126 24205 31669 31251 5803 28220 16941 20060 2559 3576 5908 20376 12725 4823 6583 1073 3488 1070 24485 26826 12264 21335 23908 1572 2910 16561 18274 7742 31757 4585 32558 13505 15889 32120 24808 30362 18093 28525 1271 17641 13207 2925 18937 26394 17558 4088 15104 10321 4943 32493 9723 25612 32092 12113 30322 17924 29855 11340 10359 16724 10710 1396 26585 732 17775 29775 12186 25320 8861 31506 32163 6669 16555 24751 28343 15700 24209 11791 22182 17819 29893 4252 10435 9783 339 17923 17559 14046 23088 30008 31447 
29893 31179 6330 24212 24325 31206 24088 14002 29251 12452 7860 9115 1936 9187 21959 19764 6798 18123 14245 11537 15060 13735 20035 18661 11412 25588 16118 28988 31867 28856 7549 22636 2777 5398 28738 5576 20994 24862 18909 26904 27636 15082 7130 21062 6970 21478 9916 20826 23312 2159 11073 25256 15047 23968 16616 2888 2155 4456 30129 2503 3748 28896 6948 32540 27098 26844 25748 9182 14492 1217 15013 23988 11075 20374 26636 18700 14034 19293 918 2832 28449 29347 15212 32725 19515 30806 26005 6358 24324 14807 31164 32674 14623 5968 22580 20689 3086 9800 569 828 17307 29300 10105 20334 8055 16592 11475 11093 4130 2287 4190 11837 23306 6287 20141 28928 18935 5489 11601 15990 27046 20840 3744 10291 7092 9391 12981 21362 32703 17023 2488 4684 30663 15329 31584 7470 19418 9410 18357 137 12528 3909 25883 4811 14100 20829 32652 1679 25284 18586 32037 27920 30107 4163 11236 15588 10797 23974 31920 12519 26419 30380 28569 4981 11752 30384 5474 18908 18354 21905 19004 13328 30469 25862 3541 13473 12164 14386 7313 29931 6506 10617 11799 14733 25641 29329 32016 23324 11345 2780 31787 14104 30898 16373 23653 11550 4805 15497 18567 31840 15944 29032 31216 5459 5161 5339 2708 13223 1189 11321 10309 21628 17585 21429 3378 23763 10905 14458 25005 1090 15847 30970 27441 22509 32390 24450 11427 27057 10023 11026 23512 32674 28388 23149 20568 22456 3619 11628 20321 21445 2750 20631 22831 8618 3937 26358 23419 13259 21043 26149 27970 7616 20152 30887 30663 10574 22262 23164 28891 14229 16342 25590 2652 17034 11470 14024 31484 4776 16061 16736 17475 31971 10774 3191 6616 15582 30785 1766 19964 16221 30782 17339 26455 28925 8844 24204 17399 25891 29769 31243 28054 26930 1434 3291 795 22529 24397 28834 23396 16780 21437 26464 17731 15081 24310 2815 2246 27262 21018 23339 3516 9330 19972 23907 19316 11105 20778 848 26056 26964 23752 19286 7002 13552 30011 20330 26910 30445 426 13859 1817 17354 20204 14867 8808 15807 14758 15191 30851 21236 17332 3949 14275 11248 6347 838 18722 24148 18012 17308 
26435 14281 10939 8070 9906 13623 24448 22858 21356 31288 9006 31090 18338 23756 1554 22562 8122 22862 24174 20648 28567 678 18391 21333 23834 17089 12764 18827 17384 32574 16872 24 18030 30314 3178 3010 28707 26735 26930 23587 19725 24776 26398 28856 6791 13304 8951 25652 30017 1404 1430 16922 10376 27134 11595 23178 712 31179 1663 2139 21327 26503 22423 7531 30035 28448 17436 26931 3127 12544 2841 3487 21770 19847 1221 5660 12625 21688 9058 1266 20230 24114 31589 19156 4576 23906 5847 23733 8661 1528 6139 23518 17118 21655 28465 1086 23034 4049 10266 21761 17269 21842 4605 10084 24170 1883 18282 10183 29063 11891 22813 25859 19728 9049 8228 27135 20006 5436 31557 5502 10058 16430 31642 9275 4637 26583 17534 8504 20073 27238 8877 12371 4709 32717 7846 26394 20533 31022 3668 10208 29873 5264 27118 13073 871 14551 26652 25282 13283 11763 9563 17548 29742 9559 23202 1435 29844 9901 26438 25858 8362 13512 12827 8273 10640 16090 9692 3690 1396 12775 19660 23696 2135 15993 20382 8641 31252 9878 23442 15430 19870 10223 13282 11656 23945 22106 29276 26661 20940 31362 15184 17475 4805 18653 26796 3621 28029 1247 28774 25340 19758 25710 2586 20479 11778 18325 22517 26557 11550 6268 5841 16818 23007 26520 6561 6169 11363 6175 5136 30722 17740 12479 30821 14244 23232 9359 27818 9972 30388 10310 6925 11895 27243 26539 24966 20564 6969 12108 9402 16301 3213 24179 18976 559 19247 13654 7522 20456 7621 21390 9478 9561 7836 31434 10829 15309 8869 27077 30811 23529 4542 25461 5785 16003 5171 13958 600 28600 14725 22790 11191 26680 31850 27746 14790 20709 18452 15761 23019 9373 25270 5519 7813 9299 24901 28173 12496 20837 2172 24167 23049 25129 16162 21718 10194 25801 30095 28647 12247 1106 9837 3115 14002 9223 21692 23088 15884 17659 11032 4273 15877 27103 8255 3850 3542 27928 17614 1006 16309 32021 7755 27740 29690 13023 13160 32463 26495 30449 11654 22198 16716 10315 13177 29731 25460 14786 24971 25543 17210 14746 707 8990 3192 30550 28519 5351 5186 15311 13503 6615 
24262 18308 27164 8590 15478 2865 22297 18378 17002 20131 20257 20955 8703 14794 26161 8279 9157 29712 25311 26894 18840 19945 4508 19776 23564 10411 23862 8206 26383 4257 20641 28975 27081 15706 26102 12260 15815 27719 18108 31278 31065 18822 24935 27710 20792 23288 30750 1069 15724 8601 3265 28141 25965 25873 20011 19328 6025 23942 27316 19815 20357 12213 27642 12126 4231 28481 32738 27974 5684 6986 21209 17507 8469 18754 24416 21703 25151 29180 22215 30478 18995 5382 1848 6732 16131 9785 25336 15940 32182 31118 3306 24027 10990 8500 3669 24012 22216 29151 6630 21404 30724 8546 32761 14545 8806 13184 14356 24159 31835 10495 9140 13411 14304 9471 28237 14867 4768 31882 11916 10741 8540 25708 11487 13904 27280 12613 29495 27105 5204 24028 2573 206 10624 19382 1699 19936 14867 29160 20108 32748 23254 28201 13422 23442 18492 11307 20999 15658 12429 5932 17262 30460 26947 2504 10139 24495 5045 28689 2602 9477 29938 20449 6748 14021 1264 11119 21343 24056 30950 29217 31183 21591 19702 29601 4732 28677 4367 2355 13934 14202 32018 26950 26662 29119 4147 22856 20007 1761 16291 12735 30389 17568 30828 26774 2269 23399 30876 5556 1717 10113 17317 9684 1253 6793 13828 12176 31590 22818 31777 7870 5002 24809 28790 10752 5949 19112 9460 18071 25994 31949 7074 3704 4193 25114 29320 19618 1943 30877 1739 9134 29998 19683 21273 680 11991 13673 3399 23581 24757 25171 18233 21365 21860 5472 5891 21635 32570 5662 2637 18779 9932 13914 26876 25188 25268 31451 2831 9390 15506 15440 17862 12933 10065 21638 13322 582 10924 11230 24073 30577 26608 15103 1057 4608 23555 21704 4351 10231 677 19592 30472 23869 16118 19570 31991 19882 11576 28747 15816 7521 16855 30822 24534 25440 22950 10450 18240 8789 8044 10450 18320 17331 27295 30349 6303 18694 31599 17159 4787 10116 14343 19024 30187 484 20239 31740 16605 13427 25461 2002 23165 26468 9581 8905 4929 7015 31926 6192 16770 25726 10271 31532 32038 18188 30283 3175 15996 27439 31665 10247 25703 6736 27110 20445 26047 15097 27679 9695 12788 16102 
11506 27353 1268 14174 26972 21855 12879 964 13576 21766 11161 20073 21454 5588 17937 19364 19579 22516 895 28453 6352 28590 25187 2950 5837 407 31051 4131 7983 20229 24965 22828 25911 9926 13558 17912 941 19986 9034 2460 23333 30141 25166 27069 9601 4017 32153 24482 25271 6300 18802 20365 724 10726 31982 19020 28993 26598 14169 3339 25925 8277 29911 13164 7116 11523 13899 20442 24167 28360 24696 24090 31635 29886 5735 17442 5182 9133 4872 21807 25223 29127 17947 2834 24006 2710 14417 27082 24524 28466 31407 16728 12140 26295 9524 16847 5178 21238 10427 5547 22418 15723 30755 30307 22236 12400 19628 28482 2831 12463 2468 17010 10612 27357 836 9306 16813 27046 11477 16682 31989 26595 29206 16563 25257 4883 16354 15485 17928 21001 14 23571 16695 25570 3217 2978 24967 27450 24039 194 26875 14752 30903 404 18693 28486 24243 8717 14993 17149 1727 27537 5956 1633 8278 8900 22534 14929 9770 8093 23742 18339 1035 27580 24924 12309 21514 6909 17437 19334 30430 4685 266 25958 2951 12476 1731 20075 2609 3796 18554 13957 1626 18473 12610 25365 23607 818 23690 5466 19796 11095 14308 13611 20604 4427 29196 5100 6360 26012 23333 23483 6234 16777 6725 32490 349 12819 23604 15282 2949 31063 24433 2085 32749 31258 374 31333 20609 422 12605 276 16040 25557 27395 11 21799 7531 8524 9551 14658 28840 14119 2624 5923 12318 28595 29972 11648 11201 30434 20100 15481 29757 26493 8133 23487 26764 29289 11450 31739 16839 2856 32360 5998 4412 15778 29098 21972 25794 4390 7718 10127 1353 7340 10623 7169 949 12381 23245 30522 2029 14421 586 19155 5678 15527 2381 5657 16038 8865 15997 12655 27454 4946 12862 2285 16311 11082 14192 27213 16376 22433 23641 27144 12454 1083 28639 9148 26102 32585 26363 22993 29887 13843 13930 14428 31188 12022 29862 16195 27536 25768 22548 6051 10674 26308 25983 22638 16235 25474 25285 32345 2998 32453 25040 6901 17384 6748 30664 32539 1160 29569 29831 25742 25696 14758 11854 23260 15828 626 13750 31621 8819 16134 1513 10591 11468 5764 1297 
24377 9347 18898 26897 20927 10404 1179 21620 26782 21558 16279 16290 21224 4372 6157 602 15033 3320 16534 4444 23579 1241 28451 17510 807 23159 27713 14434 13677 10292 10140 8670 2710 18213 30146 9148 30792 31593 23338 32299 5450 15033 2165 10710 6121 16705 27635 13147 5018 26798 31849 27390 14816 30089 8466 15519 8816 20163 23267 17385 24212 21393 4883 28877 23501 17274 13019 20526 22972 27821 26747 19678 30530 5273 15741 31946 6887 20152 25149 20081 14968 13739 21161 10907 17908 14988 14406 24135 14762 32384 11636 24805 7067 27275 17906 19141 26661 31145 164 4048 12771 26906 1684 21110 30927 17149 23352 25319 31913 30496 25075 16006 3741 30231 23773 9114 9760 651 18631 3399 15643 11477 14970 11198 14155 11467 8512 11440 22759 3546 4774 26632 4228 24918 895 17625 6199 27405 4652 27285 12793 31778 17947 4737 847 28697 26766 3429 21546 46 23198 20872 13579 24811 3199 9435 20588 24057 31237 14197 27484 26679 20583 16959 22889 18953 8516 32241 26562 30195 18147 1597 925 9062 23999 32073 8151 11737 30531 867 7642 27164 27090 22257 15812 26089 25098 12454 22982 17853 6474 12284 28873 13541 21873 27614 17496 7132 5609 31652 3514 4308 4581 3141 3678 13971 27622 21960 32637 32128 16004 1276 9466 31486 26219 28009 1933 19192 11684 6022 6688 12221 15382 32557 20089 25615 29004 5707 23834 21366 2936 24540 17509 11483 16312 14103 17156 849 10137 5861 20872 28982 10202 30104 24400 29051 13426 2266 22189 25408 5587 1507 11331 27556 4977 12784 32179 10715 10110 22256 887 29057 8184 28800 23053 32557 20710 9497 26199 23370 15327 24456 22850 24354 20683 7327 5798 4156 11246 16683 877 17896 29986 3110 32504 19736 17507 31021 3006 32369 12177 10036 27446 31394 25970 6008 12536 245 31223 22709 4383 5155 18368 29337 28145 24941 2785 9593 26818 7656 6375 21060 31253 19993 23062 7861 21765 11201 26613 10700 6627 7674 29965 25726 7201 30595 25069 25260 16238 28505 9073 14418 12323 1927 24132 14081 31454 22078 23460 8079 18284 25896 15205 7181 15085 6906 1849 5625 17714 25417 
2862 15541 23914 2206 6008 20536 29182 29900 3953 1028 4025 19329 27102 3671 1068 4892 1652 14246 32593 24510 31899 32327 30830 13476 18289 8814 23100 4020 29458 11866 14921 21333 12055 20176 8091 644 27228 4041 7318 805 23559 20840 16416 23190 7621 2350 8706 6282 15191 9073 3729 25621 23374 6410 5519 24323 25874 3407 76 21358 18473 2113 29456 24464 18614 8454 15805 5077 30016 11417 8113 14132 10677 17600 746 9664 17327 15166 29293 32122 27637 19786 20456 3434 6469 11073 3222 15086 12369 10392 26979 20817 25863 10260 593 28575 16661 6205 10522 2232 29613 5136 21271 10660 20101 31732 7776 31270 5155 6895 12853 11156 31575 11290 32412 18917 3081 21586 8012 8972 14644 25649 26058 14469 23603 30268 20178 28461 30012 15710 26360 29014 21802 6038 25231 30491 5247 14572 27850 26865 31657 681 29217 4223 16516 23239 27126 19376 15649 6055 25465 30214 966 21506 22985 31793 29749 16162 4956 19936 13873 15698 4256 8663 15679 27795 19938 16449 14762 24976 23664 18248 6857 12500 5882 7652 1668 6203 30014 2288 27157 23718 17125 5763 2060 12275 15783 21373 10134 13101 24246 32608 18686 26879 21338 12898 884 11375 26840 10688 28686 32713 28569 11860 17932 18392 22920 18794 3168 18268 6076 15312 1134 28345 31575 27436 12816 21485 7598 14738 9437 26308 5034 31574 26283 13647 28782 32543 13138 21650 23353 23613 23987 16765 15502 31549 1529 19998 18067 3258 1311 28436 23736 25206 12723 32071 7832 24233 25049 16342 6692 28056 20114 21073 26878 15722 15422 15145 15651 10295 3168 18020 8397 1123 7330 30869 28056 20266 5913 11788 16099 25979 6089 14922 25465 16138 19308 7096 4721 24481 27503 6040 26450 29366 15166 21051 27003 17731 27329 14196 8898 4562 550 18254 2396 21207 15074 6906 16637 3907 27122 13835 30527 21846 24423 30694 24392 22453 24353 16755 4263 24764 5851 8985 19840 4117 13672 9962 29673 5770 1851 2842 7827 25623 15405 182 14509 31812 14971 17042 2309 25778 8974 6276 30833 25075 27392 6863 5997 30366 11867 18914 9989 22691 8228 20035 10486 20701 15256 29894 
15120 14566 6837 15106 16862 2863 5628 5 9865 14672 4470 11591 11258 15516 6901 27613 7999 5369 15772 14831 26416 10735 11937 29804 14162 16894 14162 10492 27131 1077 86 17463 17847 14336 8758 28692 12779 14146 7964 13988 7864 18083 10714 15616 9250 18476 24109 10880 7282 31761 20035 4141 15832 17357 2428 25721 30549 7028 110 26414 5336 15685 27179 421 28328 9087 3782 30520 10241 23671 6931 31225 16642 25830 25007 30629 32711 31879 11584 13011 29906 10466 2046 31857 7855 23138 7283 8561 28887 26542 4990 24768 16854 21302 5022 32120 25769 3852 17773 16726 29034 13046 363 878 303 22721 2813 1821 24879 4824 31926 18240 294 12565 18900 419 8443 18390 30990 5821 416 11604 31885 4506 7483 24880 19256 27672 10883 4687 7988 25430 28524 14056 32171 28778 9990 27355 27597 14674 32418 2117 29973 3629 28216 11857 26318 18092 28677 10833 25813 5059 23416 30477 15264 6564 26447 18010 4991 26093 5886 18671 26914 5664 5968 10357 28508 16981 20048 26589 15910 43 8810 7670 29415 4612 15566 15935 9715 5746 19221 25594 22865 19436 1063 21377 17601 15558 29788 9693 8957 26464 21729 21141 25664 13981 29278 3012 27141 24214 26325 8302 12305 29072 10958 22804 1715 16684 16817 646 16971 24542 1395 6905 1033 22176 21876 21849 32759 25320 11432 26337 25658 20695 25334 21224 17813 17843 7645 10494 13614 3735 13405 26935 25493 18281 2581 711 29954 28173 9641 8399 27358 13784 1638 14711 18053 12104 32041 4925 18763 6130 3196 13453 30141 26299 5123 29073 13865 26699 19223 3146 19552 32703 20144 6880 28346 24478 18056 10294 13915 20239 25981 17090 17077 20297 18743 28060 13902 13642 32012 10196 28867 3020 9248 32265 10766 20853 3793 23095 21252 26446 16210 1489 24353 17270 8597 4624 23432 15384 31343 6794 30534 32410 20983 5638 24791 1815 23855 10639 7403 11280 10982 12743 14954 4702 6108 30334 1973 7531 20008 15491 11567 12194 21463 10682 20732 20260 27862 12143 10248 701 21522 28394 6219 31510 4061 19524 20556 23596 26004 9081 30692 15104 12414 21437 24133 9105 8184 5396 
18746 15111 8399 19485 18865 21041 30190 20526 14710 31793 17465 22438 17985 32118 5560 32383 11763 9963 6136 6947 4125 29038 6574 21889 30914 28036 2974 13407 2142 23371 2235 5362 23846 32432 10640 16556 8594 993 9950 5461 25625 2054 3975 29533 7227 6700 5546 26225 197 18561 14096 15436 4945 3527 17607 32208 1292 13059 3596 32341 22716 31093 12911 30017 26113 8397 24369 21976 8666 7580 31729 22870 20588 5129 2695 28475 1023 27333 15921 2023 3402 2625 3565 28006 16624 7198 17957 7821 13898 24293 23953 24646 25447 25080 4442 31016 14929 15816 3195 19275 11154 7241 7789 16474 12791 9635 17667 15337 19348 9515 3475 2057 1032 31377 4438 28698 29699 11098 4369 32225 23045 10385 29685 3291 12392 7354 11716 10192 25760 22024 20534 25770 5058 8400 19355 12936 28739 9788 8897 19983 13570 9028 5656 20480 18825 3034 2580 2576 31632 28261 11475 9716 29123 11121 7936 15035 15302 21925 9207 19552 9077 19957 7466 27040 9072 28697 21699 23561 9943 25405 23435 7764 30290 25338 32266 3316 30293 5253 5360 1263 6818 15398 13491 25837 13071 26348 122 9358 30089 23712 9274 30209 26969 28151 14878 9683 6054 29451 7981 11524 9531 3596 31527 10592 14731 1587 32687 12300 22258 20216 8879 11872 2110 3973 22521 19700 1902 15978 3626 2302 16826 9618 29396 30683 23763 25206 16860 26859 8555 13968 9248 22946 28408 15379 24925 28636 7349 21209 26961 28273 27626 22941 30748 22538 28526 1898 23020 13363 3178 31059 4569 10929 30815 18533 26638 26901 22635 15322 9002 1681 26056 27535 28902 23051 15253 26297 16887 30320 12761 13011 7478 16715 27077 14043 11774 22422 28473 26301 4565 13519 5002 17168 10575 20559 25987 256 28720 9432 27305 28299 8401 22125 32195 26353 9925 27238 30362 27493 9403 17859 32510 13321 4518 26049 14601 19737 12572 1707 6824 5222 27388 11507 8790 11015 18004 17537 18731 12107 2946 19019 22038 21234 20889 13350 30311 8604 31494 2779 16272 2945 25971 27262 32300 2147 20715 23803 30272 26305 16959 17138 30913 6990 25769 16069 29271 9377 11952 21999 22369 22318 
20043 15511 4409 9589 8265 32612 20665 14457 14064 32660 27134 27764 13285 30024 7531 1481 31052 27682 29169 12858 30255 28178 1166 10843 4644 20589 28948 1862 31786 22336 14380 8337 24789 8931 18074 1661 19371 7121 451 27760 14285 20662 32108 6054 5082 31434 16068 9763 15632 7262 12453 16876 13748 28084 11543 5238 6836 3092 16406 3679 7308 7964 1941 22364 32614 26712 21698 31347 26245 28947 29324 8810 28387 19052 13666 31359 23833 5036 14398 1881 25216 15062 27363 3135 15766 11136 21859 20616 14755 24546 13539 22866 20892 2093 21922 27511 31303 15390 20024 27069 22432 27346 28 25421 24956 31964 361 26215 15212 23701 21474 27475 17380 22707 3379 27547 7836 5405 21626 31095 15927 32254 22789 27529 12579 28952 9821 28874 13760 4444 31108 8389 22980 30903 31612 23555 10462 15406 1288 4294 11929 30253 20407 14330 20356 19228 14365 7784 15760 7220 30052 20013 3001 23697 27140 11370 9448 15496 29134 7998 10776 7994 20783 20465 31672 3689 10675 23922 29265 8331 6088 4868 2665 1309 24005 30516 1959 11066 16426 18190 21304 13932 30505 12688 6512 13762 22886 26463 27317 20771 9212 21177 25497 24801 960 2987 8262 9105 17353 23684 32543 1563 17712 27273 30372 12813 9236 22250 662 22069 11745 27637 27740 23918 3282 10890 29350 1978 19637 19407 5200 6545 7407 2852 649 5497 29631 19546 32308 13271 30407 29215 9358 3333 19656 30909 28434 10660 15533 10501 27290 27956 15819 30597 27078 3810 23911 25602 13985 5280 7544 27938 1922 1147 12463 27752 15153 16425 14261 28261 8267 16098 25524 23341 19432 6514 8728 777 17274 7307 13719 25451 32249 21855 24686 14375 61 19566 1006 11487 6315 25245 22840 17087 32275 1161 10053 15979 21977 10266 6697 12854 25939 18523 8088 30869 29299 21385 27817 13011 6054 16234 4314 8198 3835 14303 14932 24641 14472 7101 3953 30731 24586 15321 16764 10256 1483 4194 15544 27927 11977 22644 6563 15412 20 22505 13179 20287 10616 10099 2050 5508 25436 19176 17535 7356 1002 476 9221 1597 28528 1653 759 23661 26630 11899 19404 23676 114 8879 
8464 2131 13896 8286 26795 5319 30550 31029 7270 2067 5694 17751 939 7301 29285 31661 14988 15223 22284 25725 10760 9345 21949 6719 21897 5357 8169 3244 8624 875 9167 14871 30805 17414 28831 4864 28106 10327 9696 15335 19296 28665 29199 8542 9005 7485 25737 4706 20748 542 5803 21739 3300 6519 28727 26818 29230 115 2809 27795 8369 9285 31147 22851 23184 30746 30231 1923 17287 18252 14971 13222 9586 30681 2609 29615 24079 20755 11663 21423 23044 6809 25869 3150 16676 10117 6053 1959 14318 8679 16512 10329 23126 10867 24526 1754 21449 8310 29430 6415 14443 9743 14319 30746 931 13467 16365 14452 24537 21873 5441 2107 7038 21200 30842 1997 28493 29973 30929 4245 31185 8241 27588 24101 5160 25947 2048 19845 25606 23810 10116 9931 20221 23814 29956 9452 13051 24359 2187 12242 2068 11198 14181 31919 20353 7339 6972 2192 29673 3214 5249 8501 32480 17978 19470 28704 18350 2150 30729 15340 32593 29094 26635 21472 15813 26778 7297 22980 29826 21605 27987 24051 27207 14689 964 434 9238 3602 11162 5056 24447 23640 16254 23343 546 744 13477 1137 8816 11004 2480 25782 3505 17994 7377 1910 28491 10547 11568 14921 32065 5438 2957 2815 19962 18372 15910 27629 15172 24813 7131 29317 30360 14043 8848 25642 12960 26916 3283 1346 1526 18566 27326 24204 27439 26326 16927 27827 536 25402 31191 28196 30271 18072 5248 17181 11957 1102 32339 5127 11027 29476 29256 12806 12731 21118 14974 26062 13152 12247 20446 8376 1993 16490 7420 17429 26577 818 26685 29378 18611 16149 10559 8445 31876 12637 19829 22134 15361 103 12306 22185 32139 18079 18729 9068 15728 18860 22546 3524 7020 12775 3343 18685 29040 22034 30255 13306 18337 28487 13171 19657 18852 18734 13872 634 8473 17011 4020 22834 22885 12663 4908 5243 12469 326 20166 23518 31296 6858 8210 3508 30156 28222 26542 13369 16499 12516 8226 20706 17063 8955 23561 29169 16244 29164 28530 17990 26885 2756 18565 9080 7786 28902 15210 12836 13976 27906 17766 13445 31921 10305 2887 6981 16774 1986 5891 23699 9819 23626 
6300 16758 1258 14903 11846 7521 6314 3510 30668 9223 19792 16182 31024 20848 22166 31773 4242 6221 30012 30649 850 19081 3405 14457 26233 28704 29092 17757 26197 52 2222 18347 12644 12382 11890 29924 2676 20034 30670 21750 17927 22374 15107 14515 14076 17220 372 29826 20076 13213 18090 13140 29395 32529 10396 30170 21104 18925 27949 4598 13550 8516 247 18031 4163 19521 21319 14056 25817 18363 13160 25619 9451 8202 4901 29730 11059 7449 21129 24446 1218 29885 30953 21948 4655 30533 32549 28365 17395 27219 3882 31860 30228 1514 23739 4093 12033 18375 31602 2093 17853 4341 22017 15221 13120 16796 10942 4714 4891 18202 12639 9850 5978 20564 19969 14551 29614 7246 30064 5560 972 5882 9890 14273 12560 14414 7556 16319 23398 22937 8954 5273 18794 29975 7712 16260 25550 963 19159 22645 16380 28012 14717 5852 15869 16139 31739 23183 15770 6996 9221 16644 11969 6539 30365 6852 298 1689 30937 21788 14137 15455 14823 11286 8231 842 32334 14504 32093 12840 12406 12074 5920 58 14955 25101 1139 15754 11486 23755 10809 25982 22381 11034 13723 16302 13860 8293 5545 755 22595 13180 14404 11968 9281 17035 3643 3766 7442 21321 6836 7282 3238 9073 4558 13226 14258 7542 19076 19576 32434 1395 2005 12277 4143 29280 23841 23306 4157 26508 12759 899 22857 8775 10317 29541 14865 28639 27631 11906 21748 8143 10908 5706 1132 26162 15693 32740 26841 17022 17400 28798 896 15982 14516 29665 723 6464 15901 16712 9203 13089 11514 8818 19827 19686 9501 20726 18271 28668 9611 15831 13436 4770 28637 30552 12498 19541 15078 8465 14696 11916 30870 12867 16719 5542 13086 28265 6113 1569 17749 19471 1099 27148 29275 15847 14921 17087 8316 4634 3121 8905 15191 23516 32307 1066 319 6979 7903 20163 16353 5977 18663 8970 17447 7792 12839 15618 349 8373 27618 875 13203 22792 14415 5941 322 30731 22868 30523 24626 1401 15505 3118 16794 27578 10400 12495 18826 25012 20379 2658 5510 9955 27359 17759 22131 17836 17424 2666 16824 20462 20318 16261 7581 18907 15110 27013 27894 14086 
6171 16834 32262 32188 134 21523 24734 5272 24140 14586 1925 11858 14351 16411 6428 22488 9944 7923 13122 15520 22803 30662 9846 1340 18139 19673 27707 1071 31608 13282 23745 9471 6182 23997 26561 20875 29720 18016 21673 16799 32189 8465 19961 26822 16706 21719 15341 30303 14424 7470 12892 7155 18231 8958 30176 3526 2787 8654 23607 29100 23726 27957 3049 12318 12030 27282 24363 23437 10064 21245 28164 8694 6525 20862 942 31927 18492 20860 831 4769 3817 4472 32649 78 22661 19963 2622 31413 2045 6348 32344 32763 13743 12391 18871 2701 26154 27563 31244 31339 7733 3539 4343 10439 30740 5799 25452 22990 7686 25331 2139 198 19986 12601 6800 2649 19203 24227 20952 8496 24242 28731 14181 8388 20867 15454 31091 10865 31538 18542 8748 4301 20688 11976 13769 3383 5128 8438 31739 29619 1959 23077 30857 22773 19804 5593 22330 24251 20667 24287 20213 6752 25480 19076 16423 18862 28467 29700 4709 18933 24479 19525 5459 1369 11047 4549 26820 19056 7139 1233 12322 16909 15911 11257 5393 30550 6221 15552 23887 9757 4021 31896 6110 17261 7945 11789 9574 29794 16838 24128 8149 26430 14584 9879 25928 17082 3397 14003 18990 8090 29228 15010 13994 16516 28303 29014 13114 31762 28271 1878 10391 3366 8696 2484 22236 15742 19901 1343 18409 7816 28740 9721 16650 17527 24773 27340 30676 14230 19247 16760 3664 4060 11628 7888 6748 28353 14822 26406 15437 19281 17226 15108 2265 17535 5516 31773 18997 28091 24619 7810 23674 18887 5558 6681 10573 26566 25743 4172 1727 22166 11503 31230 32114 25183 6186 29123 14846 20588 13620 28240 11666 3386 15972 304 8671 207 27769 28089 17457 32077 31451 11327 27615 31687 16675 11655 8166 6995 1500 29310 8145 5729 28299 19499 29660 8779 12526 22499 18520 27949 27010 3004 6225 11766 15175 26436 27503 31423 7367 7282 11034 22876 30293 17628 21217 15921 30099 30507 29 27975 14903 20684 9425 29088 16398 18409 25045 7879 10817 22936 19508 20650 21463 26706 8658 23980 18811 24230 12626 28407 4223 27182 31030 13071 24354 25283 16968 7853 10766 12781 
14649 12234 11045 20125 19337 26362 17789 8479 19366 27387 27305 25418 8280 2702 25915 20730 860 4229 11398 15552 4944 7710 9641 23767 15567 32655 30153 25690 16092 12002 18845 15541 20100 30979 13872 29530 7615 31000 5858 12213 18840 24080 3248 17761 29581 11903 694 13980 2617 32425 23538 15096 1328 19676 11851 7764 6187 30724 11986 3083 8549 1145 13127 6763 22340 8987 27871 10857 31036 11937 16452 28562 2033 4910 24286 13381 18587 21541 1361 11808 6063 9279 839 30392 20156 17371 28783 31885 16786 6549 12998 61 5802 14617 14869 29175 32450 19514 5306 17203 4040 4670 16812 160 18169 27004 25530 18526 30282 5930 14867 28782 8455 16752 523 29031 3002 20416 9756 26986 846 9578 24107 19287 8052 27243 9485 3649 1094 22150 10058 28960 26410 12951 3873 9926 23290 1059 20940 32277 10082 5939 25093 23150 12169 23139 27592 4204 11251 16694 32091 31443 15270 8364 16780 23491 4235 14871 12090 24114 15128 26666 21014 19353 22828 8787 4267 18924 11322 19019 5020 13776 23210 30699 12845 27913 24700 14145 2053 7473 29487 27875 6195 27312 23777 21635 8558 1000 4791 19908 1953 29872 2687 27468 30375 19972 5012 30746 8786 30202 14082 26394 18355 13304 25323 24823 21397 19749 25898 25649 21067 17693 31029 11119 3244 5865 27976 19990 30299 31278 8896 20250 20812 2212 28101 3605 10883 22474 6187 20118 5151 23257 2970 18875 16536 8438 26349 32258 25413 17323 729 12636 31265 6552 10703 22915 25806 358 1827 24206 27866 22781 4461 27587 9026 29943 29744 17068 14132 11348 15545 17517 10777 19567 20042 9556 1235 2352 24952 32434 29251 15748 4818 13033 25359 4106 17603 22471 7842 20496 22714 6930 25972 7869 903 21860 2187 14479 16649 16185 6722 29449 11014 31815 7241 17061 14170 28942 20205 23824 8532 5807 1433 19350 605 16641 9373 475 24026 2786 11311 19661 9300 23755 29871 11734 29142 16808 48 30294 2967 32230 1331 14160 24793 7373 5813 22884 4881 26640 3437 28925 18760 32162 5711 8907 21185 30668 2644 11380 23772 23421 29565 25990 16442 16609 25366 19633 10530 27188 
32056 30003 7972 15577 23953 26771 12284 20646 14695 20626 16825 2435 25307 32095 20510 28467 4459 7178 6472 14193 5051 12603 32145 13887 20117 11300 5813 10363 11566 9652 18995 3251 26283 8205 23286 32314 15587 23097 15925 18043 6247 3096 14232 6286 9664 7837 156 11017 22519 13370 32568 9241 29787 5529 20417 3025 2942 22157 9739 14529 897 18248 18897 27339 6033 1486 12886 2098 28850 17322 1357 12532 15291 5087 31990 7258 24738 21793 31115 29901 16122 3141 16858 9707 5050 17143 14131 20698 27712 16043 132 23260 19094 9174 28867 18980 24307 22877 11404 25833 31365 16461 21260 18104 8045 5070 11805 24590 21004 1362 11698 5158 3965 26898 12918 26896 3426 1723 27568 32259 9956 25188 19562 15348 6901 4548 23506 29799 32728 29090 25824 25222 4068 20364 18745 17008 13189 23500 31572 29395 27779 30616 25563 21693 1671 13193 13908 23983 12507 4687 30976 4084 25969 25506 17411 19760 16679 19323 31686 14140 12617 18821 2714 4913 6743 21710 23966 25283 23561 24515 10466 10193 22161 22619 14028 1593 21792 30866 18107 14321 427 31513 16107 1876 17903 2124 13721 17337 15795 28516 5479 25674 7757 32750 24833 19732 14183 6012 23041 27226 28931 14234 3856 5679 27325 14339 5454 31812 8272 26901 28917 28670 14172 14979 28985 26827 23143 14922 882 6327 17697 32742 16764 20794 26092 22469 16222 10836 14491 17148 23595 8156 15994 7993 6694 6422 14223 2808 16937 3715 288 23034 22088 16893 15734 11763 6065 15619 10464 1924 9174 2385 16378 25448 27855 22451 6958 14322 4345 2332 9084 26295 21988 19954 1143 30344 19052 20397 32656 10659 21541 6304 1175 17449 11261 11798 13183 5843 3612 4257 11106 8673 8463 5807 19140 25684 22566 21854 17692 11101 21786 2962 12689 30229 3315 17220 30465 16750 13353 7453 14663 20586 13834 31299 11198 17547 15195 30835 27905 6794 1090 29776 20469 24396 6500 1530 13834 12561 6218 11235 24253 24815 7945 6110 20578 18559 6946 21113 15904 10198 32679 10381 3901 8118 9887 5907 27547 7174 25004 10553 29059 17024 32235 31926 30882 14762 16156 24666 1617 23559 
5635 16617 22298 11150 5645 22569 8567 6491 28215 21050 30172 30117 26924 23846 24568 7152 14509 22201 11577 12163 4150 3219 31886 31773 21215 17019 31600 20196 22656 29430 29731 23454 3608 32280 4409 547 30064 15003 31321 2066 18427 7470 11838 6852 16641 27151 15874 11646 21244 9436 19869 2027 19523 12967 32169 6345 12005 25160 8808 24802 16344 20215 27655 2622 4435 20762 25636 32663 3192 29019 25743 6157 15926 4606 27469 11035 27502 17009 28643 8394 12372 28965 7633 21028 12057 28573 6236 19948 4551 31941 11152 21900 25452 18820 3718 9807 1146 11156 6883 25296 15982 29330 7585 12467 15024 4945 9490 24210 24762 7540 28705 9786 24445 12092 25308 24344 26112 23454 9263 13550 20299 13977 18674 14026 17795 31686 12327 21049 8278 817 29820 3768 666 30823 5912 7531 31536 2000 18323 4370 11567 30271 27974 21048 17214 22216 21958 9133 12866 21202 11435 19255 3898 14444 8342 12933 31846 17125 22898 5220 29103 20886 9209 2614 25667 259 30330 3487 4480 23075 13018 17025 28947 3067 18906 7467 4705 25458 9111 14541 26918 30048 29015 29231 19803 12008 19586 6819 12894 16392 18159 22329 22861 5230 20577 49 690 20109 5458 5302 25446 30961 15087 5833 24751 25039 7267 25467 22444 21729 27992 23391 29683 10096 26043 28479 22904 19123 23232 25870 9649 22615 26919 26910 3063 19807 5309 16275 4400 26414 293 10776 10923 22242 10200 21968 17483 16100 12139 25999 29160 11965 18449 27723 20466 4396 12640 27597 22359 16501 19800 11180 10407 13563 25761 31868 4727 529 20 15171 22275 5390 31613 10540 29975 27295 13727 27520 30767 11874 377 18385 5085 30896 15560 28793 3691 7866 12237 30019 16065 18647 6736 11367 8586 17180 4581 10172 18835 15406 5486 2601 12147 26196 31201 20828 9329 11984 5196 26559 27810 32624 17686 4776 17490 15968 18567 4305 21669 66 28810 32007 23422 8320 11186 18726 2720 13281 32124 25924 25108 2395 19412 26413 2506 11561 9690 17936 28291 8733 26597 32375 9709 17718 24776 12924 24080 3957 23637 6714 23530 10733 14112 22659 19798 2074 24454 2001 29235 31859 
26605 4990 24769 31554 3660 12599 26958 32692 23791 3758 23827 18220 18548 1935 15449 22237 28442 30646 4064 32664 23867 32159 29056 21474 31510 16669 2065 17482 2002 4687 31369 22010 17856 29904 7780 10123 15329 27439 25929 14366 12456 5791 19946 9384 16896 32495 23596 20365 16017 5820 23688 9841 9279 20453 30384 31306 26612 21567 21366 7610 27296 13962 23018 15773 16254 12196 18371 10206 10136 15357 10497 29838 26253 11595 29392 17719 21650 1151 17838 3693 20919 10231 6864 8103 32364 18933 24770 23885 23875 4944 19279 24850 16887 26217 23200 29828 12718 20065 23976 6625 6267 28297 29631 5933 30759 1562 20876 14209 29745 23591 19753 13990 24339 10191 30082 2787 11463 18615 14590 274 28298 25528 24418 24313 15328 14292 23282 32728 11480 16239 13529 7999 18833 29115 6346 17954 4861 14453 17384 3631 2277 28111 23267 12127 20781 30381 27492 3020 25690 19731 7340 11714 25425 3806 21368 27672 31329 25779 19751 10433 30084 21814 30238 23966 27106 22652 32620 27542 6295 16322 30634 24553 28342 17759 27429 9153 18062 22775 20288 18955 20012 31730 15635 28548 14113 16940 16216 24855 4997 19182 14216 31846 1083 17950 7745 32423 7287 22962 8939 13745 7806 31594 28315 18262 30125 4799 3639 756 4541 30487 18396 28999 1861 7738 24444 5761 6528 3849 3788 6813 4433 27758 13405 19440 1412 11407 32264 12289 30807 20551 4752 5786 28217 11990 32387 25375 25041 10711 26721 31 14658 23923 20480 12585 8366 8405 23855 14049 28153 27357 410 31058 29135 28441 29166 11398 23016 1777 14909 9044 2186 15137 29091 17530 1360 365 20778 21996 27435 655 12779 4715 30630 31861 13942 15704 8046 5289 9076 10443 19473 12049 11147 25056 9990 7384 12930 30545 5614 14252 19366 3658 19481 15658 30572 14712 5452 32406 25687 18020 15809 14544 14108 29951 15216 10371 7685 19837 31885 11936 13203 2151 32594 6411 29799 15596 5886 25492 19554 18809 542 1320 32524 10889 13835 7496 28466 13245 948 5563 2516 24367 31133 3200 22590 9988 10024 6663 32116 7488 9492 18337 8915 13790 1859 18996 6134 30497 7104 21811 
10711 1061 6912 6605 30006 13753 11624 18021 14399 13681 27152 6723 26471 20214 12999 24969 2455 27553 4439 28008 8076 27720 31242 23699 6782 21848 5996 18420 9727 292 851 10143 18727 19581 4381 1028 8942 29059 3385 18280 17881 1210 5609 17302 30425 18529 28997 16337 21360 18943 1156 8974 8981 32318 20599 3680 22490 20220 5974 31668 588 20384 4031 13502 15514 2986 18684 13875 20730 9103 9349 21305 8009 11203 2245 11548 1521 535 12577 21314 21008 3397 16183 8033 31447 6857 29027 8687 11312 20211 8840 13018 25763 23355 30477 31354 10874 28372 23333 1732 7203 5508 13908 16576 24535 30898 30767 22077 13945 14017 25187 27587 13761 17564 13304 10953 28057 3474 6615 40 31943 17765 2186 7888 22733 8349 25412 6841 19725 26402 5153 12317 30001 5386 31150 2789 14026 32176 19884 8801 32311 9478 26897 32059 17097 17196 2384 29102 5669 9793 31450 13811 17129 26233 19685 21756 16018 8303 29292 23397 29341 10685 29815 20648 8428 29643 6556 20624 26476 4324 9926 22768 9973 3983 7477 8084 20849 8220 6598 1144 25409 14461 14709 29752 3036 10839 10016 20168 18873 24409 13966 9829 32112 12237 12463 27339 14364 1900 13605 21673 18691 19575 21764 9554 20089 15619 19158 3765 19969 13973 29667 22415 6070 7150 28335 4063 30953 19752 707 27035 524 26114 13744 2465 25550 13945 12626 25840 10120 10648 24402 32280 18136 3728 24046 5871 26251 30731 12797 10886 14529 9662 23085 17243 19019 11325 10128 464 16216 20244 32599 26332 17233 16659 27101 14081 12289 16105 4839 2430 12281 14325 7978 22469 24627 31064 31501 8495 13557 3919 1713 30447 9720 20672 17198 1093 26058 18706 25888 26356 10353 29762 28771 27637 15697 307 16666 1133 80 3654 9718 1757 26167 5163 28597 4248 10331 29431 6632 7035 21374 21878 28922 7128 15856 24258 22894 15027 10489 22036 7272 49 4476 17627 23919 589 29652 15115 7537 27597 1794 11704 28423 28532 13066 9187 16379 31610 18074 9620 23560 16697 12269 8489 3296 25897 15599 15085 31604 27406 9890 15084 13935 12912 27584 3334 515 5964 16034 1859 
21737 2825 2656 27238 9891 14765 21306 20677 29445 3921 30262 32599 5875 12755 3083 19727 27244 17098 29502 5224 15304 32191 17803 25410 4157 1690 15494 23788 19880 31834 18818 642 12682 9225 25778 21881 14673 16367 22414 2168 24538 26375 1656 12905 21555 28847 32160 14289 3493 18595 17701 24156 24818 16172 16509 16061 31451 10645 7446 2228 25573 26335 5181 19824 29021 7350 1088 17432 18330 16547 9423 15525 20866 16770 23208 13554 20816 25911 28276 17430 28308 11933 10987 20465 25978 24511 9791 16645 15184 27723 15032 10375 7235 28739 29339 3254 18025 32502 27473 20332 9733 24111 29637 25331 1798 428 27150 16665 32720 23249 7246 22663 31039 20638 12506 25678 30697 29663 22939 25027 2724 17314 22196 6285 585 5614 3172 26876 22199 30898 12334 21661 23834 7932 20792 29963 13165 11883 16370 21767 1341 231 6391 24523 3504 11919 30520 23196 31431 29683 4439 7327 5600 18564 18001 30957 21887 14665 23904 3817 15437 23507 32032 29906 10593 28018 7664 28820 32191 29353 31643 13028 15134 27360 19000 18571 32751 27737 12878 13826 1178 15461 22588 28992 32267 14296 29400 11728 2413 8122 13655 12070 1333 7743 4205 5427 31587 6137 3764 22327 260 7501 20562 24791 12028 4132 27095 1391 6146 20962 10852 15785 24556 3484 3346 25423 22573 29318 22929 24413 17820 29354 14352 32347 13175 23008 15453 24297 30631 20730 11342 11932 19525 8511 1375 10504 8798 19483 1436 3358 4595 19220 15298 31929 2884 3072 25249 31347 11599 32117 3012 31165 26003 16258 23892 13615 15641 19612 26426 16156 30389 11995 21380 106 25226 5479 30218 6560 2764 24109 32593 23105 7626 26582 22191 16985 14635 16377 24496 16981 31351 399 11961 11543 30938 30632 28907 4170 3109 22621 2890 26355 1302 11270 13599 23113 15065 13485 4507 1223 4558 27074 3260 27519 24461 23567 32629 8625 20520 5615 24329 19100 12464 19387 31672 28052 17146 28806 4765 20565 32418 778 14039 19351 25425 9953 21991 19939 16444 24057 23385 164 5357 30274 14247 17281 28486 32681 20058 29162 27331 24138 3954 9969 13567 19681 16392 29532 15226 25474 
13874 14840 26265 30347 3111 9776 1518 25046 3747 28893 20922 5171 27277 26464 9648 28437 24024 26863 22780 20107 28583 20012 22404 19826 29620 28412 24686 6634 23794 14998 3554 28166 9073 5594 2577 200 16770 29669 5494 844 3101 23778 16987 32323 27263 22306 2464 9123 12567 26224 7352 26781 9123 5534 6388 31696 25239 15972 4 27580 18366 875 6587 4473 30243 12452 8978 5032 8498 30174 28272 5547 20251 12184 22824 26385 6775 12819 14915 18260 14126 19116 11905 4551 16024 27497 26010 26058 1762 13522 21705 8000 2484 20994 29323 13123 7696 23293 24485 17686 2430 12612 8548 1882 11366 2727 20776 15749 19901 7771 25892 29073 18915 10316 30303 12785 10444 14004 10238 27593 24415 30189 5062 13662 16411 28292 24541 7372 24320 27022 25040 20215 27821 28479 29402 10947 19654 5048 22884 5256 27544 1569 27592 7616 5888 5624 20570 21763 24200 8872 32425 21046 16084 10590 26114 21247 7229 25880 23862 31611 20667 13567 16285 3892 20744 15606 23387 13901 11522 29811 5346 8960 28498 6029 25529 11083 8267 11863 3195 10981 28692 7789 15394 16759 19466 31436 26757 16649 25440 1511 6688 24762 24328 6647 788 1973 20695 27538 1902 17504 7652 23167 6828 17367 26673 17609 5758 23960 15245 4114 28361 1920 440 23850 26353 17910 457 6624 11352 27750 28365 25880 31266 16881 18865 31006 10812 24162 6754 4154 22428 21348 17458 30597 30154 30195 31102 17402 415 23569 4749 24016 12108 25274 19388 22024 14751 20505 11992 14914 13954 26108 11212 23252 5317 30854 9340 14109 10013 23843 28656 1047 24684 17857 6325 300 9538 23614 23168 3915 22180 12828 8981 15930 31245 22652 6759 17454 8883 13386 30209 5017 11 25269 7076 835 13711 16866 22322 15516 24511 29153 10186 25681 27238 25056 26677 12573 7198 15774 22145 25826 31510 20259 16107 23544 28435 10415 19971 9924 17589 10992 19978 24973 30204 15223 21407 16012 23562 16237 7579 30274 11819 11906 11321 4623 29202 21031 21370 17663 16742 1277 19655 18151 2173 1677 3032 26033 8807 14137 23254 16628 30254 20594 444 25544 31068 27948 32003 12504 
15294 30351 1918 21688 24680 18672 31619 12921 10233 9471 20299 32379 28704 16706 12443 31619 19551 4034 932 3597 7183 3076 18729 6628 16805 9530 12255 24047 24371 6331 21785 16974 15410 20657 30884 19622 14462 6929 10224 11960 28834 19665 9329 9017 30550 9557 2373 3293 18502 1578 29719 2998 22549 21238 13635 31932 26018 3503 19259 6061 28810 780 11561 7959 30958 6969 10454 22194 27766 8911 22474 13300 25749 8195 28597 31968 6671 2078 29197 18719 12729 26925 32505 6481 18048 23545 20334 30885 21677 21049 6807 23719 27240 5383 27259 14170 16762 1937 9178 28551 9815 529 17751 13140 20571 22783 8669 22808 3924 25732 6715 17006 29249 7219 6673 30089 19289 6900 23536 24775 13647 8000 14525 31880 32213 23444 1622 16192 6495 11039 18808 6091 1065 32446 16097 25089 13435 5675 32689 2443 556 22898 17686 20213 10085 26276 3880 25347 16039 10190 13074 19529 25103 1324 5235 19190 20441 1947 3588 12017 14372 32589 19834 21543 6132 704 9902 14627 17789 23025 8699 25567 4511 10701 18919 2265 8877 29672 31750 10346 27762 15985 16668 5715 26998 30822 28802 8089 31101 28164 8907 17044 2385 24962 14246 11586 26561 7166 29446 30177 27626 2744 30081 16828 20661 15486 5110 20037 27041 21351 21107 4196 5315 16068 1622 24079 3595 20820 25522 22043 1992 1975 31220 31313 11374 4901 25542 12229 28055 31840 11827 6499 17481 29415 15116 203 18039 7277 8843 16735 13770 30857 22583 27033 27553 11439 5895 1699 18006 19551 22730 20001 31683 29084 23750 6737 29956 14752 416 27735 6015 31182 30332 26834 7970 16616 1892 691 28140 30850 2286 18511 29871 15031 10009 1715 6420 12314 7033 14135 15583 2543 3732 27478 19060 27804 10379 10940 27290 24154 5373 30625 18304 3632 32296 27990 254 1826 17233 11549 13852 9126 28262 3390 18392 21847 11491 15959 14628 5357 20466 23284 20527 3693 6102 5471 23781 23965 20105 30650 18617 28347 30116 27210 21410 22382 2944 29718 8803 15357 11163 27057 528 5311 3645 32340 1230 26579 11099 27439 23514 19216 1211 8449 4813 16959 23385 14311 4126 19848 
21514 4465 32488 15403 20319 24827 1517 6001 30924 3643 28636 14817 20745 9750 10447 26294 14265 19896 13592 30097 14410 27619 1341 26220 7708 31879 19265 29135 5093 17044 13605 26950 21076 19468 12463 31762 8692 31836 7274 13343 13396 4332 2542 16182 6245 21493 30049 22644 20003 29075 5694 26107 15735 8987 11605 7911 5212 9390 29716 19844 20546 10510 4356 446 30383 16305 13718 18392 16684 24852 18720 14177 16479 5458 17699 28260 14965 26869 9935 19680 18627 9228 6601 1143 30892 30590 16427 20586 29637 5277 15309 27077 29495 25342 23747 3031 613 18569 6438 7397 21711 14284 12824 20256 13110 30868 10754 19923 17410 24255 28704 19169 13024 25420 25920 111 31663 21428 7622 31454 23709 2941 1268 16124 13197 27660 17768 8315 19133 1723 6886 23714 22693 11563 29016 19778 14114 23516 29971 18412 5587 13050 30812 32097 11203 29050 21035 27978 11337 9830 6703 16937 813 3189 26129 10640 7180 17375 27645 31889 14590 24175 11871 19573 7285 29146 5354 10160 2665 9295 5855 11029 25778 26447 23180 13127 26293 21695 28179 17008 17474 25148 32108 28213 12221 24238 10669 27113 2940 28192 25993 256 19057 30671 31511 5575 17417 14976 7893 30803 32595 31511 13293 10679 14693 358 9655 24443 11004 22339 31358 23369 20834 32221 903 27368 16021 3408 20047 9327 13477 29302 15125 12978 4190 16128 23704 17921 18215 16326 1314 32018 31786 19804 9413 23099 28853 2790 23781 6372 21472 1837 27895 30525 13681 29682 23687 18476 8188 26498 1664 24970 7759 23690 27048 14990 12301 25645 25194 20105 29080 15956 12760 6100 31540 19525 30192 14087 15210 4472 30494 6764 20651 13989 28419 14772 9782 17186 11381 14824 22588 108 14535 3490 9025 15364 25162 25980 25285 23420 20499 1225 25380 30417 767 20099 2747 27899 26613 7813 7756 9923 24427 17146 9379 31701 24108 10774 11642 28182 2904 6148 32667 12087 32684 31007 29252 9355 2563 9316 30159 23829 7453 8743 3986 11750 19104 19206 19717 26790 28508 21276 29218 24688 29907 5495 26386 12515 19449 13259 10501 31605 1336 24167 16994 3851 10679 22633 3616 11719 
14812 3118 19059 25889 29968 17421 16044 11322 20162 23365 30810 15468 13486 31539 25526 22566 2655 14537 17214 29687 32242 9787 19103 30184 6686 11515 24792 32527 14705 17384 19869 29537 16092 21955 22009 13256 14194 27618 3128 15990 18797 28968 22276 10616 5234 8500 29646 11150 26390 30681 30832 10042 28064 13518 6160 27671 15888 18343 12103 8812 25953 14340 23426 5377 23052 24073 8617 19761 30669 32526 26623 13633 26793 8855 18250 13552 7984 13190 30515 31823 17920 16783 23023 28883 18570 30445 27423 28841 22809 5715 5621 24649 6160 5414 13977 13902 16498 9705 19147 31109 32168 18169 5577 25924 20095 10618 15219 10237 6513 1169 5805 28690 22053 10451 20229 15083 28729 26622 29078 6727 18238 9447 4395 25551 28676 8116 12712 32497 6936 21067 678 17643 17548 28939 11614 10022 4342 25529 14792 4038 31675 19133 20228 12415 14990 25742 21240 13226 31283 26475 11579 920 22665 9036 12593 7206 16327 24 29560 6801 1798 11288 3715 32652 31744 3756 6789 22416 14871 21308 23697 15732 29337 8306 28927 27453 2626 20390 29969 19767 12290 14490 29655 19269 20737 25960 6735 15477 3553 17080 30417 14551 5443 8246 18346 15760 1932 5444 7432 22314 18409 7659 21014 17966 24208 1048 8551 20981 20553 26885 22680 15803 3885 757 28465 5109 26798 25380 1229 15332 5336 22526 2683 3435 19159 16271 7011 22302 32440 24123 18605 2715 11380 3503 23710 797 21546 22551 22788 6734 2988 21393 13525 32605 18749 20962 7443 1105 19353 14441 15602 21917 17206 5201 20797 20468 8394 16138 2806 26718 11533 9977 1341 23180 19904 4206 21106 4456 7150 25303 25758 32241 12146 22068 21775 20550 17337 5323 20291 18176 6601 9501 8968 2245 15234 12312 16864 15387 1060 30606 11178 20857 4626 4326 3711 13220 1494 14354 7643 21049 12900 20161 25853 14981 8867 23509 6288 12957 6185 7959 11146 2731 26438 3369 11093 6279 21573 18365 10029 4487 21998 26117 9929 13975 24912 8554 29757 1676 8893 14977 15647 27317 18453 10811 20200 4531 16456 29532 29342 27787 5142 10286 11184 506 15385 30838 24098 3081 6150 23463 
8169 5088 27440 11094 14745 32735 589 16878 6717 18411 26237 29093 17030 17414 16776 26542 27433 18723 22375 20400 27266 2104 14599 19320 7549 25492 5193 4843 22454 11891 17741 20542 7903 2768 3312 3177 13667 22906 4243 16344 14408 28778 1823 23396 21594 2900 14149 23939 22150 10876 11019 18363 7044 21451 15492 2141 8889 27170 24542 11375 18523 3822 20131 28138 27350 16893 30776 29222 32622 13200 23466 19602 23078 31921 11945 6568 11489 12742 30165 17952 456 871 29241 22116 13547 24941 2069 16965 12587 21579 737 14572 29783 162 23182 24851 7829 2319 24079 26997 4356 16968 26392 32130 24479 28007 31526 29272 6757 27781 32191 16367 12727 9611 22523 6803 31233 1861 14659 16536 4764 25784 21849 20553 13299 6838 17304 14881 10469 13231 25470 9022 30571 32202 27239 19474 31867 18228 32411 20316 32556 13496 907 19798 32538 26257 31576 22320 16908 24444 8597 11966 25812 25105 9038 11886 29559 14418 6217 28028 19598 6533 8587 29801 21484 8767 20766 5545 14465 4802 16146 16028 20862 18312 28610 21695 22202 8224 28505 29476 30805 18489 18068 7199 6555 5885 11465 13123 13099 30880 6952 21388 8280 5688 9537 21982 23503 12239 15046 7086 28538 23734 13970 29183 7077 9757 24299 8337 31072 12257 15108 31061 7204 25509 25030 31779 30393 21028 9680 25263 1878 16069 17085 10426 3851 2417 28581 25733 22620 27297 31462 907 20783 13755 21284 16239 31720 5534 8590 24372 31698 30587 22883 6316 16577 6120 24757 9779 5621 26159 13934 25757 6210 12780 14736 3436 22382 22231 30145 24902 9947 23262 6406 22183 24933 12919 30415 8404 9358 7988 15412 8976 18137 23703 14718 9233 3443 3881 25833 21941 25880 10694 31400 1266 8757 15675 24106 1547 3146 26131 8348 12554 14483 19629 20655 618 30695 27538 30619 13332 23520 4102 26468 25229 5948 18653 15963 4717 15747 14224 17385 10771 9706 30608 648 13207 30072 4058 17170 31488 5223 8908 19774 23735 4813 20535 4455 22588 16508 32181 8080 15128 31782 31037 4006 30739 32197 10740 16132 32422 8249 17222 1853 9907 28211 11830 21013 1140 30291 7410 
11984 14514 10893 31915 19632 4407 20177 14755 32441 3461 15083 2440 11447 7112 29608 12288 21890 8714 24378 29061 1665 10150 6365 10355 27757 13055 10171 12383 24919 12145 7437 7083 7149 28552 23940 26455 25593 8048 6631 8474 28714 15277 15101 13234 20759 24588 17581 19832 3457 730 29796 5431 21464 28755 7863 8510 25857 6749 4170 25780 7255 4215 30192 1836 14576 13292 4115 23161 19489 31820 13655 25284 28996 24604 26746 9436 12984 13773 1407 11980 16426 8427 18955 3763 23059 24471 15631 11216 5762 3127 14759 13789 25372 10092 8514 7838 26721 32325 30980 20921 12849 16562 30312 7880 16782 23611 16170 2477 27555 28401 24676 29989 10757 26277 16631 23457 16442 8281 4908 2641 23160 7156 2459 4737 2478 6202 21324 25896 16585 11002 8989 19646 14128 10633 18019 14671 21648 30064 3796 4814 2527 354 5029 1451 15259 8817 3567 32167 8531 385 21591 17128 15977 16636 14830 27976 22550 10951 21590 8691 3246 31349 27943 20273 28710 6075 8848 23168 20947 21796 31554 29926 3956 1798 29065 2437 6515 1717 14780 31344 3176 30198 18392 8125 991 22199 22632 15580 2651 19197 168 24615 19099 4381 2537 24761 26139 4143 7223 28292 5342 2240 31802 26782 29291 15815 24666 28124 7190 10714 8486 23458 1152 5282 18679 12025 8289 7309 18128 31714 20613 2242 18569 28395 11541 30554 45 3327 5656 15309 22688 9602 11577 426 23941 10910 7371 1932 23134 25559 20490 1609 29941 12006 164 6252 18172 17092 15736 13798 15088 10501 20125 6144 12355 24935 6822 6548 10937 25515 28964 26493 4371 29603 24173 5452 16107 31629 27804 27196 28127 24735 30169 31337 14833 1507 27611 24636 17710 28997 14506 10794 16014 18155 7338 20638 20508 3780 11733 18483 14422 30820 23624 1063 4823 4367 8193 32013 5171 8211 13287 4033 15651 7515 522 18593 18658 30274 9517 28410 23254 5285 9090 25793 12147 23612 18100 11908 21597 4650 13610 14239 11212 25298 12427 9907 16181 31213 7549 22100 9511 24793 14515 17922 32371 5940 7462 5979 20111 6570 32674 27534 13116 19211 17285 13587 16231 29601 19652 20890 
32077 19136 13102 65 23523 16030 15093 2057 2933 28261 13930 8843 3469 2695 13576 32487 31766 3922 9140 28926 19393 3524 16963 8417 3496 30368 4669 20104 29746 7105 8928 32200 7990 23471 24168 7807 29539 11120 15502 1298 223 29345 32335 18201 15662 28101 22254 20568 5206 2780 9788 17394 5440 29752 10263 32217 15714 15756 15665 18569 10139 26438 12563 6902 8798 11294 8545 29378 28947 19695 27231 7860 15546 20166 15540 3430 30674 24377 16494 29757 14713 21243 26951 25246 21460 29357 24614 5471 10673 2550 9705 7804 1899 27861 21346 13580 782 26422 6815 16755 10172 19140 28015 31192 28752 3839 27937 8922 21824 14222 1935 18558 29128 29910 25948 876 1093 13003 3449 7772 19935 2566 25070 12235 5482 18201 22999 31730 20878 31775 7340 13048 15910 20631 25286 24423 24807 882 16159 6365 16706 21354 13914 20228 22411 16790 18179 16579 30554 25147 18199 29622 14642 12262 15047 16348 10080 5303 2169 17296 12838 7680 11792 21435 12057 3599 23405 15431 26568 16455 5685 25815 31646 4982 19157 11701 6410 20066 28356 6411 20956 12965 6152 5207 3827 12731 11772 30233 26389 30810 5968 974 23838 17409 2385 5154 18781 14036 23659 8546 29243 7591 2540 24624 6173 23641 14090 11898 30860 29795 28968 28333 3220 22960 32597 8997 1641 2480 27926 24041 21073 6312 12901 22677 7869 10572 7417 18583 12217 655 24264 17310 391 14266 26059 18512 32391 5819 24833 16188 19547 20672 5814 2063 29767 4357 28677 26378 27358 30186 23964 26291 15067 8265 31167 459 22349 19718 2960 10625 22775 11496 20365 31717 10998 28327 10586 16031 27300 12102 8897 29153 32445 17570 23543 3994 10688 5708 20768 19181 7064 30868 6422 25569 18044 15846 358 25434 31508 29274 11164 21320 4061 30086 4033 18206 6094 26263 2081 18566 27708 5792 19026 31826 3579 30001 29041 5046 8646 11052 32175 23989 3040 22484 27916 3290 28412 9255 20835 1320 4699 8302 1959 18003 29492 8210 29804 17969 1368 1969 27049 20331 26390 16753 6588 14456 3164 19348 15278 1740 9504 5453 17593 21068 17150 7634 23303 32006 547 2483 
26045 4895 14697 8810 24120 26380 30147 29747 18070 15877 17628 32286 27001 8375 4859 10338 18183 9274 8234 29940 21302 16194 20631 7768 26950 32665 23610 6328 6287 13261 8632 10547 11900 23846 8328 1911 8664 32218 24148 15762 17224 6020 15266 14853 22297 28115 31667 18458 31804 24959 939 25208 1167 30594 5363 5109 8799 24708 1756 23211 3882 5271 17285 16718 4009 22308 3070 8893 30989 14117 18349 19414 7050 24469 25329 28559 13842 19493 262 8514 22371 13873 1321 18761 20547 19954 14076 18379 6922 5109 1579 14805 23650 26316 12624 5293 24907 6403 21524 2915 15970 9046 8343 29352 29794 18208 18451 5859 15851 13591 22204 14466 27266 3127 1770 8846 27354 17660 20345 3971 29265 23764 12656 20574 20926 21972 2274 27127 28522 24234 25874 7313 92 14035 11226 2480 26330 8974 3150 27691 23084 1552 1180 5761 15267 29049 32567 11120 15578 17159 19252 17604 15164 8713 29684 31854 29894 28951 15363 3029 31246 2049 16192 30065 389 18949 62 27797 32761 27717 25835 28556 10846 120 26223 18408 17613 6111 30807 25879 25293 4730 27379 17719 31954 28285 19708 24619 32515 11262 4218 18671 13632 6384 30437 31016 14436 6484 2187 31488 16583 16302 6961 25904 520 18870 11261 23902 29705 21841 4244 5290 11578 25023 17279 29316 12827 28950 20435 25024 24060 24047 8209 29676 18695 14687 13387 20193 20353 17705 904 6296 7757 24113 3178 21823 26802 27444 22798 27532 11102 9143 31284 17234 8362 17213 15776 12882 18975 31933 9152 11091 13113 16979 22670 25461 20844 13622 13240 25026 9573 20970 1022 11526 402 11447 10716 3040 6628 21081 17770 2842 16596 8441 31616 15926 30116 11612 5661 28233 10215 2139 1034 11021 21571 30867 31674 29233 24182 31837 17781 24819 19607 10241 28854 9201 18334 13350 30929 6460 1319 20621 7384 22703 32371 3839 28352 5759 6320 31364 24000 5138 8826 11990 16378 4885 19105 1045 8029 32457 29741 8892 19914 16285 2975 5076 1141 27906 16762 8552 4751 20859 19970 6968 24354 29939 8772 21425 16956 8532 10838 26909 31055 5461 1248 12056 15064 22932 21467 19523 
11583 27620 2713 24636 17662 13544 23814 17869 19974 31713 13357 17763 9310 19652 19454 19394 24590 1168 24142 30968 30779 30686 32543 7055 8595 26553 3618 27655 27628 14513 24954 7300 25383 8235 3523 4291 14171 15355 28499 21074 12336 18485 22719 5377 28552 26431 2721 24468 18277 12331 22681 11450 9991 30532 8082 6211 25428 1255 28999 27789 24189 11925 6405 9279 21215 1605 23986 13370 17703 5119 9486 12749 25018 19878 23609 10536 18772 16662 18806 14356 4334 9327 11054 16609 30950 16559 18488 18847 8026 27271 21847 23441 12756 32103 21508 30430 25133 3292 20078 28298 8875 16411 5312 16549 28013 3038 24482 16066 6921 15982 31746 6827 3187 4609 25620 11091 11297 14663 27031 32268 2668 6720 21851 2042 6458 11088 8192 3016 19162 9877 10240 1945 6191 1912 2288 16194 12817 1666 30722 14006 25072 1906 18895 12481 23994 11660 1363 1530 4863 2611 10297 26611 11604 6586 89 25778 23541 632 16000 15973 6830 18970 9839 27473 507 30013 38 21004 25198 17725 11874 5612 12113 2119 3684 1983 31885 12214 1268 3772 5066 8348 23718 7610 25816 29342 22876 2208 21837 4358 9484 19997 13168 29203 31171 10649 20566 22675 11498 363 1355 21428 32713 1356 10356 28952 22857 4363 13490 21799 19710 10115 10440 11689 4964 6603 25025 12948 22377 11948 29836 10530 32044 24152 19178 7463 17925 30296 1930 17570 30149 14791 30065 16786 23871 20926 1696 13835 28167 8719 9713 24200 15225 22070 24643 9859 3325 14988 10454 27459 25994 13758 15608 24822 9321 30334 27362 19967 9020 10616 16349 4241 30014 19336 25001 8829 11212 27690 5918 3912 17445 29746 17428 4225 8814 17597 23681 17489 15865 16999 4833 12884 25286 8382 17883 4775 11338 503 28961 2883 7536 16096 9624 22409 31198 27414 19641 3613 17529 27000 15159 30968 1835 9435 22241 13241 18404 16640 21451 1084 20190 22467 19624 8558 8742 5780 14971 23648 23128 20523 3951 24474 13481 22136 30978 30897 1579 12505 3433 8220 29773 656 26672 13123 5793 13684 31266 5337 26083 15590 4200 10092 7222 1287 22261 22074 27312 25129 23073 8263 
10265 5251 19347 22956 23792 13352 3685 5938 20655 6458 20099 30751 31825 5210 10068 16976 1552 2916 7581 1160 10867 20057 28834 13064 13960 14493 1678 29280 30574 29283 30740 1156 17175 26213 32599 3106 32332 16344 19975 6707 17394 1183 3789 14801 4491 8127 5610 28232 7424 28691 1307 22383 14237 12097 26303 28729 25181 17644 1083 7047 30568 23083 31646 29504 3290 16698 22657 3492 29894 1392 13362 11485 32379 14193 8465 3287 23813 18853 25913 17234 22263 4329 18531 26166 9064 15748 30984 27686 6204 24668 19654 31575 3493 20586 24581 6819 6888 1131 22746 30937 4197 13528 20780 15960 21202 23065 11285 7388 31687 23286 23178 4503 25471 32590 21311 3460 30685 31499 16837 30712 1197 9557 12533 16250 20781 12294 13458 27860 14027 29534 22058 27754 5425 8697 18749 459 18303 30973 10914 6534 32471 16536 20261 27967 9759 12458 25973 11777 13058 3518 28478 10454 2104 4671 21906 6549 19720 30697 7309 8188 24075 13693 31289 2814 15154 17593 21679 28254 5898 1159 27519 13949 27455 2933 12370 11889 13920 32357 4814 11350 18145 16261 17338 22505 14182 2434 13155 16211 63 19193 20286 11842 16942 22063 17102 31550 11889 14593 16328 16187 12284 20766 4470 11114 14855 28787 32601 29013 24520 9703 17170 28971 6530 32329 5507 8792 23230 20870 5937 27225 24024 28704 6124 21967 18622 17627 435 26578 3829 16058 27346 29575 13533 5929 4941 13301 22581 18556 20865 5652 8673 18584 12809 26919 1259 23536 20191 26956 28361 5300 8643 22610 19678 21060 21985 6346 2883 21739 23726 32609 28870 14794 18963 20077 31795 29458 15309 4037 9939 4215 20500 16598 12339 27617 28538 1267 22310 3684 28183 20973 9229 24946 18403 19172 10326 79 31843 15708 22339 15814 19848 29843 23533 12827 26068 22291 4232 25920 10686 643 31464 26955 14424 22978 29252 31016 24367 14647 21051 28555 1394 17762 24340 10793 21079 1975 16202 11560 4795 19885 11848 6868 8713 32274 19569 21395 23132 22689 12387 21019 20456 21462 7549 6114 23446 3329 927 15830 14574 32410 11312 32079 15162 28884 14438 17730 24040 22644 21697 12215 
13361 6116 17881 27517 31736 22147 12890 28188 22517 25152 20045 523 29970 20327 19353 1315 7957 19130 13257 27476 2176 20932 3855 22935 18869 17770 31881 27939 23390 2755 8132 740 4108 11818 1919 4905 20766 15505 29105 30109 8933 18200 4301 8568 13318 17630 13892 15862 31775 18198 1611 5897 11693 13150 6368 19018 32557 30797 11271 16438 3969 28747 19290 17815 27030 26278 4288 22848 27460 29410 25213 509 4981 7760 21099 16586 31626 2018 646 29507 32762 31293 12974 14940 23612 10256 23465 14674 15848 676 31592 16610 4889 24245 30347 15032 6165 23425 13095 26922 26672 16414 20678 20262 5613 17168 8623 21609 3687 28699 18792 31218 19439 8278 9338 12983 7159 14465 23924 13462 31791 8600 21298 21902 21229 12200 13407 18735 1746 27362 29753 21071 14763 28398 31892 15615 10901 21634 16674 13502 869 22834 6129 19180 5446 14730 31541 16769 18596 29018 6216 28158 17481 22097 20463 18596 4038 16589 3039 31716 13589 14066 3456 2072 9596 19962 6640 20336 26036 13771 10059 7727 17739 8911 28458 791 9543 2560 2665 3105 4620 25410 31278 15218 13440 26102 16934 18571 24172 29644 30738 448 13862 9688 27779 25067 17773 12265 20705 11873 28564 3606 32434 12581 4835 12441 17433 25436 22842 6625 22941 7169 31735 8930 25900 5850 32538 22960 11872 26539 10151 11852 26625 11689 12620 25021 13002 6961 1860 27491 15728 9658 1147 18569 9696 29193 32499 27193 32712 20644 8806 13652 9306 24200 24109 18658 12109 7710 27232 32422 19748 7276 10303 23029 16050 30344 25040 22729 13790 21331 11466 23314 28580 9571 29874 5196 12124 18753 28740 15190 32575 21461 1556 27778 23079 9502 25717 29161 8854 4903 20634 26113 2810 16694 28923 25713 21295 30534 5882 15651 32582 3511 19399 23963 27525 16709 9345 25736 25006 823 8606 5017 4997 6616 7564 5010 7820 9515 3736 16031 32017 23515 8208 25832 2154 5233 26276 16229 28800 28361 13330 1268 19594 12743 19971 21929 10523 12614 3119 28773 14175 20561 8648 26282 417 29590 5654 17069 18705 30743 12383 21421 28869 547 23305 5252 6653 14469 16898 24700 
21931 16379 12384 27235 3891 2794 28997 10722 5231 20815 14342 13066 24310 17657 21388 11312 670 22006 12538 22011 25919 6987 29071 22971 9146 13288 6095 20988 18490 13274 4061 16732 13754 29123 5932 27545 27848 18567 18262 17646 3464 8521 18508 27552 15099 22934 28080 24532 17281 23007 17279 28067 12957 28717 19955 32112 12281 17168 168 15993 20394 28888 12541 24493 14260 12040 1981 19134 16081 32264 13823 5494 26734 17690 29002 7502 25079 27279 31485 317 25940 15419 14062 28110 9396 15398 5458 28533 9097 9604 21469 16163 8403 15848 23082 15640 30370 18100 13660 3577 4822 8916 30470 3618 27946 1196 31560 3901 7793 14414 23099 5139 32031 24049 2191 32419 25354 10399 27507 25713 114 29997 25525 32033 24639 19824 5163 24388 395 11182 26449 32626 10848 4691 6195 9625 22467 19429 17038 19604 28401 26426 15922 8192 5096 17385 18858 3147 18729 17150 18463 5389 15549 28658 5754 26012 26230 13786 15305 20443 23415 29918 30948 11602 31478 3053 31568 22148 22593 10927 14179 9340 1535 32699 11689 12458 9913 5899 8071 18157 26265 31916 30494 15857 17009 30650 26226 10683 16382 29068 460 7298 31599 23852 22877 27073 11809 13066 22051 8074 4781 21745 24081 10781 18980 28217 874 21945 9881 9279 17262 8882 32480 11026 6200 8132 28566 4719 25063 16039 11617 24304 27388 22243 19577 17280 3075 19174 8552 3858 12918 852 7950 8851 20190 13470 21991 796 28219 8918 30865 23661 678 22466 2440 1943 7989 32559 5685 27128 11039 23943 8999 16492 20512 5286 11680 10946 10271 10986 26195 2925 28175 2185 2412 3964 13843 24360 30673 29389 28901 12201 30119 21629 15992 25156 12825 12194 21468 9433 31828 19517 30819 900 18902 15466 24066 28531 29161 14810 22777 10228 17002 30595 15030 14802 20943 15254 21495 2274 12905 21938 25136 6105 27365 17751 27692 608 22553 9373 20982 23915 23550 11046 5114 29126 32248 23889 5480 1264 24670 15280 24025 9261 12086 1725 7733 9687 27712 27336 31956 21749 15415 10292 27875 31503 6483 3043 5386 15424 3858 19439 2379 31116 25400 7323 23598 11636 20500 4489 
19227 30408 13318 7981 2567 17853 23102 20609 29267 24383 16582 1274 6384 10888 32707 19131 4040 31986 13816 10506 22105 22537 7819 28416 15779 19941 13324 23172 17221 32695 1203 11130 10211 27297 7145 30519 17610 30411 9482 20536 25815 31923 11114 5652 9365 13508 7062 432 7589 17707 27100 16818 24931 25062 525 15160 1734 13085 25729 17097 20360 30134 5212 24972 10375 2596 15120 31415 2412 25983 9507 25931 30602 6362 31795 19967 12297 25297 25143 30073 15683 32609 20999 7876 31598 10749 26911 16895 20604 1501 32415 22354 6975 24730 11159 20007 7633 760 10370 1174 26419 1026 9232 21280 52 21085 30505 161 24468 26582 23086 12928 26986 23357 32642 11561 32195 17526 14153 30909 23180 9933 111 15879 21682 21898 10988 28595 11399 1733 28487 5050 360 2172 8025 16673 10397 19427 21588 9699 27520 15099 15876 10540 28897 3174 30548 32199 21930 2426 1043 14554 14527 31380 23544 16593 15912 11695 9956 10392 19826 19253 3688 19213 3922 27924 18567 15029 28300 11285 16317 22957 8211 5994 31808 11748 30322 19077 12933 17800 1130 5425 6918 16318 21213 27099 30531 19862 11755 1584 26630 16190 19802 2542 30956 29046 23611 28659 1313 12099 9162 7579 22891 23528 23959 31816 14186 30994 28899 20802 7710 23891 8013 18370 31657 11985 25774 24905 11350 30272 3649 16438 27355 24077 19719 152 5595 29148 18281 4929 28335 29237 28192 20252 13670 4218 6226 11456 17930 10013 11005 24644 6949 16911 20377 17749 22916 2940 32249 20871 18747 28853 23923 233 24554 4974 16704 28892 16446 23337 17445 7461 21178 15090 18259 29504 23479 32589 22669 12279 12969 14445 17288 15156 32421 5286 21143 30228 7200 16165 648 12092 4090 5855 11720 12656 11195 20935 29390 8290 18204 24644 22967 6087 13001 9442 32046 16560 18533 21576 14991 20760 15310 4458 11596 10681 4515 6655 31119 1573 24324 5942 10785 29457 13977 26276 9610 32500 26326 28545 32378 22737 28029 22549 9063 20816 17508 12141 12664 29204 27512 24402 28322 8009 21506 31356 12049 30588 4393 15106 10697 26032 29112 17685 141 6574 26402 494 32511 23196 
24004 9989 21770 26577 27241 15748 20605 23528 28947 15867 23032 17939 10489 5205 14604 28082 8652 8203 25502 29733 11838 1175 23692 18654 22469 24108 26004 9146 16284 11940 2161 31121 4364 5818 15174 7948 26857 12153 9280 3510 22111 6132 16503 32598 22767 2872 29206 21373 32692 4735 14780 29531 3563 10150 7970 10198 18610 23521 3325 5598 21008 22190 9254 21754 13622 16647 18936 21543 2052 28892 30201 227 17871 26816 701 25733 18274 32739 1544 11215 31810 17984 29747 19654 18743 30999 4817 16065 12295 7070 32402 30913 9349 2036 18535 10752 13002 3158 28134 24781 23235 26773 12529 5014 17644 16327 4754 16455 13402 21053 29994 5587 23039 5046 10699 23567 27946 29138 27874 3527 11597 24266 5657 22796 12547 29789 32635 31179 9809 17166 26585 8868 26668 8588 21613 26616 3388 4210 13758 24900 21472 1584 21443 29870 3954 14153 17739 222 31436 11968 30365 22799 5131 19148 859 18278 26003 29139 26540 2434 24659 5014 19609 31572 11082 19114 29624 25649 3145 12839 1544 6693 19963 17316 18973 28555 18212 20834 1405 7898 26406 28871 3401 10434 27593 26894 18976 22648 9275 31294 13120 25166 25942 4184 1262 20614 4898 14037 13849 12904 25499 24655 28986 16786 16052 22143 5246 29072 24475 26215 32039 7596 6975 7376 8751 18695 28688 9975 16943 9449 17157 11140 10368 20822 28132 12219 19872 3042 702 23798 22231 16582 26808 14931 14618 12850 13842 11946 815 10725 27489 24258 4882 26876 29727 15300 15000 18951 4198 21999 5970 18786 3065 18318 8628 26563 26244 19495 14198 6927 20773 22518 9531 16754 9514 17305 29553 19118 14365 24589 31352 2995 12542 1753 518 28785 17103 31369 28618 32746 28758 11102 18767 26251 15646 13380 3364 31420 28607 9220 10042 28598 18783 26299 1165 10900 22137 25483 2566 28077 15581 8848 29344 20002 11000 3862 22731 10163 19542 10761 28430 727 26469 16556 11247 8459 2172 31630 27927 9066 24091 22971 21938 32638 10869 27695 27669 13910 28203 26000 15011 472 12379 21020 30705 27737 2009 3040 31272 1643 18876 16170 31147 12022 285 4930 26362 8587 5147 19285 
22487 16116 14882 29618 20391 17424 10094 28473 26394 25310 4554 30991 5902 29143 29342 28311 10929 9601 10792 30110 7398 2113 26634 21206 25835 9328 32005 1158 30264 5298 31236 30079 30634 28291 16476 23634 30176 15123 26450 6848 5350 29268 6878 12658 1296 11345 22446 7147 16169 31937 10350 10426 19405 11484 18503 8692 6676 18285 20133 23009 10609 11049 18494 28662 2777 5951 24912 25091 32039 26160 1321 15790 10431 27361 5869 1568 15985 9199 10132 8702 32161 14658 19762 26011 26021 30693 32635 3436 5743 16404 7558 15548 9324 6551 209 21664 25515 25167 16774 14126 28226 19215 4092 19178 27118 5805 18305 21121 20729 20312 7767 27834 16993 26155 5884 20649 7478 28931 5806 6694 27460 31374 17711 14973 24306 6309 6598 24935 26730 15580 14726 29241 9722 29527 2770 22876 13242 991 8737 22013 7792 10548 27647 3077 32176 21157 14421 29260 31048 9183 2793 28937 15835 9987 21800 17550 9419 25851 32036 30770 4956 22541 21977 3470 21783 27824 27828 9196 30061 1183 20566 13308 23709 12333 13461 13257 13272 4568 6083 14060 21666 8224 19763 24319 18299 14746 4346 12373 5567 16192 2291 7912 29387 10507 22278 26515 97 18628 8361 2434 12878 12055 12198 29670 5449 26345 4127 15341 32031 31467 20432 28401 24077 31087 17045 21744 21869 27259 28716 14140 9622 27676 3899 32627 10493 26877 12693 17074 160 7480 1465 3334 420 23916 20892 291 9788 21520 2728 8281 1486 10503 12036 20163 6225 18292 17430 26562 18682 13775 7750 30377 7191 13369 22021 26554 27707 5388 3598 17746 667 951 28396 21856 3768 11721 31677 11035 16702 587 9269 245 3628 31571 14310 28362 23094 9686 7870 20574 5992 23486 31441 28678 5387 25660 5976 18853 1740 28256 18682 31194 1819 6631 9035 11640 6354 596 10131 9527 27671 66 20688 8617 27267 5368 8446 19311 20100 13374 5013 27564 18943 24687 6484 2234 58 19664 317 15132 22266 31264 29409 20148 25320 368 24029 1078 29497 309 677 1757 142 24732 30848 27229 793 23837 21716 17688 29698 5715 22436 14996 32265 3083 16727 2605 8556 17051 
13755 30215 20235 373 20553 5703 16074 24571 19883 27779 1335 5269 28283 19318 11373 14849 30542 26361 21560 32491 29169 8239 7545 29630 5106 25087 25804 27321 28258 8647 4201 7749 19162 22606 30024 4486 22972 1787 6025 24368 5563 7493 18962 27292 158 21099 29050 10011 7488 18277 28198 27018 19164 1306 29105 30758 25991 10963 17297 19618 20478 24816 14584 15479 19106 25562 25593 31612 15297 15160 15852 11446 19735 29030 20755 30065 661 24354 9598 18063 11873 24457 29995 20513 26141 67 27506 21300 23916 506 29600 17901 18866 15632 23267 32217 13084 16017 18790 21630 22241 12646 22204 31286 32455 26572 15746 27453 29160 6405 29248 15112 25270 10061 8593 10712 32317 528 22916 14480 168 30810 25153 11971 29447 3983 2544 18194 30287 12892 26582 30133 16290 19437 23233 32087 10705 9057 18087 17959 32 2939 21898 11052 26185 15002 16286 12760 451 24299 24238 24545 18499 17117 4284 9036 6020 5589 11752 203 31300 11556 5523 31816 16015 20790 5827 28610 16703 27403 14281 17496 4804 9707 8482 16803 22817 22870 12188 26441 4919 20283 29113 1231 8518 14954 5208 943 14001 29002 658 6059 6401 16591 15587 18784 20525 27559 11146 3870 11289 10676 28722 26615 17244 15295 31441 11542 20294 26475 26065 3411 2338 28519 23918 26372 27832 23528 5727 29717 1046 10071 6072 31835 8336 9030 23567 549 9478 10665 3549 7444 17765 28227 25384 30509 24432 1118 23647 8237 20673 27839 27270 11036 28170 16345 16530 18981 32673 18497 21527 23717 26428 8546 20768 9090 21241 11890 1374 4030 8609 32165 1670 24396 23597 27552 6132 31778 26761 6960 5012 20879 22937 5436 23042 3023 122 9464 3568 30173 8970 17500 7881 27016 31658 11477 26259 1481 26178 24634 24346 8020 24198 15873 12875 8045 13176 30899 10718 17661 5166 32669 16952 31717 22998 12489 25743 16018 13047 26412 3151 13777 5114 14625 23484 2789 4328 31510 25561 8152 1141 23173 9097 8718 10302 9511 501 11040 591 4196 18477 25575 19432 5389 24082 24022 13697 13133 20083 5773 11275 13021 22134 22956 889 13176 1082 29925 10879 8591 
10426 29270 19353 25405 8437 19733 32592 20861 14924 21516 29625 20891 13867 12039 11582 8936 12523 14859 17568 13490 28663 10986 17981 6259 23342 13588 5775 25673 9609 8112 32758 6566 26878 491 19895 25673 14756 6544 6212 17773 29719 28634 9918 32576 19230 16518 2488 21654 22667 22315 21310 28895 13667 22222 4117 3158 23871 8113 26181 8316 24818 18285 31957 16581 11372 22336 4310 27537 25567 17576 23459 26461 7200 22577 11878 59 29263 30347 26334 14719 18106 32735 8544 18364 7935 14691 19484 26351 29553 29997 32674 24825 27581 27717 16549 22611 20174 32509 3838 11005 10733 20357 26099 439 29485 27322 4538 24436 11014 29503 32313 17676 16704 719 25360 15665 16658 13777 28889 25764 2188 5421 25518 17064 3890 21087 7916 1464 32746 2506 13879 30837 10776 32590 1983 17122 3591 2332 19393 19411 2187 7369 15696 20131 25060 12962 16469 31014 17382 29504 10453 9694 23383 25436 1906 1650 10393 484 7989 21083 17288 3149 26762 19937 5798 23852 17804 15686 21878 6400 19331 6209 12837 7506 17835 4526 5743 26113 21816 18307 25537 23767 21142 12038 32411 18271 21493 4413 10553 18171 32005 11174 29042 7985 31742 18729 13792 13894 22500 26443 1601 1038 29705 15268 25373 25346 27859 11667 8362 30611 12735 6192 28908 8638 166 26754 22816 11489 9792 27635 5723 12749 10214 25344 13679 24348 15004 11317 25102 7109 11086 7001 12594 14317 7258 20710 27323 8192 15439 9660 5722 17921 23028 32533 20399 13598 31117 7868 9646 904 20313 17274 2375 5761 17247 11729 3910 27831 25195 23789 2424 25296 24659 6104 15119 9798 3966 5869 11335 19061 29095 24975 24906 13298 17887 13339 30801 19999 14289 538 29453 16124 5194 26812 12101 3392 9977 9602 21184 27817 9587 25914 11877 9360 19321 32560 23713 17600 3198 28835 7945 7304 32356 11382 16193 10255 24967 4904 30492 26600 27132 9990 9220 22246 11803 20639 18845 29234 24122 18297 10149 1946 10684 29442 26399 15916 30027 22473 8880 3332 18017 25838 20041 5218 2061 13784 16902 3328 3316 7205 27734 16802 29334 1511 28509 18158 18898 5133 11670 25982 
10412 29983 2493 27188 2383 22575 24044 20685 6734 3084 28164 31929 25647 7864 22862 29738 26666 4380 20322 20844 7214 29435 3144 24180 26661 31525 24542 3771 2169 28653 17529 19277 31191 29660 18639 17692 21043 2727 20757 16795 11020 27231 29540 5512 241 27880 29537 16905 11332 13740 8477 26619 22334 24464 7994 1415 5427 18216 21584 12790 32535 17702 2958 19398 31042 27929 2213 19709 1648 9300 4833 14781 19468 9515 15257 23833 11182 16998 25546 18471 5602 32495 17663 18262 31275 19918 372 16898 30791 3671 32634 14406 14005 6306 5149 21266 629 28220 16645 14973 7183 25372 2458 9820 21974 21209 9068 23827 26478 13850 1489 5291 6796 11341 7376 27173 13565 19868 9021 25358 17386 22812 26662 11604 11354 4936 878 4440 9464 26799 15800 19012 32023 10473 12166 14495 21747 28111 23458 8991 11065 748 18622 31166 25546 24878 24151 20239 11196 4833 2271 31699 24226 5086 26906 8392 20750 512 4809 31425 9300 12760 7814 15611 1936 31650 4847 26031 2538 21623 26886 16612 25112 1988 12248 3463 20261 9466 4957 30909 30321 30087 19104 25464 25338 3846 12575 9801 2521 21938 3957 18293 30736 801 22326 22346 3458 1327 22043 26291 26947 18744 9311 19467 27410 18314 21096 10799 28196 25369 6570 28119 8484 29045 5321 13606 8055 32506 17149 21887 12228 9030 23227 29595 19380 31217 12178 25048 21750 4984 12115 14548 7047 29305 14964 24123 6448 26918 23478 28125 1616 27380 8966 14596 11227 9875 10145 20484 5795 31779 30076 18963 4054 9125 27107 16219 32456 6063 17248 10574 6131 6244 26846 7482 32061 23204 11278 5405 13177 14208 2826 15034 4399 28657 13625 26860 2720 22729 22386 22331 32517 745 29540 9133 27416 13237 17973 11998 9429 16837 617 32339 1154 10717 24838 6412 7917 28704 19957 4696 29941 8576 13228 14062 15435 2425 10762 4152 9594 28671 3202 12786 17189 29621 15228 1524 30352 21599 3320 2636 1379 16794 12405 13712 15530 459 2577 30067 17695 1365 18673 31637 3244 14863 15587 19616 26924 13045 12098 17808 22642 30749 17179 2898 396 4845 8333 6289 23368 10892 
28534 24013 7160 17558 25932 10157 22131 32276 27208 16278 26716 20651 6602 31356 7591 14355 8697 10744 11608 19403 18089 9115 29582 8459 2947 21123 3265 2299 18783 1835 13896 32546 13045 31111 6174 23585 3253 12625 23525 8353 7155 18590 13611 27786 4423 15540 16109 30325 29236 16671 21081 5989 17927 18690 15064 16049 2562 15020 27468 25157 12474 363 6294 16139 12478 29093 23900 32163 26233 13092 19209 3930 19802 9650 3093 22362 21554 29670 31622 29726 20701 18493 21943 15657 22308 22636 26200 18680 30434 15093 22454 3893 9574 15097 1852 31533 22041 7757 826 644 1632 4560 5606 5159 16580 12283 417 29571 23377 21945 21115 21493 30011 14713 26872 18561 30664 30850 8725 23494 7785 3719 16518 25649 18986 27516 31554 26738 9293 7080 21825 10284 21554 13818 8836 7409 19579 1184 24151 1901 29549 7126 14035 23777 10904 21244 29094 10452 31162 21484 3607 14085 24801 13450 18500 6563 5584 20125 25006 24512 12452 18909 21240 4100 2999 3148 19180 15262 23237 1226 7871 15744 15693 996 3990 31180 20538 5870 2376 12681 707 6481 15974 16027 12944 28709 17785 19442 21278 9219 7050 24065 9316 19732 12264 16242 15543 1390 23845 9752 27115 21921 29538 9253 11707 20364 14284 14749 22890 19318 32103 6666 3243 31578 15115 31346 7103 18561 17068 31622 8413 12118 32222 1052 15574 3447 21399 8159 19193 5640 6967 13893 3124 24652 16583 11714 3453 17526 32382 20284 19824 31420 20362 32190 25914 12462 13 5744 14517 2246 32357 3271 29140 14400 20912 5881 19266 14123 22927 32436 28230 14017 15147 27151 26602 20980 8054 12481 31068 11337 9908 4496 18324 29417 13625 23565 11831 29686 32116 25215 14780 16411 27436 18461 3277 2663 21514 32640 13552 14939 4440 3415 12902 25665 26376 25437 14163 7104 23544 26504 25120 21678 26484 31619 30494 17957 6141 6239 23916 985 5960 21126 25370 16808 12170 23024 3214 30067 13811 19097 29479 19245 32376 24882 30497 7985 15574 26646 18617 29401 30420 28801 3217 3916 27592 11260 8021 19095 5468 31260 15519 8960 9618 32364 3352 9366 9734 21160 24545 19725 
7284 10540 4913 25033 22649 29611 28735 27705 20126 25124 32354 20582 9362 19986 4470 12748 21175 26084 6019 6760 32480 11436 27033 6162 29786 8731 9214 17421 23849 9901 18828 26845 8339 28705 13908 14936 2787 8748 9607 21504 8807 24430 20119 29072 19899 26277 23961 5589 12105 4129 19182 5055 23057 16248 22050 11704 17318 7546 10260 16180 6009 11879 24663 9354 20314 6240 4569 21762 13628 11804 29378 25391 12857 4572 17311 22399 3798 1185 12736 6416 2183 13724 14558 22725 24694 9702 18434 12954 18304 29809 11681 31028 19328 9791 3852 24509 10705 16081 28424 30190 11022 15587 1976 10861 27676 20310 31684 18266 14443 22126 8884 7460 22904 1341 29853 20386 32663 14175 22784 31071 10223 20200 23791 6453 9158 11931 5233 32285 9471 9309 11048 9541 29664 22505 26673 15971 12825 4548 10572 19018 20226 28276 6461 1978 4389 20973 9586 8829 22780 12108 30437 22703 252 30919 29252 2654 32466 19428 848 26451 10732 11754 14211 12078 19259 27797 27637 14265 23095 30478 4736 11638 2852 17178 21026 17018 4756 4754 1700 16254 16942 11539 25465 11060 25261 25078 15849 31703 28460 26243 17007 1798 5536 25697 6495 9170 8358 19537 16075 13078 11903 16669 4520 519 22872 11978 24109 15115 13519 25109 26492 22735 17588 13342 13444 20371 20748 7774 9254 24777 15196 19166 3222 19679 14628 29867 27141 22361 6057 11397 24701 20770 27895 21975 5388 7460 23079 28652 8740 25366 17118 32607 11074 25749 7702 11219 21454 10359 17441 26085 7490 28764 24042 10591 28815 11397 22911 12206 22205 25066 1996 9879 9425 13958 18345 16165 7923 6134 25112 10470 22224 12354 31687 19799 18750 7419 16349 24476 32542 7302 10227 5236 13703 9655 1375 5741 20769 7586 12217 2644 8398 8109 31896 14320 13200 3050 25757 10992 17831 20388 31155 24609 2297 7224 4756 21220 19639 38 20368 32480 18494 5736 23690 10740 3387 16387 5187 2671 25875 7131 26843 7556 7554 12491 13716 16888 2178 32245 24026 27422 13166 25943 23936 5 6503 9376 11853 15088 21751 20545 9911 7430 5364 1222 13806 19019 22695 16999 8476 25039 
14126 9946 9707 9766 13855 31084 9801 2583 29550 15696 16744 30104 9873 15927 32264 22267 15585 19233 27128 21602 5444 4978 21210 12664 7945 23112 31784 15715 24595 29708 30324 23796 9786 16967 31732 1313 26606 8631 30269 14774 6173 32419 4431 25671 29015 875 32722 5993 31793 5475 21663 4642 21735 5089 5506 6045 29765 3477 27454 28450 32711 24601 4818 8262 25855 30153 29691 16223 17463 5589 250 24123 28248 31381 17303 29970 31242 8732 15206 22456 13341 3343 29001 2839 28456 24504 25654 3805 30319 6486 13115 28530 10250 21943 10431 13357 31300 19721 2826 32199 28738 1518 22024 26896 16869 28110 16969 2528 15088 19313 15693 4689 5486 16333 14079 31275 21326 18716 26751 15008 23377 31794 30756 29242 23846 26638 7874 1297 16595 22447 12840 3393 9558 26153 14573 12187 12940 6391 27501 10395 16979 29843 17934 9626 9451 16196 4296 15941 1187 26167 32740 8782 11441 14546 20995 20322 14177 28229 3939 25434 26482 10594 20062 24245 12476 28334 8499 27462 13335 16568 4361 31530 12921 22185 18993 21501 15198 8477 23980 23117 6765 4401 15341 12623 18520 21981 19679 721 25348 901 18730 880 28906 22986 14515 1803 29629 7078 14945 14712 3660 11704 31015 20341 16811 28380 29247 17377 1421 32511 28851 29996 16373 26674 25122 14092 24590 24060 26817 11377 8278 1781 20128 32188 13314 1168 15919 16171 25503 11577 25600 7064 23797 11424 24014 5988 14896 32340 6847 32686 1090 30355 4326 22984 13443 19809 27660 26347 31130 24535 6576 4137 17313 7102 22092 20132 23428 18780 8154 25598 2474 10126 12695 30480 4056 3607 27911 26847 31314 2616 21561 30155 3139 10625 31052 30474 19294 26342 1842 22613 28358 28181 18356 5601 13611 10503 19126 22161 26166 19413 4797 30314 808 21198 27310 5447 27326 9926 18649 32206 29783 23472 25397 30882 18008 15728 22765 24538 27600 7914 5404 1715 27992 8031 20181 18817 28990 23033 19047 23020 9954 13220 16351 7000 351 15136 2766 9125 1390 20308 1868 13337 11912 32742 16444 16026 12107 23560 21202 19233 4383 9109 11091 20843 30489 3676 32540 23282 2080 7612 
10214 283 17486 11377 17480 7089 18840 12461 16765 13202 19378 25706 12904 3496 17197 18431 6101 25115 6115 13042 32258 5061 19092 26382 4958 31719 25041 22965 7312 7706 7705 10103 27067 22664 14659 26083 12545 25691 13595 18332 29254 14966 32080 18096 18486 12387 24718 18726 19081 24973 9447 29654 25989 14512 15223 8062 19141 11661 22344 9233 24378 2786 27507 28242 19055 20633 21640 5026 2833 1600 12592 22550 13486 4537 11793 23245 15037 26163 18674 23681 27871 8025 20256 21595 2148 23752 6928 18188 785 29127 21829 5145 29472 15666 15476 11638 14473 15800 14567 27991 19328 13895 16159 32323 21567 30403 17853 2410 28677 7422 21155 7992 18271 25061 25430 3626 22950 18167 13478 7137 8649 14332 11666 21621 30796 29939 29030 25611 22161 22604 23846 11946 24407 19799 29743 6730 20608 2813 28 16174 16919 26286 26599 29300 22161 21402 592 24299 16467 25124 26499 8228 16501 21395 1525 5068 710 5643 32399 21816 31504 15549 3086 5954 10141 18522 31146 20564 23801 21453 27893 27842 32506 31017 1799 31581 19198 736 8408 2117 6004 15671 9965 6654 11422 31734 22583 1222 6804 10340 27704 2086 12429 27506 25703 27336 31066 18487 3286 2184 24883 15004 28690 1741 26806 11865 16970 8986 2349 25120 1972 20448 11792 2839 31277 5015 26571 19596 29216 24076 15296 22501 22184 18429 13712 18645 22777 28899 7574 4566 32508 28431 30901 3283 16697 1528 13652 1060 16378 5844 10662 18368 21421 32613 18223 8878 31883 23318 10116 17597 30071 23110 22098 29813 28201 9188 31905 7501 12427 30012 20826 3615 13667 29712 29447 31704 27699 26347 3803 7284 14941 18354 30962 28202 30091 25724 6617 32483 23886 675 21841 18417 22534 14364 20048 29182 30465 28419 11337 5442 1511 18298 17837 18938 10581 19380 21426 7445 20680 10829 4947 15664 32701 27357 30616 29636 12822 20684 20759 16030 24512 24680 3771 7568 25491 14900 31684 26727 18809 16515 7951 16668 18387 15174 8088 30287 26648 28195 21053 27120 8895 21703 21701 20544 29280 31100 23072 23288 8726 6654 3056 9415 23335 3722 9545 28930 13799 10041 10933 5016 
20953 29580 25468 5444 14616 10312 30754 26630 4853 6020 23088 16339 27106 28416 22840 25484 2191 12472 2323 2605 12882 6585 23917 6215 15052 27444 7812 20912 16586 18897 6956 21368 4201 10053 15383 27168 28798 27175 23635 6151 24372 18431 2836 24613 503 1441 6836 10491 19601 4537 8440 19402 9107 11686 19605 9220 32247 6284 13298 13056 18947 28836 304 11249 6513 16087 8040 31769 22732 24716 19763 9018 5661 17342 14448 28750 6855 10577 1857 30327 23728 24998 29271 20025 2721 14189 21616 30439 14320 31930 21277 27739 27484 28251 1225 17642 5432 24938 14327 27544 12492 28446 16331 19079 5368 4838 27084 31158 14362 28345 232 17896 27442 10663 441 9185 20548 7349 25606 25560 4094 16871 7565 14634 4763 6558 16895 27212 16391 31268 25677 15619 2884 32134 7458 29399 19724 418 23216 27077 12728 28288 23984 13620 15968 14054 1956 17194 12612 18214 24160 25024 16746 22075 26824 14547 393 19732 18651 3069 27174 14384 14065 22723 20221 30571 16960 9488 17314 8216 31397 4579 13160 17743 26530 1604 12418 6792 28835 1660 15976 9321 6789 2949 7037 27613 15960 28352 19950 26470 7524 15846 30685 3764 30315 2881 14015 19574 46 3612 4610 17008 27954 10104 15603 5070 23748 7936 12256 10680 23867 11327 23673 9766 25469 8209 380 30966 23493 16983 24978 19260 14243 14319 24948 13529 7492 1252 20817 28751 7155 32481 25972 211 2528 17388 8738 32420 28448 2384 16065 32156 8694 22235 17472 16900 30801 586 27314 14253 12949 32514 31292 24380 926 22017 13106 9670 23043 23059 381 23197 20119 27721 32576 14185 23606 25767 2747 11898 17598 29469 29551 29532 18267 3257 642 29100 3080 14618 25190 9771 26706 21544 10678 3601 24927 6146 3424 8356 3888 824 32265 1800 17699 28475 13485 1625 9148 27409 29318 20471 30628 11853 30768 11297 2546 14399 30730 12998 17834 28520 2015 1687 22147 21808 21958 18017 9454 8668 9286 10394 21331 23738 20926 30010 8350 17566 28420 20940 21498 7314 10573 5060 5596 12490 2893 3347 23108 10198 22943 1785 16448 29723 3686 24346 2737 31108 14389 31445 
5713 15221 16428 1233 28917 9985 23396 10456 30224 19804 11150 16873 5241 8851 21206 11912 8558 5242 32526 16217 23768 3558 12296 29677 2768 14877 15683 31196 18019 7307 24266 8724 29074 20663 15706 16496 26269 1653 19907 10637 20098 3676 31632 17113 16576 2682 26346 22764 4192 5959 14778 12316 27190 216 22542 843 10341 22613 28606 25860 32545 32173 11087 14023 26297 29064 3095 10912 26324 894 12194 766 9978 12422 1109 1219 26711 17841 12625 20376 19644 6936 13723 4227 3815 31506 633 17083 4100 2475 5407 29371 24180 16466 21386 14229 6604 20946 12461 22153 22561 2692 23499 17622 28803 194 32548 31696 20167 10654 20947 21299 13450 9684 247 21943 2930 23294 13329 17380 11447 11527 12461 14632 16866 27618 24901 10023 8917 18812 17250 6994 21772 27631 260 699 4130 28664 14660 24615 27543 28587 15416 10341 6608 24933 15895 14559 21599 25347 17821 7279 23941 17745 22961 4724 15093 27589 12870 3108 3547 21614 28799 5156 11293 23591 8726 21590 24289 4880 5118 11762 27215 13631 14407 6104 17048 7090 9027 14116 4663 14728 25575 26115 30071 31089 15219 7366 3893 3940 30806 28981 23271 4752 30795 8230 24541 29588 5577 21838 10695 8946 1178 9558 10872 31681 25033 28209 26857 18083 31426 4526 8577 26871 4021 15945 15251 5200 5435 14919 14377 2597 14652 25858 32256 18378 12048 25217 9939 11934 1764 9547 12764 31879 5216 19069 16281 10395 10375 31771 15052 30752 8926 19876 4805 24503 7632 18153 27363 1236 14929 4382 25433 29553 20162 31282 24366 23556 32020 16988 27528 28078 29745 26615 11305 8373 24727 25999 28986 1332 20550 5692 23111 27153 3549 13358 10892 28720 14080 9610 12911 24038 4604 2933 29261 18097 26286 18285 23161 23334 24225 27360 19586 29994 12406 17655 16821 13413 6793 691 15075 16116 28881 5436 23909 31326 16904 21110 24924 20682 22540 980 13629 22127 6022 22385 31374 25419 713 26461 16362 29976 25597 19252 7243 28028 25212 26614 3977 128 1916 29202 19485 26435 30191 21956 20011 10992 22951 31137 25536 7149 20926 3953 2648 18773 23093 26428 17827 3241 
30939 30888 21384 32194 12656 5762 24939 25354 1291 154 9899 29164 185 18388 2159 29577 8039 14460 10915 8621 770 16090 4669 20481 18652 31238 15557 13698 32082 28926 20756 27185 29356 7670 19804 27916 32580 17391 22120 17982 26347 17035 3109 6547 29576 23584 1890 15662 258 8715 25812 10366 96 31559 349 20334 13871 31038 19341 15836 14372 28382 20074 1869 28163 32240 22892 24287 6591 3749 27084 27519 10979 25970 14591 11355 24880 19230 5245 410 648 31514 25286 11595 10251 19472 31143 24732 26239 18110 10681 10573 22005 7941 9004 21348 15529 17213 6082 4897 24875 30156 15902 2868 18364 9463 6719 814 24315 29944 12104 25142 24513 12368 32386 16893 25673 4702 30627 11764 31380 8241 15953 25276 13835 923 26850 8669 1127 7302 7270 28092 18894 15499 10727 16839 2110 16577 4335 6899 5679 32211 2891 25704 10356 12886 1551 7290 13155 29529 11226 17884 26421 18237 25691 30992 19376 25287 27924 10786 16131 15475 28510 30358 23537 27147 14254 3999 2865 31865 29206 5266 17429 19930 4111 29081 16491 30163 15221 5804 10145 22568 31443 6845 29996 394 27361 7987 7721 18097 12619 1946 14917 22955 3252 22937 13275 18804 9723 22820 17245 8134 1725 13554 14837 4402 22811 22322 24428 29552 21693 11898 26442 28148 32022 768 16703 6337 5354 11276 18625 32130 27406 14765 6135 11991 25712 26284 470 27117 26455 26302 30602 30289 3051 25853 23831 14342 13815 18073 4416 10197 31726 1483 11432 9700 32556 14603 15415 23178 6527 6787 31423 6498 998 9155 19935 31390 23192 4534 2600 7838 8776 25813 17023 20418 12968 12698 9922 30332 10796 21816 13743 5033 20240 25225 17921 13601 412 23368 10971 6284 9127 2432 30570 28792 6490 3396 9671 32681 18230 29345 9498 32432 12632 25553 4869 32704 8188 19377 9280 17596 27969 31862 128 15252 24620 11931 5534 5330 14574 27677 9717 10352 21098 15339 5644 7405 31986 8600 15733 1184 30289 17748 16116 25931 8975 22554 11236 24051 27888 2091 30423 24303 27326 6586 31101 10304 13640 30697 4551 544 3499 20980 6731 25565 14544 6316 16875 31976 
13366 28712 1713 21545 10226 27063 22526 29078 14836 6680 9188 17924 9867 24558 21456 17725 16940 28270 31852 26194 18543 28763 17603 32307 7258 22324 18599 10364 24034 10924 31311 12946 30895 27738 18245 15599 4128 25522 1152 1722 27791 26164 26060 6043 19926 28643 1139 15309 18193 8185 14614 1653 1958 28121 19676 20018 13699 10821 17871 22517 15527 8401 21122 9235 14308 28055 6391 4504 22243 23341 27841 19423 25960 23764 12390 13919 22487 30962 26119 19144 248 14275 13123 7503 21751 27211 23640 31557 23983 23951 31371 22511 17447 19972 29131 31634 4957 12104 27025 10445 6211 7184 19722 11307 776 610 5752 2553 11672 24580 27094 15957 11110 9012 17082 17288 1641 921 14720 21142 19812 26490 9125 4627 22379 10542 4977 10039 24739 20691 31449 23861 25673 5699 30115 22217 22518 16196 32459 32272 11297 11775 5414 9885 13797 13236 4933 5577 26116 31659 16028 25930 28973 8814 20963 29704 19834 19765 1725 22828 10557 21922 25240 3449 16124 23982 19156 16095 10938 24548 9255 589 9336 4045 320 22472 17404 7851 9386 13498 12753 14441 23028 2188 27023 19667 27151 28534 29021 30979 12023 1942 10931 9499 2709 7232 8293 10810 17637 7062 30173 5288 5460 2648 23463 22100 23404 27133 11572 32129 19122 17666 7127 17340 3535 21890 2836 2321 9455 31239 538 3966 871 27808 22158 2728 12442 28723 29834 22477 28701 26645 26598 29178 13593 3544 2742 30334 25841 14692 32019 19870 11557 28489 18975 19338 28791 10580 24131 23952 3916 3425 12987 6032 3924 1647 21077 13744 26221 29690 7029 26192 27845 25477 25437 28737 14911 2166 24235 2353 29465 26150 29475 28778 18379 24633 22191 8637 11314 9515 8100 13496 2541 10028 10823 15392 29192 5934 30608 14747 4567 5692 26926 31148 28453 4365 32458 27620 12175 31193 30864 19287 28458 21611 748 11086 27244 18552 20369 15419 32585 11823 16320 23794 18844 18705 967 19477 24265 9475 21448 3536 27808 18849 9659 22983 16261 14294 1206 9549 29646 26025 28012 7639 22125 11354 21493 10160 14543 23726 14029 13550 15364 28039 25374 2212 22303 30903 20034 14937 
7392 31254 10371 3513 1168 1235 3366 29323 14893 25351 29609 16611 14791 21392 17992 1433 14890 23068 16838 29433 10941 21892 617 18876 18602 20572 25159 20024 3903 16328 3264 7635 1941 9360 27468 30909 15215 17015 20343 21471 20324 25033 32297 18190 2113 20276 43 11141 16297 3544 23527 32402 3070 28577 7279 23695 8069 2005 18881 10260 8900 11241 13898 12651 3631 30361 17832 29252 18180 312 4276 12714 884 18244 2752 9270 14851 26685 3101 23683 8241 15287 26081 8161 31834 27567 25318 29518 20187 2331 23062 29858 5750 20164 13798 21513 13304 1624 5409 438 12568 17339 26855 25558 28323 27295 13301 10435 32214 12884 20263 2427 10507 7137 22330 4176 28569 3667 10199 14305 30965 3413 1997 30280 17181 15873 27295 2197 4150 11766 27454 4732 22387 4267 25623 26186 15674 26371 18512 2333 22146 17697 8783 18261 15232 10877 23421 27974 11650 8247 12617 30767 21531 4524 31599 21360 21888 4936 10106 30199 20018 2971 3463 29692 27613 29358 589 22766 12160 7063 19034 23981 6863 15435 21151 20217 19670 10164 21039 14379 20958 28163 14660 9762 10900 22344 4483 5761 20072 27711 13185 26392 11572 365 30085 22943 29726 30828 14224 32682 6591 11140 28826 8921 30085 14203 8479 32079 26197 6061 20186 22118 19573 18527 28113 22433 23210 25424 23185 11747 669 27281 18875 19166 131 13719 20671 23245 18941 13455 27624 16998 25661 32241 9625 14602 25963 23128 17110 21312 9543 17041 6405 4449 24847 1009 28918 18069 22179 32492 6946 27645 6887 13284 6448 13362 12137 4671 190 29423 6980 15804 31581 11530 2884 15879 2013 25769 15690 19595 24780 30130 15090 13447 11321 5763 10100 31076 22717 20708 9416 14150 19389 1849 5134 29153 17641 23037 13612 17806 6920 363 27065 11933 13816 28542 7962 23277 27120 19996 9194 14779 6153 11662 27808 15800 14333 30516 2923 1374 12078 30839 24417 23939 6378 6654 16089 21039 25581 5925 8469 16811 26919 18859 2853 9690 24512 23978 17415 1996 21082 461 5139 20881 31126 26557 5015 29259 8153 10460 19646 2183 29264 25398 13494 1742 25393 8885 16401 1654 
324 27284 5740 15550 26787 29461 10575 17947 12478 28535 12885 15308 31649 28706 23693 18356 2682 13606 7455 10857 31573 1251 32563 26505 5163 23305 26382 3149 16155 964 4222 17504 7159 30512 19577 12529 19202 2323 16897 13831 21752 16587 13898 12820 21583 28037 8223 21454 17341 19120 2690 570 5626 18610 2707 2825 31431 19929 19635 2856 29999 916 31976 17811 9997 995 3715 23658 30158 31500 9985 8262 27768 4496 12336 27085 32491 12893 21907 12676 4712 325 28934 23013 28495 5551 10917 24498 45 19852 20459 25736 501 19597 9751 18359 2446 31635 15316 16721 654 7272 32280 13185 2886 17836 5197 9758 20990 23314 18351 8320 22401 21964 31221 21907 15069 28995 28467 22057 29284 4108 28415 15765 5622 27927 211 3189 7811 27946 18354 9679 16075 9358 16654 8800 14696 25865 27370 28208 22543 26636 5436 25706 26643 26924 25237 23915 24618 17622 15363 25369 4980 28479 15415 32630 5561 22427 21987 22901 13555 2959 14694 5132 11276 12008 15787 9098 29416 7053 20558 3371 20390 15794 12545 17641 3363 79 31791 7574 31424 24017 18655 32552 6502 26895 24026 22356 6599 25215 16912 30814 4070 11690 11320 23087 32729 15069 5559 29096 10189 14626 29891 4662 11084 9326 25032 3494 955 1052 11274 1595 23079 28058 8589 9982 11841 8035 3634 13910 28326 18477 13858 14040 26212 20067 20335 2656 9146 11221 16121 19297 15392 12719 7311 20601 4487 18599 16983 3657 31970 379 27504 19331 485 2459 9685 23364 28685 22562 7045 20901 5344 9995 30433 26253 25462 3234 26197 31433 13624 18744 826 29534 2024 7451 8187 24349 23778 15046 16759 6777 7585 10580 18343 26006 10628 11067 2433 8354 28882 32054 26652 8808 16637 387 7444 23842 9763 11087 18480 17807 1498 15983 66 12358 22317 14160 27471 6474 7138 28465 8688 2526 32511 20623 25080 4251 15500 12257 21591 32703 13977 7302 27199 26056 23427 15868 5509 29762 16756 4434 24649 18653 6953 6880 10201 19650 27128 24629 32467 7719 4369 15953 31370 14369 11780 28693 28587 19642 23171 22775 25121 1348 15209 26618 11317 7405 252 9950 
8442 2451 15471 18835 11752 9945 11948 20980 16327 6010 29776 7090 28367 20701 13046 25742 13837 1258 11192 9420 14856 24093 22259 19428 25253 16856 27979 13690 19528 3326 495 27280 21564 32445 4638 763 17493 17835 11755 15123 25043 25365 7741 4527 25482 22675 11289 593 4928 21472 27940 12189 7767 19689 14691 4624 22956 18980 11846 32494 31934 16163 25317 7036 6163 14697 12681 4208 19159 20348 14958 4518 31687 1596 967 3604 6477 8306 23299 7168 9452 3244 23375 30064 3551 25929 15708 6371 7933 14032 21602 25150 992 134 23653 12297 10566 9023 32183 26843 31927 12916 10686 29971 20329 23446 13559 201 24672 22434 21051 6661 20953 6902 21313 32558 3561 14179 21093 12741 24162 9347 10663 8531 15350 25164 23287 671 6303 10726 19888 10021 10558 8378 1378 26820 29314 16844 13780 32183 7435 29002 22601 18630 21711 28261 9731 31165 14269 5983 7174 4638 6049 13285 27678 8723 4936 14752 32547 20902 19172 16135 27772 2612 13233 4215 2786 21535 20185 7045 32358 15556 18326 9363 26550 22701 15510 31393 6300 13831 14499 7526 29127 21334 7811 2463 19918 28263 3101 8104 7538 16262 30942 22601 6436 29938 4955 15314 11207 654 8760 20330 31414 6617 27720 27812 12041 24096 27637 14163 25620 10483 20963 9632 24369 29397 6864 20057 29888 13367 15551 29068 15979 21160 12117 28501 1711 28230 21379 8436 3479 9080 32357 18466 2763 5343 11114 2214 4298 20873 6582 8227 13684 27496 22724 20532 9163 20995 2128 11962 31482 17772 20340 20597 7831 30066 20241 466 23589 8471 4976 516 2525 19013 18729 29782 686 20924 14660 31680 9090 3919 20639 13496 11715 14928 13967 330 13085 13897 14026 23403 28294 6124 645 8587 11900 30285 3289 4457 13454 23631 1643 25899 11806 28252 15436 18094 10853 6234 24094 3355 12728 22490 28537 30907 25097 30354 26765 24844 13488 18701 18952 2324 20844 17825 10298 3573 4772 1954 29046 9154 7923 4821 29628 5265 15332 27431 26006 13777 15866 21663 30272 18398 14836 20370 10507 29651 23374 9494 3 23456 1035 6072 14800 28764 6578 3186 9946 732 
9111 16343 22961 17028 7771 23441 13995 7773 10422 13 9935 15464 28020 5749 29169 31538 28350 32479 1055 12713 5787 28356 8764 8494 12471 5043 20971 19947 12642 20038 30895 12647 28123 6486 30288 31575 10703 29035 16000 21688 7709 20598 13758 22810 23772 4547 21883 14911 13983 21033 23419 16868 1271 8324 2175 9695 32314 4709 12833 25194 30339 4359 11263 3775 12794 29317 19483 24549 11350 13131 3714 19913 31136 25546 7212 3728 9273 7793 14628 23596 11294 6616 24040 14381 2923 11070 19 8666 25630 19765 20025 29313 15134 32412 25363 21515 25724 3534 13276 1491 1272 9241 15866 25529 19655 9586 14305 25458 20371 14438 18741 31778 7620 2644 3630 11308 766 9178 27201 4424 3562 24973 28157 18135 17722 25837 21555 32372 11751 4504 23129 1740 1725 27325 30768 13487 23834 25812 15013 25191 24307 32652 17909 31048 3607 15365 17173 14728 14520 17216 15441 13393 23335 20692 11571 11285 20191 13794 18854 20258 27333 2122 16475 118 30894 21023 31852 8916 9250 21849 10816 6679 18016 14282 942 30407 13217 11092 10085 32746 28065 26200 32651 3868 24412 113 31652 29410 1557 1891 8630 19260 11165 24654 15018 5241 5586 18728 7670 21583 20326 3689 24697 7467 28130 18696 27302 23494 30954 14503 14821 8953 22210 3595 20790 27090 25105 14798 7448 28647 3301 4952 20137 15338 13560 27659 29198 26750 3378 25278 17429 13129 16494 2925 2841 587 12673 16174 30503 21358 31864 10343 19806 19038 7458 24383 25244 20634 24271 10834 10583 31692 31062 14249 22216 11862 32605 25065 25423 9773 468 21962 27155 28138 3267 11211 11241 25630 24902 18981 14711 19686 4309 8957 2201 8640 24009 8925 30979 5021 1308 25445 3112 29496 21873 30270 21595 29605 14164 23632 24372 31533 2754 32053 7990 30297 32236 13037 6318 24909 16696 15827 21982 31575 15497 13519 26203 22728 10688 17870 28084 18179 14467 23151 1364 14035 7997 29951 30122 8450 15717 22952 2695 6439 13060 22501 1735 703 4465 18489 31539 7295 2399 4641 1190 21993 14874 20039 13679 8990 1550 22776 11767 17139 4233 26840 10404 11078 18626 32213 
31996 3987 9753 15449 24078 13762 31136 2244 22541 3395 30939 30489 20799 15453 26052 25335 4629 6083 30738 17356 6300 14441 27579 4421 15124 9109 22712 19465 24029 14649 14344 32422 16539 23680 14839 19147 9874 2727 20896 22201 24146 21518 6577 12020 27801 27535 30318 28734 24181 16398 6393 19909 1705 21585 18384 18332 10834 18706 4247 9576 24778 19795 18200 2396 10957 26866 30088 12135 1242 21885 8715 11435 30940 22855 3451 17202 29450 22716 20325 7644 24076 4593 29525 2204 19039 13952 31572 30948 9466 22418 27566 31326 16690 22589 17401 21469 14811 23057 2386 30867 28080 22509 17898 6532 6901 25367 8642 27450 24154 13964 30898 29627 6435 5269 4528 29880 646 8859 23375 17927 26708 14140 20870 13396 25308 20127 28851 14355 13 6404 23007 6328 10714 22431 3140 20523 19427 31654 22540 17014 31825 15273 28252 7617 11265 4898 12945 30337 8678 24653 12490 29676 17832 5177 23974 8368 32145 10527 847 13284 9130 21236 32695 26175 22049 7738 14369 10120 9966 28955 26084 18509 28342 8888 8299 27608 18160 7359 18561 22111 28486 15163 14539 27515 8766 24241 24470 28891 7449 25704 9684 26938 24316 30984 18272 7054 25421 31079 138 6787 23392 21919 13519 24615 11091 10852 29416 20967 11830 1172 31239 16570 1391 784 9309 14748 30557 19147 23263 14910 8508 288 30282 7676 73 16489 12644 22287 5670 15053 4229 18436 11391 32601 25175 20844 31726 5458 15834 26582 14876 25034 8619 17914 21290 2930 6277 3895 21071 20655 1800 30272 15810 1008 1721 15378 27098 8766 29259 6953 1907 14357 1821 29427 29077 2162 16387 18309 32336 10797 19785 27021 22250 3977 19957 23175 6973 11274 11853 16692 21594 11398 20377 584 31346 30079 23850 20835 4599 23472 29339 20035 9214 19174 30551 568 5608 20241 21339 20952 9281 13211 24894 14067 1256 11512 16750 22218 29808 16511 29372 18555 12999 24184 21531 8128 13077 25206 29604 4057 743 28135 20190 15047 11405 20713 26685 187 6336 30047 21992 25550 13193 68 11711 21490 22622 7488 29341 30505 18829 10361 26330 16885 14046 10924 26645 29711 6003 23420 
14384 19803 23284 7690 22427 3868 13801 11205 21718 7525 3431 24964 13617 21712 17903 25298 23255 26737 31123 1928 3082 23565 22874 18338 32688 28296 15846 6475 4879 2205 11092 30010 3285 978 19556 30017 4443 23978 10458 16675 11306 11036 6948 15783 4799 24644 18748 12778 1163 16473 9424 22265 27710 2527 13985 1439 9797 13085 14633 30332 4241 19154 18048 18519 18331 20772 7552 16566 13477 7385 16936 31403 20802 8393 32062 30704 17432 9619 32568 18486 15077 19344 10845 15035 9664 26885 18472 19995 14242 6301 11757 21096 20516 3094 5310 29052 12938 30522 10384 4494 11777 10001 4762 17924 6949 6485 766 17032 21190 10278 32171 1118 492 7679 28290 9717 32536 17897 18616 4284 1229 19438 13691 310 30031 465 5592 4433 2987 23548 23516 15604 7671 15034 32505 5335 21723 21414 4012 5015 31825 20324 11869 18698 20904 28558 27015 20432 29391 20721 18200 16682 21200 7674 32027 6927 22427 17771 7572 19581 1285 2386 14763 23566 22800 31292 16397 23755 15725 12966 6800 9540 12863 26292 20246 31969 5666 7206 10163 13171 12140 7815 9746 22286 23219 935 17940 31771 655 21580 21435 19369 17568 11557 22599 19460 26579 27647 25246 6025 2018 15675 12017 30136 6682 7552 29085 2699 12129 9133 18767 4102 6007 10002 7276 19984 18812 5599 26032 17537 13747 4060 13333 15228 25733 6491 25078 11775 1737 31340 18292 17080 23362 7759 27673 18203 3433 1839 31675 24753 29037 10765 675 26803 16761 18170 13551 9687 16437 4489 17717 22634 25743 15748 3689 19615 29371 17374 5377 26407 9848 29673 9046 24577 21142 9417 1358 8084 6581 6953 10040 29179 9295 30508 7159 1184 30713 16038 20067 25100 21477 22413 25068 24573 13996 1706 1665 13241 29002 18068 17328 8355 27498 2783 32526 29964 31973 17297 16857 18763 133 13525 476 13584 1038 30452 29075 28405 14719 12928 7056 2646 3477 27859 19741 18275 1937 30904 5155 10611 22075 24423 21578 18332 11815 21943 14178 2944 23863 4495 32002 21097 14177 5021 28014 9369 16562 14667 29630 30427 14483 10991 9021 10846 27212 31298 11280 16067 26310 1300 
792 27253 2965 28734 16665 3385 31541 20183 32027 12550 27284 18859 9744 3350 26577 23272 8120 16189 32324 29211 9922 12154 23486 5211 16436 20940 23314 19652 14348 14918 6100 296 29479 14182 28512 32512 6243 26275 4894 21673 21761 30533 4101 19149 16461 3961 28510 4639 8832 1957 21707 31051 8933 28665 15751 16172 8507 5191 17647 21824 15963 29204 4674 9818 22554 21743 21413 13719 31857 3329 27242 10643 6107 29670 11409 6109 25343 13243 24463 9384 21391 1144 20559 19139 5232 21376 11383 24523 18715 2423 236 10399 8259 25172 408 4628 31160 2999 32363 25066 9099 32124 10655 29695 29299 16528 4929 22467 14703 6147 32237 25068 25773 16479 28889 1643 15275 14649 11028 3742 3740 19717 23568 32711 21261 19247 17759 17853 29640 10343 10682 30177 22520 31036 11591 15956 25999 31468 2844 21863 741 7802 17407 32083 23457 18946 10863 28715 27869 17482 28649 18446 7301 32409 5988 14241 24576 12492 28958 9916 13843 31654 922 1892 30722 1384 1513 30458 17912 17569 20266 32689 4776 27976 24397 3654 4661 13320 25884 28651 4175 23515 25979 27780 29088 16858 26606 20757 25702 23380 19549 32379 1121 23069 11796 20571 30191 27432 30734 28761 15478 17240 3699 27018 20482 28308 12639 4139 13871 5402 31973 4499 8778 11029 10836 16486 24755 15985 30392 28940 4485 22254 21156 31329 30329 7283 16175 11950 22536 14246 31805 24793 17872 8377 27648 18904 13881 20614 20414 25195 18776 2015 16852 1291 13076 8479 4347 27677 4231 8197 24778 24684 11431 29635 13180 11222 30757 8017 16628 9286 14485 15367 16126 25314 13008 2667 32472 31621 21654 1352 1009 18543 8568 11008 30704 7739 26357 28962 8184 31762 31716 5695 14122 3103 3858 17914 21100 2114 18731 17247 12649 22281 17886 3446 8409 29916 10300 12823 20995 32119 20065 17151 19328 27038 26711 8484 22337 21771 30263 4678 4564 24748 29073 21703 32482 1291 9742 9660 18173 26894 32084 27972 664 4320 16938 1305 13911 31023 7901 19812 25738 29336 23266 982 22516 20831 7100 4340 3024 17764 11553 16306 21782 28242 5208 4932 12538 26 29413 12081 
23733 2976 31848 1449 6793 16307 963 16408 18431 13891 25467 5627 10612 8654 17761 1523 3795 28444 3441 9495 13732 12076 27642 30863 3142 23918 23295 3423 14968 22067 2781 17024 4895 4449 559 31029 21315 30059 29935 8092 21082 22144 5854 18819 1993 30211 27941 19326 2472 5692 25404 3126 26821 30285 9995 4 3564 19047 4175 703 31846 1085 5952 978 7616 32697 7793 14481 31438 26606 5111 18637 1518 26703 11725 10661 23185 32286 17783 6816 5624 32295 5862 30969 11580 8877 26268 23866 25745 13733 21264 14092 19403 11042 21844 23374 25634 16401 13557 14436 21298 28966 29475 9426 18246 24086 28945 31753 28885 27911 21919 32128 13645 16964 30263 8711 32528 24630 18164 23385 20156 912 5642 29168 29104 4041 5730 29981 460 8143 32132 29015 4727 3834 14522 24788 12007 3646 32114 2646 3485 6566 14565 16968 7470 25085 8950 16905 20041 32462 30813 2440 16118 31888 8196 32529 11036 6938 16305 16742 17990 20573 998 24594 25254 25425 7942 28154 2395 13104 17336 8757 26607 32483 7824 31517 14116 16569 4845 6054 32496 29279 16157 15087 23494 19725 3016 11799 10519 23037 19083 29778 13593 26401 10211 1340 25031 13333 29773 365 22313 27475 2219 5453 10965 15270 18922 32297 8374 9697 4066 25991 26892 21200 29565 1719 32692 1391 18460 21163 4266 32090 17462 1545 1484 23941 7490 25981 8672 27437 6872 5204 19673 14606 25875 14663 30038 4823 4665 26004 11116 15579 14238 29268 22693 23561 453 18440 14664 6686 6089 17525 31451 23065 19963 12978 9191 4335 27597 2431 10491 5761 2287 25560 21235 715 17847 26570 23162 27486 25286 3974 23758 5392 31721 2228 3524 28146 27197 7689 19211 25474 4503 24348 29876 26914 7458 31349 12018 17097 28490 32231 28959 26617 18649 28961 1536 4849 27488 32383 24906 20515 15065 7718 28261 8680 8842 30543 15471 3187 16685 27619 11140 7683 8269 585 32573 18269 31475 8571 31350 6266 22402 21344 26709 13693 30944 342 13960 6120 27350 24333 1229 28686 11706 30620 19896 15052 17739 4302 3249 24436 11996 22717 1340 27146 693 4515 3965 13747 
17590 12268 3579 7018 10301 7824 28836 30965 19274 7583 26897 9239 11489 28446 13324 7688 25264 17937 7247 6946 20978 11225 6799 13021 28563 20416 14009 19453 19349 29907 3708 6410 27570 29168 9479 14593 14659 30751 24596 20553 1632 4901 22053 11752 28233 6231 21005 20727 5380 30637 12211 25171 2632 8983 30227 30358 21402 20 21125 11334 25014 6016 22850 31308 30000 30637 12068 17063 13915 31926 173 32097 1130 29456 27211 4034 16341 18530 13786 9157 5119 16023 4459 5064 1045 21809 9028 16007 16185 23776 7976 22347 32736 26963 16600 1631 31352 5454 20441 28100 8015 19709 4216 26149 13232 4744 17932 2061 1615 28903 10875 21848 17126 4344 32511 5864 10529 9422 6698 17049 10936 7500 5928 32118 13530 24051 2629 3629 10450 25337 24238 21440 18405 3483 16764 5246 5753 2740 15854 14642 31357 1933 28406 18586 6404 10487 27128 14106 14131 30871 18126 24242 8798 15490 26895 13102 25454 27914 28305 1692 16774 15575 26412 29187 22502 26425 14785 13906 17167 14524 23163 10647 10535 1533 13909 1137 8608 1213 30685 9160 16405 15156 2359 4795 18036 31143 30564 28890 16994 4669 6853 2198 6619 17167 10458 10741 19225 1662 4944 7563 25528 15817 22587 17317 29463 27103 10144 13255 31745 26225 566 28761 10637 23372 13677 669 19266 22502 22704 4836 23679 19766 12263 20738 6938 22985 5953 16639 29000 7187 23600 16399 14013 32515 10165 21956 3348 13530 24029 9603 23408 21564 5772 5173 11620 19335 4985 30270 30992 7781 22394 22963 4237 8605 17154 16583 17036 10543 23015 24711 28217 23711 5737 14280 3686 9617 28017 4701 32741 27798 26646 19597 1845 6214 30309 27332 22882 655 24418 22920 11302 22604 29258 27055 4436 5913 23835 23759 8566 7526 19542 5623 14773 203 14340 17052 20730 7835 503 4054 10323 6844 18770 16333 23192 16566 5964 13165 3918 31497 18736 15458 21707 21700 23464 19264 26011 14675 31548 19969 23843 26265 32278 21173 8068 17727 11016 17013 30915 6987 29136 18585 14118 19700 30874 14891 17633 8116 8902 4507 1265 13216 29932 21171 30537 9973 31261 27342 26668 6131 
3692 24901 11994 30958 12973 27691 16238 27298 19837 15674 5127 4295 32131 6924 12582 5349 24821 6799 18775 19306 30301 3251 17428 12026 31389 29797 11238 9734 26672 6337 18381 18080 31668 1923 25570 3213 24997 7103 3387 13724 29036 23763 17679 14391 6552 18841 28442 2104 24939 25569 32579 7678 9112 4126 10877 29631 26187 7519 7915 27935 29802 2433 1863 23810 7194 21923 23940 7583 13958 32475 20658 28375 23772 28455 16931 3780 28311 31399 7628 16532 19716 15625 4589 13720 28671 27460 27125 3224 14334 28041 4256 23402 8530 21878 32098 30402 15529 1166 4360 27724 4310 5862 9629 25336 18901 26144 21898 21910 22793 14493 15874 23458 27337 28911 16541 29793 21787 20877 2115 2093 25535 10443 21836 5132 9584 30985 21733 13192 7782 28970 1974 31931 1055 18760 31682 25258 26207 22437 23950 4564 26998 29157 9349 31498 30145 28283 24219 128 115 23138 24369 31013 20885 14093 21816 32304 27468 21664 3226 14075 30299 7264 24277 5909 22504 24424 5865 17043 21635 32159 19573 3238 25700 30950 31261 17523 7412 18582 21294 17438 21392 297 7301 30248 23945 9271 3245 17660 4463 11429 30535 10436 28047 11033 18351 18305 1978 1712 3804 23387 10824 13812 10376 21301 16989 1032 15249 24965 875 13862 6560 28003 25592 9548 16904 6624 22434 8241 3057 22424 27232 10622 15285 13451 8458 26171 1930 24104 17180 20615 20322 2475 29111 653 3087 13993 12264 11699 14763 32745 16429 4628 16695 28278 31541 2609 9602 754 1000 32483 30540 26925 31911 22421 21676 2551 8661 15023 30639 28466 28054 12885 6210 11819 10454 2386 9554 19498 3470 29775 6449 20807 24130 23369 27964 32128 5839 22338 28859 21513 6755 14390 1800 28899 717 10064 4340 23728 29943 14686 1382 21190 7856 1411 32069 11650 16815 5163 13976 27870 28629 14916 21228 2886 23731 13484 21750 5288 26700 6117 8570 13259 18204 26640 1900 10721 27481 27929 4948 25695 4984 5935 12791 9484 8691 1911 26163 28760 8778 4353 5675 13808 8008 17915 13220 26511 11911 25892 17327 29207 21814 15236 2441 19680 10778 20059 22719 4944 22739 24919 
21141 23724 27233 11529 4777 17965 30438 22938 3796 25431 9389 4538 11857 2182 6252 16858 23585 9162 15046 22427 6317 6132 30484 5510 20142 19953 22373 20221 28490 28759 8643 8305 6527 1342 23225 30678 20677 23121 20754 340 1775 30501 5858 19520 32083 2505 3019 15434 16682 414 23673 6904 18234 19560 7023 23891 27314 27046 22278 29152 21333 18463 20658 10961 1754 8638 14728 6269 10643 18847 6141 26638 12878 8298 15089 6777 5497 8928 24044 10164 11145 18099 25255 25123 22172 6555 17358 11859 11100 22182 9476 25322 8487 26064 9256 25822 3438 31187 20438 21478 28251 16448 26417 23342 18615 22479 18144 31311 7434 243 10071 23166 14340 15538 4184 1027 25115 19892 9657 2030 12918 20378 12647 29189 2314 22673 3755 5888 29699 22822 23212 4857 1125 11868 3638 3102 22003 6651 25785 3497 20048 5420 13461 3858 22372 12611 7316 31618 6401 31452 10936 19852 30150 4905 24632 4888 20292 29578 14021 28063 21856 3934 2833 25246 25848 18458 4242 4164 14794 26520 12932 6766 30609 5297 1581 25558 20080 30221 12900 26503 16020 30522 28756 18069 16150 25596 2430 24074 19486 19940 30461 31011 8270 28708 1550 29629 7518 1442 9679 24842 10243 17739 16967 2696 31510 30890 20647 23348 13810 24761 28879 2811 10782 23799 18452 7793 11308 2234 31041 3781 27616 17095 24027 11765 6037 21280 25770 6974 20189 8989 14708 23511 10344 15294 6668 27614 20263 32320 31884 23443 31408 19182 27358 19652 18149 2618 14209 25736 11984 19468 28553 1328 11986 29018 11752 25723 20989 5113 13293 21001 11966 8371 27402 16914 5823 22425 13274 28760 32267 9882 9826 12122 23924 4693 10136 14283 5170 8492 30753 3138 3276 31898 8287 17715 10556 15558 23979 22814 14926 4696 29919 13574 1609 17035 3608 14629 8913 10627 32186 28126 9740 14050 7860 1267 29444 6294 8709 31480 9548 2036 30591 27912 24551 27915 13258 30390 869 19506 6061 11334 3919 12772 7305 1310 12997 4302 10790 19063 20582 17957 22962 24152 31088 14397 27143 28357 9256 17240 18733 26932 8573 26812 22304 16960 5608 29704 17875 26017 31126 2759 
14964 25180 25545 23110 5106 10039 9596 22435 31421 25456 30534 17959 7629 24494 16000 30677 16613 25400 11690 31811 25 31077 17419 12713 27790 11092 28824 27704 26241 476 23575 10157 22666 25542 7812 30501 14370 9274 25524 10035 28516 21880 17208 17968 5136 13257 20356 1746 4053 15540 8273 12544 7632 18036 23615 5349 16720 11178 1471 13380 6620 24400 3888 5643 14455 31982 31304 30762 23074 10512 1718 21413 11171 22007 13317 26344 31365 16527 6852 14940 30560 14753 24804 21303 27994 3914 19809 2200 4846 10924 16165 11987 22508 13795 2857 3337 21697 24122 1501 20733 16121 1695 15306 29986 1794 32341 7541 19705 819 4073 8839 11161 19468 31847 10284 22671 11712 14029 3769 18153 21232 29632 23185 17038 3258 24958 23625 2001 23538 7188 9226 31045 8111 12753 17463 26578 3338 19450 10064 8456 21538 20415 32023 14260 5732 2926 753 15025 4617 17383 11150 19969 9951 13904 27084 23068 6221 25098 8921 17800 12433 12003 2968 27818 10573 17293 30023 19420 32066 8271 19806 4032 1883 20986 21690 32723 4845 20767 20986 30533 16701 24959 17194 24584 26691 1475 21151 25639 20141 23405 4897 18777 26919 29455 18256 10966 31962 30906 14400 1385 19250 16570 24423 18886 10981 3200 26553 26911 12849 7136 18961 4082 22117 24189 2259 805 9378 22913 20175 21332 30691 5521 30057 23146 20539 10496 13815 14190 12126 12866 2667 15520 7779 22180 306 965 16584 6459 2140 7359 6327 7706 29692 2656 24711 11720 17362 384 7558 3314 27687 7757 20470 31836 9721 995 25685 29981 2648 6685 18914 29964 32016 23978 21084 28534 10888 30307 16141 13842 7402 2011 7943 28214 11396 28728 25262 26186 20335 26946 18550 24446 3182 16314 1774 8120 5400 5357 22526 24528 19258 24201 18796 27136 13687 6318 30373 31894 10033 24136 4027 17644 8109 23453 20906 1690 9329 20258 21471 17130 6897 3219 20219 29837 25963 13890 16596 13196 18192 8368 4540 21889 21348 5210 7943 24070 27879 25045 20167 21358 5877 31773 4314 19379 7915 3371 28967 17840 24715 14533 7972 8848 10658 410 3740 21383 231 1166 5551 4032 
21543 32339 11290 9878 20895 20281 12216 16902 28842 28999 21065 11620 28060 5258 5235 29774 15597 21933 29190 28127 14746 17098 9092 2084 4808 8832 6369 26580 15530 12614 4487 12347 26790 18686 30109 1912 18611 9934 21641 10984 8710 17195 11443 10210 29421 28726 24716 3237 12283 12876 31952 9614 23653 1752 13320 6799 428 3436 13138 220 19068 18193 13412 13543 17621 24539 28879 4239 3944 14016 23169 20884 30276 6057 15758 17487 17073 23498 12080 1696 16988 25647 28172 30503 18869 8856 6070 9399 13718 9351 22392 20999 12325 21655 29263 25003 15611 26127 21559 15939 20614 7863 680 4851 30379 29419 6241 26643 19632 10221 11876 30759 21082 28800 22082 20753 22098 14258 2456 5509 461 3577 13018 29374 18284 27777 13135 7791 14689 17093 2653 28925 2772 605 519 28651 16517 7446 1204 23702 21682 10568 50 6946 21051 8292 31226 1460 11012 27597 14518 32737 19867 13289 9984 24167 15899 9591 21357 30491 13904 8483 12746 27939 4379 2391 421 3429 1304 8789 32272 20287 29311 14467 15009 19833 18504 261 20925 19320 17555 26769 18454 6836 5190 17535 18803 29804 5624 6688 8880 7064 17422 28753 7429 23327 2595 24400 7819 13386 2478 21198 13307 20856 4574 12869 26553 4372 20169 25483 2578 15557 29638 23464 20162 16612 25879 12773 25530 30771 9420 26917 25888 24524 1763 25464 21142 18263 28852 13294 27071 20864 10125 17065 2559 22697 29337 30518 1411 3035 5126 23838 898 22531 23910 30391 22466 29019 25430 12864 29533 4390 5214 13613 21189 15264 14105 29120 3334 8757 5014 15065 26699 30193 19453 18959 6052 15928 10358 27647 1542 1975 23110 18148 21140 32666 31291 28521 25116 20223 17995 16315 10725 19115 25208 9441 6056 19196 8439 22096 15068 16415 5520 11194 4918 22147 30792 1320 10353 16270 6974 31048 20299 29326 30675 15880 16336 31218 5901 32611 24794 8378 22846 6267 27865 5164 24800 25321 21456 19913 9412 4177 32416 22911 28012 16953 22409 19488 16821 21531 15342 32275 1720 3000 15192 24138 22259 9136 18366 29043 21668 25680 15108 20851 31606 16043 21953 16656 13663 7660 
6981 10221 14025 25322 11995 2748 26096 15869 5707 21423 20875 23313 1443 32559 31406 5112 6199 209 30191 7429 6887 29830 10184 24534 19360 28690 8252 30833 12838 2239 22973 2195 30224 24914 24398 21828 22036 21566 7653 25263 9348 3608 25875 561 27929 11339 23270 1712 10224 13325 26383 4910 7634 30097 22848 14237 25016 12158 20184 20469 910 1697 7106 22917 24632 9694 15002 12934 13011 6765 2066 30710 19261 16451 19861 30116 3543 21197 24362 23687 8329 30180 20634 13139 26887 19198 1493 13646 16467 26273 8850 4960 32644 14878 7478 19306 18885 17787 30967 2521 14240 9649 27457 18811 18301 21272 28760 9617 14181 9247 4928 4645 11276 26688 27866 28318 18703 12083 7759 9873 7802 4194 19121 21722 3981 1694 21472 7404 5824 13328 24235 11877 2820 8818 25144 9958 19020 21375 18086 17953 27980 13735 22256 10291 26752 20744 2581 31285 15985 16538 26486 23821 10036 19369 2687 27274 20787 13193 2441 4273 7984 2437 17407 14161 1926 8472 23488 25566 30898 29280 24005 20347 26387 207 24068 9049 26606 6692 2708 20288 32181 409 31249 11883 31113 23390 14658 28313 5629 27719 23545 28001 12061 450 5435 32710 15279 5643 6817 22539 27576 1187 22270 32201 4162 25342 12354 3134 12381 20859 25759 10984 28516 22682 17130 29778 10369 9834 16963 16175 25459 16448 15608 32165 1679 31918 21159 9963 27141 22963 13731 24342 12389 816 26521 20784 2146 7579 10612 28555 15317 10487 8829 3668 12293 4100 711 3179 15141 14259 9418 32370 29470 8924 29262 4133 22927 32307 4235 4073 2322 10361 6030 22695 18370 2799 22750 3546 8954 22032 31072 24039 30815 30335 25208 16046 4128 22079 20081 22622 11388 15906 29727 4749 12933 27524 5570 30600 20516 11832 30510 25063 17246 8899 32553 10341 9941 23752 2069 15343 26514 5572 9167 27643 18433 13308 22230 17691 5181 15795 3760 15826 27534 3231 22409 9638 17201 21918 5406 2678 1623 22694 17113 2062 30575 19706 32573 13817 13992 23972 26245 10134 4530 18975 136 12911 197 32596 17888 28357 29925 15560 75 9840 23396 6675 2641 9702 31400 148 
12840 9113 3119 28003 17364 12678 14287 3975 32402 27914 21571 5737 31095 24824 4323 17545 15189 19946 27827 6768 2526 19668 7839 11750 13324 32735 21253 356 23488 17780 25204 28620 681 8598 26036 88 24167 20854 19206 14032 14320 15681 20652 13313 23091 15421 2220 14954 21500 24340 18898 27448 4376 13424 12788 20341 3769 15303 7545 380 12060 31353 14364 2736 28776 26392 2798 18797 2778 7942 11162 29503 14879 6726 28909 1874 13825 20876 20630 17706 7750 2710 18986 31636 24021 16063 875 17373 18715 20434 31177 32065 31661 32540 27945 7334 14639 23237 26598 9355 21876 5472 2069 22843 26598 31680 28174 1350 20009 32013 29736 25137 16891 31000 5059 31085 1631 18668 7052 4486 28666 13734 6908 31645 19645 20870 10018 21784 28356 26437 23715 4504 24190 29609 17151 24875 30735 23896 29973 18116 30706 24298 13034 29416 15075 22337 16550 13993 13564 29725 14047 8920 25630 27371 10266 10103 16786 13278 16271 18285 30448 31553 15661 13437 23104 15628 29406 26489 30048 16053 9996 2227 7334 23368 100 15541 22725 21946 24282 10546 10229 9595 17901 17980 23118 29002 15404 20406 3445 11341 17401 27405 2939 2401 20877 21795 4354 14511 25148 11404 16034 9088 6394 11261 14731 6738 1055 26881 16235 10538 28775 27374 12690 1581 27965 11800 23380 20074 26169 26436 30638 1275 30183 7008 14893 2124 21962 24433 24332 29114 4000 21708 1692 4960 21480 13705 24553 2093 6562 1333 26267 2618 27478 14791 14362 859 1367 28885 17398 3061 10569 1288 23429 19471 19169 6094 25806 29355 31212 25422 13477 14166 11667 26785 21528 6654 21725 20031 13578 21764 20597 695 6686 13714 14766 30628 13783 20015 6852 2268 17661 14224 31845 25578 10306 21425 27759 959 16677 18213 25084 5284 5655 7339 8860 21619 476 18177 3297 17159 29237 29949 27681 14065 31164 27609 14711 10860 14607 23503 28171 21652 25392 25317 19091 25298 24876 12811 14362 26267 22779 2147 9728 19290 7080 30944 2371 26794 16050 11794 24828 1225 25777 8256 25645 23369 31036 29112 15545 31753 25611 25955 29620 5732 30553 9116 29405 1192 7564 16706 
16233 11210 2584 15628 20995 856 29089 26397 12304 22958 3424 26329 10807 10349 28103 21238 25633 3369 24680 4054 2429 14946 27923 26644 21576 29878 11838 4957 18507 28756 2218 8065 18405 8884 1604 28617 26122 23686 22602 18060 6540 16360 17582 3325 13721 26331 703 19783 19334 19960 19206 4828 22986 22367 7790 9481 27726 31217 2217 20431 4580 28863 25038 12014 19220 32449 21319 12098 22047 6860 9194 14930 31806 6078 3942 16423 17451 7420 11489 4954 11746 798 10463 19313 23465 26856 22118 8556 19534 5244 23392 31386 2736 29903 31808 5553 30336 22362 19176 3614 2633 9746 15562 10650 17070 16793 27726 9214 2804 19382 2420 27992 21184 30211 15803 3646 12577 10469 1857 9826 14544 5825 20267 14695 25015 3949 16199 15859 11185 10213 6896 8966 24209 2624 7987 16266 2917 482 11824 24619 13052 6130 18882 26472 13733 21519 8546 13290 28730 30014 14152 16661 10845 14119 24788 13790 14850 30594 9773 21980 46 20428 17704 2209 8957 30526 23403 27466 10474 255 31698 8277 22859 19097 13073 20915 1563 11946 16283 6430 8956 20444 195 17069 19836 4118 24865 7590 10904 2036 16440 20371 15743 4725 8021 23960 7064 16628 5562 24579 8645 19290 20476 5157 3818 20625 7850 16481 10153 31548 22575 7810 18288 24229 4602 16465 694 8182 29916 8808 16001 16301 12465 24897 24876 5962 21314 17554 103 24394 1642 5341 12415 20825 31096 28482 22752 15044 31189 2969 12760 4909 32487 10429 20381 27522 11572 4906 24210 18736 5323 31179 29894 16787 12000 1293 7357 27057 24246 25656 32116 28201 31170 17663 17311 26470 6925 26966 12341 15896 17882 20355 28718 13285 7049 8312 8588 25691 10427 22624 10648 21034 3511 23928 16494 21648 1548 31008 21947 30996 4984 26418 12998 11639 20489 28562 32173 17896 11138 15878 497 13175 6144 27720 25141 32460 27101 29274 5955 23321 28373 28954 24656 25933 103 2838 2177 25483 5502 16289 9646 6362 5969 31783 13413 286 32136 22461 13618 2375 30112 11516 12061 6088 6544 1552 15221 31050 31149 3852 32460 1442 32203 640 13123 4353 24997 17486 10248 32107 
20607 7865 23068 107 25609 21951 2650 28932 2695 1193 29877 12778 6191 31200 3265 3059 2002 1282 25461 3272 11967 27445 6703 15840 26597 30140 1784 18351 31287 20168 28169 21786 15957 8336 29839 19247 18280 10915 12460 10515 4941 16765 31422 9275 1527 27737 25571 21727 13326 5447 30141 1708 16604 32638 8050 442 21354 30707 29687 24509 26342 29739 7567 16767 31304 4941 10894 30862 25398 13691 5987 31025 18468 7522 14805 10401 1471 20496 29069 23414 908 9990 16853 6240 15308 18575 14495 29463 31396 31312 18121 5013 6266 543 28063 15746 13218 2329 26018 27632 11578 13550 8840 21832 27986 27520 22659 27524 12881 29869 26310 11423 28563 28264 19270 22346 32599 18191 957 22497 11225 12792 32757 413 21435 19022 2371 26635 11689 22555 17233 27837 28477 27557 10785 21823 23328 17150 12623 32076 31347 11735 26775 31042 1389 25493 18838 15572 16197 32679 4821 6655 18770 6166 21507 11327 12657 8797 3970 1026 16295 6780 5414 9821 18183 8264 31289 13566 32214 32517 21186 21090 8430 21302 4102 5704 26208 17076 10320 9829 861 31486 27630 18265 18775 27088 11132 31202 7779 25591 4965 30799 21730 11875 24742 10296 9824 7550 21205 21613 21948 16060 32610 17196 15497 16499 27166 31895 18357 3054 1785 21860 10088 17853 2320 4567 13871 10318 8935 13549 23386 27842 7154 20443 27811 13817 24411 26038 21264 12783 26623 14196 30490 25932 11706 3091 14350 21814 30692 18712 29364 874 14619 28475 23343 28811 22595 20321 11812 6329 2764 3018 32030 7782 9267 14732 6705 5989 32460 13888 26334 12356 25022 1531 2615 6620 2127 19840 21059 29990 11874 15539 17572 12625 17981 32081 8823 4113 15248 31199 25468 17465 26547 4320 27767 24204 6960 2123 1238 31952 24705 21820 20371 28453 23579 3050 19292 18325 28075 3033 7666 2028 30367 15441 11983 25034 27112 27918 21771 15606 2302 12089 7296 30709 29221 14999 26157 5852 25584 13057 26584 21602 23043 25108 20215 18745 26396 14633 2769 7583 28757 12167 481 31024 11683 20696 13947 9470 5027 4058 7858 5091 2710 12631 13176 17686 5801 25431 31495 13565 
21883 21652 4736 20546 29913 24622 31442 7465 1740 8608 11486 3873 22229 1267 14553 14489 9335 10034 29937 20244 26358 6941 32563 13696 32351 26145 5804 195 30152 18824 4046 10904 15065 11246 26646 26265 28299 14068 15596 19868 13104 32056 10699 21315 7092 15492 20897 14799 8226 4165 6009 30773 15209 10303 19031 18036 5729 22400 18531 17445 25609 3986 23882 27988 21267 7157 24546 20878 14498 12748 21261 16699 22610 10199 3551 25903 28025 27297 12035 29819 22956 251 24410 31881 7301 13480 10214 28520 30884 13146 24295 27748 27124 15326 28739 30426 20783 11155 1323 3914 30885 32 20220 25262 22073 8550 31075 1034 11948 1972 1989 25669 32286 4666 8670 31799 18897 8641 5032 23811 16177 19353 1150 6823 17425 14546 10625 17617 23608 1455 30523 25077 2076 13655 5762 8348 237 3534 8351 13055 30165 28708 26288 2260 11903 236 18507 23400 14038 13552 23908 16366 30735 5667 30577 13334 25321 21719 15819 22754 3891 31024 26968 20406 29839 18649 25447 28078 8311 13557 19419 14643 3453 25689 10892 26065 32727 11768 20458 16963 2842 6046 10468 19664 9542 11490 2568 25051 27395 16982 13803 14517 31018 30976 8907 8885 32647 5646 17267 16523 28894 709 22367 8657 29739 2235 1569 739 31534 7750 18947 7409 8743 22324 28142 15442 15583 19900 8842 4379 13543 6069 28327 28145 7460 7174 32476 26907 7820 23646 6253 5083 8746 1829 13170 15359 23656 26034 54 27571 7565 31422 23518 7065 2949 25880 30795 19228 10465 23195 15169 29441 19742 20318 6344 1598 29226 7466 27858 29968 31524 16177 6175 26184 22627 30204 25694 6885 11451 26534 29589 12264 22523 4168 16066 12900 2746 5812 26563 14805 18260 22886 25203 31922 29743 18359 14614 4934 25411 23380 28663 23739 29401 17903 19535 14968 11154 10036 617 5549 32684 24319 3844 25387 3969 20428 16377 6522 5968 9583 12317 19749 27200 29701 14953 26457 7842 17194 10328 10926 20343 22892 8081 31301 5938 23552 4806 5907 10175 5812 14812 18300 9155 37 21836 7460 7462 20018 16585 19714 23759 11952 6435 19894 22446 30815 31083 12316 29952 26653 
4952 26145 2510 15962 9961 27605 11703 20684 7500 1730 19696 25700 19199 3965 7049 25472 7477 31098 19954 17506 13947 3364 15037 13281 16027 2093 18853 22622 27072 6179 21456 16634 31452 25413 22865 21766 17735 5012 12273 22460 29097 6189 3887 21548 2585 4309 7557 1400 4486 6102 25325 3908 10838 24074 17572 6761 4174 19765 28206 10729 27058 9367 19354 15400 13229 17346 30983 3161 19954 6058 19303 2102 27044 24059 22147 19956 24436 12975 5184 18038 12553 7135 4384 12225 14756 2009 16907 11184 20996 29044 26448 9960 27527 7840 8423 11279 26259 11585 6137 30521 10292 25150 24993 23971 13062 28372 32501 23972 18262 8241 7744 27360 20100 11582 402 19135 5547 5820 11899 5406 7044 19858 19219 11588 30088 4965 19517 18199 4181 18794 22829 19599 20307 8568 2088 14188 20375 25954 22667 13092 21000 18563 3599 6944 4288 30618 20811 10535 949 23257 14715 26651 22680 15928 9087 16099 8701 21519 31271 10152 445 17892 21421 26436 21144 18305 2179 22775 5407 24650 10063 8796 9170 24270 27189 25500 29317 10908 4436 14306 23816 26712 18067 6671 18694 9230 28317 430 7982 30149 2858 19498 24465 21592 4737 17982 21835 2689 24634 27054 11622 567 9033 9013 29947 23098 27960 13502 17050 31212 18100 2007 3820 5986 27979 1122 151 25531 7796 16269 12130 20912 5072 5893 8858 10861 5295 3175 3764 25759 16598 29944 5683 29135 30848 20885 4557 30190 1442 25325 9161 7473 27251 19949 6827 1055 31020 25724 26387 26088 6412 26217 10467 1272 23712 20129 6048 460 19777 166 18971 5124 4062 27196 8528 22970 18172 28006 23182 12563 22010 9872 3288 20499 27034 25358 5516 3766 27069 23493 14402 5948 14446 2088 30199 28868 25122 7527 24427 6172 9022 3554 26311 6872 26330 7396 29827 26785 8901 23182 17287 20176 13513 7185 18576 21052 9520 17441 10454 23375 29318 28582 1004 26720 19105 23220 5351 14908 21727 4541 28354 12038 29103 17157 22529 16194 4947 17495 2453 20780 5092 8439 21760 22094 11414 17367 30137 26449 29245 4621 4562 21012 31504 2437 11736 19963 4525 14323 6139 19082 
6494 7692 3694 3122 1947 21238 9489 2922 5840 31741 11854 18946 5728 27783 11072 4788 31721 586 1819 22269 6602 4540 8648 7979 7906 30411 28111 16566 17307 7631 9594 20179 18471 6333 23352 31047 10250 5277 26943 19833 9945 17214 1141 3532 6721 3368 30353 4907 5450 8146 17277 27878 22749 11285 15871 12988 11653 26849 20377 15673 2674 11823 30638 14402 11715 15414 17893 17390 2565 738 21459 6039 11510 32130 468 23345 911 30401 31545 10971 8002 18647 17833 30900 24705 28160 24513 16624 10879 29997 13054 17451 1082 12026 23773 15356 19129 9953 4928 15822 22674 15533 10260 16363 18096 29233 28721 29914 10835 16697 4481 28907 29784 3521 31845 19984 21947 2149 5204 16878 19802 5401 19398 23092 17148 2586 14160 21292 21393 23333 23568 15504 12988 1254 15691 24734 17806 19635 27989 8558 23189 10362 9649 16516 8981 25336 10874 17570 20885 20524 32001 29151 413 9740 8632 2045 19647 19830 32079 15096 12500 16233 3356 6619 11144 17013 32448 22487 12057 7280 27400 11158 21595 3179 14353 14541 28160 8420 26288 14353 24854 15934 20240 20715 26321 26990 4253 23086 7051 10998 14625 29832 32521 7703 26413 13144 18944 66 27579 18367 15575 21713 12049 25082 19375 28916 23785 15599 19361 1006 7118 2053 1350 28545 21449 9017 20605 1190 18493 24943 7528 30850 2320 17669 3768 9622 32523 27310 2347 27958 6020 5758 23634 19772 21306 5953 26776 32253 15488 29713 26240 11388 2206 6184 13102 9438 26740 28914 17961 286 19552 12902 13407 12290 8034 13719 25706 26702 15742 9606 22545 23607 10594 28219 12050 16666 17737 8724 18207 32622 4895 18780 7462 7928 16358 20511 21461 17213 32344 1597 862 19517 29902 26046 13943 28510 16992 4965 14501 23719 24398 19848 6587 17454 23711 15647 2717 20436 18183 23834 30538 25903 12558 27640 538 17352 10351 7061 17476 21383 6846 29507 30626 14187 27982 6173 28089 30846 19538 28568 30708 23817 30018 20571 9520 16388 129 13649 30845 31952 28220 9980 32035 17193 31381 20236 23524 26454 32001 27184 21889 674 22254 3116 18048 30736 13738 27180 6187 12619 
11136 8023 17116 10204 25636 8104 17784 3743 30801 19705 13882 12152 9392 25185 20658 20802 26620 10688 9485 14856 19556 12184 19606 8568 24624 26911 18301 10132 8616 146 26583 9131 25137 15307 28135 24456 25786 12566 14748 4841 15190 15937 13658 13107 10282 30194 24062 27491 1418 30525 3100 20552 31071 25462 25226 9456 30668 26180 1571 17248 22801 1015 709 32135 1711 8732 412 2677 973 32334 13475 21449 21722 1871 7015 14184 2676 19543 1295 4469 29576 30379 29593 8829 15035 370 17510 9713 29449 9156 16889 11482 22444 8453 764 4296 17216 29553 14979 4875 8740 1271 23957 31782 25635 27211 16873 20353 12628 21559 6637 26462 26174 11058 29196 3342 6976 2355 4913 24933 15153 1479 28295 10603 27971 2146 30340 21332 22061 5362 2341 18355 29833 18106 20347 23274 7290 27998 13926 29413 22163 58 25761 13576 9716 23544 20990 20581 31158 32354 25587 14387 19850 13428 13142 25211 15772 28342 24421 24341 4542 12233 4617 23251 962 18751 6492 25340 17703 23216 14952 31996 2041 18185 8498 26201 3826 5160 4599 4329 2277 26790 16309 12099 15197 7156 27629 25971 16513 3242 13223 29170 23610 12571 11704 25301 11416 5677 15936 11076 14706 16488 17270 11566 10061 9036 32680 2875 4479 8936 25725 22274 20373 21416 9086 28541 10737 27759 10196 9145 16824 7909 23891 28114 12267 18963 26808 23071 8147 15149 13615 28330 26787 28846 31513 9955 27225 5034 9227 22421 12773 7008 12314 3864 10381 20240 86 17865 21136 6668 10900 29367 24841 26128 14961 22687 6935 28630 915 7963 25147 18918 26930 3094 22017 428 16087 29059 23267 6860 9828 9038 2154 21690 3925 2451 17046 28293 15173 8975 640 23795 27572 3028 4670 9939 7431 23616 16391 23439 29392 29743 19607 22529 14672 1648 6357 19847 8251 30838 22196 16218 4794 27216 16727 27163 20662 31452 8312 18863 11604 7223 6922 12621 5820 3191 7453 10709 19231 18077 21763 2660 24312 32709 2993 32549 30866 1184 23655 29290 25802 2852 3988 3067 26902 19586 7412 15021 30406 31577 6395 31799 9098 27177 4470 22338 2869 30218 7536 15295 
32448 2462 9298 15741 9362 19524 8271 23803 28158 20878 24575 21115 1550 23798 2890 3927 7551 3532 28552 27032 14348 1907 22246 9669 24304 27085 28428 21241 23718 11764 765 11576 26099 15147 3134 31235 21542 18452 24378 4906 21663 23587 30437 5090 12686 1362 9120 23575 6141 5654 8541 24068 32529 32658 22787 27136 5260 7179 20756 27803 21143 32157 4493 21225 8895 5420 32525 2334 12861 17821 28986 18267 23418 14149 2144 8392 18642 32673 1628 2275 13464 29000 11961 17176 27227 10271 29208 28817 28008 9676 26837 12367 26768 4717 24807 1402 19244 30089 776 30709 14174 31558 21271 9014 9625 6621 4026 10069 24931 11084 13639 12386 17241 20299 10213 2044 19572 10624 18670 25887 1676 20470 31640 28222 19994 32204 23765 8594 26946 24106 12919 6065 4113 889 21912 21602 18947 24276 7225 6576 17608 19385 1577 28989 2119 1029 12585 24537 11236 4127 22605 30547 28926 1907 25253 14991 26300 13602 17693 2009 31498 29943 15266 32121 7390 23710 7558 3208 21440 1296 20774 11778 28809 2130 8906 28188 15211 1887 716 16855 17201 19555 28413 23253 12744 23849 2884 28011 18943 4567 11656 7417 29323 985 24784 630 29262 26907 9129 335 16857 12155 26057 24178 5679 27774 2289 19877 2251 30017 26904 26909 229 12979 12229 18252 16882 1538 30397 8954 17258 20819 32222 18839 13773 30902 30795 17360 22760 28505 13513 27744 1877 9468 9577 26921 6977 26532 2664 14979 4209 3476 17491 21716 1927 31609 4462 30817 3714 23269 14935 15203 21125 5374 29159 31326 7897 25976 27737 8878 19764 6592 29102 2914 2876 20602 28495 20558 6471 19758 19701 25436 26213 13374 2246 18467 11680 17180 24257 11707 30850 22713 32603 23247 10968 25153 6506 8179 31670 5 15171 17464 32699 30393 20255 8190 10390 16607 14020 23050 24009 21635 19041 31449 4781 28969 16057 18995 32183 2564 13955 11011 21753 8296 785 26981 13292 8834 22577 12033 3692 8775 30545 4504 21764 30890 5606 28636 11884 10514 782 4229 27216 6411 20595 14241 4435 28731 627 9771 13908 13465 2943 14304 27888 30425 5825 4942 2376 9002 
26114 8238 3332 18980 18122 14323 26008 30204 25289 17571 24517 24571 28533 16870 29795 6702 245 21597 21087 350 1086 27444 18944 2882 9340 8187 32110 17652 8115 18609 31348 5538 20134 28706 8581 6534 25592 10356 32253 10520 9873 27644 29610 24706 11075 86 25995 15188 20909 4020 14807 6265 2144 27766 24385 14954 7233 13051 14203 6049 5935 15799 2809 3921 29157 8070 27127 22100 7457 6208 7869 12388 9734 14222 5410 18831 31166 8700 23375 17381 3173 11343 8133 19828 26402 16664 20642 21110 24983 17545 16415 8136 2684 27272 29278 2462 902 13058 30819 27254 21646 130 31840 3658 31215 32002 25397 24074 12848 16641 10039 24393 20195 28885 20528 23607 3276 17475 11432 18383 14150 11341 12387 12881 6883 2891 7211 25075 2899 13117 21200 25555 135 7776 32620 10545 3861 5631 28907 1243 16351 15244 20171 7400 2800 10223 2849 9385 31142 5406 13789 29405 13334 17902 5454 18468 32172 8233 10217 22967 25874 11488 29510 29781 11091 29442 17515 19329 9793 24622 17741 18666 8724 13254 2964 28715 1619 8261 1183 10932 16888 5842 25288 4104 17103 28949 28649 32298 31775 27977 26911 5713 16524 12434 18381 29155 29500 17297 7140 9121 21561 15670 23394 22815 27670 4054 19225 12408 23254 11390 25778 5695 3593 28806 24049 16313 8760 4457 13627 5449 29571 31444 26453 8491 8585 21244 12910 22117 2696 6453 2656 17403 453 4801 8755 2147 17711 31205 12002 6456 30271 9026 18274 13107 6690 3427 1505 1622 25882 3731 20044 29290 21794 5361 24083 26540 24529 11462 2352 16324 14208 16661 18534 8950 27567 19060 31942 19868 26789 24603 3192 18900 6743 24379 15544 29046 13963 7313 27935 19529 29245 21562 6180 7798 9794 19401 15586 15164 10027 23191 5660 28646 21612 19546 17022 6906 8894 20985 16933 17332 9665 29855 28002 17842 23782 16143 18619 25841 18316 4407 23091 24056 1129 20999 25548 18003 44 29571 10057 20803 30560 32023 5944 19636 20372 4139 6448 27247 3001 6904 15704 10641 24523 11674 3880 29756 10164 9574 25460 17804 17773 8829 18342 27597 10854 31649 30283 15083 4136 9288 
29905 17193 9273 14575 16014 24598 11071 9649 8453 13246 24425 6936 11621 25117 3595 17715 25427 8409 14472 30953 30953 28464 15477 19340 25599 2606 18171 18610 2217 28964 6013 14912 12544 3671 21883 14023 12838 22517 32183 27156 25220 32077 10902 19458 17750 29758 15304 14739 3946 31472 8491 9279 26916 25027 19693 19340 4550 12677 4338 13535 18414 488 27509 21906 7009 5171 1777 9030 3078 1591 28994 32379 6710 12677 19975 11102 11315 2782 2124 19681 27893 5611 18278 5649 2093 16686 11037 9637 26500 15929 4881 16338 21795 10782 30038 23143 10105 6694 2146 12053 23096 24774 17449 18446 14497 7886 32390 15059 32002 29924 9949 1350 2429 26929 25855 16647 7690 21850 8013 8445 12223 28850 11297 27955 17744 19118 12905 28902 31954 18841 32149 3804 7876 392 18612 28663 25167 30609 17625 9 18125 9528 24260 11498 9865 20522 1982 7112 26309 2606 1477 18623 26882 27992 3817 17577 8571 26751 13302 1336 30451 12274 24147 31554 20400 9831 25898 25435 28616 21044 32201 1193 3227 12994 2889 20980 14753 2622 4461 8445 4710 28561 20172 27665 17874 15507 16947 20957 26286 11387 8005 18308 9572 16027 30308 12527 22278 12618 5077 21349 28050 10529 23070 22107 17781 22634 7091 18061 27725 15061 14290 20301 17651 14701 32428 7707 11449 19147 8389 9335 1520 25481 11677 11251 19374 19194 26000 28812 4814 10264 25339 13626 7223 23230 24224 1734 23650 29976 4940 8412 7190 26967 1207 10593 5750 16297 11691 13830 14398 26728 22888 20510 25674 32401 11336 27309 24920 3705 8095 32449 21774 13499 29925 16901 28735 10613 25623 11155 12394 2996 2394 15114 23171 300 21986 13792 4854 32301 2066 20218 14058 18898 28388 27770 23234 4732 31884 32729 4586 9854 27736 9269 25552 9498 32731 30444 4656 15277 5962 24169 5269 17190 10534 13118 27933 20924 23835 32627 14972 5345 20009 18462 11075 1905 14337 5428 13923 22576 5042 11167 15596 5235 26500 11665 31003 27421 20004 5399 24212 7117 30978 15601 20460 26198 12792 27553 19818 3696 8236 5314 271 18349 21559 17563 19411 7598 24455 27124 14386 11414 
31489 29224 30183 15807 235 27516 17144 7340 15882 8623 26098 14399 24071 26835 7542 25644 30488 2651 10484 20142 30940 2164 20151 32377 646 11161 802 27887 25661 3681 5433 4246 20419 7068 1123 27594 31829 12959 25453 29615 16851 26076 27859 25450 28449 1974 11323 20369 24525 31123 24899 3551 5362 28978 32636 17709 21852 10303 28598 14749 6380 10788 30335 10521 17214 13347 25574 19452 29066 23457 28805 19982 24520 28357 27582 21430 10520 17218 8004 24427 26464 26481 3037 11116 30263 27043 25447 19377 23810 10677 25625 11297 9308 26853 30988 16133 6844 3043 17402 28605 19537 17196 29765 11697 12849 3475 3899 9099 23731 18720 3480 28324 7449 17950 29260 27323 29299 4208 15999 26093 15808 25380 26323 20705 341 31307 11753 16196 12163 14087 2086 19573 19572 18917 27831 14465 26454 22381 14290 20817 11963 19192 575 31778 9280 19394 4632 29494 13165 2112 18637 3017 12253 19380 12906 6215 32415 4606 6685 15036 28379 3509 18419 15244 1465 21622 19426 14436 16766 9596 31244 16240 6137 32369 31810 10959 13341 29316 7367 20548 14063 30652 11863 22830 32675 7820 13672 22202 16129 26535 14000 26199 23054 11285 20199 31338 24553 19335 30670 6979 5875 5352 7792 13392 25906 7476 28328 16785 6136 30861 30691 29004 20159 2444 3879 3586 3416 23253 4693 17569 14661 14062 28843 6907 1635 29265 7308 10871 5836 7103 19076 29447 20987 1752 8583 23130 14129 25833 16505 11090 12056 24581 15604 10680 8358 27735 32581 3631 19781 17334 8119 32358 14385 16250 10517 21906 7457 1166 25706 20764 14889 13767 4619 30102 28895 8308 13271 16372 701 5943 19646 30457 27846 28435 14720 12527 9836 21189 1719 24987 18354 24664 26648 1136 23182 17652 13558 14083 23441 19191 3591 22463 11721 3654 4203 31962 1511 19174 14826 22407 4253 31174 25214 22382 22602 12255 28433 8793 11737 29567 8583 13360 6374 31714 10751 15143 4899 3843 23894 1078 4859 29105 13549 3018 10613 7653 31661 1722 14170 13139 19528 30588 32154 22079 17601 9113 3308 28818 4910 32094 22709 2349 16317 21972 28971 9597 22517 27379 10426 26960 
24382 9747 10407 26855 10404 7843 14579 24908 32216 13597 16258 19174 14199 23097 14972 31306 10895 22114 14836 17236 3936 9574 7367 21111 17759 14961 5319 12369 6273 16444 13849 9090 27573 10626 5596 25791 27826 9652 15371 22818 13556 19949 27813 18116 31745 7720 3083 14222 16113 3761 8873 32332 301 25049 17368 4611 2679 31214 23555 13189 17963 19306 10761 4418 10180 16235 26595 23905 14497 6755 26247 2576 13066 15121 8460 8216 20078 17840 2830 25524 8430 3950 7764 15267 14880 24095 27568 3708 23308 20531 13095 2626 28539 229 18258 2616 11378 15542 16388 3830 30713 23066 16430 31933 32288 2673 21247 5128 5956 14136 9295 22627 25487 16257 6205 22912 16318 10656 1559 4744 30503 7464 6779 21423 22266 14614 9404 27147 1735 6731 21383 31142 19008 9792 9415 15826 4161 28149 3269 9148 29453 15658 6292 29508 3547 10706 4012 31244 19345 14277 22741 27855 4815 25781 9799 29429 29487 12387 11535 4196 14283 29970 27572 24984 768 9276 17435 24054 22386 15237 27816 5213 12880 1517 31910 5631 6874 32073 6121 879 19232 24564 32177 28666 22028 20162 32466 3899 28322 1845 7954 24810 13447 3572 26067 20213 10688 23928 8690 29138 13757 27913 9454 28435 22934 9193 14669 9787 31124 3279 22587 8144 24563 23958 25205 29361 23782 10039 24677 5034 10204 16885 3470 17222 26114 18903 13099 3556 31241 16219 5651 4621 297 8297 31712 261 8550 3462 2896 3488 3346 20298 3052 15703 24467 20500 18663 20379 14182 24060 6984 12138 12644 18697 24396 8991 10564 12709 22789 11918 25442 6989 19528 23376 958 6029 19398 23388 30280 7468 889 14807 11355 24484 578 3630 21383 15060 18128 25953 27027 1785 5059 21922 20930 26843 20241 28702 20310 29252 28841 1307 2387 9910 17495 28227 31621 14429 744 21311 30916 4419 1678 7304 8823 31939 7814 2170 31063 1344 17911 5803 27510 23063 16926 15738 895 20945 27560 7659 7487 23710 10079 10674 17252 31487 21001 28557 6789 3266 9101 471 32099 3123 19800 11099 11887 2449 22527 26214 17036 31423 1062 18976 10517 13116 12960 25115 29986 6229 
6104 9261 19463 26009 15983 30843 7454 5518 7462 2007 1735 17058 17407 17484 3244 5220 25759 24566 842 3316 14839 9751 21677 19128 4899 27240 634 4689 1426 685 2355 13518 2664 32396 2231 9759 2848 4511 22024 22476 8566 25544 23121 11239 3716 15301 25384 5183 11563 14340 18448 12758 25524 2488 2370 2197 22711 26156 19373 6975 28476 8791 22075 932 20001 11442 29782 23319 30396 22854 25003 1825 11968 13321 9005 15991 16741 19818 29021 23082 23491 13611 6089 18206 2175 5999 28115 11197 3754 12308 19636 5612 14310 2114 9921 17726 16843 12868 9196 25960 32393 30615 26509 19702 26830 11585 25443 5180 12010 8804 23509 6286 31025 23827 382 16308 28576 6500 17385 3992 17092 16071 16793 28226 15320 16278 31053 7686 6190 5869 8322 18940 13264 22715 17208 14001 18278 2073 4345 27420 15706 10203 31512 26068 25147 14693 2103 12928 29791 7617 267 29582 22221 3310 23140 13352 27481 6010 103 5731 22545 26195 26398 12730 15320 11482 1076 13756 5713 313 5625 9473 26367 3830 23468 15458 18346 22473 8954 23145 1540 30379 20162 31495 140 6448 15131 7045 19123 8982 8856 6845 23613 12318 26827 27018 20459 26650 28167 8061 30039 22856 20586 18386 14879 19678 15899 31394 11845 18918 15569 5722 10198 14924 2709 11627 18890 26166 31688 31811 29228 14739 31335 31613 21371 2039 2702 25172 15695 17062 30779 11614 22591 21743 4693 32119 22787 6843 5869 25338 28374 9573 13507 26936 28958 17100 17932 30242 4175 31399 10354 21065 3597 30233 22109 27913 16529 1414 9585 12544 25933 14500 20056 31941 1747 15573 8641 5079 31219 30132 3752 7124 13859 1005 24024 31212 3365 11859 18095 9364 1507 24876 16674 15743 24222 14287 14592 1994 31303 17522 1659 3703 15661 2621 20452 3868 7385 23971 14518 31964 26422 7921 470 12183 1270 807 32537 4958 15152 24328 1543 27690 12366 10349 14815 461 14374 8670 22747 18472 11111 25699 28340 22431 20023 15256 4201 18890 2586 2048 1341 20077 32534 7067 254 3243 12309 17595 21389 9334 20106 31507 12699 25674 26967 25361 31409 1819 751 7022 
8307 3724 21175 2307 4901 3425 13747 5342 22382 30263 4702 4245 10588 17010 13273 13530 20649 1400 24648 28240 2621 16413 11898 27805 10995 2141 24264 10177 24480 22865 15167 20390 11858 8028 17153 23031 7381 21670 9448 8758 8316 16843 19821 20489 15133 14036 3016 30677 26974 20582 4697 10638 17967 7481 22087 25038 1944 14284 4711 4388 14517 10327 29023 11694 21759 8962 8971 746 10444 30292 24863 13257 6938 15854 9998 8965 17544 11641 8491 13749 30629 2013 5902 9247 7789 5811 21818 19661 4369 13822 23037 15843 18935 18453 18839 26799 6914 9700 28062 13186 18451 24404 17312 23998 10960 24584 24331 27185 17316 19530 8778 929 23558 10821 4913 4008 7679 11124 20123 25539 17638 10842 24401 20645 19311 12404 31790 30673 15076 6252 29057 8039 32689 8335 14771 30782 26406 385 2346 2612 10873 23855 20844 15042 11018 6662 32648 8660 17387 32355 31154 8407 21664 8266 8237 28691 26915 32090 21870 5691 9004 20224 20862 32322 18606 28396 17568 8049 7077 24513 3380 27575 24335 19985 1243 30784 11576 7560 10460 5192 827 22119 8646 16946 9670 1844 28247 18132 17181 28336 13725 17174 30306 522 1115 3003 4115 9042 31150 13182 18388 7216 9968 31585 15215 12502 9949 7490 24345 24371 12276 9391 17143 7786 9760 18939 20960 12930 28568 913 28005 26719 4356 16777 2830 19953 21729 1913 14055 15019 550 22670 7995 15415 26152 10715 3488 15208 13755 20208 28979 28016 2458 5295 24101 25939 31241 32347 9847 22939 7608 22770 28673 29262 28651 6333 27577 13085 25048 13605 4658 21982 6992 30408 2403 10556 11938 27596 6058 18349 17341 30323 18449 15013 32404 10736 9167 24074 9415 27002 9490 6119 18047 32158 18171 14436 28313 5081 22250 5622 7688 23654 27389 14803 5748 14933 8659 12457 14375 14813 3990 21391 30506 16627 31800 7484 11179 11803 22268 24438 16802 22911 825 27854 2997 11326 25179 2699 15704 16902 16170 16100 20536 18661 32335 20338 22746 4956 14355 996 3711 4278 8043 245 2636 8087 23090 20379 423 28376 11957 25729 32740 24722 10868 15288 25377 9081 9767 23722 
8302 30316 19200 23119 4914 19018 32048 9123 23498 13830 20396 14423 4466 28926 25905 5574 19305 18312 25221 28716 17744 15822 22017 3090 8915 21725 14412 19469 5772 9720 27241 18088 28708 18482 21748 30879 21948 13372 3240 26446 11403 6779 8229 18280 29896 24413 29424 31724 7370 12782 18876 341 3950 28838 27624 6418 441 20613 32328 18741 17342 31331 31528 1135 6338 4737 27534 3644 23199 24163 17856 28507 27750 31970 5382 3713 16456 25725 20145 16718 29879 7152 30812 27008 19656 24840 882 29287 2012 12725 497 17049 23679 27489 6253 30182 6800 29824 20823 29582 14499 9320 13695 13490 20643 23907 19928 20233 20412 3331 29307 6100 23927 1718 2799 29460 15911 27802 9128 8954 13445 6803 31949 11167 9879 18330 30271 7925 2518 20824 31958 25854 23183 26099 23790 21563 8842 40 7714 11880 21226 27034 19543 21862 30036 14185 20989 19577 30803 29959 18321 22963 6907 28999 23654 23472 15309 25015 15526 10116 3803 20528 6291 754 32557 1707 12563 3807 16226 27990 3436 13829 19866 3816 15948 29676 28308 14129 21004 2070 25620 24565 24117 27002 25224 24570 16964 3637 2538 4192 1962 23419 26088 23601 791 20947 14659 28217 6904 18820 6261 28952 22335 21322 6038 5525 7778 4430 3968 21301 17318 7253 15922 5901 19101 18744 18034 21716 1005 25236 21175 11836 26452 10946 24389 9346 20201 14858 28570 2116 30629 3347 13065 7060 27425 22430 23717 6730 13985 28532 12896 7326 4946 25501 6004 2038 25552 5075 5634 508 10987 23607 11257 6644 24491 10562 24378 7245 17042 2045 23802 17525 6176 1653 10343 16626 27805 30825 7310 15791 17682 29767 17788 26771 24985 7255 21667 9304 29910 2101 13440 23963 29894 25220 32635 13871 26807 3809 24079 31415 22680 27670 4138 5748 16755 1680 9687 31067 13112 20244 11034 9323 31676 10669 19227 20541 769 26857 11911 25053 15544 2372 6452 8664 21252 16613 2820 27030 28289 14216 26635 15082 16261 31420 27636 30184 11430 590 27808 8439 19068 22789 12305 30503 168 15759 22919 12484 20 20412 12776 14891 28285 7658 20325 19676 27439 9921 24667 7889 
20752 8992 7543 7182 23008 11350 10014 24186 1727 4758 21004 22509 29168 30629 10043 25226 28124 470 6918 11087 5466 15160 16270 10986 12589 28942 30301 8398 5838 10111 25929 17543 25709 30095 12955 8522 15922 23886 19569 20433 28872 29775 16225 614 7452 28764 24671 5949 20834 27752 19937 9478 13146 31173 3137 13763 8145 20888 16738 9175 25450 14985 21398 19808 28830 30399 28607 4551 14082 19979 15029 19862 32712 2147 12776 18569 29577 27795 32583 18919 11586 5935 17504 18194 32412 15820 8392 24669 18800 12911 30653 8223 4746 15174 14602 12294 12717 4758 12587 30893 17112 8949 9394 24432 15560 21433 15081 5759 20670 31152 31673 13105 30594 16402 25802 32411 20392 7603 23020 13410 12562 10877 29878 9165 6582 26910 30572 26398 22433 22782 26406 9507 5180 25716 4399 4360 9423 32569 32684 7279 17475 2333 8574 4034 6700 18680 10601 31944 13063 5092 26741 16247 19903 29865 10132 266 8823 26489 17542 29011 1667 32222 5626 10833 4535 32496 23286 29189 10469 22475 14712 20098 4513 28736 4190 8260 29511 14283 8323 14018 26944 32453 20779 4934 2688 28635 5025 19965 2643 15807 10782 20810 22106 22813 21997 24416 21968 17105 12493 5648 11794 20055 13719 25823 12383 26755 15392 10588 21724 13938 27745 26033 26331 8384 27861 17783 18012 7931 20515 25807 25300 22360 1533 3502 21294 26277 21320 24440 12048 25727 5501 5329 3423 30661 21839 23472 19461 3917 27790 29620 1266 4821 17227 1724 21600 8252 26685 28594 21596 10482 2147 25511 29058 941 2539 12581 32008 18013 20051 2496 8190 31843 24526 2543 5075 3325 3561 29466 17436 26117 15726 19444 15761 16092 28552 23307 3672 1953 17449 12190 31623 22694 31657 11438 12260 30244 15280 19031 18415 15405 6997 353 24354 1763 14983 5395 631 27368 26796 12103 11307 21013 7817 708 11457 20591 20322 26567 9547 17750 21858 9955 30437 7424 32061 26123 19330 17958 29971 27630 7147 12285 8856 11651 22276 25704 9330 23012 3665 4716 738 22623 19386 7396 21415 27850 29835 374 21791 30232 23999 11205 17584 31530 30078 2280 29798 31207 9700 28444 
25565 11407 21764 11701 24674 14668 9773 22875 28757 11 24684 10354 3537 31369 7761 29658 29840 25265 10998 12249 1800 4901 12350 29013 3802 22043 6747 21319 23661 5738 21651 20588 2518 9956 17219 25918 25852 5095 7972 3618 17657 13103 5581 30179 20163 26094 21369 26719 27915 16671 23051 23936 32613 4119 18767 12398 1194 25949 31875 22275 17562 11707 8470 11648 15558 31125 10927 10878 21678 28794 18545 3879 7462 8953 16254 26533 7934 11958 20153 28635 31969 26813 32721 12371 27774 533 2427 26488 19174 23193 9982 4870 20533 30211 2293 11710 9845 18250 17232 30046 26559 17966 23709 19664 18339 784 25222 3746 27595 11528 10138 25526 14298 15922 3664 29243 4250 16968 1352 30939 23127 27510 6357 10806 13958 26985 15801 23696 17579 13994 14639 25030 27257 20522 18991 7047 26426 2846 30701 8128 13937 32012 10659 344 1470 10790 27536 4382 16899 28120 1344 11008 32709 20893 17679 25469 17109 17942 9449 10589 26927 29277 11347 12191 15650 3479 13231 13235 29361 30408 27835 29673 5178 32492 21596 27178 8789 6467 29082 7910 27391 26092 1515 10317 23544 19125 4788 10690 21609 3634 22541 26508 14794 10508 12485 17103 21507 16796 28581 12731 13521 1464 8697 2052 11884 22221 23373 9106 7527 31790 28277 20857 2519 20396 14288 32555 25527 6247 23757 3053 24203 2020 9389 20103 12356 3423 20107 9024 14180 29538 2202 5641 19554 31638 27823 31993 16976 27866 9727 5881 23227 18322 9257 705 12499 5185 32631 8707 24523 91 29280 15589 26755 15700 3154 31157 6757 22013 431 31960 909 28176 15638 17668 11308 8201 5603 6064 8494 27960 20473 4552 4634 29717 18623 12452 1594 24787 30056 26427 27901 19512 5752 5012 3481 31915 17539 26750 6644 15759 14904 8065 26821 16591 32671 1812 6902 16058 23199 16656 12366 18450 10435 17765 20300 32351 1598 32012 17494 9865 26156 2365 31763 18854 26 2785 32021 22545 14025 32330 9403 700 23599 32546 11093 16071 30399 2209 13194 10065 27626 1539 26871 12686 13286 18234 29209 26393 31406 11744 14701 6796 21066 9839 20949 19023 23120 16820 31294 9645 
171 641 1152 26669 16283 13219 9093 32543 31997 23059 25774 11637 28365 6001 22642 8660 10473 4269 11849 13035 14359 11528 18376 13828 28234 16699 1805 9176 17441 31477 23645 32680 29617 8331 22284 13449 12420 30955 15773 23808 8417 28627 28971 10446 31822 19008 8200 21773 29524 32552 2979 27260 17538 2155 26031 13848 8885 16392 2177 12268 20630 7564 3770 17449 5475 26577 3623 12921 28403 12004 31205 30609 9460 8775 28617 29957 8568 5977 29950 19297 12976 21522 26096 6773 6646 29171 7529 7152 3089 27965 5882 19505 1717 13410 4253 5465 8010 19385 28568 12453 12014 22901 27813 12795 32701 11736 19279 29122 24400 7076 8351 18679 14979 13523 27896 21373 9852 16263 3392 11445 31465 30532 18240 23119 24968 28253 30030 22880 32493 9132 5417 436 6272 8326 15908 13157 23493 13038 17031 684 10976 6153 50 22008 4696 10963 9347 10813 19483 27407 26490 29071 29634 28804 539 16367 20503 7782 25620 14949 21972 11027 27808 31823 18350 20480 10923 26360 6034 13810 26679 3948 27951 29041 1278 16011 30132 9081 25689 14173 24795 4724 29280 14245 12070 20325 1107 26297 13672 15206 6201 9872 31112 340 14278 31517 19586 22473 642 31707 17838 8010 9000 938 837 12482 13388 4825 21537 28719 22593 6020 11972 30620 2106 4128 6556 28239 24239 15444 26758 24643 24835 20490 29584 10713 3171 23751 11011 19402 10737 25911 11425 15200 11810 20237 15915 742 10084 9994 20774 18013 5 27482 29663 112 5968 20519 21421 2986 30201 12905 13430 19431 8635 11515 372 3080 21567 1012 23353 25579 6464 23092 18161 15003 6125 25917 25320 14531 2958 4933 17484 16233 12139 22409 25139 14040 8681 4323 12767 18910 759 16031 22593 24888 20904 30603 5309 29515 19745 22349 18733 31765 23734 22009 17192 12642 17232 15843 10884 18243 8722 13234 14617 22716 3644 1206 8136 18621 15951 12156 15549 12115 4722 23199 1776 10016 31764 11744 21234 3849 2259 16761 21734 5166 5276 6063 973 6175 26388 21671 16904 18253 16439 10362 28439 29630 6207 8075 18087 2053 5832 19737 12492 9842 1329 1040 26507 18566 
16453 4645 5531 29353 27931 12577 21100 20511 30010 8829 8041 19257 3585 10544 19067 30152 20295 21957 22990 21975 7486 22704 25815 27290 27037 20194 32406 32161 4094 15515 5400 5201 20868 10880 27201 5525 13250 6381 2504 30673 18136 15756 24707 2840 5855 16167 22757 13214 19592 25530 8389 10352 16639 25805 31840 2658 2326 24064 19106 26441 15263 2536 7841 32107 30489 16665 4715 21300 27280 28548 14081 30507 26046 29700 17827 31780 13430 7731 30286 1462 18755 16002 8068 30959 31564 31881 843 9543 23418 26523 28024 31187 25821 30110 1837 6843 3148 25625 929 27374 29516 12175 2591 24084 16948 5388 338 9925 28046 20989 8127 5368 27327 5700 26003 14526 6123 23692 25503 7472 23315 7386 29601 12197 15488 3429 17861 10025 101 26024 26475 43 960 22453 10027 24694 24705 13260 31254 30563 7406 27180 17983 11852 27206 24361 13947 15683 13988 17791 31588 30724 5671 29414 7588 26409 18256 25319 17776 413 22187 23533 6994 6739 9650 27295 9772 22072 22766 10093 19066 15974 29023 31337 20183 17050 5406 20825 2499 16360 19265 31754 7331 24493 12031 8935 24585 25286 24085 3017 25910 11519 9831 8465 12509 9422 14059 28405 4906 15170 22467 2839 16643 12342 28073 6748 4750 26314 19600 26875 2803 24084 7560 18644 3427 8722 23523 10756 25433 18659 11670 8630 30751 20535 6882 21307 28053 28421 26931 28510 28206 12156 7496 15857 24635 25915 26772 26028 24172 21444 1508 26168 6547 6446 18755 30854 1964 12571 26394 18789 1051 9194 13980 16980 17716 13870 29537 21652 19200 11358 16977 31362 11070 30414 32196 25380 24233 23005 3304 31746 29561 26224 19042 19767 18732 22176 15928 23495 14726 8880 12014 1587 21207 25154 19951 3915 1916 19914 815 19268 30376 29762 7183 8970 12901 31008 24961 25047 9941 28293 22892 261 1726 8119 14162 26145 24901 24529 16432 18240 17658 12473 9637 10646 5141 22099 7255 11844 28159 10740 12691 8562 21013 16922 9267 32670 24488 16986 17605 25907 22344 26521 8425 7262 16706 9343 32251 15645 23911 25129 26354 5017 16399 14622 20872 16565 16478 13957 7836 18663 
7110 405 31188 1351 29389 30028 23686 10981 785 612 14297 23648 17033 28035 2599 31156 16397 15794 25510 8788 27929 28432 7752 7545 13518 15815 19679 7353 1081 7488 9605 3291 10200 12179 27451 26858 8794 20802 6864 17288 24743 3366 24325 31365 28448 3241 4078 18608 5160 22582 16795 10733 29667 31726 9720 17800 8509 25757 17906 21193 16431 2284 21979 11209 7486 13016 10512 643 24132 32098 2265 27694 12402 23176 29328 14027 6038 13685 262 15610 17050 1269 1314 11281 2381 25131 4555 28783 30567 30598 32520 15374 2247 23537 10342 23384 31486 11850 27291 19516 22545 1302 9320 19328 7803 1651 16068 19545 10866 15437 54 3641 17515 30933 12163 17640 30944 24367 18825 1750 7505 25707 20075 30128 9865 23735 27118 21809 13346 26835 31523 1083 30027 22469 16199 3110 19145 20685 9191 14936 19004 22939 1095 30741 1700 3264 22021 21657 16931 5219 2298 30052 27909 15669 7777 24790 5629 13735 15163 22267 12209 19802 14834 11432 20345 18646 32572 23751 18788 7552 5698 17391 19837 10694 22530 14904 27212 15773 8689 32589 6303 1837 24549 11458 13450 14282 27955 8872 1964 29991 4372 8799 18612 27334 6734 2988 13348 4019 24080 28683 8789 29810 7709 28743 16059 11574 6700 6215 17515 11348 20623 11563 25562 8438 12820 8600 13800 11796 19753 9295 24605 3488 13379 32005 20018 29697 9088 11119 9427 18371 10635 31900 20899 397 22464 2695 23681 18515 15760 23021 24074 7628 13095 2652 16222 12071 14157 19597 10023 7674 25738 4851 14296 21883 16782 12436 819 16370 28879 23064 22286 28782 884 15647 18262 5303 29554 8664 6484 17285 2293 19152 29743 31471 12033 1799 31411 25382 31577 10825 12880 10595 28064 24507 23398 1822 10686 2741 7872 18817 12677 10703 13406 27932 24981 28735 26487 8666 13692 2402 7102 19252 5922 15000 14309 20644 15717 22357 6495 21085 24064 15221 30059 5689 14001 16336 19278 16627 12699 23823 19423 12182 10473 28862 23113 1333 3508 22690 2573 16605 30246 22604 15942 28616 22240 31982 20017 20435 27546 29550 21228 30258 4873 1209 638 20067 8710 11354 15384 1376 
29164 32075 10651 13593 11842 18698 6745 25633 9626 15600 31520 11688 8632 27071 3957 9641 2807 27002 20509 19812 23273 6009 4834 11279 8766 3772 24467 24521 9703 25216 5709 15055 22395 17680 19193 16626 11481 4318 31254 6473 6927 26578 31417 18467 14458 23778 20945 17727 18991 23523 19120 16960 16538 17310 30919 13659 26469 26151 1713 31827 19611 25450 30324 11175 8974 4615 14083 24074 9206 27232 13063 6163 13274 10223 15582 5174 20148 5342 31716 2803 32592 13265 16114 19277 26101 15367 22565 14206 4679 7073 26081 31209 13420 29761 11541 1616 26990 17879 26816 15175 9952 15288 12980 14312 2501 20465 27034 14793 3245 14554 14390 5931 26913 21742 8684 10612 10305 2265 14467 15328 9900 17363 24362 21107 4000 7725 16056 23858 4963 17961 20280 11154 23777 12047 6821 13361 2710 13949 7410 1220 11950 13311 25933 28240 6763 9951 23717 16798 30920 30271 21866 12265 31836 30564 18580 9177 9344 11861 25574 9909 23988 31909 19828 9684 319 12941 16483 11348 30742 13886 26352 25871 1279 13684 5555 30923 31222 5455 19493 7345 23760 5215 7777 25857 16158 21245 27687 12291 19796 13794 2342 15681 22827 22258 14971 17651 25411 30809 11637 9147 26637 11737 19355 28306 29672 12386 4080 770 17034 4068 16757 26519 28066 14177 14064 4240 28347 30534 2028 23769 30820 2555 20225 24382 27278 18105 24917 18393 26165 30364 8035 460 17475 32761 17147 22838 29617 23537 20106 15711 751 2630 412 29494 22662 30574 30367 19454 24316 2278 19946 13380 10231 17353 2558 12052 19110 16801 267 4460 349 26493 1974 4593 19071 4932 14617 225 4257 13128 11 15433 7660 31774 17826 13432 24259 12462 26871 5299 14246 12422 25641 25642 29271 16500 17061 13099 1595 16723 19620 10390 16386 18725 3061 913 3211 21090 3580 25980 27393 30096 1787 30760 19019 24852 14992 17475 21923 840 19839 19479 29828 6861 25778 15989 458 8483 13694 21995 32277 17270 27432 14397 16750 23995 1448 27155 28717 11260 5548 10992 14105 9712 31200 19811 4818 14543 365 24449 9836 21348 6079 14226 25949 30820 23948 14603 5273 19198 
21266 26045 26363 18867 30624 3915 14567 11112 599 15585 12078 4794 6194 6435 15665 2961 9028 31844 22090 1784 12097 26393 20071 18732 28480 141 11768 32242 20671 28118 32012 26414 16360 5383 18870 22962 275 8359 28086 31828 17291 22370 22357 32067 20885 7167 22929 12699 430 10642 18298 21302 19733 24563 24284 20678 12169 13422 17950 25632 13396 6844 8554 25307 21640 31282 783 32026 2697 825 15139 24230 16075 30974 19052 26176 29149 17259 31873 26421 18343 23893 27948 10546 22512 29431 32019 6746 26659 17567 31127 26518 29266 8615 31741 28460 7547 4007 17355 16788 2826 29161 4213 9351 7584 17693 15929 19544 7443 17230 10824 16263 23478 1045 8742 6292 16602 27917 25171 6673 23700 1670 26667 18683 26817 2174 6923 330 23368 13261 4277 14535 28063 19359 28918 25630 15761 17191 15494 12852 27454 29586 31535 4538 22627 28218 5425 13571 27867 16157 23526 2066 1126 13197 1442 19704 27050 31017 8413 21085 631 10507 17044 30812 4431 4931 29676 30612 12326 24196 8985 7803 26726 20510 7038 30966 3126 20524 18709 5671 13564 32271 19218 24710 2848 26907 6595 15412 15124 16783 17339 24460 15249 5579 1583 6650 18723 28605 17568 32016 15079 26269 9146 7126 5267 30938 19325 21602 31160 16980 5274 22441 26180 25291 9504 25493 20555 10391 16471 25432 5895 21402 19948 27135 25373 1140 23631 15178 23585 11253 8794 22203 22365 3800 17459 14573 25550 12718 24435 18215 22384 16664 8840 6449 16828 19001 29528 5478 26478 22379 26918 4875 11147 17713 7610 30431 2467 25454 6588 32243 1363 14036 24674 10940 13071 28318 24139 2151 15902 25218 16298 14444 4070 11489 29094 32358 31850 13634 21249 15906 6161 16126 22520 8182 6825 20540 9579 20308 29611 1312 26430 1950 29633 9024 26111 25404 12165 344 8137 8429 32652 5950 26728 21338 16803 18968 21693 12017 16216 18636 30052 27120 23997 3256 9365 25280 31336 21156 27464 133 6590 8180 16797 499 19058 10274 11898 11875 25160 9836 2678 7462 30751 32714 27126 1817 16174 16675 29333 22137 10126 19904 8138 26873 26616 20993 15045 14354 21713 20047 
2457 23451 10339 20049 31136 6809 8302 8291 18715 32344 5343 8516 29722 7099 27615 28686 26780 1744 3855 7788 17910 9383 17938 12551 11129 20325 6733 1089 23119 148 10218 26918 11942 30141 35 3743 13329 825 189 2793 22826 2372 17618 6470 1661 16211 4820 24563 7329 18856 27599 21081 7592 19747 8174 903 1466 30043 3137 31968 5884 8429 26045 27921 7350 10260 13701 17223 27062 29050 27240 2718 5615 18766 9130 6620 16230 11927 6407 27487 21071 2760 17397 12628 7282 1940 11818 31274 12244 30467 2398 31046 22676 454 29778 18425 10771 4040 4369 12975 26455 7941 20597 26217 19122 31903 5870 4717 28830 5166 7807 21051 27116 18776 14857 29636 14622 4003 24012 28119 16145 13446 4395 6876 23263 4038 11695 3012 16643 3584 3919 1856 19902 18817 6639 2353 22202 9566 14374 22112 16366 7874 14148 30832 22465 18562 9364 13841 15986 9463 4062 23414 23735 21004 22320 26376 11684 15254 24542 28252 24527 18404 24776 20322 4530 12951 8667 480 11600 2484 21723 7455 10012 248 27487 26085 9238 3948 3613 30882 19255 2873 6503 25582 17935 14268 17142 18227 13485 31197 19687 18855 6335 9885 27139 32126 31738 8175 14147 861 21948 13257 28307 529 29680 29050 14039 18049 27443 26942 13612 8161 21044 2576 17264 19497 19553 4543 28676 2246 10176 17220 10960 7055 4634 22355 17288 26618 10591 23344 7470 25744 27462 29124 15065 1182 18484 10992 2484 27182 23903 25889 3145 29749 6707 27941 19200 32014 21749 20541 11746 23847 4774 5235 9123 1531 1578 19245 14816 18752 2729 12803 2725 8289 7478 21966 9010 2094 6574 27649 18431 17619 16099 22077 14845 8710 15866 1055 24863 901 22802 10077 25 22976 21799 28177 21864 20178 17205 14164 19858 16310 25760 30223 10927 21944 11987 13838 17704 21545 12839 30550 18879 28247 26631 21433 6351 14781 11347 8871 10965 4214 26113 3911 7728 30712 8970 21702 21029 24574 11140 5360 13094 19910 20491 31997 7252 18301 30566 11437 29250 5112 12136 5015 23292 8868 17683 14525 14152 12224 10244 8293 16683 30921 7435 17444 29615 5430 1049 20796 
8164 18278 13663 8488 21285 22999 14772 8308 29340 23704 25143 6098 12297 22273 822 2923 15294 16801 22095 9331 22510 23672 18389 22784 12584 13670 13174 17948 8223 29412 21530 28696 14508 14066 27405 23844 18966 11856 25185 15901 13456 8177 28302 6566 14339 4269 29532 11642 8206 20278 12291 31233 29004 31821 30352 11297 31701 25398 29322 22870 30471 13929 17110 16901 2694 1162 27352 3597 26753 31131 24283 14240 23863 16497 12211 6225 30650 6244 6560 19565 12275 29515 31350 24719 11751 12200 29435 32111 5688 17183 14225 1531 32751 26925 21525 23465 30584 10774 26374 15627 13038 19999 6122 29348 23450 4350 19693 15866 4278 10639 25548 16108 1910 31176 29169 17222 27721 31471 20448 13459 26972 14858 29649 6194 30303 30872 24478 21932 21901 17790 9696 14149 25062 8772 19029 22737 4799 2177 390 30921 22653 25492 5030 24478 13982 21141 26300 20813 16121 18060 29701 15668 21062 20704 11411 8228 18912 13842 4411 19639 28362 6314 430 3556 25072 20594 1766 22480 22960 16867 7364 31463 22681 18909 16119 3372 16755 4507 15647 32205 27775 24293 6706 1787 8704 13447 31519 29176 7673 22275 26802 24946 313 2435 26808 5647 21397 5905 12899 24905 31605 31754 496 14972 20114 17360 20358 10813 8189 28352 28002 32750 28516 29796 20785 1423 7569 13801 3261 9687 18995 29907 14796 14468 16097 8687 23877 26863 2908 6281 1429 27363 14100 6624 10321 29103 11246 7383 797 7546 15941 17901 972 21207 30255 7023 31689 12442 32257 18925 8885 6121 23061 3306 11345 31382 19914 4055 30111 25516 4557 23363 3396 28231 16279 8780 6961 7849 5687 1113 27522 20875 31826 5899 8358 13745 25448 19568 20673 961 28760 2426 4686 26709 3367 176 15369 21583 18429 9508 23564 10093 9072 18853 10808 26909 15365 16437 31190 914 26356 3518 28286 13591 11820 1536 30776 11171 19863 25550 23266 32430 5535 12666 17618 31556 22257 5518 14524 30296 15233 22460 20181 6490 12494 12824 4408 23820 18279 17029 30601 9873 11182 12397 17881 15046 7132 23222 21194 31702 32581 8689 30964 9481 734 8916 14215 30941 24316 29930 
17969 5464 10846 16777 8258 25244 24174 18181 19214 20412 28868 7203 23442 20942 9708 18384 32603 22850 361 275 3236 12658 30457 11073 23999 32377 16667 25200 31670 19785 207 11309 23601 27128 2717 8306 13978 28763 1240 7890 13440 19158 15140 25591 313 4978 19254 4942 31948 2864 3803 2305 5646 7070 26428 2086 4106 5799 19808 6454 13990 10415 19442 11456 18052 12512 17989 22110 3111 29630 12437 13289 32343 23554 7568 21737 22470 15781 17684 13903 29683 20283 26683 9831 29519 19842 13973 9480 27295 32059 6324 5134 8609 32568 1006 19465 9458 10935 15198 26935 12079 25070 8748 25776 11610 5351 782 19937 25216 26254 28943 14395 28313 10249 9616 12588 15536 7751 32652 21071 7236 17884 2080 17376 2541 2316 8266 17266 27459 7205 15345 740 16891 29715 20005 29585 6739 2862 19113 20935 14513 26710 24750 1147 19078 7234 21218 9530 7801 10517 4265 17507 10178 2098 29866 15764 20691 16978 19598 12386 24894 19924 3588 29005 31443 10068 23817 1778 29192 22654 18278 1923 1439 24868 22906 27253 14722 13967 28729 8824 22770 19731 27765 5036 25568 24550 11101 14866 27547 27443 26691 5185 8876 3177 27554 9818 9214 15577 11103 10557 13635 6784 16463 14845 2194 13089 21754 7570 16725 1432 29086 27854 16482 11626 18807 15507 31592 27808 27966 5698 25485 2006 1776 21622 8021 10383 720 14323 7110 14795 18863 18649 14538 29404 28779 22558 5332 1141 182 13626 15302 7172 16152 27684 15635 12609 4663 8062 27936 20999 28503 21260 22001 24676 28701 14955 6913 30444 30104 24576 21617 26450 31874 14382 9573 1849 1730 29900 4524 16199 15926 11478 22175 4219 13488 11362 19275 961 25918 214 3026 14276 23215 5465 29710 260 8018 29575 11640 20520 23041 31849 21576 21141 15454 11684 30686 319 9821 18160 31329 4543 8963 25548 5030 32167 8813 23921 31571 5138 5395 2308 32324 18815 19534 9743 813 14815 17432 4402 17025 4332 14867 3862 13715 19645 13774 17315 252 3735 26179 10611 24124 28167 30884 7558 18596 557 19543 21303 29043 5467 10303 17518 16191 14047 21821 29208 23702 7964 
16886 2260 6630 6624 5079 15855 9882 27377 18775 30867 25990 24809 20860 6971 24709 2628 15521 362 8032 16568 27254 1437 26098 32453 22856 9086 7562 13196 31363 2650 28049 2276 12405 13269 18285 20395 22868 21213 27044 1626 2947 11996 7749 11740 26385 16178 14468 24737 8323 6882 5540 24558 10451 4235 9498 2935 5816 31387 15343 30511 13608 9151 14182 4959 23323 20382 13023 6901 28819 15302 21755 15391 17625 11494 30721 12057 6665 23615 12672 12100 2512 22869 32054 2679 10101 13290 3889 15001 790 556 4404 15728 29237 5934 20316 7860 16755 32149 6147 26728 13210 2708 21221 28010 29153 7450 4993 8776 20844 23881 10947 30805 4627 4139 31711 28412 31332 21408 6272 20309 29931 22171 26658 17910 4785 24974 24252 20236 5890 17187 1699 10410 28787 29997 25003 16224 17188 3550 25999 18704 26691 20794 6035 509 1745 30411 2919 16421 10665 30615 18767 20689 30398 30799 24449 21610 27556 9161 8910 3214 17234 2480 25221 20579 26918 21883 5013 6955 7465 29083 14065 26905 11669 27385 32569 22115 27028 10399 31126 13465 12619 19381 15846 2613 18199 19376 27161 12403 17942 8902 27866 867 25066 7845 25458 22588 21433 10596 3818 11763 6264 7866 9328 19468 25706 366 31997 17329 28643 9486 26676 1793 338 8164 9868 2730 22654 6438 20145 9658 24336 18285 8744 9138 16978 13160 5426 15580 23094 4818 3572 26847 410 20385 7892 16273 17354 3969 16422 23564 839 20352 19720 30212 32199 26635 18314 9560 20860 3353 10259 998 26521 7846 15360 8612 26643 23907 22413 32493 6820 22444 24313 280 22806 8890 27365 5455 30398 13338 3070 30110 16711 28509 29147 17483 32433 15378 31016 29030 3224 14321 25861 7840 1210 22873 18345 30049 2740 5629 24139 8980 9996 25050 25666 28614 21364 6764 8555 8943 7245 12833 14283 10895 31595 12302 29813 14461 20504 22496 10158 18940 6235 3606 18512 19856 20346 19566 26220 23312 5565 15005 12595 12795 1397 16195 5143 29199 22845 7454 12077 16920 18304 28798 11990 22791 14139 8441 18078 7491 12804 7007 21348 20036 14156 26609 26812 27741 21729 28877 
19857 21209 10422 3245 11279 14410 12263 8657 30911 2334 1784 30010 21748 20595 32606 31257 28775 9005 11840 13703 11806 16709 22654 2678 4242 24931 24563 488 12560 23216 5623 25439 18016 8421 5928 12692 32421 18089 5227 24427 12420 31257 11565 20775 10120 12200 16111 32218 4037 28457 19969 17696 17596 30506 27533 19725 1919 10884 15576 31844 24598 31792 1989 25866 11808 19804 26779 12986 11453 29118 5383 29177 28076 20009 20581 17229 4017 17758 30011 20138 13370 26404 14342 2861 30785 5531 1850 12045 29812 5325 11396 23502 2196 14470 4946 23223 30235 9318 22677 32135 3617 21044 1989 30564 30336 21109 10534 16916 18999 31549 1355 25455 6412 31046 16856 10004 2678 30527 15244 8284 10169 20326 16766 2188 4435 31577 5542 19791 9111 13865 22176 25443 20120 1201 13997 12690 9544 6182 9211 10212 26593 16111 17958 22291 3460 22454 29950 7231 4384 31423 3211 13539 1430 19832 16974 20232 13595 13394 24522 27064 20445 22224 1603 6582 28137 10717 24518 1644 26700 29795 24937 13093 19832 537 724 26748 29930 30877 3840 21012 30218 706 29247 9354 1619 17963 10621 24488 691 22297 14021 220 10293 7809 16135 14824 16349 26210 13592 32730 16851 85 13818 1599 13253 14950 31326 31380 18054 5666 359 5117 30459 30193 22705 19258 13879 13478 9618 20182 23781 23381 21407 1953 28134 26980 3186 16737 27708 25317 23723 19397 18471 6435 10805 10138 10125 24955 24523 5185 3487 11886 29114 4449 9658 16116 8168 10457 13707 22546 6421 5369 31351 15534 25441 5873 30266 22435 11790 4489 28366 19473 28808 15379 9614 24566 31394 414 2459 29955 23075 24685 27007 936 14721 23976 26640 19570 7148 24912 14487 13206 6798 3704 26162 31438 1810 27571 10871 19811 5987 28617 5978 21131 32438 18094 6225 14838 6090 25268 3766 30372 1134 11775 3436 7161 26181 28729 30661 4371 5318 15496 1955 3675 29830 31677 32478 6490 21434 26319 2022 29391 28663 1415 2474 11006 2365 1404 29368 20554 9780 32066 16293 27654 28085 28639 16559 16777 14732 9342 25249 896 18045 9832 32503 29577 9605 303 30531 8189 
21089 3372 8143 13324 4949 24620 15748 3600 1574 13927 6922 4123 32360 26546 31025 24274 6400 15605 24208 639 10465 14814 2668 7777 24857 11991 3803 12871 24593 10038 22056 6749 16 1972 6010 16709 4354 28961 32433 14441 24440 15190 2961 10896 11503 7274 27682 23728 32085 20521 22102 12547 24009 21441 9453 24669 2211 2495 15254 23997 2740 23098 30295 6178 19919 9038 10286 3744 11399 3533 27897 27314 29499 6704 21139 5330 29264 31188 7488 30535 1470 2147 11083 25407 13774 31119 15341 19485 21794 3847 7537 19732 16373 27299 1686 11509 8356 20706 7989 21573 23917 28567 31779 27027 4983 31967 4697 2056 17171 16982 25938 17472 4418 26763 29877 29528 17015 5809 11572 26697 21150 14999 24756 7028 20060 3290 2478 28798 20889 9561 24021 3677 20284 13289 29689 32179 1589 12618 299 347 18369 7258 28962 23874 29417 6025 24029 32633 18764 31373 10890 16264 287 11351 17831 10244 14450 22853 22119 32356 11701 22937 22871 32016 24954 23594 28737 29627 1405 10585 26960 16883 23777 4679 16758 24566 29116 24645 9739 27080 17366 22668 14775 24706 21678 10287 8337 5613 13502 19533 6024 30287 30208 19083 6915 9349 10161 19905 24772 7250 16213 31476 10514 20215 4859 4741 11031 28164 18626 12711 8327 22637 24476 18454 13442 24032 13650 5639 22972 19542 11721 18010 19419 31721 24451 30999 16416 19685 26984 21016 2378 19489 21959 24579 12983 29072 11928 28540 22221 11539 9988 7832 13464 13713 32295 17556 18612 20042 32532 455 28014 30312 16921 3029 17958 14039 4933 2598 31224 599 8744 5782 411 23504 24282 13934 3208 14053 10303 24468 16735 18123 12168 24062 23943 12124 13565 11628 30741 19559 506 6999 27632 843 17464 17700 11570 21188 11854 18078 3537 5380 376 11427 13694 10246 25750 29 20685 28703 11384 32053 15255 26838 31064 19139 10909 14325 19880 17928 6253 30432 527 13983 31114 9766 15022 32433 31687 32598 16807 7017 21748 6420 27360 2471 25788 4459 25860 25337 11726 12901 7115 18119 27195 17625 3964 25549 16159 1413 17840 13774 21380 28764 14168 19335 20099 22049 24577 10467 
172 28725 21079 6509 15529 26286 30184 1802 8989 31912 21035 10472 26066 22240 2753 7858 17940 4223 28922 19462 21080 4659 20123 2088 10018 24452 19935 30200 14117 20070 8891 6177 24235 23818 22886 30100 17975 6650 28185 25141 22633 21093 4628 16339 20259 31415 16865 19294 7146 1389 4316 19028 12175 7208 19955 11389 25870 28416 26027 30168 5046 3610 9571 1237 3210 381 17373 2244 1768 4897 21242 15502 16488 32585 32453 14755 21511 32531 15795 30515 3205 24910 22058 18849 13835 9611 23871 30261 13073 19831 4804 12049 22655 22632 16002 2918 21778 7477 29379 20455 10242 30283 22548 7038 27362 29693 26184 19518 29383 2332 11968 12442 3244 26056 7146 22740 22805 29829 18952 7352 2803 11666 23859 10633 3528 13430 30879 11324 22283 29659 15136 27620 26318 11167 25837 26734 15262 9513 2725 20878 15787 505 31119 27129 25897 22659 12582 10965 8181 4926 5589 15213 14972 17912 16639 4394 20441 28012 4674 19391 1341 19734 26109 8611 5268 24390 5391 28868 27237 2932 8674 18298 23290 5843 13993 31161 12994 808 22757 5772 9715 20445 30254 20926 25459 20817 11824 13786 20217 4723 32244 12887 9840 29839 12385 23052 5788 360 14338 26090 767 9094 22025 20457 1278 14545 12948 6723 26176 13151 18992 5857 6743 15499 21659 17170 31650 3655 2255 2947 20337 30387 25147 3180 21867 14830 19284 8711 26157 17963 20812 23878 25908 28168 17697 12485 2557 7452 28122 27134 17514 15055 12302 19132 16488 12143 20133 22226 19663 16256 10466 10764 10634 12627 6562 27238 247 28890 23518 10876 4240 9658 6263 20546 17612 28578 307 21493 19520 15579 7426 27473 26122 28449 10631 29957 28527 17074 13779 14436 29891 11172 23156 19805 18825 7547 12974 16557 27612 28923 31496 18515 14094 23611 30987 7236 10638 12539 4166 18273 16911 21815 10389 1190 14310 10749 18851 31908 4788 21627 4014 30513 25926 7516 23946 21854 12217 23125 28649 26537 11490 5626 13785 29812 3821 27095 4750 694 28483 16060 27746 15601 30130 26456 11546 100 31432 18697 5995 27777 10623 1779 5565 1697 25632 25424 26158 17911 28769 19206 
18394 7106 11984 16255 3418 19399 24949 4789 14474 10495 17843 10636 911 2701 1392 14437 31513 3314 17270 11760 3558 29572 18200 16449 13704 15901 2840 20519 7271 18192 13256 5817 25865 32097 12400 20785 30353 3893 3056 24318 29318 6279 12454 1556 14294 10781 9106 20871 5915 15546 31416 15960 7196 25750 4806 10895 4247 22795 18423 14985 7230 9361 13879 10388 9727 4332 17544 12985 23176 9124 32676 6873 31755 16054 2020 27900 24382 14729 5728 32741 14759 1571 23896 25578 9494 13981 18387 13314 31859 30420 23685 32032 30137 20066 18422 12223 7491 16077 20961 20414 5703 4605 16858 22127 17568 27892 30516 31467 17360 31417 14370 21672 20293 17301 31772 3149 32731 1154 13701 3780 675 6881 24202 30353 11491 22635 19789 8035 4445 21354 4931 6121 31444 1833 27610 26087 28621 22697 32352 20617 9107 21397 30496 9463 30845 13176 15310 10537 30579 3374 16165 12541 24751 11417 14286 2439 14785 31381 16004 11944 31958 32557 6006 32482 19769 21519 10988 24938 21786 6973 28974 4735 12431 19974 21922 2555 2520 30773 21812 12328 19175 13192 23546 21716 2080 30563 9752 7336 2141 4294 10210 22709 3637 22141 16705 31824 18046 28054 16472 9504 16 12824 30567 26997 4300 6130 27119 24795 3037 6194 21783 6896 11582 32375 5966 30834 7804 10921 15154 6812 30910 6887 10672 23731 10242 20929 18285 3036 5033 27816 357 20784 12342 32418 3283 530 24147 835 24144 19136 15125 32216 7230 26409 17792 6373 4199 24063 32078 22994 23778 29196 24300 15585 30775 15817 24774 19811 13506 11565 21956 3628 22365 18883 22804 17988 313 3327 10027 1503 28941 11474 2054 30607 24435 5756 11958 20921 31374 2978 12827 31814 17649 5536 752 16026 23484 17184 775 2506 26632 25580 8662 13065 16262 14080 8755 12900 30818 16100 27996 14768 29806 12344 5946 14272 10108 11920 30695 7131 7435 19331 32365 28012 295 31743 8401 3068 12426 30687 3408 11102 5127 14272 232 24617 19241 1296 26394 20588 27159 20583 9967 23708 20154 16923 16697 21713 20770 14607 9243 3634 21286 11211 22475 27822 29515 8146 26775 13550 
26344 11055 12838 14983 16263 13394 28673 15987 8077 25626 14161 4546 8734 32307 15851 20621 31291 5026 4745 18732 3373 17310 10842 25512 3111 32418 26558 7539 20775 32704 32330 27991 797 28728 22547 9133 17743 26953 24617 6863 30204 18503 22113 19408 16447 2286 4184 7018 1335 6646 19380 29495 24677 24551 30125 31524 19285 23087 3021 1828 9345 7794 31219 3361 7538 7713 6558 14136 21544 27214 13928 26149 7100 27071 15313 14332 14404 13633 28734 26395 4599 3646 24898 5468 9106 9106 25883 22415 10234 6299 21888 5415 19234 655 26522 4147 25135 20499 17744 10640 28378 20233 19399 13661 29206 17577 4905 29616 20979 19411 9126 391 22211 28067 31673 22018 891 10311 19373 8143 19804 22541 2655 5861 30418 14016 18245 5749 4508 25909 23983 4893 27693 13089 27981 16736 28242 6445 15346 83 10518 6477 25751 23704 7651 31053 30627 16272 233 2989 28778 7885 31427 31406 9203 16326 11608 18861 3326 25551 0 176 6469 28744 30441 13887 23555 26388 6584 27509 18867 17229 11635 28246 24858 3637 17822 13923 25991 16496 28836 28524 3674 17265 889 9894 20419 10035 18558 19965 8396 24617 5541 2475 25242 8567 3541 31754 19695 10082 4496 934 1012 1541 8915 8087 15158 20550 16445 28174 2542 11017 31604 31021 21637 8356 20165 17948 28503 18578 30218 23129 24248 5995 20177 11087 22580 27411 954 11307 26907 10034 1825 28139 26174 30181 8445 1463 2291 180 5128 11637 23903 13763 7713 21144 26100 27980 22510 1848 6200 844 14277 2408 5832 14717 15309 21700 19613 30085 32608 29257 19855 12141 16308 31338 8215 9300 5051 32095 21593 8549 23367 17857 3170 31494 10610 10580 22958 1106 11837 23588 5101 6858 25463 31187 3334 6727 225 14641 18013 19764 31631 32269 2898 11513 5265 15691 5386 1722 15059 26423 7025 22594 17474 19481 30591 31034 16944 12042 15035 25759 29946 31493 24574 13939 8936 20033 31098 12722 22100 20414 32762 25223 18191 798 10091 12480 29440 3767 23708 30336 10766 10214 20546 28467 4417 6566 13119 4807 24867 6497 2084 12570 25453 24070 11764 25006 29663 11611 
2091 7076 2160 21397 26622 2536 1191 14630 6885 28585 23625 2774 16983 12556 18740 10261 22740 21537 6283 19343 2089 3606 21267 8706 13552 12458 17629 17228 25430 3045 10278 16841 22817 6150 30587 17371 8433 31678 11041 23498 21189 17051 26035 4559 17858 22471 21517 21611 3888 6386 17513 17149 29382 5517 14536 1684 10279 20025 30868 11522 6572 2175 25987 14898 100 2753 6078 25531 345 21616 1347 10932 12309 9856 14471 18379 6757 28697 23136 7569 16733 29584 4899 9496 9116 14229 1801 2240 15570 6318 29144 24910 7807 3812 9663 18750 1533 31675 29057 14939 5056 5224 12758 27020 2013 15423 4622 5361 10185 25451 16375 30766 12643 15841 5889 23303 32565 26263 1696 28206 16887 17136 14322 27224 29525 14971 13986 9622 26099 5854 8460 4835 5805 8205 9121 24569 8995 18624 17293 9578 2421 32547 15512 23787 5451 30159 30282 4595 7705 30969 21587 133 31393 9193 26154 5705 19897 2734 14835 2530 4174 11281 22182 31868 31913 16327 8558 22948 16113 13547 12879 26973 3825 29867 23564 18544 5916 15681 27464 15107 19662 10533 24811 3437 7637 13952 11207 30537 5936 25316 9596 13513 26902 12091 22168 19022 27707 8190 17923 9781 3150 3496 22427 5363 15302 22889 32283 15204 21726 23070 17473 2912 3038 5505 28976 26256 22173 6557 19475 25471 27972 2694 17155 26868 18516 14406 31019 4992 16363 20762 41 6483 12355 991 16568 8275 18299 9927 22156 14960 24730 13904 25470 31793 4049 16503 7657 24979 17408 4136 7764 29972 8572 11514 12369 27915 31248 793 10916 13114 1601 18307 4776 2726 17366 27768 3823 18343 7576 14891 27945 20027 16471 24510 16199 19103 16685 4205 21472 22561 30983 266 3539 2608 14688 22953 24366 2997 15952 28572 27470 18598 454 23458 5192 21975 21521 16475 30600 2836 23974 21759 7608 878 28189 2128 25060 30674 15484 20429 21467 10208 31928 30505 6616 17657 28281 1019 5473 5018 18718 439 20336 14057 10497 18909 28625 23182 25084 7280 17355 11972 23340 7338 6146 27312 22516 1518 27036 18673 21061 11518 12963 12920 18973 8558 21930 2970 11854 857 
27828 22371 17025 24914 32593 9518 9850 12957 25610 31858 25246 16800 20735 15071 7602 6804 24527 6314 24549 21120 2232 18213 1809 14952 22784 23954 20542 21185 26771 2105 6760 4905 21229 11704 18050 23125 14138 32411 22714 6731 956 9004 16127 5329 4206 31628 24768 15397 19687 9731 23543 3054 1408 16277 4967 28275 953 4822 29217 523 3545 10495 2125 21204 2517 28992 25895 23720 18291 29272 21064 26957 13743 14948 21543 7916 1886 244 5087 21189 2833 12132 5683 29728 14908 17258 25551 9095 17304 16363 1744 18994 5317 8211 391 17859 10036 164 8826 31796 5188 29582 22956 27661 13483 12737 29471 3290 20248 7999 23190 5084 6679 21877 19615 28927 5428 10187 6353 6156 32099 22138 22867 27168 24735 25501 17310 21341 5330 16012 30339 28895 5621 14693 26991 21233 3960 31979 24814 12161 5348 28308 3182 6354 19903 15581 12614 3185 6320 1505 1782 28266 27107 19498 10416 17595 26799 11719 16408 18185 4214 4510 19785 5778 22733 16132 12312 12899 10461 5003 22172 31691 6665 19227 13550 24335 19922 3653 27181 29791 23287 15059 14021 11529 5600 6820 10225 24813 14396 31927 7295 20529 11242 25733 1748 27958 32021 17300 4143 714 14244 29001 306 2719 13265 21758 5022 18427 5655 30292 4446 31410 1618 26570 25799 15954 25122 16271 32286 27037 28304 4757 12890 572 19700 9703 30508 6321 14102 19004 8253 8334 18067 5580 439 6372 19330 28770 7174 6399 30296 9651 13536 5456 22793 29166 386 28843 880 15508 17981 11699 16113 30090 3890 21650 11613 18541 26202 24813 20245 6693 10953 19478 13427 1213 27955 1924 24165 17777 30127 31617 4699 20745 22203 24099 9572 614 12672 30333 659 5979 3928 8214 28840 28606 29838 8859 23276 17086 4197 12752 8541 15990 11867 10700 13323 17859 19630 23398 32194 16467 31776 31979 25065 12543 27895 4882 20906 1627 19785 26161 15444 22923 23670 22448 24317 3928 22518 11198 14187 3971 9557 6980 7733 1624 23931 16919 19493 25735 7473 15730 20193 4400 16097 3747 12490 573 24989 5636 22565 12020 24931 14893 24953 4300 9376 3944 31031 9856 
25330 4966 30880 11619 18738 20784 18916 1267 7858 351 22407 28848 20419 31376 2825 11311 379 1555 7878 1386 4789 27875 18203 29018 11864 20699 30410 20168 21213 9766 17056 19296 29451 24824 10325 7943 5125 11131 15539 4462 3207 14349 1274 32231 18797 936 32644 18808 15221 7329 8101 32558 21061 16790 16597 1716 10416 27810 21777 10532 17973 7890 21118 22557 6600 32733 9296 27414 4566 9743 8938 18162 30083 6791 22342 9172 25398 28066 3480 25908 6231 28599 31534 14387 26199 25093 31643 27691 30961 13289 10516 14731 20912 8277 21530 27362 7346 16253 7770 7225 17067 24787 15569 1190 23596 16694 9523 32286 27174 29030 10894 16267 30634 188 19754 32030 2290 16408 16821 25319 31653 12570 29596 7587 15447 30101 1724 26069 30031 21312 7226 16664 6798 8111 24239 28083 30477 10370 6537 11374 8005 27613 24494 23716 27892 13592 1378 7834 26655 29111 29034 28687 16723 21148 2417 30484 16689 3451 15788 28446 20778 21135 30650 27738 390 19083 28878 26944 12459 12500 13071 21099 14236 24045 19007 1192 16320 22066 26523 29005 9701 12490 32003 23756 3716 27351 4955 27527 3910 31471 24625 28902 4552 14544 24224 13479 21403 27983 28532 8822 10128 7826 17550 6078 23602 27775 7051 17342 27539 4468 2976 19935 22604 23353 27336 13893 23487 12339 3618 9380 18847 29914 27028 6485 19635 25965 21173 13481 24790 14308 27370 2173 11843 6694 29903 10254 10767 24700 6360 27151 8183 30789 23864 4345 2396 29420 21761 19875 21900 15640 19085 20498 1859 22050 26910 23186 19314 7116 10689 2821 27966 32304 1912 20092 19276 12278 16023 13060 12860 9930 7023 3011 16499 13 7210 6979 14110 7627 27126 14349 23667 4078 28006 8058 21306 7601 532 27334 2957 855 3468 23142 12508 14364 32101 27547 14644 20588 28849 27720 31168 20563 4248 257 25744 565 23615 20836 21401 9663 27631 20140 1277 2845 28531 18563 11405 28269 27585 17432 16012 10100 31709 18802 22454 400 6395 6916 26241 20462 11748 2945 31139 4605 31130 26097 22484 15395 1343 7173 17621 30894 12595 11943 6065 29965 7549 1238 1603 3904 
29036 9393 18936 30605 18045 721 471 6773 14976 23516 30142 26342 27895 19543 7918 17586 27583 6844 6601 20288 21234 26573 25819 10370 9227 14631 4376 30758 6219 4634 18276 27409 29276 3768 18265 18185 4917 13612 17220 26289 22077 29006 15728 12731 30899 28276 19112 25945 4173 17290 24055 16628 21791 9573 434 27425 17087 4948 8632 8913 21671 12792 19193 4295 25050 18518 1077 19792 23499 4907 9222 28206 29818 25215 18465 12501 28640 13693 20953 5338 9357 18562 3045 31400 28560 18804 23906 6773 8087 9813 11804 26484 6999 10776 24585 13132 18222 23475 534 9674 28167 21365 8230 23762 12671 31386 21592 18588 17734 26909 32137 6173 31175 21965 16155 18882 23051 19619 11764 13412 24794 8019 20169 7289 2340 17441 18844 10631 15776 5878 30339 20447 27571 12467 10156 647 15763 18629 21662 16760 16300 21754 2753 22537 30019 23442 18209 24492 8281 11162 7535 23256 16594 28533 20553 31814 3798 19900 16058 28256 29816 3144 19205 12023 19093 27020 7838 21300 23807 8232 28538 18385 31195 18620 10888 24968 4168 3578 10112 20940 8770 26368 18907 21432 3525 19428 13090 9541 28981 6288 27244 8383 12029 4560 7459 2682 21623 16553 23814 26305 26636 6125 32628 27663 25244 6156 487 25986 22559 25901 6079 6540 5005 893 17729 2284 10748 11719 11231 6620 18696 31302 27577 908 17528 16823 15973 3536 10015 31921 12011 30997 19199 2873 4884 8858 15541 6802 10725 14557 28177 7506 870 5203 31748 2491 5544 2139 3007 21063 8965 16501 793 19589 21930 32175 8241 31268 13395 18529 13397 26701 21590 27162 1571 6455 27875 17370 7918 11253 12170 21634 1892 13970 2557 904 14189 1631 13592 1007 15702 14988 13598 25463 24622 27894 12102 6673 16752 23872 14454 11669 16867 21029 334 15799 11711 9484 872 3128 29713 11229 5086 21849 28000 29972 32525 3221 30097 2580 4505 20879 23816 11197 12978 12618 29968 15680 29589 1944 15229 20786 14421 5333 27024 3296 24027 7124 27162 21987 299 7194 31460 32244 19434 31818 32079 24833 27165 14561 14904 10624 3380 27427 7454 12035 8263 15446 10887 8972 
4511 6445 13727 35 21880 14727 6435 28455 1541 20570 30589 5858 17589 30697 17969 2527 16565 11838 10359 18048 1718 30164 23849 32075 32240 28308 17376 4485 13927 31490 15707 2050 27757 17849 27424 22587 25960 15125 4709 21409 2517 19247 9776 5937 24717 2062 15550 15177 20295 29723 29730 13754 17503 5334 2606 8734 11734 7624 11158 25708 24985 18360 15955 22985 23302 10274 11078 2977 29100 7397 27422 6391 27986 8252 23163 18937 6971 6383 6483 472 18601 31435 31126 726 18080 19279 16653 14497 23276 24232 17032 31967 16998 24800 4664 2570 10354 32594 22874 4222 14284 18017 3349 8656 10373 1897 3238 26210 28488 23286 27322 20788 29154 4916 26139 17917 25857 12967 21903 25979 14140 15132 2814 29703 11604 26848 29138 3692 5050 11823 27811 8441 10577 751 13844 21717 10100 23711 18680 26515 2875 25226 5050 8454 1018 12864 31483 23383 11019 18502 28540 20820 26830 24845 6975 9995 10989 26145 27113 24728 20453 15267 28779 15163 27586 505 30689 7342 18985 8132 12218 3253 20892 10258 19226 27894 11258 28886 3452 25355 22597 28053 2716 10454 2472 8801 7572 14100 30649 17163 23365 32309 1019 21141 1016 8556 22695 22246 14405 26626 25772 29889 30005 22767 22772 2040 7075 13483 2793 3037 1768 16706 24632 26618 30391 7335 10196 29954 20549 2378 1087 19975 31405 26860 19205 16876 23188 22962 32137 31006 12552 10617 16131 9087 25006 4970 27594 17059 25629 31694 13775 25663 25733 7715 27242 24798 22420 24943 17754 29398 1434 18132 29959 14715 20715 9829 13321 31890 15237 11832 7150 17417 28658 22460 5432 6117 20848 18253 2214 31867 22352 18950 13749 32483 14236 26071 21093 26026 9468 12247 22592 22983 9178 23771 8857 7120 15045 16455 16914 6510 531 11556 10593 30479 22219 28019 5971 25050 13506 17345 25104 15848 31747 11004 1954 1201 9588 18565 10161 26564 10935 17542 19088 3004 9551 31878 6526 28527 26884 17467 27685 21352 7560 10399 20327 13720 7002 26950 26970 13640 4075 7150 24209 29522 11520 11864 7326 17041 26455 14934 11732 15510 2189 24614 31314 3740 6207 6910 6717 4798 
24688 17384 7500 2408 4394 14032 27530 1804 18280 19931 9047 27158 31540 9979 6320 27937 6413 26561 22961 10603 19083 29554 23640 7558 12870 18268 14732 3153 7923 29034 6494 18471 31184 21751 13454 15958 29763 12768 3921 22227 14525 8669 20817 31788 8933 17 24310 24509 17139 28383 6116 20007 12377 28672 24261 10238 28585 17106 20040 21186 28595 31987 16233 13841 25069 4367 1268 6426 29209 14326 68 29781 8481 28658 29521 2930 18246 1623 13290 25487 377 24411 9278 27053 3593 28712 5281 23909 23679 7984 29325 21463 21703 32449 26855 26340 6544 5593 21892 25757 18932 11067 14316 4858 1628 18114 32094 23504 15518 23798 19988 29949 32617 22749 16327 22757 27875 30740 4470 8995 26768 11549 21604 9592 11382 31739 9824 18695 30079 1276 24904 4037 20254 12759 25552 18987 16949 14582 22400 21806 27447 27413 6140 29808 15242 32524 8072 7352 27183 20457 7371 17056 22436 16706 5587 397 26889 15818 15450 12004 7811 1057 22344 11643 26846 13809 25977 5454 630 23862 23999 884 20311 23517 12331 9809 2211 31121 27784 23052 14132 978 12841 26947 16771 13383 19685 17918 4296 20821 9055 20194 4451 15600 23179 29864 4731 26033 21101 21453 18661 20009 24612 5770 31047 7798 26920 13062 3453 29715 17360 22987 6459 25589 279 10358 4596 25299 927 29875 15867 1989 2038 17257 7913 23824 537 16434 23358 13120 29750 18702 27467 10872 8886 25176 3407 26119 18811 9977 17632 7739 13926 2267 27020 1146 27933 30113 2241 11662 14347 13205 7914 30273 19112 2785 27611 5674 22778 3843 26223 21702 18524 7291 4975 5323 23934 24262 17334 10680 2989 29328 32147 11185 18772 30758 5487 15754 3523 10794 14768 31010 23600 19594 30173 30194 32763 1970 28930 7653 24119 1025 27478 17514 101 22906 16155 13256 15490 10173 26822 9395 7749 27189 23136 21532 30114 23698 7724 11085 11922 890 3210 11828 22038 11643 6427 9215 28793 69 31526 11754 1238 26134 13626 16469 475 28533 16405 12826 24524 32035 23749 22045 9163 17999 21005 21285 10326 3849 6410 11754 20241 8953 15638 14703 32710 26705 29421 24977 
6314 7936 11023 992 13282 8233 9061 19119 26181 12755 15398 15975 23396 17122 5116 289 29383 9030 12131 26739 17018 3186 12114 27017 8905 3599 23326 2936 10055 13042 411 21456 10517 29260 30084 24944 18016 16673 10525 10655 31532 22524 11542 2904 14160 224 5811 11492 5570 385 4394 22447 6421 30132 7757 18004 4416 11813 19048 6394 3745 26440 22381 25571 1602 27794 9038 3138 2906 31720 19883 26445 16919 32088 24749 20372 28570 25351 306 9361 19268 17770 27178 26752 30000 4025 14144 28785 13824 20641 17086 23195 27613 826 6826 16115 18617 25656 20789 19965 17879 10085 11351 20962 28814 8527 30899 17860 29770 14653 960 30542 1491 14184 298 26255 5074 17256 24438 22536 24721 9965 20454 19715 26882 10415 1436 22055 15619 5032 28673 29770 11488 16000 29800 31622 28697 10057 27375 11407 10598 30572 25254 30787 27641 995 28916 8579 9731 7593 4150 12610 5241 18031 20904 28891 9240 7569 26249 24232 25511 6472 17530 20688 27516 24609 26920 14944 24129 22190 298 18078 26360 13691 30253 16026 22589 15171 10318 27909 20683 20324 22215 29766 2370 10385 31694 19147 12072 19399 8122 20893 28973 30594 26472 14648 8371 20272 25053 10393 3213 23270 22828 23192 30983 12114 10906 9592 22823 20977 27137 8381 11571 11649 21618 23869 10867 10938 22046 25466 4152 16697 10103 27695 19998 5309 17810 1833 24461 29333 18896 9304 134 17241 25789 13094 8092 17625 56 19463 12608 8275 19669 6226 18498 12521 15999 27727 6037 3665 15458 18321 16723 12239 2056 12166 5888 15200 8129 6220 12051 21816 8265 20422 29618 879 27045 7920 3774 31224 2894 5487 22287 25298 15249 13165 8961 30338 24118 26019 9263 30912 24160 1975 12414 28017 24500 24777 7262 6613 2749 20041 2636 9730 30863 4363 21403 29329 427 28829 28277 30359 29731 10456 29981 14807 29951 21941 12918 16181 4318 20834 22473 29550 16353 14485 16323 29703 24772 2337 25277 17027 28494 3783 24641 14297 31212 4686 16841 19493 6809 32469 23241 1694 30464 29033 27120 10696 3045 26323 24491 28651 18369 31667 28140 27587 14508 29395 17705 24953 
20864 30133 8871 11218 2620 17262 5112 423 24486 16823 5059 12181 30261 9282 25539 6645 25645 7754 18450 6926 26380 21102 1960 4490 2085 29887 22046 13095 29835 21272 2744 30639 3120 14254 18595 12330 27726 23015 31867 7762 30982 20848 21265 8263 10824 16266 3434 17540 8178 8868 22027 23058 16700 2095 31603 20731 27475 4270 13290 32514 29508 31244 20089 7313 32540 9267 30010 3571 31309 17370 25810 19651 10580 14238 15675 1445 8345 13141 20423 15924 8855 13727 3681 5947 10556 31677 22 32551 7827 26535 24277 26812 2208 3160 17011 23048 11404 21613 31986 26517 27906 30446 3075 28643 26584 11884 17353 11029 5874 26188 5856 25323 30819 21090 8094 26352 470 9410 20121 4341 25389 21970 25193 28093 23655 12964 3247 24058 10951 9603 26710 17272 20786 27852 9496 3737 16346 13312 3140 16385 7961 17174 17087 12946 16799 14358 27721 16795 464 32483 5122 8012 3688 31576 32301 28526 27233 6551 18227 31313 9238 14494 29675 3077 1960 8988 22296 21452 20641 2690 28724 22480 7895 14428 10092 20754 12948 27106 2795 931 13299 2506 29019 26390 2445 15457 9641 13109 597 29146 9 9459 22209 29414 4155 4002 17707 7045 15628 3686 19830 14363 32031 27114 20468 14534 3309 1617 4999 12015 17931 28016 30471 18719 31660 18746 20964 16660 102 25211 18445 28693 14649 30666 5392 32130 25037 184 4738 23471 26107 12622 32161 1778 29839 20919 16440 15099 12108 15929 16579 4708 7217 9066 32212 17545 15355 19104 30901 30106 27115 2729 13135 19695 26825 12476 17738 17819 16681 30128 19574 27971 21741 21356 15466 1329 19467 20127 20843 14756 16017 2225 10895 25450 16358 11769 20257 1969 12114 5168 9032 2587 29120 7461 4068 17680 30915 12723 25017 31832 15064 26864 9167 24041 235 12200 31000 1277 11548 1034 14676 13160 24258 6560 21810 13609 6064 31109 17848 8767 18104 29394 2788 29374 23406 28505 32148 6433 18222 150 30883 5858 3937 14562 7509 16200 21755 9450 14069 7297 30024 31072 444 10992 10217 18672 22773 24264 15898 22134 4191 10202 26422 22382 31955 26539 7804 15019 28710 3530 
9747 18253 11345 20064 13132 10221 4559 9993 12328 13850 3399 9698 13850 6665 2155 9956 9741 4744 25120 31600 425 31028 12767 12330 27090 22252 23131 25867 26226 7301 12132 27570 23417 21439 13067 8187 20258 23672 11783 11987 25975 2592 10071 16203 13591 13677 32553 12779 22839 5712 12539 27208 25831 31271 256 22232 7062 10804 6341 11014 4825 5710 22292 32642 8552 6102 22297 19675 16233 24813 29379 29775 15346 27620 17517 19170 27593 32500 27582 23213 13678 6192 6605 20089 7771 21943 10377 15244 15754 11822 16729 15811 14136 3438 22271 6625 9705 10617 30402 23079 5292 9139 13516 6437 28320 19023 14289 28367 1975 3591 10225 13267 8890 16 1248 3882 6285 27725 10052 493 1205 25539 29022 25963 6935 19277 29421 3960 2818 17040 1103 4360 4976 30514 7402 17148 11401 14407 26826 5435 27241 24076 24971 21509 32035 23000 28282 22404 29190 591 20471 20900 6687 28633 23070 11813 14846 32083 17062 14575 26301 16644 1544 32421 13375 4562 10212 7036 6326 27829 21153 27726 10600 20077 6741 21994 5298 21872 26340 5807 32077 16423 18795 22105 6864 7001 16607 26650 17270 13544 12785 29421 17186 9915 5685 29735 9120 3579 9860 20558 18990 17026 1183 26159 3643 8848 10260 22571 11630 18112 4710 32722 16618 12859 3688 16307 6097 21292 32490 10097 6918 26484 151 7706 7736 6558 25374 1717 16924 27157 15760 4890 19449 14484 8713 14599 5738 479 13459 32111 32608 9649 10567 2581 30566 18677 28086 16730 5673 10296 391 17491 22583 28255 16993 7967 27143 25493 12043 3960 9274 2184 26065 6535 7456 29141 25130 24317 29566 30656 15769 27743 13966 3625 30673 28833 3912 22716 2588 4855 3808 20327 18941 23272 18064 1809 24340 24228 3223 29321 20547 11159 4738 12220 27663 7486 12458 13612 4169 5690 2814 29597 5357 20387 29442 16401 24138 12958 11032 6647 23139 28722 28415 8608 28054 19287 26009 21234 4731 18768 24561 22624 12559 15419 2428 2586 28946 23527 28063 28032 2989 24805 30322 18653 24664 21986 18628 8018 20731 4916 8543 10512 10579 6322 6028 7114 5528 14793 26842 22379 
27741 20428 12828 19204 20407 26252 14769 9736 27041 5929 12040 10683 18335 1319 866 12008 6562 12740 16346 13266 22572 6537 31907 1646 5556 20512 23954 24271 32588 3685 14300 32226 20609 26303 17696 9307 16003 5041 1960 30191 7814 5292 17388 7364 19303 3368 13143 16678 3731 6643 21582 10619 4133 4296 31599 5753 4686 24099 2582 12182 31738 30036 28198 5056 30384 1746 20230 25167 9146 28883 3049 20536 11399 7705 28499 7555 12877 18191 15321 32511 24818 18708 30248 20532 10541 2071 4168 8601 26089 3684 23074 30471 28906 24253 23360 19054 27314 11437 31189 9927 14758 28441 4861 28489 1133 280 26693 9952 11161 17669 1646 19419 1673 32210 2414 7140 26509 21150 25016 21558 11084 12426 32445 16906 22371 32457 691 14162 3151 22775 25493 14250 20109 17324 7531 29068 27391 3920 22987 22467 31378 23857 12448 28450 18718 31442 26154 9333 9102 1927 19014 16056 20800 6206 7408 16775 15535 19872 7174 21462 3919 4185 7758 32482 17592 26547 24507 22887 30983 7786 25324 29460 30337 10684 3062 5180 18042 1727 22627 9678 18806 503 22651 21895 6797 7464 19906 19046 16916 1897 4801 32097 31609 23418 12297 2646 4719 6231 17014 3396 6987 2061 5809 24507 2734 2253 7672 19089 28773 27711 8226 32727 22925 24856 20189 28939 7675 6895 7739 21903 7387 11341 1645 30042 11414 18179 4814 3054 16890 22208 25123 22410 4757 10722 31776 10400 13921 7309 8239 1417 3239 31226 29038 13944 26653 2066 9206 19885 18001 28988 3939 32747 5707 115 19089 24875 21102 25499 13475 22930 29088 26645 3914 26273 29611 26001 3652 31916 3298 19235 34 7309 13575 666 29775 29081 7532 7693 590 3027 21081 950 5699 2656 2990 3075 26293 19003 28873 17899 30610 27946 21418 21887 20083 19697 10069 8385 15394 11973 13688 16056 24410 19203 22350 23748 17613 32034 13763 3632 18539 12263 21721 14854 7138 22999 28234 6951 5729 7666 24431 1690 12706 25758 11872 27685 22567 226 27229 17690 26820 13780 27501 25972 4957 12373 13636 25378 29425 18683 362 1955 2263 8783 13466 32723 32072 30521 17257 15877 
18718 11704 18984 16977 11483 470 23562 15664 6381 23772 19850 16454 27441 11458 32263 29054 9653 20457 25777 29788 706 26893 25769 32143 2586 12149 11364 17606 2942 3948 9297 18629 8819 12021 12475 6584 10054 10939 19184 7623 12622 8007 13731 1002 3697 21109 20623 22783 21481 4393 20317 29466 27720 5438 22472 10012 18106 1983 19199 31879 2955 29530 15946 21392 31209 15121 26353 12662 21226 26931 32090 10003 30161 27275 23409 1457 4493 2519 23116 22046 3970 16252 13072 17923 7052 10615 26382 32625 27969 16279 29490 7869 13943 6121 21150 14990 23303 20340 5266 12852 21968 27431 2447 13883 28414 17680 19388 16192 10124 22991 9864 26372 32263 2633 8593 22463 28821 9633 12997 17847 24631 20324 23494 10000 14667 5635 13971 7654 1365 19847 13670 18585 18942 640 6616 27752 22877 6462 26443 11842 30582 27972 21641 19928 30976 1274 169 5879 16236 11682 28467 32021 13858 5005 3972 5418 13582 10895 21363 25025 27739 31408 6452 9550 15742 9508 27773 11970 9591 13694 25320 21597 7251 4896 6041 4291 3574 9974 2592 30291 20503 2404 25760 27828 14732 19580 27953 27824 16072 13941 9860 11846 14242 88 25542 31994 12888 27901 21446 9840 30675 19510 18265 14137 9516 15946 14078 31213 32368 19365 19390 27770 24224 9421 28502 8123 26876 7832 10136 13645 24449 16029 16655 28574 17073 27624 3298 2118 7826 6130 13818 16539 10489 29648 29031 24703 5384 1450 3584 6013 16374 12911 10058 29717 6926 4039 32668 25939 30459 4681 17792 31399 5186 27631 18523 22000 7440 11974 24657 986 27702 2026 3427 11882 17778 9906 4570 24023 25328 9256 3049 15260 31760 32444 21134 3019 10602 32313 6585 20644 18960 5111 8624 19558 19986 2899 30130 21861 2632 7772 32218 12381 31051 17103 26695 25862 3525 17222 11642 16616 31211 30892 13311 31857 4167 14324 22352 13893 8635 18442 22006 14549 31939 29706 27377 15923 29178 3505 5722 9765 480 29713 22855 21112 6106 29320 26863 7574 30330 3058 7439 8027 14593 1566 7564 13349 3618 18815 4953 31274 4105 26916 24731 14607 23964 26346 9227 26550 22785 2033 
2972 17495 12128 19788 14943 13010 3562 25853 17827 21827 10266 10016 3424 4823 29498 29542 29654 223 15146 709 14449 25123 29789 366 31216 12409 28452 1280 9158 25750 20527 13051 19136 28707 29264 11127 15593 7700 5507 3094 18603 19765 32556 7991 32566 14597 28575 2924 30246 17608 4325 5935 19551 31960 17086 21712 30268 16956 26594 19122 5354 21627 6284 27575 23822 11698 24121 29689 20654 25829 23725 32187 20558 2707 3128 25247 18265 13197 26935 15641 30659 9736 15581 7715 10477 23792 25396 19250 15817 21887 12894 6249 30270 23311 26401 13069 24526 17708 15011 28730 14710 23534 1393 29652 20181 22149 5062 17343 3729 10262 3851 6995 24567 3782 8346 4874 31713 6420 12743 28796 19677 5483 27937 12942 6795 8183 25845 11750 1095 17081 788 19874 3848 23510 9686 19529 19080 15925 3679 30977 20902 16456 1057 23811 10760 11562 20898 21837 18180 19435 32384 29846 13249 28968 27314 16775 10393 20190 12048 9512 4034 30335 26390 7577 15662 16710 18405 2306 23983 4808 10378 7372 24927 10701 24451 23826 25919 29533 6527 10322 24606 5150 3430 11113 5821 7133 12697 20926 6960 5994 22139 1469 23431 29865 18992 21895 942 27878 27045 20455 13970 26985 17104 11657 25221 5706 11321 6758 13540 6023 30137 13187 28919 5204 5761 3291 11800 3250 31839 21401 16664 11587 24637 24715 21726 5469 17387 20180 30289 17245 32030 27361 6009 6974 29112 3486 19936 15210 26953 14313 20543 5071 6102 583 30550 29494 17882 13525 17948 32464 14731 7042 15640 18450 17758 27260 32015 29891 8141 18152 31967 11604 26712 18390 22187 17775 32202 884 28728 21202 2493 31873 663 9822 25952 1029 17669 23403 15224 25408 16143 29023 2981 25056 1530 9087 29415 31863 26977 29445 23904 24363 21280 6002 1372 30896 24177 18725 25486 14707 27221 6701 29852 21272 11062 20828 30687 3111 32714 31644 2916 31746 3386 10118 18742 17179 26244 32561 18911 4963 17182 13384 12332 7430 2268 29280 8753 13141 11539 19336 21389 15875 12543 21281 1263 19093 15714 23280 7385 21012 8558 1649 15780 1797 14565 10350 31941 16283 32127 7889 
8014 20522 18316 8375 32696 27103 474 12997 223 20911 21721 13759 12878 909 3325 17238 2493 5600 16484 19778 21976 28980 30649 12945 20034 12335 24152 16191 25818 15303 15794 18950 15421 30643 18419 25719 26508 4895 30179 20810 22383 20900 31754 13555 6233 24695 6936 13430 17934 3041 20356 30331 22627 26863 9330 15013 11589 18282 11738 31520 29693 9 28135 19577 23986 29414 10653 28595 14128 18991 28863 19095 20456 21790 23792 14923 21047 3883 19480 29734 28907 10112 6665 26819 3587 7341 7523 23892 16054 16541 27572 12089 20663 14536 10468 30162 13496 20139 26065 30353 29229 9333 21046 8019 2130 8708 17873 31472 24687 11791 25797 21520 13658 1957 25405 31297 5182 21462 11346 23879 23196 13232 28719 29363 21903 30317 23922 6584 26196 15338 2518 28985 20489 7003 19983 21542 4789 8766 6390 28681 30601 16269 32230 10716 12902 28472 614 17694 15519 14802 28424 294 19711 23690 10129 8374 4366 11614 20057 4051 2960 3979 14069 7124 15439 3144 27668 29114 29978 25523 19623 22207 14 10764 1093 20274 31508 17697 25293 10113 3243 24073 22349 5016 21992 6933 4642 22633 17850 13828 4705 13260 12659 17014 8822 30346 22148 14500 2059 1204 10632 6221 27436 12346 5765 14324 14504 8632 5742 5192 954 17299 15852 13284 10984 25413 10589 29496 17452 31989 27166 19655 5202 25931 22789 29076 5537 17794 29234 17878 20925 7615 7688 5619 4812 16801 2934 6060 12248 793 32635 2965 30836 32636 15849 4809 931 17110 28521 3291 26101 13698 10431 4624 4851 2039 30543 24011 28093 4325 5856 15688 19698 20865 13473 22157 30160 5148 25449 23454 21149 22779 9539 32241 26693 1379 11818 13857 20292 2291 17425 13286 13254 27959 24615 2629 8461 889 30040 27652 7188 9434 23 3169 20850 14498 17243 30724 23168 29909 22247 31281 23998 3335 27343 25154 3699 17264 25656 15701 20372 4163 14175 22594 32231 21308 8925 7632 9576 17272 12329 9512 9708 4490 7518 1161 2820 28619 5182 15422 6948 29937 21111 19917 25093 3300 10022 21362 14919 27597 27034 11211 6747 14191 19802 3541 10400 23226 14185 6423 
23244 14237 30920 13853 9358 11037 4669 23336 31090 6052 25939 2340 9732 27035 30370 5338 17464 19002 9552 4199 20233 29855 31704 26861 6497 24862 32266 3208 11321 15065 6228 11396 20481 21392 5183 28621 17730 2490 13884 10662 28802 21716 26785 26782 32104 27641 6127 29120 15648 15027 9302 31755 17409 6161 3195 16418 2669 29689 13688 12356 5369 28352 29732 27773 26574 3832 15254 18206 18768 2441 5348 28012 6141 20484 17456 2197 14231 22835 16102 27368 22917 22517 22335 7492 9335 21576 16650 24785 32585 23208 21419 30959 810 13720 11620 20844 22781 25982 7123 21754 1535 19123 28092 2016 27562 13787 4617 15087 32474 21106 10255 27320 31279 8104 25875 7932 4018 27503 29453 24164 23995 978 11435 2674 11026 4744 23193 14264 11860 22217 22016 22088 25752 12640 13389 15979 15187 14082 24627 30102 4473 15582 17395 16281 21477 4981 26843 20506 14587 25516 12300 12354 24460 25119 2177 11446 21753 19641 17997 24521 18076 26242 32548 11248 25187 26039 4125 14966 10942 2080 12470 21104 16828 16798 14105 7156 28529 14596 29086 9094 26522 1831 14736 12755 4740 27705 9012 19362 23849 28498 28423 28167 21660 7248 8264 23257 4264 21473 23734 2407 12724 25054 31131 3943 30186 19931 23049 5679 10649 6652 612 12328 30423 25610 1312 8831 22634 7365 11468 30493 13289 18812 1872 27354 24350 988 13939 3053 5295 11270 10656 7335 7165 228 9449 3682 10317 4796 14668 10420 13094 17413 4661 12520 22009 19578 15429 9646 26376 29294 18770 25361 23936 28255 30127 17066 16616 11469 12973 3091 10175 25164 14945 18847 2401 9689 4264 21832 26411 1386 5481 12777 4319 18633 3098 1198 2122 22177 15494 17096 18468 28633 4301 26469 29239 13602 21676 17887 10436 10956 31230 19507 5922 11998 1667 18870 28072 5477 3809 3587 21709 24332 25320 29752 7054 15853 20250 11874 9488 23719 5995 25909 22919 7089 3909 1 7766 14574 29391 10465 6520 5505 25967 24886 17438 3554 14734 14931 4249 6193 26011 1658 10107 7371 19026 5640 32761 15644 11838 21740 22420 31924 4732 23645 19705 156 17603 19661 8741 22762 
21153 1048 27084 2195 16903 1026 9212 16257 13064 7392 3582 31461 20190 12437 10621 32719 10286 8640 16105 25596 28813 17204 24350 6382 10050 23465 10305 11586 9549 4529 20971 14399 10921 21485 17546 9131 20687 4480 16388 18402 1659 22212 21917 3625 30898 8764 14618 3391 3332 1482 11558 21557 20751 26658 3830 22400 836 31359 17705 13389 6382 13973 5618 15892 25967 30918 10360 2672 18125 2712 13693 28462 31598 12647 11070 9891 1312 5463 18587 3651 15709 5261 29560 13168 32460 22175 20067 8848 2058 13384 20855 11362 31659 18273 27264 5522 8572 14092 26720 25739 19723 5171 13745 16780 3434 23089 9899 7422 2607 26574 24136 4101 12735 1137 3751 11093 7373 17809 6318 10311 19229 26733 20212 12331 7566 29693 24542 11744 12631 14120 11016 23971 145 30519 1510 3877 27638 25226 13227 19936 4584 7049 5225 25514 5813 28638 20346 27019 16921 4066 32032 23244 5636 23124 4968 24144 17054 4177 6740 14888 7048 1408 27448 9569 29285 8334 32613 27680 31386 16346 4613 6642 6737 22129 6470 7773 19652 21820 23227 8123 31160 13432 7935 28744 26183 12647 18587 22905 8931 5189 21033 12687 6808 4734 30650 28525 10129 8478 3958 12454 20702 19337 21890 26075 5493 25196 12071 6468 26742 5875 10544 908 17075 22077 13715 25314 28015 30989 27732 18509 27238 7106 21415 20287 7438 12937 29525 29550 6429 11729 14176 30943 14923 17151 26090 6723 26969 11619 11347 29063 12882 31595 1954 20135 4113 15383 3110 28867 4355 8365 20573 21876 14638 26286 32532 4704 17778 7688 21712 27916 13327 8077 3181 9458 13928 18340 32517 9172 28679 18751 31507 2127 9952 11533 5848 16051 18650 20720 510 7186 27275 31665 6780 12183 9027 22771 18617 15897 27213 29029 26356 7152 22897 29500 14307 22792 30909 24289 12442 29492 30598 27622 6575 708 30377 14911 19356 5465 18454 9135 2660 11000 18320 16768 17530 2398 12462 31351 14558 22931 5670 11527 18569 17346 24138 18885 30475 32072 26835 29212 24179 32011 16862 28482 6767 18957 1588 5482 28340 6209 23758 26428 11424 10141 10649 3458 7198 6512 23926 30500 
27595 12278 1925 13654 27735 11305 2979 26640 6957 15835 8753 20158 16470 14850 1304 20794 9114 2899 28169 5367 7401 4370 18954 29311 1018 24616 17966 24351 17202 6774 6563 7904 4551 20585 12530 21178 6437 8398 7811 14085 2449 2792 29792 9776 25100 9920 27450 13237 28538 14269 31409 29516 18179 19828 18128 16480 16314 26305 1751 6591 12156 19223 18750 26005 28443 3604 14582 12699 27068 29017 18418 17292 15230 6296 25318 3545 9053 17390 4687 23709 19541 1140 11443 20179 12746 7953 32298 28615 8999 4498 2333 1226 10950 28156 17486 25386 23568 32 31256 25185 19685 29041 11513 16013 15934 24339 9549 32544 14352 5684 3164 13785 7284 27295 14487 10739 30214 23438 3871 17308 1418 31424 7815 19368 21206 18892 22235 21383 17644 437 737 22900 1382 30910 26270 31984 13079 6784 10012 22383 10223 9785 24427 19793 22047 10087 1766 27411 126 23702 3255 8903 21035 118 19614 32193 6516 10544 16622 5780 10743 12794 5592 28477 10759 25322 491 30621 20306 19207 2012 22573 20160 166 1411 21741 926 15348 13351 23709 4603 32719 32251 6192 2130 17626 19688 3710 17514 23248 13965 12345 8059 29720 10629 24610 9618 3994 32744 19324 23606 13522 6932 9921 23628 13858 27821 8853 17208 28013 4322 11512 16197 9953 24050 21183 15175 11796 3311 21829 28031 12627 24515 18526 19902 28471 26736 19596 14029 25208 21916 14710 14093 24582 26700 19605 21595 23382 30448 12337 18230 17658 8608 28300 28964 14197 7077 9565 4689 26189 11835 3455 634 866 22677 10987 28937 3709 12578 14564 28802 17196 27663 9841 20765 6350 11021 14096 3765 2282 31316 7081 21984 4037 7911 6081 25696 6963 6682 1776 18618 23469 1618 22165 17700 11172 12557 18376 22948 277 5666 3472 14711 7518 8265 6998 12208 28496 21213 14234 14113 23429 16609 9957 18814 24307 30018 767 10688 16322 12379 4705 11720 16475 7870 13293 19269 2242 27954 13021 27607 14885 24056 5882 19573 24757 17235 17678 27660 14260 839 923 19816 29647 2208 14285 4184 1967 17718 28334 9741 5835 10608 1689 9412 2688 13575 3313 32421 32099 
1292 9234 8170 28886 813 1416 14403 217 6708 29824 13177 2595 5072 13435 9554 30322 920 22602 11446 8991 25421 32054 4623 5621 17503 18047 9462 29763 15027 11528 7435 28720 25764 30544 548 8271 13384 28068 24491 30067 24052 7827 18241 17093 4098 18339 26279 3091 22481 13890 13535 3691 22542 13567 31374 14057 13362 22778 14757 31693 21836 17305 14400 19408 27649 11389 13007 1977 21457 18357 31091 14891 15260 23601 31915 449 14180 7801 3375 24925 8020 9119 21276 27324 24577 113 16466 30542 8177 26868 538 25413 24154 25614 13837 32492 28459 26499 26161 10811 30800 28707 4196 20136 21554 27201 15614 11071 32126 32358 26802 9973 26664 5703 17845 7482 27567 11765 6178 22733 8866 17748 12702 12500 25443 1486 20536 31788 13867 28744 25746 20222 27726 10069 838 13971 15553 10666 1411 26473 2521 4307 7415 4486 13397 10276 24306 20236 8095 28657 2760 24846 19279 24834 3959 11938 9713 1089 5257 14903 32008 12982 2620 297 11859 4533 1249 31123 32334 8022 26498 8805 14332 25382 8647 22966 31204 5916 1306 27995 21593 23759 29962 6584 7423 21221 30445 27350 7051 7887 25802 13238 29642 16052 18294 4069 28901 14250 7164 9041 5603 29740 2114 3163 5999 26313 17130 15405 8924 17689 12919 10574 5734 28405 1969 4211 3771 21991 22346 14233 28090 30944 30401 26448 15994 18473 8327 3674 6798 1436 9057 17268 29831 29972 8461 6516 27579 28962 8232 31124 3397 14338 30031 30734 9805 1229 18309 22249 2954 18671 13268 11026 31236 6620 21559 22446 29983 9983 11704 21423 17877 19443 18902 28069 32579 4854 32553 471 11367 15259 11593 22163 2856 6591 28651 4802 30870 24765 3405 703 29300 12006 9173 8042 20980 27947 23285 2936 9153 22301 6993 31501 16706 16152 4644 14732 3870 25274 991 16814 1275 25498 12820 7121 25228 14391 22675 30355 13770 10543 1491 11680 5761 11954 21139 13000 15119 16949 15552 3413 19048 30827 10650 25499 3934 30577 21267 17104 28960 7497 9335 6430 21760 27273 19026 5623 19833 1364 31119 25769 14960 26762 12765 30002 16058 4924 32599 18261 11999 19555 
32611 27629 23837 20177 11482 12418 26288 29031 14186 10522 26193 8073 27193 3153 12285 13775 26059 5548 31223 5885 12582 25131 5904 3382 26164 31517 9766 19308 32104 824 23275 8987 31908 14825 17383 16951 3419 18665 12737 3427 15859 4113 9146 27235 29293 25455 23930 3796 18503 28569 2575 10010 29089 14401 4147 27035 19360 25866 31693 27179 13328 20634 8379 16838 25165 3569 23247 24197 18275 22521 3863 4043 14708 8030 21090 8895 28250 10911 22783 8960 2446 31846 5064 5012 16712 29717 7776 13345 24296 23713 25272 9823 7829 23971 5592 1997 12836 684 29148 21411 27451 19673 20796 8456 20662 680 3921 4486 9033 12810 21013 955 5479 6330 8491 24145 14947 26316 28191 1840 28886 3977 29166 23281 19520 7290 969 14486 16882 14019 19734 30073 7467 23219 32440 19843 32385 27032 27536 9118 27266 3544 11331 9837 11164 9533 12350 11578 2874 9617 24568 24880 9776 12139 13431 1738 24665 17224 26646 31627 15230 19677 9349 15344 5498 30892 21009 1443 4508 2006 27686 27121 12621 5680 32530 25726 24563 1688 13067 18999 30229 2442 2164 9353 30655 29166 10588 19664 4648 19508 29768 23571 7314 27555 9266 17134 8306 25070 14801 7631 11473 5385 2587 6502 30962 26426 5641 31574 6709 9587 3994 9009 20795 12255 12314 6051 12875 4283 17316 29677 11508 30055 3558 18837 14068 15805 27684 19036 7769 5537 22655 20081 18150 19673 12920 2788 22200 24864 28848 3165 5674 28277 8177 18958 1781 31161 21362 25830 30364 18809 27223 26376 4103 16649 20088 6011 12397 29138 4195 13859 888 22252 1188 13296 10916 28400 17988 15189 29673 10247 17039 7420 25497 21063 12826 29880 5515 3136 8965 6843 14713 24017 30846 13577 11943 30017 902 32044 709 14986 6392 3625 22551 11512 18631 20148 30419 16115 6791 19360 3531 9241 29487 5785 26187 17809 2077 32021 3909 20635 858 11144 17323 4971 15648 4311 4125 7223 11929 5648 31684 20111 490 32344 14462 25325 25456 805 7739 1165 30793 173 30119 382 7703 18078 22025 16634 22528 24847 6762 29683 3322 28086 12795 13294 31557 20828 20401 1044 
1336 24975 15666 26758 15169 22167 21748 2034 18216 6571 26531 2916 7315 17252 4292 12382 4815 24177 16025 16682 19405 17037 28996 26479 3179 7086 29998 3331 27125 29055 7338 16128 28908 17169 15574 18202 10502 2765 29122 28463 6773 16046 28117 8992 14444 8365 22636 25824 21728 29564 32707 18122 396 26486 25113 24632 567 21463 21007 28753 13369 4136 14930 8994 3900 510 17529 11505 9024 13028 26417 12237 14306 662 8087 8042 28893 18800 23013 5932 7121 32549 19793 22146 2883 14772 20274 22389 8933 6296 24933 13185 31000 28735 32751 19107 12720 18878 29155 24755 30199 2755 8583 9460 11764 22987 16306 22506 24301 4757 13944 875 21290 24278 12041 30969 28412 18222 11991 2639 22270 20571 4087 12346 19355 30893 22730 5034 24016 10681 14044 11529 24883 29266 8460 28107 16181 7349 25838 10311 4004 29956 9069 10693 6772 21494 181 15064 9918 16844 2896 31214 15113 17799 7822 17445 13001 13400 17451 8288 19749 5464 22828 24731 6397 28025 31242 28027 25132 1980 31250 28713 1034 3493 27148 20065 17717 1005 29211 11462 8338 32630 740 27513 8078 9860 8690 20713 10666 21033 21849 22253 27958 25601 29338 19984 17756 9248 21703 19243 16737 15177 15848 4922 12584 7520 26524 31080 23288 30754 1796 25452 15998 31252 18396 26648 2326 1465 747 15407 8006 9480 13214 24952 24459 20765 28912 19472 601 25135 28044 29188 15197 15298 17206 31007 5 2334 3431 30465 5954 7679 5943 30577 22157 20366 8320 15605 12328 22928 32321 28575 30374 9182 6720 11817 31149 31765 5620 13637 24571 6030 5281 4398 25255 29073 28869 3459 19881 22981 24755 22357 27037 18155 20094 1407 12996 16844 26392 31541 332 31856 9403 22752 1745 27025 22664 28457 17699 26703 30575 26708 25162 22566 11854 7120 32199 10524 349 16396 27421 15423 31433 28300 30096 10318 11423 11835 4397 14007 2540 30723 7434 11457 23331 27035 6863 13579 20926 6816 32629 32053 32552 18408 334 23517 13019 18707 1862 4813 965 1122 7528 370 2289 21709 4772 23441 1379 5711 9167 14389 2884 19589 22507 3308 23103 6007 29097 26930 
32042 27318 6700 1582 27369 15015 10512 32412 11919 5150 11691 17163 23239 21038 7570 7752 19571 26176 19551 24090 146 26211 4274 29743 359 21987 14966 9047 11992 23581 15974 3312 26132 23953 15055 12961 19576 11065 14743 16460 16820 15386 21374 12861 15657 9496 6308 11176 6806 17166 25164 4434 6644 19230 29151 15502 5790 13638 308 23147 14773 13620 10254 19244 11203 13660 15078 5624 2462 2119 1771 17619 8336 17454 3912 15565 13748 31943 12197 26233 23715 20319 18416 15009 8528 29993 21853 1848 2353 20438 7339 144 12192 9317 18858 29390 384 30781 10234 10138 23587 17529 22805 21531 4971 29571 11151 8994 9008 23780 30621 12197 4066 13146 9429 880 14960 6443 15668 28183 11112 20154 12645 18479 6495 12120 12864 30397 11923 28764 17298 17135 20943 22134 27676 23050 30351 21824 9950 2468 14437 19734 31125 3091 17819 23336 21634 31013 23834 28621 8045 12050 25482 7963 6122 18350 21435 24500 25819 28131 3652 11234 822 10079 19562 14567 28680 26250 14915 14478 13242 30907 31771 22790 12947 9387 8982 30448 26239 3370 21783 13751 26127 11280 11233 29216 23744 31095 3964 17186 22656 4903 4059 31991 4206 30802 443 27251 2274 11650 25294 12437 14509 23759 18713 4188 5026 18005 24986 31451 7765 5349 16943 11152 28450 27387 4787 15602 16497 15344 20842 27465 30777 17777 13983 31170 18627 15664 31627 28099 20145 1753 2169 5244 20542 1608 20008 1727 455 25081 20081 7953 29579 18880 6185 5633 3247 5562 14921 14520 14213 20867 29260 28114 8973 1961 6617 31852 15804 24929 6050 18814 19837 28281 22412 32620 18678 10638 3600 21463 22028 3199 19169 24505 4521 18721 7887 15793 1212 31285 22763 25243 27266 24727 7916 25700 11269 184 25809 8988 13538 13389 1992 2125 1358 1097 4175 20620 9563 24329 24473 4941 23928 32463 19507 31996 22583 5234 29159 28489 4436 2644 14561 31683 13810 29587 22544 27816 23079 31620 22223 20475 10171 26973 20933 14552 27181 3121 1801 11013 7159 8994 28042 25801 22803 5586 23471 31489 23230 4378 314 31600 24700 23551 14450 2391 10844 30945 29313 10309 
26749 26358 17179 10545 17361 6135 20320 28102 25633 28185 9220 30206 5970 22079 13997 27634 32230 21102 5788 8689 24774 2177 4240 14031 5182 10526 18919 21631 3145 17128 5895 15588 1551 22006 4348 6373 27308 15237 11874 15808 20275 13801 25478 23712 13810 15562 3528 20593 29944 22924 11844 32243 26069 10255 14257 31245 17057 20377 29576 27237 21568 2064 17001 21549 21987 32621 15292 19776 12754 13165 28820 17261 31594 5001 21976 19986 19041 32553 6564 15853 23378 29717 26605 24368 6517 300 25188 8659 30125 20824 20381 7214 11977 25281 17777 7111 28419 15937 21153 14441 25293 17177 27579 7542 11470 23266 8002 32125 23335 10694 21769 25615 16890 3823 7392 22991 24365 2368 20594 3785 11115 21571 3182 32517 31852 20835 17637 17755 23671 4444 30964 4232 31525 4591 18850 28290 7015 986 30731 25097 8906 11527 3775 30335 11770 15108 14949 17913 20101 6579 5540 9622 21986 8771 27715 27664 20914 13918 14734 1680 7493 7076 26108 20423 11360 11097 2064 23866 29502 10842 11389 14045 4052 23894 27021 11492 6234 11578 16835 16342 13062 28653 6592 20195 23323 10558 17763 119 30498 22555 28724 6415 9335 9219 25859 13388 23560 32445 30924 5189 21594 3659 7390 31522 17613 29466 23612 17127 28192 15995 18500 10125 3127 11607 6286 30551 5404 31517 535 7523 26949 24832 2463 14976 22805 5472 21839 16447 9124 24453 16799 16973 21187 5011 15735 29183 6203 2746 12692 30767 4182 27566 30510 8519 3489 22359 8664 3995 20975 19913 8359 26620 22689 24438 31382 11401 5669 32418 10793 14793 20669 1304 23633 6647 30338 16924 5776 8861 5288 9376 2141 4197 21507 21947 3018 5419 7882 22358 6500 3158 21404 31529 13147 18793 10688 17894 3043 13525 10929 4787 27353 11026 25818 2782 5802 20973 15262 17868 17521 22564 30875 9523 21343 21296 560 16777 22368 12130 23356 31421 14075 26161 20521 292 24698 28371 29994 27318 23116 7434 22976 10362 12967 25153 5507 28735 4722 9431 4639 28301 30561 8635 13981 21723 22882 3129 22500 6146 16184 24595 4735 29426 1637 6612 29088 420 25166 18785 1893 2128 
22170 13009 23131 15071 12507 29054 19521 6307 17776 20828 24078 12358 29610 21130 30005 24576 13613 2855 1575 26125 15513 23399 18457 21855 26474 10214 22024 17040 1821 3644 24827 15642 17813 18385 22409 26826 10428 12019 9882 19314 31085 6693 30578 8927 4498 442 3819 22282 21897 9123 12801 23698 23757 6534 13204 7018 3538 5392 3946 11727 12592 13963 13940 2942 16388 12723 28754 29987 29075 13509 30232 13332 19505 17882 10835 575 15714 2675 4679 11874 32062 11605 29819 20602 16666 22167 16504 8829 356 27129 9165 20811 22223 32631 28758 23010 12976 18974 14270 18130 30376 24863 16451 25074 12164 7970 14009 11856 30561 3036 16850 15982 17172 996 23196 15019 7881 4802 3659 11263 7657 13129 3385 24299 578 27176 11051 29360 24162 28347 13526 26816 14147 22055 16034 18546 26926 29861 20653 11001 21465 26910 5139 17303 4563 1785 25965 14350 16161 4657 28823 23896 4906 426 14775 11415 20944 15301 14202 1103 22496 306 25249 2515 18092 31237 24253 16125 4854 6412 8246 8226 31504 18784 13202 24133 10306 6715 2548 2443 32620 23817 28387 16367 25836 27074 2893 13367 30658 32118 6604 8487 2034 26410 12327 31988 19498 30434 16924 252 6821 25343 16733 22963 10575 6091 32472 4833 6442 9555 12603 5131 20720 16245 17592 16686 27386 1081 22534 5044 14944 31845 2728 16288 11106 2635 113 14604 775 15078 15944 11733 16899 11557 17449 18325 11998 903 2156 18897 19283 5096 14410 24692 14583 18843 24989 12924 20763 28088 27111 3316 29682 18871 30358 14882 21239 22590 10886 22785 14985 30776 23752 18674 7896 22055 11426 32174 28677 32699 5846 20351 31109 21923 28711 7088 20679 20387 26906 18753 5910 18151 32506 1504 4800 14999 32286 20245 25464 17067 31087 7101 22009 9473 23332 14777 6892 16556 29392 13287 25868 17296 9375 21585 12936 24108 7644 5797 17832 27062 12983 7910 4276 13421 18758 2144 6418 26667 30153 8417 5550 16185 11314 25638 19615 31592 10981 19348 29703 21341 700 17961 6714 18989 24654 27825 22819 9514 31345 17981 22756 29692 18941 12497 26045 24307 28371 16989 7471 12187 
26142 13806 30305 18321 30169 14630 10690 31126 29074 11754 15344 30946 15469 13402 12249 21178 11371 4358 9248 9797 13036 17246 24514 3740 28275 24683 4601 29472 2474 1469 18784 12816 2982 30885 26200 22875 32107 17828 3243 25010 2227 29730 22640 8162 29675 8803 23087 24673 8063 7608 7749 24870 26711 19186 17289 7614 5026 29468 25903 8605 10194 18538 23533 21682 22247 14188 6749 30270 24049 22663 10403 14821 32208 5542 847 15110 28991 22573 24965 14920 1041 21295 9819 22901 12217 15840 386 18828 24848 4685 809 7953 19283 9290 10014 16552 27755 9388 6966 9186 9842 25785 17648 19543 4722 28125 19029 16629 28784 16799 8738 27543 22697 21970 28457 5849 4635 8464 10997 32299 12871 19300 25517 9253 27190 22343 4410 25371 9402 22222 17836 27632 23030 289 15578 10031 15392 15407 3913 11351 8582 28320 3152 17271 20431 11787 32633 9467 3204 7530 25897 27590 5839 4043 21124 28033 28290 17224 5259 27954 3162 18488 19079 23568 28550 26791 32683 7318 9315 9220 2037 31702 10378 4890 9301 21776 20492 18498 12817 4995 4092 32726 26984 1667 21038 13544 28534 15308 13887 28212 16215 21526 25557 22356 11919 1513 21032 31283 4265 17075 10434 11460 15903 12824 7555 1780 634 30601 29671 29917 13754 30232 396 14652 1272 1674 23534 29733 11850 21422 4981 501 13287 20718 8115 18057 19084 32548 24806 14509 1822 29615 23237 16855 3984 21957 3193 17942 21255 17930 2537 26693 3388 25698 14906 24196 6434 26628 24470 27369 22218 32209 19501 19570 10371 24803 26746 15422 19269 24936 28360 19197 3664 19889 32756 12966 11792 29062 30068 28776 22084 8125 5272 15074 3935 31243 1808 10390 6958 27417 15535 6811 1212 1754 6767 16275 26483 17693 6836 17117 12675 19038 17109 31756 25992 13026 4568 12951 8039 5123 19581 18897 24696 10184 19071 26908 26347 22200 10518 29786 5220 5104 1728 26789 10217 16244 11329 28992 20222 707 18152 18637 21006 23470 6165 15040 24589 18793 15864 22803 15708 20451 31131 14908 23021 17747 5667 21340 4775 7699 21843 17081 8716 10930 1361 7790 1049 31813 9133 7009 
20845 25341 12703 8310 21934 15103 7568 6658 25897 31599 26076 8579 13752 15310 22743 19854 16105 9095 5646 15880 25948 30660 13519 14489 30061 15238 13291 26974 12563 5621 5818 7134 29960 29429 21344 64 14635 4601 30287 20667 28706 30492 7949 27469 2627 29294 14904 13232 8117 12683 7367 20874 1490 3955 25746 7908 21456 5781 16917 23261 6817 26925 3952 29855 21527 976 22707 659 19788 3653 14681 14801 4161 11927 13074 31195 4293 4712 25030 16522 8345 8840 12502 6728 28369 5319 30117 25216 5757 20487 4951 26707 137 22165 3032 19341 7394 10937 8736 9687 14042 24971 29110 21550 26830 22537 8051 29843 29446 15975 1929 27652 31196 28070 3268 2220 28449 15208 27919 5207 10940 16387 16185 27432 30356 17108 32249 27278 4529 16598 17456 19572 28318 16754 7791 17080 12561 28057 5561 26335 11981 7441 22410 20999 30664 19980 7959 28956 10633 15103 17368 26959 4565 689 4420 8388 25738 5779 19420 16267 2251 25423 1898 15570 16733 26531 12939 19545 13393 11632 31595 16422 5604 22798 29136 12921 31395 17123 2650 3074 5331 20276 26377 14930 24847 30778 2303 10896 1587 15993 20359 23661 27769 29517 26711 8537 20450 4550 5394 23544 20952 6581 27153 21455 19985 8455 27235 28996 30390 3922 9490 30149 31685 14254 14248 1095 16820 17606 23026 3570 27479 11055 22276 30490 15107 5624 6013 2162 3828 386 8461 124 31980 30865 12084 22852 20765 10148 18764 5710 29769 14978 31177 11981 32040 14358 2752 26645 28938 20604 27558 13395 30653 20828 9307 27004 1713 13431 31078 25731 18266 31871 9603 27855 15574 21548 19547 27628 27856 9100 2706 19841 4004 3995 18182 7042 3011 6163 10582 10918 16474 18309 22946 27420 25390 10665 28050 12666 30154 31731 9882 3062 5597 19558 25980 30680 11486 31405 30478 2863 17137 20328 7741 26307 30990 7620 32594 1100 28256 9038 20596 13537 5355 6665 29550 25523 14706 12477 23731 28923 17048 23955 27551 14641 27461 16095 6144 7295 31819 32317 6357 6773 18762 27103 26710 22014 29905 14373 18740 5523 16325 10606 12577 5038 26631 31791 15507 13186 23121 26434 
4037 28137 15201 3712 18687 2718 3162 9617 26648 31148 28263 13571 20281 24870 18849 13722 16611 13081 23347 30183 32564 24511 28347 32284 28774 30709 18164 26143 27800 21487 31123 20957 6353 4651 17006 2017 29506 675 4579 22053 29899 21063 23160 14632 27585 2730 25023 31040 29679 14844 6269 12850 12250 22328 15882 30976 10058 13982 21243 5122 28421 8804 7935 31032 32222 27561 19975 1759 21230 1962 26794 10818 20770 3384 11207 26835 29686 9834 876 32634 16767 19087 11510 3117 7599 21606 17530 30145 25301 18578 16740 1536 25443 24648 9822 27131 14580 11339 26740 3234 1165 25626 20853 32657 1059 13671 24988 26157 8542 10188 29807 5872 23965 26810 11496 26369 16186 5042 27859 21512 9231 19127 23415 64 7481 13059 16248 13518 14363 10745 12284 24145 22694 18011 24845 14266 2264 31165 3903 5982 24963 26169 20114 4681 28752 15461 16537 27093 16131 13698 30172 30588 24577 32246 32380 2795 9231 9213 28181 28247 23900 24219 22248 1300 21442 16597 58 14436 20041 11552 23543 9869 21997 7450 32667 18478 5537 4472 9298 32722 31635 15935 29278 18374 32690 18232 7098 29224 13166 8349 2557 12097 32446 26649 9088 19989 11880 18928 27587 27447 14205 18041 781 482 21538 27605 18771 4934 23958 22491 10331 22560 1905 5714 18722 12429 24618 12131 14458 17952 15068 31309 16119 5170 26186 2139 28684 19065 21792 15380 13426 15837 7036 24753 21449 23430 26028 21972 16770 21050 19514 9078 12540 26086 10533 2593 13549 8570 21106 25440 28164 23290 24035 26229 3277 15826 20999 9545 10964 20331 26739 21929 16141 8699 17742 15022 12659 10657 18451 17021 20976 26545 22930 11313 13949 24653 23352 18966 17546 3637 7057 13336 27040 18655 29707 32379 18245 20683 29693 18636 22048 30225 15591 14615 17501 3388 29692 14170 4947 9818 27869 32058 14436 14932 29096 19957 17701 17020 19505 27288 23231 28261 29839 5746 27798 27639 2267 16328 5672 30146 29236 8394 2103 7059 23302 27846 20778 31045 23180 23964 1201 20442 31124 13682 1704 13515 29827 2216 32062 19355 24216 25614 11862 15794 2677 9045 19501 25705 23515 3012 
30013 22882 26293 32556 27490 24858 32600 23326 17980 25537 8201 22619 9428 26697 18367 32396 8834 17853 13867 52 4878 32468 10486 4834 18965 31686 32330 6059 29102 5726 24723 10199 13390 11344 24455 23003 15849 11214 6756 21128 22618 20054 24440 30337 9989 30158 25831 20466 17851 24530 32425 31871 20190 9037 30162 14203 3269 11334 25878 21595 23137 10749 16012 15722 30497 9015 24242 19134 21012 9430 20658 1386 4174 16044 10211 10997 21132 17041 4755 1291 32283 31155 2564 26995 3317 17454 17332 30273 10542 22237 18401 24141 6030 2927 20813 23011 13696 30397 23103 4028 3626 14682 31434 2605 19166 15980 31825 3231 689 23739 17995 23871 11625 3592 2116 22263 15773 12448 17700 22428 9751 1841 9140 24169 20093 27355 10334 28332 15153 25482 15413 2751 27765 6788 9525 23354 14547 23358 21451 22119 9916 5748 10648 31734 2415 7032 7538 30962 25884 31691 24747 18420 24137 19690 27030 8599 14454 15466 1864 20779 10236 10823 25244 16814 31547 15738 4218 22264 24308 9929 6488 26421 16884 1507 6656 26776 7155 9388 24980 10062 7099 31958 12496 6065 141 15281 32400 6335 8896 14404 26002 15050 28587 3996 8060 24176 23749 23396 12577 16334 5643 14006 11264 16881 27554 1329 10509 3725 17086 12364 24757 24050 3522 20201 1052 31547 4009 27438 15273 22729 28324 23184 28356 18672 23044 23600 14558 12015 18267 29035 12210 15398 2782 9388 24267 3459 20238 12933 7239 15678 12184 18687 6874 15558 31609 20782 23830 2811 25189 30472 28137 6813 4458 25463 615 32004 721 23724 26825 9490 1349 16567 26806 22119 15927 3668 30914 5331 11136 28680 27957 10257 26696 32109 1037 1970 14631 9930 29254 17239 9099 32487 22104 15139 5210 22304 13314 15472 23000 25015 23878 22209 29898 20079 27829 31992 1244 5462 13548 18122 21568 25570 18783 26223 18072 24639 1109 9886 12054 14056 11828 1208 20961 9845 10751 15172 5307 32179 19229 20635 8930 16378 14428 32228 2099 25531 53 579 1941 24409 16978 13902 12437 30778 4685 29633 30798 2077 30651 9586 22924 11438 12137 4999 16433 5463 4581 16358 17367 25434 
17216 26349 30134 20509 4115 30820 17864 3524 7104 7343 17196 5637 17402 6728 15305 23352 23944 12141 32563 4014 11845 13334 18642 30532 18540 6186 5441 30520 11026 4594 26356 22587 19444 4302 15902 28359 28275 18471 18385 7602 27613 26276 2151 26372 20718 19873 1314 32518 29847 23773 12559 5531 27645 9842 8496 18899 32709 7947 19417 31678 1679 7761 22363 28798 18624 17318 15328 31904 20869 4886 15510 10413 20757 24202 31760 1019 29750 20287 12265 6601 21762 9079 14250 15499 26859 29807 6893 7043 4093 6288 12995 22161 10595 30185 596 1100 20781 22749 709 24145 11088 8985 26207 2012 24558 26314 5869 8853 11480 16908 29541 9644 12370 3749 4299 11047 20758 14835 595 10107 26523 22819 27846 16218 3222 19876 26918 12237 12482 3547 31381 31874 25052 26137 7027 22631 24818 17866 9671 31864 28126 27887 6880 24788 27662 3534 3644 3095 17542 14055 14248 27876 10535 6443 28841 29121 7473 32361 8475 21288 26375 1033 24344 17370 20274 28156 17947 31607 20649 9715 18789 20300 7759 15055 1440 19820 8638 29785 21955 3586 22339 20276 12085 12005 11049 29968 2357 11629 15419 1311 21369 4742 10116 16589 16405 9474 16729 28844 25759 5684 24474 5549 30353 23738 6452 14998 9966 12698 7914 31152 24873 25489 4438 2752 28994 29863 30762 27961 21810 13831 16060 688 15753 22030 22978 11664 342 5282 31321 18447 2375 4549 29261 1889 30225 27241 11668 7979 1554 6022 25883 14650 32309 17259 28358 5493 6679 2386 20146 26128 18280 21302 28093 15363 12435 18921 6472 6075 23201 2913 12347 29199 23130 6994 8522 20853 25774 16899 7799 16246 15956 19802 10712 12895 20145 26680 24475 16186 23035 31757 8519 10236 9886 20643 1604 6656 4575 24126 13726 12468 22463 1511 3334 4243 4642 9221 14618 11859 13104 12589 8934 5727 32508 25915 22186 18567 18531 4258 18397 31734 30008 8192 5747 24421 3486 32246 14684 10639 23220 18230 12877 3557 22648 1245 11970 27010 32485 24836 14916 15457 9823 2449 26087 17102 2897 13651 2328 17178 13589 32591 32661 25491 17428 3156 2237 7347 27438 11990 11274 7064 
6236 31993 18140 10420 4243 3307 10104 26310 748 19319 22864 32265 22275 8407 1669 1963 15004 22474 4778 19840 12941 31463 21195 12792 13016 7217 1709 21583 535 15083 30552 17667 27677 15278 24275 24203 2010 9912 32047 5702 5247 8327 32454 22962 12771 20647 6085 19422 30757 10952 30952 30498 12948 19987 389 18189 16843 28350 21196 24223 26912 32222 10317 7864 2880 893 6587 28881 6675 24301 10735 10730 15846 24923 18223 6595 30664 30375 8369 6735 17204 20596 30043 13158 31473 18299 16333 9914 1335 26404 25505 30732 2835 22359 16369 17824 16140 6287 19226 1262 30471 17969 7104 30618 7528 21277 787 27814 15738 29826 7248 8679 12049 12022 30090 22965 9582 14790 13738 30951 9570 11402 25525 16639 9911 11005 13133 31393 25803 780 31355 9290 8830 28973 13483 31038 25934 32498 14072 25794 27585 12254 31146 13708 25348 28791 6909 9592 8145 31644 32549 2428 24213 10777 12686 15838 20179 24697 27496 8868 28099 3868 25443 15437 29760 30857 19127 19646 23521 12804 7016 30847 16229 4708 7112 19495 6740 799 15165 13845 11235 26535 11332 18529 280 3833 24502 22290 27184 25458 17739 18066 24382 19685 30044 7775 6164 30956 10221 13314 23398 32123 7402 581 18733 2491 22961 161 9290 6421 24529 3830 24428 23692 16657 18815 28979 20049 13493 22788 13206 9105 4604 4945 21122 4242 21485 32744 3523 4862 2643 5363 21032 13951 23559 16508 28130 1931 32365 4576 25646 10370 17985 6017 9268 15606 13716 17596 10030 8009 11025 29723 14796 5246 5765 22987 29911 29257 22175 31312 10518 27496 9204 31095 17006 30262 11589 21900 26188 382 18693 25294 20808 27533 24598 6944 14338 28555 30164 5633 12112 32011 29012 15550 24476 11744 3053 3814 1927 20018 2296 2815 4562 10962 6869 3959 17023 6603 6447 18398 16179 28986 27776 31314 30431 24671 21207 18746 11423 24307 25049 15671 10723 9916 27141 11095 23500 27488 7997 19340 24537 17527 10882 4957 17346 32227 2304 10460 31908 16996 23626 472 22879 21607 4070 851 29756 18719 30732 13622 26580 31191 19883 24132 19245 8071 11181 7245 14629 19621 
29052 19620 26388 14653 11973 22739 3757 5444 31868 15244 12069 21802 26400 20963 27032 11438 20032 19643 31912 11254 23870 22142 9063 13023 339 16658 23415 11922 211 20488 22127 21848 6066 29462 6785 21679 15688 1223 5722 9629 30545 24945 11338 31556 24120 27240 30885 32695 13973 18801 22377 21260 17396 2169 27936 178 14552 20871 14088 24325 26623 27376 26226 3360 6888 17354 2920 754 12691 9378 21138 26517 28552 22642 23131 8666 6682 25037 25423 22313 19437 4189 24519 19592 8630 2703 9929 24057 9282 8077 20010 9 5050 30061 28661 32678 30757 26535 24337 29745 6958 10701 3869 6100 20263 630 13215 31254 10063 12924 23134 16556 1360 23655 1292 27282 8204 40 1576 18779 26521 24331 9507 9414 27274 23527 19906 15505 8305 11159 20163 7314 15778 27054 27587 30467 29753 25959 18015 31006 18014 15067 25242 19946 19911 3191 19070 17236 7295 28844 5383 17793 6886 26600 21564 9315 1786 28358 11935 22410 30932 130 10183 13373 4213 7599 23628 18890 12483 11052 13539 22554 27599 15700 21706 5256 1113 9077 18279 12531 10390 18307 12588 22802 18993 13838 1981 6664 14223 25202 5461 26681 23127 31566 19302 14171 16178 25399 10367 22736 19151 8621 13683 5171 16427 24653 23992 11825 31759 18505 9997 20890 2522 21526 3167 3767 30080 26980 32750 25823 32467 20307 22700 2629 4609 21732 12005 26132 10590 15277 27685 28862 31844 15058 4695 28304 8184 11824 32298 14475 31727 17883 10425 1903 14801 18891 11370 29976 4317 17874 4374 10253 4941 12753 9067 23895 24795 27180 23439 17551 25219 3195 5894 25147 29579 3203 10710 27739 7105 5476 2793 21822 16132 2835 8114 30874 26117 16395 27412 7900 1103 13120 9087 19133 24453 27221 29788 1302 31723 15374 28331 6901 12840 7944 27882 496 21067 20648 28217 22201 30731 26705 11453 10739 29779 10970 29506 3908 28670 12863 30244 8876 11231 15766 13167 30741 516 15685 7749 10539 3131 28531 6528 30061 5078 8380 1433 10372 11948 25897 26057 15060 11616 23903 24685 24658 16102 23574 7855 31125 27970 32717 20323 6959 22419 5308 20783 7997 19793 21259 
18415 30013 11987 19777 8535 9248 14100 8959 19674 12960 4790 19438 10955 27092 26695 3830 30403 9730 13764 31153 12610 10676 10075 27679 19609 9998 19317 3227 8455 29534 18420 14349 27682 6389 29881 16994 24440 15158 32618 6969 631 236 31858 10975 27530 30945 2377 31614 5253 11436 25589 657 20035 21962 7121 7835 6029 26864 16269 7449 23358 27552 11382 23733 22949 18427 25335 24508 16683 4822 1120 25298 14902 30735 24039 19429 27213 16673 9453 1375 12924 10743 18562 6560 11514 30718 31786 8875 11785 1918 24545 25119 19486 17194 26974 5482 13122 14838 29333 23097 18360 18216 4479 14130 23520 178 7453 7398 32091 24511 955 29441 7536 22412 22130 1476 6318 20089 11760 26550 25043 11616 19580 7062 21485 31013 8500 6803 28607 10894 4249 2752 2150 14421 9806 14786 9021 1916 5149 12235 3837 13793 8763 28365 30249 29458 29901 12775 28841 23394 19114 16676 22708 2365 6499 11620 26356 20664 10881 2202 23013 22892 7693 28216 11391 2693 30294 28648 8212 32022 4334 14973 7547 26800 12534 1833 12654 15922 32411 11504 10289 25826 8161 26204 3188 19901 20128 8051 3451 20748 4043 24550 4220 2616 28664 9611 29001 9695 26909 17165 13870 22055 21912 5859 15133 24915 5235 11902 6152 32404 17125 10695 18063 29985 12060 29384 19163 12681 26681 7593 25546 17736 3997 1247 1612 1177 20323 30112 10253 13964 6701 154 7508 2904 6180 17124 3627 19698 25914 15157 18112 32223 1203 32596 26379 23110 11747 26063 13745 28489 22073 30704 6696 15509 7292 16365 540 5176 31061 18271 13842 11444 22798 23029 24908 6481 665 24682 20716 7351 28628 26548 11868 2491 31499 10367 14572 9850 1470 8921 17085 17828 31909 8751 29919 2587 23794 15736 7862 2237 7894 10160 5282 15485 10566 25736 25054 185 13055 13660 20905 1480 13512 21093 5028 29650 20727 17456 32636 12260 21558 29006 15304 30531 13191 13390 19509 17665 11142 3560 19168 13775 25838 18299 20739 24082 16991 6586 21204 17977 15199 11169 29354 333 26782 32175 3938 4553 9598 5455 4609 4269 27346 31895 16026 19150 18150 27188 3187 18544 
5825 9637 18787 29462 25766 31656 3198 19865 4065 22258 15349 29304 8640 20771 10807 19567 29663 20473 3676 15691 2984 708 23492 9980 20251 21530 15611 2796 30411 9163 13792 13199 24873 23831 12551 7228 11013 15647 31835 2875 12626 23962 30984 4639 24618 22473 664 26709 29458 5037 20827 21502 2686 6007 23565 5370 15000 27456 31923 1605 30525 25850 23750 27015 328 28839 27795 4326 14612 10441 27106 23327 31292 21273 14806 13781 25765 5499 6676 6697 14015 30514 27943 14218 7431 592 9764 16590 6865 6513 6025 3970 28740 21929 10603 4479 8614 187 15057 13502 986 32652 12891 17774 29222 16599 551 29251 4410 1057 8948 27408 17262 3312 19080 19864 12876 5688 24912 21666 4430 6678 31559 32075 32232 16832 22552 5792 8393 4541 11911 28524 29791 9809 18189 5711 21657 5180 10690 24592 15344 16804 25473 10292 20904 19279 9798 32720 11603 18965 18650 16027 29592 3221 27059 10823 12338 6440 14613 10258 4411 3091 11902 11416 26539 9729 11585 24043 4380 7856 23665 7141 11984 4074 13824 25277 19956 3255 4392 15321 25894 14545 11274 12515 19254 29784 30870 29983 2857 28615 12458 14588 14724 15399 30078 23529 11975 11138 32319 28777 19255 5531 6650 18026 10208 21724 2236 28627 22747 3984 28664 29532 9421 8530 28200 8610 21936 14533 4535 16507 1750 32134 14111 134 5162 21087 4687 28935 3770 1982 26447 26098 23154 4709 13862 1094 22826 6754 24060 26780 18148 30274 31612 7168 11086 26242 1660 19199 1167 9542 29408 29441 3903 7757 22715 31194 20407 25381 26552 25499 16524 12187 10681 6830 19030 4726 22717 32290 26806 3685 19463 10819 8343 18229 16509 12142 11187 3911 78 11043 32089 26946 11735 30556 1134 20997 13768 25629 20147 26336 11394 12109 28997 15363 6852 11972 23146 30518 32135 24741 28810 715 32038 21998 8828 27857 8130 11085 19716 18059 31461 1078 6553 6177 10341 15410 14955 15508 652 17018 10148 14839 27509 21444 16878 27101 9145 1629 32310 1550 29772 23672 32432 28030 12193 20678 15644 13695 19989 4422 10823 23349 10634 23647 26324 10570 7250 13356 31036 9700 
1872 23575 9492 7380 857 21673 18319 6673 16864 18848 23875 26724 24787 9794 5424 26724 13760 17394 5374 21413 21564 26369 21126 16429 21381 32198 9876 30759 5990 22001 31979 31196 8283 15388 17802 13278 9974 14755 2862 20870 1665 25782 21272 11169 15077 30380 10768 12647 30155 7322 682 23981 3840 13861 18632 3163 21534 30356 20064 17439 31593 7210 30080 18531 15863 12722 15247 1917 23828 3675 2517 14630 5860 1990 28478 16686 20042 2654 10074 10862 27145 3048 4777 19965 12073 3162 1046 31399 6813 6385 1985 12442 32290 1406 1793 17763 25706 20481 28074 1049 122 25208 13451 7640 11345 9977 30011 32369 15050 8703 27414 22880 8387 1794 1410 767 14719 31562 28535 27129 10825 31492 12350 17664 10586 5270 18808 18627 11261 28208 30307 31258 16369 18851 28761 28804 5135 31351 23705 7380 29740 567 18250 26663 15425 18192 20413 16153 1738 6299 27123 23865 6763 30454 22879 27834 23257 20505 18668 20075 16632 10087 9282 7657 7745 23428 5701 17938 12135 32359 20703 14782 16954 29616 512 9386 29387 18747 6627 10421 17361 32245 18066 31567 5707 10990 18604 30510 17511 17072 1382 30274 25507 23248 31184 2028 29234 13250 29530 22379 29601 29425 12694 22167 16570 17167 21823 209 3753 20138 16507 19002 29021 18689 19549 3875 23857 30997 30638 6085 27596 31491 29421 1074 26693 11152 11668 13452 26251 29190 18589 373 27141 23615 4677 22726 24437 16639 28432 4740 28194 23687 21517 4624 25654 7014 13915 1949 16997 1939 5100 26087 10959 3001 31113 24611 14120 210 10774 1073 31254 14839 19224 17689 12250 630 14964 2485 25139 16934 29049 5035 895 15351 6433 21151 17700 6861 13204 30630 11566 16527 32494 23805 12090 2938 30018 5627 19602 1468 3551 15172 32665 13118 9170 18240 30314 29121 9644 5835 24764 7980 29317 25134 21769 31268 2112 16974 4335 28894 26385 5668 6358 21041 20029 23661 31443 5360 13857 21923 14540 10614 11126 555 7645 2434 28627 20688 763 31302 883 4464 18135 13498 31801 32757 32005 26678 19953 31623 6238 19264 26585 15873 5283 11939 19296 10145 25443 18113 
45 29443 8222 7977 2403 25936 20394 27756 16420 20147 11990 12333 14164 28428 21582 25464 3231 4841 10686 6997 19133 31922 58 23452 16628 28195 17374 3082 29663 26111 4785 17301 2927 26115 15055 24061 25135 21785 25544 4004 6604 20943 26435 27551 22740 2311 7399 4109 5566 25840 7547 27815 4907 10293 16715 22425 29035 18804 24014 25745 31043 8945 1671 12821 1005 19084 21801 8473 9313 9712 31998 10961 30163 3854 11657 18628 13181 7370 2155 8994 32158 25587 11907 31063 28611 17529 10329 30944 27717 5850 11709 30301 16659 19934 4267 15592 2481 24708 20338 26534 29313 4156 4629 31131 16706 24406 5874 10179 18134 19387 21153 2398 7752 8667 18207 8843 23821 31718 22060 32024 6282 16703 4849 17305 25815 14894 22246 4791 12483 3029 7667 29899 8984 12389 28118 15276 23840 16273 19652 11460 18023 6979 2899 13162 17859 21646 26007 3436 2962 23781 16267 9706 20803 22410 179 4715 12824 8008 21248 26154 297 21605 18676 20401 16557 1747 12038 13481 7797 20646 3144 16369 6585 29899 5703 5613 13847 22006 7219 8993 24537 23004 11584 14590 25975 3235 32331 27899 10844 6294 21185 28136 30445 26142 27837 17279 2504 30701 18544 11325 20041 22397 9926 3440 23635 9657 11078 10640 9549 9210 4411 4306 29290 18740 15377 32763 6190 14194 9985 8562 814 9599 30705 25754 535 4326 14741 24414 28913 19485 219 28174 10661 15614 390 1385 23997 24438 22040 27387 15724 24705 32502 18345 4046 25942 23751 18570 8304 21214 10781 16888 9747 10603 14423 2279 1709 18599 29638 30326 7345 12235 29454 18884 24976 3601 5583 23557 8576 14187 30341 23253 7292 20853 13229 31947 14476 19624 21546 25682 10566 32209 19174 9396 12437 27586 23996 7544 23737 9544 29590 8174 26511 13149 3538 4872 6931 31646 28907 2411 24355 9983 16469 32198 21638 24765 4520 10595 8492 404 15105 10492 20919 31539 24741 25551 29755 6125 1512 26868 20546 25265 9550 14063 24596 19260 5103 8578 28469 23181 13344 18885 558 2969 15183 23672 27536 7233 3887 2711 12855 27265 32278 28719 11468 12778 22179 23921 30349 15698 
8867 13828 8529 24778 2357 23200 18630 20432 7213 20697 27390 9158 5303 7480 10794 9891 17213 912 23461 13801 13962 8591 2100 20951 24111 6036 16780 11487 11301 13248 28948 20314 31157 21328 1005 9083 13205 28202 6192 32129 4436 181 3958 29745 23543 18414 10910 7556 2021 953 4810 925 9728 13172 29611 26109 28693 210 2815 6906 29814 19687 20823 9581 9445 4991 8222 21164 19636 6324 30935 29880 12843 5312 20902 3255 26410 21007 2834 31140 3343 29081 29449 32581 4058 18798 31012 14685 7312 4498 30765 20260 22237 21260 14559 31476 4604 19770 4588 14917 4316 17767 18757 14811 4475 29855 6805 21054 10134 1986 1806 10347 10885 26072 21097 18121 14945 12452 20776 16990 8295 13180 27679 16451 3745 13400 32050 28501 707 23336 26976 18990 20563 9067 7169 13652 5644 3069 18251 19887 8837 31024 3611 31553 3086 32031 31475 7185 32730 31295 26686 23400 3172 21559 15836 2368 27403 8946 10202 1530 3327 7154 10881 5711 28513 9703 14227 13193 31398 19072 10449 11251 28989 31361 17344 10126 12657 22550 10925 25861 20112 31590 24303 17123 17741 25964 14444 26884 20323 5378 30303 9801 6779 29247 19800 22160 26192 1027 5764 25828 19985 9168 1070 15856 16647 9180 32646 18106 28279 7012 5025 11150 10442 19778 2498 6967 1003 23746 6872 17014 13041 17586 23111 7084 26878 17592 15851 26330 16742 14569 26458 24011 29460 3990 4714 30864 21290 20841 19700 22061 27368 28593 23511 7570 9423 19707 28991 27341 21766 13282 6183 7293 8444 12328 31004 5514 2639 32261 23620 18195 8429 958 3232 5800 8313 2426 142 29882 31984 9042 27538 14159 8844 423 7509 3322 27880 7096 20974 7179 6502 26739 22369 8707 14542 6540 11365 10059 25655 3277 31851 6949 14635 26541 7387 27618 24838 4387 28577 28502 10143 32188 20200 12169 25898 492 26149 28591 16221 7841 7256 32090 1490 31774 29583 8687 11693 1799 427 18518 12414 25528 26214 10998 21097 11227 25237 7649 4996 10810 29867 18763 20608 2257 7807 26689 22156 9512 14415 24472 28278 32480 29956 16675 8979 29835 31671 3881 18146 17089 
14965 21525 31980 31088 22079 25200 18670 23411 23637 20749 27322 23654 6325 1923 2267 12473 13790 28384 28280 9220 2521 6812 24699 10650 13434 32204 19953 23393 29412 152 24500 23265 19531 2543 11080 18586 31742 20858 3332 17819 15524 3534 28018 13136 22725 21221 30200 9628 9357 13519 30903 15143 17613 677 4019 20474 26435 11711 14132 15945 20507 12582 26477 8591 24757 3404 29020 20449 31657 11259 8945 32123 27145 16524 30322 16032 9702 30809 20766 23457 11797 3957 5393 11067 18226 7578 2663 26405 19942 12130 25508 12010 32358 32698 24916 11509 21820 26004 22766 4586 27978 18909 8958 23101 32524 14767 13443 4605 25885 26823 26518 2800 18941 14393 14157 14565 25361 5474 29407 10310 23787 17695 11273 17133 23756 28476 25776 22328 15207 32304 16327 5472 23784 9991 14707 30470 18997 11679 10861 17679 28532 14615 6825 12210 9165 19589 10037 11471 24177 14311 32611 4227 15579 5469 15658 5113 15958 9877 7370 16003 22719 9862 22447 25833 19084 25441 9880 13057 19981 13508 12024 29567 4594 8753 24476 2575 6926 19904 143 21409 29530 30480 31291 24836 19005 10883 6096 16311 27146 28843 18666 17660 9931 4607 9838 3885 10813 17107 16052 12627 16667 19335 27884 15605 3487 254 16314 7726 17223 8529 13092 32258 20437 26821 16814 7922 5529 29435 4291 26574 6898 15463 15447 4299 21267 22531 1483 9942 25603 11589 27153 22823 3559 21070 25360 17688 6020 22116 22602 13368 25600 4258 700 155 5608 18158 18437 4981 25464 16684 20683 12775 22 7345 24155 3097 16159 29691 9103 17033 21478 11935 9461 21923 21242 3458 25645 13201 22696 18252 23187 22612 30913 18714 1823 13332 23454 28532 5001 19380 11360 19326 21680 18346 15484 18546 10812 25870 120 17741 386 31984 18927 30409 32681 5615 25307 9612 5899 13319 28180 7327 3038 23211 12563 23585 11284 29972 11004 25661 15999 6360 7388 11353 27961 22206 26414 6800 12099 3537 24741 3939 30060 29875 2597 22955 7797 19764 17426 9938 30322 30243 26830 17219 17779 20325 28797 16159 12644 9283 524 19250 30514 4104 5489 25125 16176 4300 2868 4597 
4280 15499 23854 31140 10517 19578 19601 20270 14752 29338 12584 446 20778 11661 19936 19490 29850 3753 20104 19324 10967 9803 21205 28219 32745 2669 10921 20298 17243 11131 10132 20871 1507 27491 10140 3959 6725 10988 15673 29496 7540 16712 6308 2743 18938 4588 5713 27683 6811 13471 5818 16033 53 25553 863 15169 12011 9519 9483 14896 18050 24692 12120 8240 23051 22658 9589 16454 6851 15025 31783 1458 10807 14439 7438 31268 22444 24297 12074 31789 19645 8560 18590 14836 27974 18816 28083 17450 28289 16757 287 19776 26991 27999 2440 26839 27770 1551 28740 24440 20568 10866 7523 27269 21554 6942 5359 27759 17670 21547 31090 31018 13386 31044 6073 17118 466 18429 24536 16096 15603 1127 28526 5856 8425 5091 4394 14948 12406 14899 21902 9333 13516 11479 10483 10647 9133 28822 2766 25087 12497 13659 18993 1025 3720 9282 27541 17096 8608 21491 7126 1353 11401 22319 21631 2425 13751 6568 5448 18366 11592 32534 22237 10916 5607 30855 6881 28370 13552 1014 15667 16188 3540 18976 27248 24986 11456 20115 24505 1816 1145 26120 22454 5455 25483 26354 18650 31604 17570 18519 22761 26575 32312 8927 10680 29039 5488 18475 25397 2589 14402 25703 7846 19598 8921 24099 5942 31453 29753 26718 17325 16696 13861 31460 15743 4313 7232 9435 6408 10039 15986 28056 4886 5502 21133 14263 14248 23613 10545 23146 26101 28511 29165 25873 21936 13917 2726 16651 395 23730 24125 9676 6906 1678 5740 4912 27449 15822 9457 17935 17808 11052 26607 23314 28374 28595 28049 5061 7732 12919 6896 29165 31531 13954 14903 7451 15576 3345 13317 18049 20087 14337 30738 32517 7463 20612 22806 13204 29420 1560 24550 17337 762 2490 23008 26222 2865 14678 9866 20786 12004 8067 2166 21851 28382 7021 32105 26542 25255 17682 25019 17965 5891 25010 25345 12336 13756 31872 1514 25783 23201 30622 17255 23295 14799 10568 271 26963 31535 22864 26817 20005 28480 13002 25483 20317 279 32264 15306 25585 2468 14025 10899 7094 26678 21165 21586 14710 1089 19436 30897 13122 7264 17480 22972 3337 1686 21568 7746 16746 
17881 23175 13182 11463 6353 24500 29174 11931 26077 25147 2468 29965 10327 7836 31060 9925 17177 10202 5453 24318 23615 25647 24883 12252 9775 16894 16684 7936 14807 14601 17986 20571 26166 27620 6665 21311 6430 32170 19841 17852 17720 28654 3901 16937 26952 7412 3269 19201 7346 8737 826 10481 17726 20145 17208 28462 23064 27304 11264 6668 22555 27147 25047 31693 19278 24655 17321 27574 4527 18450 25586 27497 15152 29449 2271 13934 11008 13882 30640 28691 24075 9835 3936 25462 31428 30938 30344 2528 3618 23598 24705 19284 6632 23982 11720 11624 22570 11953 27559 25684 22541 24149 30482 31305 22478 23412 18128 260 6 21204 8411 418 25644 15774 16136 7862 27739 13330 9962 7321 3157 22648 14580 17409 27593 28250 15071 21205 25553 29168 24907 28480 30143 17372 7337 20741 7961 15640 11608 5394 12002 16172 17166 28503 27 5284 11130 11992 15754 13761 21544 18433 4794 17775 9124 22842 28227 23159 28130 23996 14667 26870 2013 675 10317 24590 15999 21060 2330 20443 13505 10688 12829 11176 27923 11482 30434 31843 510 11269 17882 5967 21000 12481 21336 11513 8920 9256 30176 17517 32666 17348 6049 30377 22181 22692 24896 32338 6747 25775 471 28582 26961 14904 14398 11442 433 12754 393 27077 988 29285 4305 22052 18515 32641 29752 15615 19671 499 2855 12964 31951 32406 12762 8691 22763 28524 17951 19986 16903 29421 26970 7266 27474 1439 9165 15025 14255 31207 19734 30129 1627 8735 24057 21416 13008 24808 3936 18282 19434 5058 27296 3973 17993 3034 12030 5563 11766 2338 12402 25269 6985 27559 5035 31221 28426 3872 2898 12813 6614 1218 31379 23822 29380 8028 8410 21828 24905 1439 13018 16928 24153 16061 1236 10614 4303 27959 10774 8425 2319 11247 11714 13219 24554 16773 18640 20553 15554 7648 14678 21293 1774 22027 7943 198 18015 4675 250 1118 30596 8782 24750 18187 22124 11278 32330 13024 25899 10325 12841 13924 12670 8699 32661 7235 7602 27438 17619 2884 12481 15626 11361 17019 12735 30057 17275 26048 4724 26365 23011 28256 27979 28572 3810 5138 6763 18650 12170 16940 
8227 18141 19007 27926 651 31085 7030 23551 13928 25419 14267 15056 15185 15300 5881 2142 8464 28293 25846 13540 31819 19889 15133 1200 3684 10801 10112 2844 9373 17996 9501 20928 29312 22135 26976 32742 27518 1134 10986 5694 24534 10371 17809 4820 24760 11574 24488 4414 12202 20743 29824 15130 15660 14984 26670 7352 31383 4790 2191 12819 843 6537 8074 16390 24841 26826 31381 19900 28574 22821 2939 21097 9154 15743 1628 27447 14655 26762 8437 11652 3158 12438 22305 26954 8798 26026 22688 28638 9646 28115 1048 13022 22717 31676 4953 20324 17544 4991 23781 22912 9780 20923 20144 31718 24565 10471 1572 16355 28974 2277 10600 4502 14810 9434 26082 21596 3370 19262 14331 7052 22383 1071 24610 23397 23355 27147 10515 9796 18883 28733 25433 18970 14984 3159 14865 25118 17975 30050 17650 12479 18637 28017 31626 21981 3838 18813 28106 13624 29400 11116 26053 8489 11172 8819 22197 7568 21773 9630 15679 20237 29060 7341 21752 27251 27618 27426 18215 14457 23631 12696 14029 435 5219 14678 19938 30401 13964 15908 12258 26823 23728 2654 30088 26141 4627 6470 5593 3911 9338 13214 24677 14375 4241 14967 27850 10609 3466 5188 9081 5728 31751 28722 17341 6823 15418 21436 2809 21675 12106 9849 24881 28655 26617 12345 11979 13263 20101 15697 16279 27250 15307 23859 22286 13306 20402 28482 22999 6653 1735 29156 12432 30521 21285 18392 18378 1923 15512 26570 20821 13313 19458 10788 10943 28569 17917 10536 3351 14249 30913 26428 27126 3321 8521 12164 6593 30958 11185 25782 16168 29440 21219 12842 1010 14957 25458 21297 4861 30767 9670 25768 29568 15660 13178 29901 10644 12462 15362 17745 16371 786 31889 29614 7935 30916 28473 31674 21766 8555 30037 18556 13252 3936 292 18239 26409 9061 694 12518 26973 16532 7180 32127 30722 31893 24699 13851 28345 8212 9041 6364 10983 2930 6587 17231 23737 21435 21478 22268 26981 11225 20837 19516 17075 28167 13523 26443 22461 22920 23225 926 754 22680 22449 10615 6497 25251 8652 8630 32565 20149 26930 31730 25979 10802 25608 15048 5420 26567 4503 6771 
27495 31392 14506 9629 27390 12763 9527 3189 1844 26685 26946 29186 3013 23588 9471 9143 17959 17341 6711 28487 21520 29047 3820 2747 15160 7352 17216 17089 11872 8910 32403 25415 9107 21544 30700 3656 8108 8646 7578 29926 23320 16110 27 9914 9181 2849 25660 27496 8411 22605 16514 23158 23122 24900 10697 9566 11173 1133 29483 18401 606 5817 1315 4767 3697 25305 12274 17381 18373 10415 32066 8902 27888 12546 17674 20589 24387 18805 2481 17329 6 15546 24438 8938 29444 6915 25359 28675 27211 26297 912 15057 24365 31089 9103 19875 23690 13596 21894 2075 15954 21885 14200 23612 2629 30177 12760 8643 17917 7946 7590 13243 28207 29036 5595 3148 29486 16284 30727 21204 24240 11525 22585 4153 1749 9437 27679 32125 29285 15703 12654 8338 21081 23322 21380 11120 13470 10483 5197 20838 21525 14278 15459 1709 10718 23243 22137 24131 9174 5110 14841 31222 9310 9399 10476 16575 12127 5860 1307 20306 26763 20980 24691 22259 18149 4205 27822 24203 8579 18847 3632 6651 31122 25491 5679 19376 9628 16703 26647 25720 16902 251 3629 21908 2781 32569 370 18702 722 29040 10442 13389 2946 11609 21341 30950 21243 28766 12862 1973 14972 15184 5451 14893 6781 5720 28500 21996 2031 20784 25983 28306 32453 5010 28138 6612 5555 20977 16787 10700 7990 31336 9589 24979 23508 28144 20212 22546 8613 6613 26491 32021 7442 17771 29540 29857 3805 26621 8216 15496 11106 6918 15735 20538 32540 31907 26234 16094 31850 5705 7446 26530 5779 7091 23908 20559 3592 5663 27648 18976 20970 20410 25519 22740 6860 4953 17988 4098 8890 5225 5316 23213 7802 4905 13000 24856 23569 4375 6435 219 10890 10663 7109 2871 28402 25403 18143 15783 2727 3152 5960 10423 30419 30965 4640 31001 14643 13442 32691 22262 5661 31622 19871 20354 9153 4609 23610 31955 8879 18900 15150 24563 16281 19829 6502 8500 8794 743 27694 10947 28216 6890 4501 20864 5990 8303 29206 13 12749 7246 25976 6181 7437 8507 24307 32304 12734 21495 9364 788 21499 17347 5603 8269 3873 10010 17858 14912 7892 20639 
27544 23756 2371 28757 28591 9763 11949 29966 5851 21464 29221 8742 4445 9785 24466 11632 28934 3550 29433 31089 19104 22402 25855 16332 1673 18962 8361 16382 9377 27396 18023 17995 30566 23786 24657 7928 6750 3143 11184 18875 10166 7841 7104 368 28968 22487 31156 27661 16418 27061 17915 1752 24868 25030 16066 8920 32361 10601 12218 1417 3531 19495 28443 468 21985 30788 11241 7485 20074 28052 29046 5471 24558 20112 1064 22933 18082 1961 31612 19707 7309 16605 15691 25749 20201 3463 15948 30157 716 20091 11227 18723 11527 31314 25336 17696 24910 16387 22675 17803 7322 14260 22279 29408 3788 5583 13540 11774 10131 5207 26865 25632 27279 1661 8049 24334 20151 19054 13478 26005 11512 3440 14484 16436 542 5677 24583 30232 2040 2382 1751 22091 27063 23628 10091 8488 6040 27267 27516 26130 32195 24713 14875 26981 8818 29117 26358 9901 28501 3107 26327 17174 10806 32367 11629 1060 24793 17503 6223 7844 19494 27982 2878 29155 28297 20743 8618 797 29082 1751 6520 19768 1785 21222 23299 14514 20604 32198 16993 20441 5005 19021 3559 826 15309 32160 5615 4699 28926 11665 12760 27821 17439 18731 28239 7868 14296 3978 30925 8105 10265 26865 25697 4826 21759 22038 11184 20976 5367 27072 5178 21241 29221 148 22239 16103 14087 11052 12705 19522 11861 32362 18091 12825 6700 15884 27795 18238 9836 5504 21468 8627 23135 21241 9663 19039 19867 22722 42 22789 9257 14547 29450 3191 5606 11938 25286 13063 1322 27451 29707 30527 26792 26515 25807 25810 3221 12569 30352 14801 28429 25743 19933 22562 15282 19224 27416 27439 10902 19858 8314 5595 18011 12837 10583 15546 23960 22556 18084 16513 9087 26100 1206 15547 17341 7603 3660 7870 28066 19324 12496 10462 6786 607 30170 13792 4955 7029 30198 20658 31159 11053 18599 29785 22484 24801 13740 2090 31747 1197 2945 27709 9038 1920 16169 10783 14173 22899 14635 7623 9115 31322 29659 10955 1428 30873 20186 20948 15521 21050 15328 14928 7368 27708 10425 1126 18654 5165 19086 30511 30702 16379 11878 24355 10719 7 13036 12497 3920 22395 
20339 17364 10439 28382 19511 14850 24843 21733 20454 26342 9934 16780 26207 19313 18831 3942 25785 31212 7615 24369 20103 30257 11299 6574 8282 26139 28793 17328 9096 9787 27486 22642 12076 5836 2927 7725 31342 13545 12719 10474 25605 21502 21801 32661 21242 2941 2518 5972 5294 11474 28352 6423 23582 21912 18280 9583 18022 29197 17509 2723 2180 17347 16207 8449 10847 16537 28123 16754 29448 24042 20551 2641 27199 7172 24313 26237 4921 26076 15203 2733 17568 6400 26665 23812 16860 18892 19590 31462 31121 6113 1772 20745 3432 9939 21226 31183 1811 3874 1619 21971 24203 23404 27037 4801 13724 26080 28551 5228 27812 10742 4094 29722 29848 24157 19010 2594 583 27445 4677 13754 1763 4223 11604 22282 4541 20690 16888 12165 32592 29775 7967 7288 6529 14295 32375 24547 3365 31867 17947 27529 22724 2867 3441 25155 6300 16595 26962 17305 21481 13884 17260 30099 12132 14543 16613 8397 10506 10024 31809 4810 16670 1544 5766 6794 13425 24978 25502 4959 11233 20155 13820 4604 1312 8444 3459 26575 6327 10313 11683 28817 8522 2887 24261 24091 10269 4538 24297 30331 6871 29500 17805 30791 28294 32309 24273 6449 29668 11015 16858 21212 16601 28553 9844 29166 21312 26295 15867 7015 20718 8360 4987 15409 2288 11968 14102 5879 6677 16422 14502 25659 25261 25208 13732 14499 7567 15038 32329 9620 20577 19101 5618 18434 28435 5582 4809 14727 22701 15310 8354 6066 4427 22998 11043 5537 23909 18701 29480 19410 8788 3325 4965 14902 12306 1603 14414 12423 22594 15755 3891 4316 30320 23228 12464 8315 19865 7280 2628 23278 24302 25511 2880 31577 7637 10172 6371 12298 9521 26264 3523 11346 20963 25893 18542 3219 26257 21509 3410 16539 7333 11397 16346 28720 18073 22988 14042 3564 26483 601 12333 3148 25483 1452 10141 26883 11924 578 5378 660 6874 30663 21934 27679 11721 22920 17673 13179 7599 9511 18553 19846 23747 20882 21125 7353 21861 10805 8505 17920 15271 27247 15308 18376 6157 11587 29568 1881 28561 1361 27594 18534 11498 20740 28083 17122 12046 7948 2686 19222 8438 14095 
20875 16369 32417 6811 7547 13215 27483 4704 15509 605 15679 7068 30824 19339 25083 18902 16562 258 211 28879 32129 169 32233 10934 19608 27715 17083 3739 11796 13195 28653 11046 25680 1155 23625 6537 2821 5641 1284 15539 10678 171 21314 198 17739 6588 23261 11980 13564 1191 30306 10406 15984 28292 25693 8516 15654 10217 18903 9500 22805 4355 15900 1748 4239 3045 17346 1090 6507 26911 21222 14231 23907 659 22713 10455 5563 30852 20540 5005 18980 17648 22599 13500 14047 6432 27344 13592 24101 14717 6506 886 18631 19365 29452 13186 14866 19134 30484 13488 23285 5643 14731 30069 8294 19900 7339 18102 28929 29195 17310 4993 19954 30852 8841 16635 790 19364 20425 19097 8797 26790 31357 28307 20083 3994 10820 32406 6303 14775 11336 10426 30187 18930 20859 19635 3973 11216 25120 12619 29285 21624 27278 11792 25136 23052 17712 7497 21340 5433 1489 10799 20630 269 10774 20314 20320 19721 13132 6522 14335 21880 3428 583 9364 30207 26428 30651 7049 27252 24609 25470 18734 12787 11921 18082 31908 10287 9285 15760 27643 18695 13167 66 919 21082 22848 12979 17624 14363 4525 6548 30714 7848 14451 1857 13625 20311 31576 5363 2361 23378 16820 31799 14502 24742 11569 9375 26391 9622 6095 14775 9529 32309 13099 23866 10793 12340 11520 18822 15393 18680 31982 30798 3159 6639 16250 8591 2594 20261 16983 9925 29023 21522 9700 15966 6163 31415 14325 29551 16210 6377 27606 19878 27487 4076 5005 13696 1812 29251 15968 26811 22148 15303 24727 4879 31968 20471 10371 24345 6551 12943 9407 5016 16577 11868 8118 4315 21182 24142 21605 17018 30490 19663 24675 22853 16052 7507 5918 24954 12576 29744 6759 2363 18761 4273 23601 11070 9563 19813 28053 29127 28128 31421 16154 9683 14377 18390 13876 32406 26607 11668 15370 1320 21562 4080 10620 24700 13186 2451 13413 7569 4884 5539 16925 18412 23992 3037 17219 26181 13713 8932 31929 12161 9540 27864 25071 3040 27741 555 25701 13944 27374 20144 23659 4834 28792 13557 28460 2867 29199 31699 5610 2605 27578 14915 10891 26039 28953 13683 
7509 19851 12618 25882 14326 4655 29196 4616 4551 22566 17957 17153 6481 2919 770 27595 22289 9998 14750 4742 19832 9554 13989 24380 6710 11191 19928 18873 15544 18308 29875 22941 9711 20088 28749 11439 30036 14265 6785 14196 1833 269 587 29697 14337 29772 27508 29453 386 24854 29042 842 21610 7873 20874 25334 21456 27285 8247 12204 21933 30268 28111 2177 19610 14964 7780 5708 32475 25095 30952 28229 11933 24829 12693 722 6012 3088 29580 5789 25928 17504 11709 26090 2057 2920 9990 31272 2368 4913 7583 23493 18032 7877 30133 5703 13533 18151 15189 17049 4756 30465 31628 2978 10411 13918 14541 24860 714 4505 32402 19620 16363 14422 22598 7437 24669 9007 12131 23546 13583 22002 21720 16812 21515 4617 14765 6936 13889 3385 6889 22077 25222 144 9396 10420 18908 9112 20665 1161 14580 26577 974 20297 753 2142 11991 3932 18799 16895 30439 917 1476 18239 10409 22792 14213 17647 31487 29468 23629 2770 25832 31201 5305 11418 2727 8867 6839 12051 1570 26303 27905 5535 3720 7349 21476 25570 17206 10111 9030 26558 7644 12321 24039 24450 20443 7554 7655 20574 3826 15994 26249 8475 5402 23084 17206 19720 22446 6806 22469 17208 14799 1382 17913 17898 15879 30479 3147 24137 31532 21533 16874 14422 22664 25797 21505 31522 21814 3777 10296 28992 24271 24923 18557 5498 31559 10183 31748 22467 18961 30133 29068 11885 8330 25127 24293 18332 17812 25728 14767 28411 4225 2014 28004 31661 28468 26794 12953 23175 6018 12398 27520 2172 26590 998 10674 4440 15158 5977 16683 26290 13336 23849 3222 8987 17177 682 18124 3484 27767 12080 7575 29024 4349 14700 25019 7597 15911 18168 30775 8729 18823 2608 28872 6906 15207 4676 26031 8734 19632 24971 2228 14268 31755 15898 363 14251 32325 28822 182 11986 3576 25926 11659 9440 24168 25452 20215 11837 13739 20182 22371 23104 29197 10160 13591 20898 32434 15516 3068 14642 31613 17157 15526 11467 7217 18863 23697 26243 726 14739 939 26150 6495 22763 4883 11491 11913 1161 22817 24900 23046 4972 13990 28516 27611 6293 10613 31068 
27399 30487 24610 11262 26469 31854 15113 19398 8915 29969 24210 3597 21908 28491 15028 4736 4595 8262 11192 4305 2857 8041 6208 3756 17281 27619 12423 12781 26042 28808 13034 784 19885 31197 22952 13288 1072 21102 21990 16020 12857 31080 31734 28848 20295 10083 1240 14024 3837 5504 2305 15378 21008 15028 6236 12892 7780 29539 5007 22083 25202 18225 10879 934 2029 16661 9238 28250 6565 3503 21316 21279 171 21467 23875 13523 7350 31622 13600 31206 15301 22208 28791 32270 13574 24851 22910 27708 10999 2323 25156 29902 14539 14391 23867 13318 3855 3303 7925 23739 17293 31446 27947 31566 22641 17810 24323 25824 16042 2394 4754 9922 22419 17967 23456 2605 14803 8493 20396 52 15746 20508 21296 2550 5005 25411 3111 28952 27739 24956 24011 25715 29104 27278 20899 19721 6098 21430 4541 28478 2539 29319 22585 11333 13743 2549 30727 30680 14910 3500 25328 22060 15948 12198 20699 30244 29055 27644 27721 15301 15640 1788 10275 20202 26582 12669 8885 568 12567 18287 14842 9813 10049 23734 13594 7509 15712 3129 10033 17013 25617 15669 28498 31244 10654 21208 31180 32190 9578 31243 9899 14579 12944 2447 31106 18823 15815 10315 30312 30916 10889 11748 20545 16525 4980 29071 19519 12507 27120 31523 32424 18798 14610 19059 17625 7100 4032 10458 8331 18734 22038 14615 22613 12683 4617 14683 370 26036 24394 11169 22213 12947 7789 22590 282 22606 8011 24249 13487 16832 19109 18652 18419 20521 3850 21515 10125 3876 5370 25813 19360 25818 32331 22729 4685 4726 13516 10891 9082 6361 3113 7207 16850 21902 15118 23460 11533 27648 28559 21981 31090 20202 712 11148 154 32272 4032 31912 20342 19501 29076 32241 13716 16684 27857 3273 22941 27802 2081 13637 30499 15452 22570 24196 10649 11165 17075 4415 26787 24075 32008 3234 6545 31555 18848 7514 23077 24201 14590 27376 26781 28349 29141 12117 19693 12938 17519 3262 10061 29921 3407 30129 18419 3494 11030 23392 29730 8873 2979 5687 31843 29911 5246 15537 2067 3506 27255 23663 14877 24830 23690 18827 4873 14013 30214 30762 13366 29022 31727 5200 
26723 1074 22944 19449 5492 11807 16564 32613 31603 19608 39 19379 25814 23244 22201 9137 11264 28958 17555 27379 14858 22742 8237 18210 25282 2070 29295 7063 16884 6671 24087 25384 32233 6004 5722 23618 4910 9007 10446 15161 3478 24404 7815 22235 21122 7763 14464 843 24672 13425 19261 3853 10098 32121 32175 5725 24529 27310 28504 8389 177 11525 2480 15598 15590 20369 198 3767 10408 22079 18218 900 27795 13507 30987 8408 10737 12754 669 8487 29756 2706 1469 21221 991 27215 17112 28131 1597 2671 2313 21211 12020 3752 29057 26954 28259 29040 27180 3965 29034 5301 21394 20719 20080 19151 13819 22226 939 27571 20950 18156 10907 19049 3931 1188 1240 7872 4464 2141 17934 14144 28617 16642 16198 1888 23636 13282 20327 26105 14292 20159 15612 4091 22987 8225 23863 17247 3998 27120 11318 1628 5876 16962 14982 28382 5983 13938 5094 32308 24382 9330 845 25864 26594 15970 22574 17301 25839 27745 4346 14868 25349 163 3815 23927 14752 29123 14064 25690 21565 3931 9244 8247 5823 25811 20228 5849 24848 15990 20111 20499 30219 1227 5633 11185 18842 25122 21556 21423 31259 26221 22564 7849 30985 7505 7858 30355 9944 19069 28065 6058 26144 16443 8165 15274 27134 1092 1821 1346 17336 14041 1630 16325 29599 28687 18994 18210 314 1899 16864 11286 24224 31150 15854 26784 6950 24818 22501 14518 10554 13046 1876 27446 15247 14775 2071 16159 32123 31296 30169 8449 10909 32194 16600 23730 18882 12519 24552 5955 3849 19812 25531 9522 10566 462 20319 4321 32421 19374 23048 25927 7312 14295 32272 4326 24274 31991 31036 29949 4604 9325 8769 29950 5383 13658 14215 6722 15932 5627 2860 8188 1873 5942 12364 31596 17621 24178 3456 13397 27854 8620 30884 8624 12448 27079 16350 24226 28208 20260 17371 2988 15434 25715 1884 12322 5696 17353 22514 20446 27348 29170 29701 2357 4696 3080 21019 20266 28692 29508 27991 5090 17128 27413 15168 30552 26931 23919 11973 20050 7155 14694 27773 5524 25901 8187 5171 9555 21903 21302 17313 14572 15700 7029 13948 7894 27752 5891 10161 9429 
15820 10220 22511 5233 29245 29712 23909 21415 7696 11127 8397 32222 11873 2276 11177 2333 18796 16557 11212 19322 3643 20937 20509 29910 30594 27947 25240 20679 26055 26446 17301 25814 5317 26642 10829 16107 19 19654 20122 2053 31489 28806 24574 12078 32707 20167 28135 16559 31185 13360 9521 15744 3981 29100 1773 1794 12070 17853 31841 13040 25277 28691 27727 23443 12231 9053 13691 16438 1459 18783 12903 18906 32716 19780 10849 18475 32352 24630 21439 31410 23330 27693 19306 14923 15565 10500 9625 22234 19978 2002 31711 32058 23444 26743 7272 14710 7578 19829 16000 26940 12389 514 24660 12942 58 26203 12797 21179 11394 22106 12730 22926 9768 24139 23933 9413 3395 12796 7594 12228 4597 6675 19739 2955 23698 19364 615 4838 16645 24067 32356 12003 16752 21207 25578 16265 9235 25712 7386 31943 8303 3675 4191 25515 26539 1075 3700 981 3126 2745 5287 16682 3246 26407 20508 24013 1537 22722 212 24651 20690 20655 8751 10773 3614 23559 31920 21044 26399 29742 1281 6200 1136 10592 11319 881 115 23436 1366 610 22768 30054 25624 7795 9214 23992 22762 6118 3111 4856 11832 32268 22471 9504 19178 6073 32693 442 7727 12277 6437 17978 30841 6900 5837 3217 30153 1865 9543 26111 23852 28502 9911 30761 6533 16135 4525 28779 12174 448 14157 16751 21786 11411 13485 24319 3485 22711 4990 27671 28653 565 24047 3903 31050 7909 10702 24855 4509 8601 24304 10548 9469 15768 15572 23850 30327 32334 25475 5610 4111 1857 25530 28495 29698 4167 6731 1523 29518 29175 23233 1863 19828 22109 11587 2019 32125 25074 9147 5146 22587 26826 2615 11986 24529 1040 30351 12946 28790 7088 31560 18653 10869 14419 440 27583 15736 12688 3947 9637 30983 3168 31430 882 17996 7635 21226 27854 28441 17922 32475 22209 22060 22341 22498 1154 1201 32166 17199 19081 12552 14997 3779 2027 8905 18653 5517 18919 6149 31958 28371 19900 4047 29916 11476 21694 7675 11777 28332 32425 11302 20735 18807 7733 19447 19313 19641 15339 32419 2370 9726 15158 5559 25189 10173 21949 4370 4294 14210 24816 
7728 17025 26444 4577 7343 7251 15924 13142 19467 16461 29776 540 1709 11472 9687 9118 11812 1973 16774 27318 11442 10700 13890 24258 12298 32392 9214 14587 344 3064 5087 19458 7810 14073 31646 2492 30893 6059 4143 7008 31748 29217 11168 16334 17588 10077 19011 25635 9531 12923 25359 10890 25059 1580 8004 21333 17801 24166 13646 15436 29603 23130 27372 27204 7042 29351 657 20724 28884 8141 6155 19717 3436 17636 12386 1128 8262 12942 259 8428 3525 22058 12829 6416 25920 26954 8268 31509 20413 13671 24949 28248 23548 16340 4337 24287 19384 29169 9965 1842 17961 4513 24336 19564 5069 7678 29279 8337 18280 25675 10334 24354 30794 24873 888 22511 29136 16910 3233 31789 31789 6900 570 25032 8810 9294 28213 4347 6572 5440 26489 20509 11702 28175 648 25022 22190 18135 13663 26866 23588 30332 12958 26605 10576 9698 32744 3280 13979 9057 19341 16579 11362 2675 17766 11588 8950 5040 32513 11198 9191 8445 5886 21342 20610 23040 13241 6434 20888 27863 4394 13875 29825 18185 9737 18548 6497 23228 9269 24923 22186 17449 22614 30464 30178 25422 11457 27507 11687 15842 21405 7763 15600 15758 23620 15516 19349 7770 14316 17089 13330 8550 29063 25851 6792 22490 7400 20960 29956 6687 16678 823 26884 32592 16965 4363 8759 26859 3603 15102 1669 30413 4177 7136 27471 30557 12819 15232 12280 10247 26730 29378 24996 23020 5695 22002 19519 20183 17794 6488 7362 25203 31621 9229 30897 21436 11426 17677 12008 17076 4900 16012 26008 13911 28005 7054 27021 16080 26419 946 690 2029 12920 334 29142 28625 4890 28097 31664 30185 25121 30725 9505 5665 19480 31108 1210 25687 20149 3373 19838 31759 14780 7366 30441 6249 14112 22660 9777 26705 7787 19673 15563 29430 5985 2701 12337 8317 20448 5392 3811 15094 18699 2831 22187 31631 32680 15685 38 30727 29637 10132 25472 1126 21410 84 23167 23788 19915 20971 17347 11335 20101 21149 19276 16905 11371 28326 7228 3416 2137 14470 24542 12263 25737 13213 11752 15654 14076 11511 20989 31158 31516 5737 2678 12064 1695 6109 9314 26566 
9646 19178 6347 10010 16967 21672 3900 29197 6880 20930 27007 15307 19533 18636 15531 2725 13027 5847 23391 26958 26334 2627 21832 30795 22528 8149 4073 13221 19579 5641 23707 16609 18193 19114 12242 22833 6266 5791 23971 9196 8198 7176 32643 5436 32643 14986 26450 9495 18017 7654 17304 29296 22548 6865 22798 9902 4538 19968 30048 11613 29438 12674 32561 5155 20028 7250 18271 9974 17382 24621 32649 7309 3366 31137 31183 26388 22980 1639 5593 32036 17739 30194 32539 12018 10087 10312 8279 23495 17298 28433 28771 7088 7151 9453 31788 12662 27510 20235 20987 22736 2898 31992 12791 17624 18311 23220 10220 25276 26328 10507 29258 13494 27112 4130 23153 22846 17823 81 25131 4734 7375 5424 27258 25094 15640 12021 14229 3265 25353 13821 30253 6951 2439 15528 9716 10677 18547 29546 3424 7578 1671 8991 6828 4532 641 8607 22049 4026 30596 29843 18835 27067 24763 5767 302 18375 8255 4672 2419 15852 3387 26703 3709 32356 11598 29414 137 31756 7472 15339 25013 4376 27801 31051 8456 32261 29022 9105 9907 21712 21981 23223 30102 9318 26268 3387 1542 30811 25389 5494 15822 222 22101 16682 10611 30445 14701 30554 23229 4293 26375 28766 4210 6813 8405 13366 2917 1939 11463 21279 13487 3815 19828 3172 31037 10599 6587 22391 32395 810 30634 832 5294 13697 16030 24501 2456 23851 17580 9643 16792 24776 23360 4331 14624 31632 32516 24713 21451 24645 16132 12657 7326 2150 7951 26435 23439 934 31072 5985 9283 23453 9086 10822 16924 24508 23136 10009 9587 28038 14805 23937 13858 2301 17187 25020 12102 22875 14062 3819 26691 24067 18012 944 12040 28599 24439 19707 6036 25099 6355 13089 25784 22810 112 23855 28191 10103 20961 15997 10125 18535 22446 646 11620 19021 31736 27382 31340 15717 19547 21509 10963 31413 29977 21252 28787 22337 30580 9013 7252 6015 8027 21728 24946 14090 31817 29347 13504 22682 24939 4362 28268 29236 12545 31840 4197 2462 30470 30916 22043 5398 5907 18559 29062 21571 4481 27796 6505 13676 9166 21401 19672 6888 18497 27334 28664 5334 22737 17740 
9734 25358 22852 19943 3226 21335 11412 14007 15405 20442 14742 6988 12761 12758 17117 2304 1633 11414 30173 24969 5745 25760 30028 19406 39 1840 25294 9978 6609 30180 11216 13263 17913 23225 7604 26686 18591 14390 1327 8500 453 18919 23792 9910 12593 18701 20355 13872 10094 27028 4212 1802 2068 9029 20663 32125 329 6973 21063 32677 7304 16798 24334 8407 3233 30596 9989 5940 7425 20795 18844 12158 9780 18607 3676 13099 11176 29731 4299 29880 1716 5414 25488 30272 17112 5059 28375 24141 3911 14841 3575 12014 27042 17259 12370 29450 26119 5463 381 22003 14410 13004 23714 22846 25218 16664 3874 7379 11464 12416 11902 27968 19003 23861 1399 3155 20296 15491 23668 26599 23848 27210 8485 13054 9897 10930 12646 5392 12850 13339 19814 25507 32001 21843 29960 6684 25528 19468 13449 981 29720 24461 9316 19567 3084 5031 8306 27242 27113 2027 31318 6130 4596 22298 11032 19964 11557 2781 18448 30098 17706 30646 16134 17259 431 5431 7575 29119 19165 9842 26586 19545 29984 18096 16964 17134 23086 11878 29385 30125 837 17508 32068 28695 18611 20304 24345 1553 2716 23379 11801 1848 26360 10258 7846 15476 4315 13024 13591 25552 11513 12593 9822 7817 22377 3922 11239 1380 13993 18264 20164 22341 16355 9303 28168 30206 4206 17876 1136 9573 152 30588 29001 16553 21411 12566 18573 23014 10509 21174 28240 30710 4885 28979 346 26251 30330 18140 22806 19578 6022 7271 6827 31834 30795 15914 10600 13134 27693 20878 30309 14879 1184 7872 29543 7310 15155 8873 11525 27368 31950 32033 20489 14810 31287 3935 7705 21639 25051 24244 5527 21720 26316 3962 20677 5651 14598 3143 24621 13744 21238 11622 9280 5736 16445 29831 27197 6542 16817 12469 20564 674 29348 7817 13580 14628 21354 22685 13794 23718 23829 11332 306 24357 643 9848 32603 6553 17051 27924 5919 3787 12243 14404 4424 20583 4341 57 24465 14930 32548 13089 19139 30781 9498 1878 19487 2427 947 15829 5628 14095 24495 26867 4017 12298 15539 2891 18613 16404 2450 8955 9989 21576 25035 29968 21702 16965 2131 11582 
12588 1409 32660 9685 18586 26337 25269 27632 6155 17031 25628 21487 8112 24556 5425 12840 2266 4142 23397 3034 25371 1707 13940 21602 15528 8142 15334 2738 6658 2601 27612 19198 4310 1476 17161 10424 2593 11701 11775 25791 28567 32753 16812 21460 18502 5986 23844 2381 2167 19514 6305 6669 6357 11910 9671 2995 22737 3846 1325 17426 8260 2620 13594 3298 1110 18883 15756 32692 25504 28642 15743 28204 32141 24929 23915 6762 6406 24987 19215 21449 32334 13525 8813 19404 18474 15566 26646 14165 20550 17303 30887 4120 15060 26789 4500 2640 25974 25637 22308 4784 15710 5263 31677 26781 16563 2686 27746 10394 12087 1727 9850 23300 11816 7848 6867 23295 25444 31403 16870 10672 19408 25387 17757 429 20729 3981 25298 16049 25084 27539 27610 28053 5028 18149 1858 6267 3027 8945 6040 9037 15395 4853 27373 19558 12236 25178 6106 9614 28873 30020 11201 6444 18486 5991 3669 20407 24061 11548 15965 2414 31665 31412 19381 16457 30394 30220 12949 9775 1459 22113 31765 21353 1296 22118 18417 14679 28420 23700 9098 11617 2722 32194 21038 8241 5698 3573 27289 21791 28966 13177 28092 11757 2141 12337 15037 24245 2792 21803 1086 7711 10524 21623 10978 9687 25415 25914 8461 5951 11158 28158 15340 6241 24374 10572 5558 15655 23226 30845 25905 4302 11709 22733 28279 21400 12744 11953 28922 16577 2166 23403 14022 28853 17621 20699 10502 11136 17424 6040 3530 16262 31051 31551 21255 12404 12495 20747 2783 21110 3687 3238 32035 9643 19209 5951 29207 1494 30137 7389 6773 598 15275 17395 14516 29272 31656 820 28553 6475 10418 2472 22959 28564 16363 27904 20196 25475 21939 4647 31284 9862 32273 1049 9593 23197 5204 11512 24099 13326 9722 9565 22325 25434 1232 3564 11408 23407 17499 10027 27508 18463 9847 7060 1092 18641 15166 12264 2441 17271 14379 19911 24634 25536 19071 7294 17723 6798 26852 7200 19491 12714 26705 30424 15170 18359 22573 31869 26851 18532 27063 31847 32206 13542 26277 29057 16657 20646 31499 13472 20736 1590 22143 10515 28027 6282 26747 6012 14191 29797 15363 10974 
2463 13841 13959 17398 20133 14163 15882 5839 30771 14750 2692 18065 31647 135 9861 29593 30623 28793 25372 28623 26449 1450 17143 3380 1662 14157 8395 15035 19231 6922 5367 25434 6176 23723 24164 17248 3429 24088 21167 10249 6411 4997 6538 19792 11760 28650 14175 19972 17269 30131 11063 23070 642 16313 9179 10066 17355 5746 4152 20452 17234 25956 3848 5053 11565 9440 431 12222 26506 3052 18019 16212 15856 7809 23952 23629 20936 27639 32379 28906 29723 4541 24357 28725 19613 22093 13170 26772 29163 28767 10122 9375 22289 20061 22912 20015 12879 29208 5682 18359 16669 13497 23920 12248 3436 1786 29024 17199 6191 406 29984 4210 3354 23037 24238 12987 25513 3917 16389 1571 4453 25470 11145 2707 12643 29916 14245 26839 17677 3003 26035 19956 29220 28774 28700 4284 25094 23896 17344 21919 9773 25007 10392 9412 17913 18397 23961 9817 22959 21665 11228 31015 22209 29238 13565 22377 29008 7114 193 32222 14063 7473 3579 2333 18090 31451 27312 15657 19015 5635 6009 27461 5323 24874 14889 27145 2624 14532 25520 21430 13494 13361 27967 32455 10888 750 12461 25800 10720 10765 8218 27499 3453 13794 210 17369 32436 13312 19827 21574 2229 2404 851 24520 28944 30959 24348 24681 31096 28186 19641 18299 28358 24549 3702 6187 10561 24592 24418 4185 25116 10894 5368 21415 576 18743 1023 19664 20044 8125 11439 14652 5082 29665 29205 4817 15365 17894 24761 19467 26408 3398 18557 4687 30183 11685 11720 2684 9076 14339 21988 15300 5387 19509 29349 7354 703 11926 12620 30379 23929 26106 12458 4914 5694 30179 8841 26631 27312 2296 7239 13592 23256 8114 23236 18651 11298 5977 32127 24290 7593 7471 31995 19632 12725 25067 24680 28875 12418 8552 30335 6162 18500 21151 5550 19793 28263 5075 10101 18195 26139 9995 784 26551 4112 4805 23382 966 26494 15081 17377 25220 20585 1532 4463 11461 6947 25238 6536 15874 24850 16662 5473 2988 7859 21908 11265 5824 11999 13847 26530 7068 2894 10504 6746 29713 30297 14311 30202 24505 29188 23101 23351 9867 10299 19666 9223 18860 10332 26911 
27982 13960 7670 4358 9146 12322 25809 705 22507 25256 7726 10521 7640 21835 11087 15320 31598 11854 12602 17536 10874 32092 2491 23357 12744 30 17832 12313 6540 5389 9320 13423 16130 20613 9398 30882 2898 26651 4771 4622 4534 26673 14042 7487 22750 26568 2856 12385 21396 11925 6204 20984 19612 342 24747 18386 18910 2150 32055 21049 10951 1167 20048 10093 1516 17952 26331 17233 2544 6720 5171 24420 26024 8834 10093 9971 31614 19130 25569 31629 25619 20750 14053 23992 1065 5200 7388 19938 14783 7307 22384 14746 25725 4571 22811 18688 19795 5506 2540 8314 12638 12601 18824 27305 29707 20676 21103 16028 15486 31177 25216 13891 565 13794 19648 18726 19688 25329 22615 16214 11188 23988 4315 20644 10105 15001 27601 17426 13441 211 26481 9095 26466 7085 1706 22471 28965 30238 20070 16545 9895 29854 10255 7531 5952 16697 19794 22955 30371 7650 8483 4631 24069 12553 6657 26048 10370 112 8571 26506 28348 3642 3315 17375 26053 19525 5026 28324 9535 22969 26076 28012 6337 16097 18837 4588 8317 6970 24613 14512 9504 31178 31048 24588 8954 16307 5993 11092 28767 26888 2336 9807 17229 2015 15353 23786 14926 14760 11383 6954 27808 1725 5976 26980 17812 24634 20507 6320 12084 12302 24768 29595 20520 12114 22223 26396 24795 30426 24987 14282 23513 32266 9672 5963 3452 31723 27147 11792 18119 24190 305 27967 14226 19537 5475 15601 13287 25679 14504 23198 26797 12252 24235 31701 17283 31522 9151 2353 4591 1957 1312 1416 7096 19742 28283 30053 15504 15494 16561 23225 16630 14705 13785 6349 2651 15773 18052 21627 16004 23243 29764 9374 1583 3789 7535 9927 7929 7649 15904 19506 17535 26429 17023 29432 13508 26603 20034 8069 21459 24535 7540 27213 12965 19751 25205 30139 32068 12746 17731 106 5169 22356 26615 26520 21763 1289 5267 11736 22098 23607 30714 23046 6867 20170 3648 17024 32708 25626 9252 6291 27275 16391 4571 18484 31130 8264 4880 32753 15509 17408 24616 29991 14263 29074 27850 14452 13938 3767 28575 11887 12629 32462 5974 151 19251 15219 4332 6794 10626 23378 
17194 1912 11265 31549 25455 17366 18334 15741 18351 22359 2198 21350 6588 19224 32734 17711 20420 20506 8130 27648 3611 10742 19404 21067 22075 12748 8167 28256 9994 1405 12996 27452 29275 14106 22397 29602 2998 4252 8824 13166 29788 16341 13711 805 10374 32422 5997 29136 20974 2931 6715 8459 912 1492 5501 10073 25266 909 30518 27834 24866 29121 28755 13696 27839 5730 16454 20318 14394 17900 25586 5314 286 8531 11207 14948 30478 28729 32046 6943 10318 27493 17191 30209 6022 2929 21040 21150 24258 12226 17258 32681 956 12734 2807 24517 24926 14392 19878 30872 19075 24367 14802 30753 18942 1977 26503 9292 9181 25658 999 26820 31727 5337 19404 30473 17795 26677 6575 11458 24691 5203 2761 13396 1889 31708 32631 5043 29505 21381 31459 7545 22551 15310 9697 30773 7938 8943 30999 12293 378 783 21089 1639 27094 20664 31092 29772 15633 11656 22465 4718 29133 13097 26524 23524 6296 27267 7837 32499 14703 17199 22342 12328 10880 7983 32231 13219 17460 18141 1215 4278 5741 22818 25444 9135 781 3048 9573 497 25015 20690 19501 25674 4313 12842 2090 2944 6122 31771 3375 21293 16112 1568 1559 26317 16198 12476 27564 19734 29084 27500 17095 15752 7487 22234 1464 29764 19611 22355 15591 30753 19198 11131 2748 1789 12190 23359 11965 7249 6622 4876 17398 17928 717 16190 16030 15250 18415 31708 27895 27444 21313 11394 32630 29090 1143 20638 23588 12239 16264 26591 16708 29444 17516 31467 31542 25392 13348 7249 12699 11135 26364 30142 4026 4397 30733 13683 19491 27805 10757 28662 21393 14501 2347 18952 6933 11308 28317 32472 23921 4600 18652 5750 18370 21185 19851 24714 22883 25994 30836 1862 31501 6705 31692 20121 4419 29252 1464 21414 3565 31766 32528 24692 17731 25618 10082 10215 2540 12368 12858 32239 21607 23142 18848 24575 31147 15233 6627 25025 13578 32436 19093 21000 2395 3471 2263 11270 15704 10996 1751 10431 30533 12326 5270 1213 15315 8227 13807 19973 21571 1332 22997 20043 24526 19650 5852 25954 5189 5483 4346 26614 29173 9045 27791 22141 28365 28354 29348 107 
23747 229 19056 26533 3955 4853 27681 30777 1289 9087 12505 26700 5730 30208 9206 21588 29294 12467 31126 27527 26841 3240 20058 16530 18410 19478 5227 4751 20907 27378 20923 8753 3146 15808 5006 26434 29119 29354 15160 14928 17071 10447 2088 18083 144 4573 805 22642 21263 20962 11992 23382 23726 4447 8587 7422 17074 30111 27696 10277 27708 29510 29349 19393 15542 12077 6454 8829 19824 24941 27492 11882 27275 28346 8164 23793 22295 11251 7659 1805 7288 32758 26537 16823 26894 22457 3603 4769 16917 8343 4582 23846 3273 15591 21993 7041 13006 9939 1650 14398 26064 13672 6699 7151 18023 14313 20502 17184 29245 23401 20175 28813 15730 3736 18706 20370 6975 22494 19324 6882 31194 20902 6038 7036 5530 16637 12303 5083 1884 31323 31305 27501 4645 2240 6424 11847 29705 19203 25798 13591 15947 31591 9306 2394 30917 21872 27673 22991 5258 19957 17742 4907 29131 4469 839 28942 31991 15535 27040 6966 10022 876 1988 8947 15800 14752 28080 29914 25913 29361 7674 4798 15240 11031 24850 10716 25913 12325 24009 22870 2615 14886 6927 15587 1454 27820 20225 4036 19752 12581 7971 31738 21238 8111 13801 27062 26577 27182 20861 25361 24513 32155 12220 24573 32318 19871 31617 3707 28053 32352 7975 27407 17806 24731 8265 15729 25932 29683 26828 19846 9332 25480 8480 25742 8082 12492 32706 28319 9144 146 12806 20562 32104 15976 16915 17596 11955 2599 7727 22432 20643 9160 9533 20450 9175 18809 23683 7743 5229 15344 12977 9276 13605 23808 29727 26460 30146 7274 21591 1174 6324 9973 12499 30726 11253 3009 28936 3299 2353 19416 10147 2481 8489 2054 22802 27832 5721 16619 2886 19636 27352 23886 695 12750 17793 27316 20649 31435 4688 19505 5806 8836 526 19327 9069 31126 11569 16461 19617 10330 24062 16857 10853 3352 17904 5825 6062 19063 8797 22295 7193 6712 5207 29875 8935 14372 12241 7629 9029 31043 1538 11723 7633 25423 12047 8279 4955 22632 5860 15029 22760 11017 4450 24403 27901 11835 31168 16290 12826 5641 24875 24613 12932 15411 4272 8904 20807 7463 25180 19314 
3196 8492 13730 13021 13512 1505 764 7078 15909 31718 21205 23968 3557 19673 7079 23406 27124 7556 19297 30289 27997 8276 11 29758 9743 19469 13228 3124 16354 27325 24428 3276 24789 5359 23030 20754 6809 27936 29984 30611 5460 12151 7886 4023 22431 27056 2323 12625 20432 28506 7578 12917 639 24130 16453 28554 579 18223 9491 22943 5309 20175 15687 16131 10456 23282 32711 527 590 8182 4290 12871 15983 8834 3221 15266 5662 376 31216 8229 284 7204 10036 28598 7817 26810 30496 29232 1703 3839 24749 14259 27106 6982 9782 830 8461 23966 2012 17279 4847 18762 29993 3561 4862 26737 500 20488 7530 14359 8836 11025 5213 76 29432 11710 25218 31907 3557 24664 9924 26854 13890 22293 19800 17928 22657 16037 14845 27483 9983 5896 26498 14339 21918 4258 8329 30891 14512 16273 13708 21879 19224 6462 21533 23609 24491 28722 25458 31463 477 25132 2592 32333 18841 27760 16679 26879 9840 6753 6191 13970 26102 594 3857 24331 31081 1178 10393 11928 16020 230 6795 17790 20467 30164 16099 21587 8216 16061 10849 26733 25677 25553 3141 23706 4731 12394 15192 16913 30283 922 5163 21929 8586 3846 3235 21833 15314 30712 8373 18848 30055 3759 31855 6166 8543 4090 1848 28930 15110 9477 13400 28189 23168 5490 15547 30007 23728 24491 9713 13096 16985 11127 14970 17162 2691 19148 22337 21925 3105 15589 12902 27947 4848 26515 32576 294 17314 31448 5027 7854 2876 12978 29278 22751 7613 27445 24328 7562 18432 15068 24317 16939 6371 1825 19363 23835 9641 18251 23026 16135 28061 27016 15155 8353 8440 3643 15111 22677 20229 3479 32428 11711 16259 31597 18812 6555 31563 7490 27318 3837 18483 1701 14465 6402 7217 20416 15406 26182 19396 6700 29630 5207 30607 22538 19620 20330 32071 2383 15308 6733 28624 25439 5851 21149 23203 5854 4793 17721 21619 10178 2893 26358 9488 2989 30855 1429 651 635 13476 1266 10651 23830 30637 31869 21823 9874 11329 18670 22949 25462 405 26165 26187 23383 24249 9648 13156 8364 6941 5281 7805 19165 8275 9951 31328 5789 22806 31180 
5689 24698 4492 17286 16375 11698 11464 16994 17909 14153 21395 16534 15322 11096 108 53 1726 6312 3277 9057 29838 14463 9136 25788 25265 2746 15698 13343 14315 30748 2103 2959 13698 28390 25454 4204 25504 11688 19990 21740 7417 12374 28705 19912 32173 29598 8280 20533 14704 633 2975 11286 7400 513 24955 13936 15958 12162 10705 22558 8569 1235 10225 29894 21168 30439 28370 15883 15710 671 2719 18180 16786 31714 25459 27629 19688 21232 15714 25117 31402 17395 31160 1080 32571 9432 32133 11942 25270 17756 24921 16452 20178 5482 20044 4953 29705 1444 11329 715 18937 22080 1388 20371 12042 18453 17170 31342 11089 25589 10128 26069 23220 19518 10655 21552 16975 19628 5334 5703 5399 7281 4977 32249 11197 1672 1360 26928 13270 27718 18499 30996 23096 22066 21892 18815 29863 1814 22661 15537 28337 17750 8940 12102 32214 20097 8668 10341 24812 10534 14455 23097 11970 18665 9121 1701 30724 14549 19206 7219 16478 16372 9054 8014 4836 13341 1520 13234 13746 28430 8532 23072 16591 6587 26494 13910 7256 16869 7416 28990 10714 28141 28015 2918 7423 8939 10609 13232 18285 4347 4469 30283 23531 22999 21020 22497 27845 9643 5558 12562 10610 31268 20232 24098 8053 1994 8525 5870 641 24977 2426 805 16352 21162 11462 24244 24854 18079 28778 17026 449 30623 16037 25950 23747 22295 7428 26934 13475 25730 30688 2185 6961 26241 18216 14366 23657 14894 28769 4343 4250 11437 2538 5761 6600 4869 25477 11533 4174 5166 30739 21635 25287 22892 11423 31573 11567 6363 158 32179 2886 11850 4981 9470 27189 13900 9020 15230 7540 24461 26818 2135 15083 26211 29905 18361 600 28325 29363 29528 21488 12224 29684 28444 31305 9991 10602 28185 19319 17483 11635 9153 25974 17580 17278 5464 2504 12206 12493 8105 23646 10896 4729 1272 2492 5593 21686 5943 6233 10547 12120 21117 26948 380 19350 31667 11277 21787 30478 6033 18915 17040 2058 19913 3066 27983 22274 3201 304 23759 29026 7 26351 20958 27020 12992 6485 1591 26657 26978 20114 2646 25213 3939 8594 13707 6784 18354 12253 23630 
19348 30116 20155 16594 10475 21041 7067 29149 4361 24928 27573 3030 6787 23552 24303 4128 24070 24985 6653 18086 8602 1698 27597 23991 18728 4852 25122 15381 12346 1151 4479 14664 20739 10812 5190 12344 23711 27490 1313 8187 10396 3805 30881 20204 5560 5884 14885 9213 21484 1386 20478 10830 10154 7007 2768 29438 5220 27159 9275 18753 4173 18308 12475 27826 9571 31552 26829 17899 9133 14277 3412 18771 18625 13280 27450 31800 138 30819 16986 20510 9032 13851 5022 18518 21720 14337 6756 7634 26934 17844 29991 21815 29248 2599 16731 31540 23229 21143 11928 31507 12957 14785 19707 17293 4226 4945 6858 11747 11392 11165 5462 23338 6177 12179 20774 31718 14253 20720 23889 13787 24744 31412 30252 7200 16795 10706 19237 28021 30488 15915 23535 3286 29176 22461 12512 26705 4839 5144 29335 16916 7971 16402 9441 4042 29312 20924 2270 25640 4784 16021 27231 5826 1985 509 23699 7716 7655 26604 10723 20510 29820 28643 31514 31839 32325 23587 31177 5445 22263 16670 29162 23284 4601 10539 14019 15526 26220 8317 20237 25666 23657 15702 11350 8239 24457 30840 29092 8042 23211 27101 3419 13270 16625 15783 10848 3796 10252 30042 15487 11284 22458 18761 11274 24235 29324 15950 25795 13413 7149 17342 19452 9052 16224 28060 25085 13769 23817 7949 4774 10267 32623 14604 31062 11590 16000 8543 7179 19806 29654 13770 25034 4708 1080 32642 18497 30560 25188 15076 7339 19887 12043 1895 15348 3231 6686 21456 7709 16185 26952 23205 12515 1118 18364 17123 17819 21782 17200 14579 5729 1316 6697 5083 9841 12766 16250 23218 469 4923 14087 15958 8257 25390 12239 23393 28475 20274 32554 22616 18302 10278 24910 13350 20897 17500 8984 22729 7668 18413 6410 17996 29611 18255 1936 27125 6974 30761 24711 30143 10255 25701 31231 19466 1358 21383 8768 21394 18969 24126 13580 18334 6376 24633 5668 22650 3625 15420 13582 12326 551 9843 32276 12112 8752 26886 23696 30336 9463 22253 12903 3987 7735 24838 26836 19306 13721 357 32359 10211 17624 28907 13901 21000 8483 23322 19665 6279 5059 1063 21795 25187 
17917 5457 9304 32232 9274 882 28083 23524 31845 17364 29731 2836 23445 17221 29964 2013 28396 21358 12362 13372 27583 608 12660 3072 17142 4208 15965 26935 9142 30789 3809 27878 4414 15663 12766 24573 4111 29626 17280 8329 11856 14468 22722 28460 27504 2379 17457 12490 17165 13386 6131 30854 24341 20934 2313 28141 13611 31716 6097 25456 4940 14525 8655 12568 24498 19124 16556 10101 4088 23304 6783 11992 7040 12965 1868 26306 27922 30016 12234 22939 6085 4770 2410 6311 21283 25156 21396 21559 648 7453 31284 17436 19403 10680 373 29793 288 28297 24268 19002 25149 7809 25401 21815 30908 13280 6858 16573 5057 3403 17760 31159 9948 24862 19637 23689 4145 31491 23454 32581 2518 30660 31374 27682 19068 29533 21852 24618 6482 23894 3654 25138 22822 26447 16949 17935 20173 16861 8771 28679 9926 7060 18042 27782 32282 5733 7646 12306 29318 10027 8110 4993 32220 4992 8680 24682 8359 469 30987 473 8206 20418 17696 11591 23291 8858 4091 6089 31356 26179 8383 2951 361 11844 10400 29040 32583 11552 11501 9004 27244 13795 21069 6482 25956 31738 27977 18908 29588 1351 31754 19160 24861 629 28004 3424 25091 393 22804 17611 11407 11962 3398 20005 4849 6019 5467 11229 24618 9206 7656 27070 31785 14931 23042 32032 6964 16601 19897 30048 31882 29148 8674 4237 31815 13848 25882 2148 31879 31045 24071 11135 27086 11500 21217 5833 24232 28024 27185 9013 10892 32144 2265 23472 16390 2980 20821 3924 19990 30150 10304 21470 2259 32700 25114 3170 25939 12115 32328 18493 19663 17142 4956 3660 2819 30334 20631 26715 31700 2636 14508 17120 15413 16533 31175 29930 25163 17662 1742 1108 207 12905 21991 31294 31157 11022 26682 23485 25611 14029 32504 6866 2339 23490 8604 5017 15604 9499 22897 27075 5566 3110 18004 23110 18157 30638 28859 21843 9024 17800 31990 29833 2602 4713 9141 8552 17529 13307 5067 8 5173 6447 8497 29195 31691 1236 25934 17872 106 22121 13429 26089 27566 21807 3248 7376 20604 12675 25020 16597 22317 12395 27220 23643 5358 13679 21171 9796 29286 7850 
30804 24234 26010 10016 4860 25552 782 17234 28410 4952 10797 11280 7341 19382 20715 2959 14664 8676 12969 187 13522 8023 26201 27854 14705 7219 8162 16162 6119 2491 8390 13123 23901 16651 7170 13641 30304 10761 4406 24677 809 20121 25349 19385 16673 11792 11455 6509 11684 25836 6973 31743 17925 31938 19725 9690 2259 30839 32208 22315 7259 28851 223 32240 15982 21651 20277 7249 24933 8862 11401 26932 6753 11771 10170 24332 17624 17377 31344 11505 32589 17742 3073 15862 25950 2300 7057 19127 11012 6545 21886 10545 32023 9237 22523 20183 19216 10922 27386 14562 24083 20343 28496 12008 24877 19430 18707 5040 16090 26639 18759 14405 30666 1652 23226 25929 22244 6126 30253 3724 9868 3047 8628 25821 19233 4298 32608 14880 26314 14520 12058 27553 27251 22141 2002 18088 14354 9922 27610 6990 14895 6531 15500 29070 5283 20420 12595 5279 21152 8576 5417 26753 13809 16355 12604 15831 2947 18361 25686 6132 10533 22565 12126 6456 30860 406 14425 2461 13210 8439 2261 11149 13792 31526 2951 21239 1889 11432 3379 29345 1176 16795 17612 5056 18365 2539 9949 27590 14149 32201 2087 1147 23976 18009 21387 10831 28262 16043 22315 5358 7244 237 27853 32278 9459 21471 384 6821 13707 3207 16513 10743 3286 14373 25951 3950 32375 8809 31070 10834 15213 3044 25 24540 987 9405 22380 2957 9738 8101 20113 18884 28336 28940 14473 20624 28275 3733 32190 19139 14505 17096 28902 26952 32610 26888 27434 7862 12456 9668 29576 14628 30981 28401 30070 20032 20294 30903 19144 11675 28031 23146 7379 19783 23375 32701 24787 25764 28005 14898 29578 10615 24131 1749 6186 25404 25666 23594 24181 18622 26839 5220 13347 23524 17684 18391 9604 14286 10098 11184 4454 1312 1741 18660 21561 2206 18096 8038 11889 32762 28883 2461 27180 16617 10210 29717 1045 20092 14208 15733 23432 22702 25996 21169 11767 23098 26787 23424 24972 18607 10214 2833 25359 2757 10237 26873 6923 10482 18780 9841 15916 27705 15300 21438 31980 24387 19213 2544 22126 26032 26916 23759 4778 23983 6480 10515 10187 32716 8377 4819 
3797 28938 8234 18496 19339 15154 31510 23699 11152 8042 12249 20292 204 30473 1345 4989 23313 5802 12621 11214 1279 26496 23860 11810 18469 10985 10921 17394 15464 7237 7774 31416 9897 25864 5063 30887 10914 5902 7712 27033 21521 8495 31409 14409 15129 29204 30801 26562 18405 15688 30761 8471 22926 5778 27578 18773 21567 22403 29730 13238 23191 843 1690 17431 13902 7377 14916 5548 13340 8962 8996 31219 30422 10088 24171 25574 1499 13055 13308 4981 6830 27973 28969 5427 29156 14737 24765 27216 9025 16037 1088 27847 17694 3206 29302 17368 24333 21644 32553 31929 28608 26549 4136 7049 2599 28478 17296 14469 19929 4981 19274 32126 16053 1225 8661 6027 16329 6947 31814 28923 13683 32633 7565 18317 4805 5024 28409 29412 22062 3169 511 28469 14679 29136 24375 67 6220 31193 18087 141 21468 28956 17732 12485 13122 9723 17334 7045 2309 2544 29276 24894 7964 32036 13968 113 11862 30782 32044 28193 25849 2169 5708 4744 16553 20986 32342 32265 16268 3168 14392 27238 11436 11676 7409 23603 2973 14083 17491 30858 26463 22689 27399 25345 2181 24273 31185 14297 22167 7691 4629 30328 26806 20732 17307 28697 2430 7388 20367 3779 12849 12284 7372 2167 16657 11934 16730 21166 28429 25098 17716 27139 18592 24030 591 16940 11767 4006 17881 29230 7762 27820 5822 28881 21164 12818 17777 30034 27550 27421 10473 20569 13953 12756 11498 20778 19923 24010 5509 2847 6363 5432 7138 3926 28304 29774 18493 28327 24504 16075 11567 6105 27725 20428 26671 26133 10276 15329 2904 29594 4817 22886 21613 1203 9925 8977 21786 7910 25529 10439 28796 8303 22608 692 20964 27629 28407 31386 16600 31834 528 24425 30299 30016 31569 14097 22383 810 614 17044 14551 8281 32478 2143 4129 4537 28996 22746 13796 12308 26508 318 7495 20868 4274 8359 9410 26414 13213 21354 25641 9005 3401 10408 7142 15053 23077 5667 10629 6394 3770 24145 9591 5368 910 7343 3599 340 6216 27736 9169 10010 4628 23766 23276 328 14665 10552 1541 19587 31306 25956 7734 16137 3498 5551 19543 31975 27539 25771 
6012 7276 3688 27456 23742 20189 18601 16127 29759 362 12823 15026 10088 2657 28697 13624 23669 13986 23903 6800 6964 19283 21701 6963 20233 20436 9082 26023 27190 13301 26209 7761 20057 9831 22199 2443 7734 12145 18935 7158 23735 25572 26874 25873 32049 17489 25187 2059 18665 7289 7226 14038 15831 30469 10455 25469 19114 31096 770 7095 3084 15457 21848 17084 28454 29653 20721 7511 23911 31772 22335 25661 21889 7851 31545 20637 5557 9042 7609 22264 15185 439 10531 1075 31607 18179 12360 12523 22815 987 29834 32520 31839 22162 5952 21909 3819 26013 31324 20175 16856 24135 5195 19579 24741 19366 15132 9853 5499 22989 10981 10151 17076 22851 19298 19663 5531 5812 30944 31268 13938 23271 21593 6850 14778 9968 24289 24195 13998 167 25664 2584 10001 25432 30945 3417 29737 10428 3819 21466 21772 32296 26285 959 25114 14853 24127 7889 459 9600 25702 14801 4779 3714 4793 15884 30370 13795 13058 26927 25465 28123 13287 32605 7322 31929 20682 25471 31255 6103 28909 2523 24814 2765 474 30953 4236 24293 20738 19553 27023 5839 10404 28313 4560 21142 13296 31758 6561 28627 28269 1344 1619 31265 8856 8900 26108 32720 15310 3988 20598 7902 28523 15785 31147 24098 308 6348 14608 9931 9970 27561 10864 29193 20320 6949 19435 32522 20551 11249 15678 9512 16360 18015 1093 5729 32154 11381 31422 9735 11700 22081 18767 26552 11437 10347 5067 14993 15746 30993 15025 5279 30552 22222 22005 8854 13923 17948 19715 4038 5126 26845 12290 2634 10812 17460 13909 22403 9782 6297 1640 3269 28230 45 10921 16463 24315 18250 22484 18049 25486 13151 26740 20297 28028 11259 12711 30687 3957 31271 5409 9394 16245 4601 29811 14242 1073 6758 27021 30319 4532 10072 26754 13681 6474 23040 11916 6794 20637 23406 8784 3162 29726 25951 2403 8625 18598 19798 14092 9546 24669 17902 6220 438 9948 19054 16667 10646 30862 26782 24309 20493 18780 23769 13461 1397 7817 13412 769 3153 24538 27134 966 31363 17403 12472 22661 31424 23582 24839 5038 16960 741 15384 16012 3770 12930 31075 130 16527 
1565 21123 19348 25926 27253 325 12840 17976 16843 25599 18958 20364 32508 15395 16575 25446 31725 15123 1250 27996 3883 20791 10517 18986 9427 29518 25577 22438 24240 18945 20782 16630 32676 32702 22642 23296 9801 8387 23748 9506 6871 16761 6590 16931 13385 24324 20930 32106 6331 11800 12675 12398 23831 19470 3271 7278 18416 1591 22636 3170 15278 11120 1449 21297 3052 7158 8855 31268 16926 2940 25584 13211 5495 10619 31766 26111 6666 9162 25431 25335 27439 14190 30063 7903 21800 17331 2126 31862 16900 4988 24604 214 28100 20695 9339 938 9661 22228 15116 12187 5949 21912 11060 26379 29041 31917 28448 24838 24198 8092 22022 4725 6159 2238 23470 14229 6823 28239 6450 4520 15575 15812 13058 11499 11578 12638 26666 17095 7134 25600 9944 3147 4846 22334 18968 6362 17038 8118 25827 32033 17415 11171 15960 28236 6180 22447 25417 7546 25820 17929 28921 26478 13872 11192 32036 11399 18007 2095 16192 25842 4377 31521 24323 17694 13945 11414 3109 1648 28822 31551 17255 10297 8403 25862 25812 15589 14390 24042 32583 6005 32526 2314 29997 27951 32729 2047 24204 16275 6500 21615 19525 8850 31796 22495 20630 13051 5925 13769 28898 20790 14161 31727 25781 29748 24371 11502 17923 10406 6413 22806 5808 4205 18566 14713 16213 30290 16280 322 27458 18936 6825 22857 26047 6158 10232 14820 23704 21193 24123 5887 11224 32402 9863 4719 5844 5884 32111 10371 4715 16376 12144 2780 1165 5964 13453 7551 7418 14913 28470 18985 11084 21404 21102 7651 5688 17872 13101 25813 22545 17778 18691 14431 9357 30701 8703 13158 7116 27255 3535 16620 11926 30020 17448 14564 6117 24313 19049 16196 4003 21603 23675 6491 6836 2153 23803 28005 7223 4159 4251 8285 3081 20445 10437 17938 30347 2736 24962 22397 10662 27791 13979 9042 13068 7920 29694 11477 5056 15964 9570 27887 19672 17440 10542 10625 10626 14406 27287 22264 27205 16323 1801 14370 13705 23282 25289 12352 29018 26689 28888 31580 27241 16171 12826 16604 27731 30566 12215 13400 12070 12381 29890 14505 15906 27872 19225 14658 15292 22298 16268 11716 
9961 196 12609 31692 1432 29593 28758 11023 6272 9738 12233 8106 31773 10290 20117 20147 23285 7436 15390 8468 5408 21476 31695 30873 263 5643 3074 2887 10604 31951 13344 2288 11435 25514 32265 16132 8511 19130 24246 11946 9095 15729 21021 18703 28874 4494 28244 17918 13178 4684 12794 18610 25781 27609 4563 18152 26385 27401 2482 26168 16025 25932 13468 17316 2579 23774 12330 22898 8581 13629 20271 30519 32247 3040 24475 53 20089 2342 1951 25574 24168 15757 32274 1241 12526 24356 8724 445 30152 31555 13809 5308 15180 28793 16712 32010 426 17606 24172 9917 4978 11274 30474 1247 18262 21182 13324 20929 3890 16610 9406 10643 30793 26934 24879 13106 209 14509 11227 19265 26291 14879 22150 25979 21388 8766 28267 6215 2551 22475 29590 1677 30734 19466 8079 7113 21294 14195 32568 20062 8443 3754 25592 23596 20900 17329 28697 13668 20329 10077 17007 2459 10074 32518 1339 11038 12129 8835 25678 15494 19842 13909 11890 23692 17506 22051 9733 17438 10502 17255 17639 2738 26078 27750 30615 1242 28418 24421 5016 28952 3003 32282 3354 26356 22853 1377 12246 15437 27347 15664 24378 21741 10964 25805 8646 4192 24949 12094 31670 18949 1127 25602 23777 8037 13282 30718 9697 28868 2282 12986 2164 20470 6353 13261 18210 20852 20989 27798 6176 29615 5611 25133 12149 4260 13428 19353 13403 3505 11343 24644 9704 15783 21720 27308 29421 10528 21775 29530 18719 12563 3044 6168 24436 16293 19890 25439 16336 31554 6921 14351 21473 12269 13488 9570 14663 25300 12522 14115 8441 17448 30201 5659 15844 29483 15841 3277 1749 18571 1902 17507 20376 6894 6264 19943 32098 12750 30054 19382 23148 23175 29169 20274 19681 21422 16171 16056 29946 677 6847 22482 30311 10092 890 8621 28914 698 5898 25549 27743 8781 32006 29951 15254 18302 815 30351 6916 7192 20214 20412 3646 10602 18494 32105 16615 17819 8546 2581 28373 27454 8314 16909 5999 12070 3546 30688 89 18556 27612 27924 19284 24334 23520 13079 9055 5098 21648 6264 17698 30764 3433 30295 26253 26132 17271 29211 16829 28764 15199 1891 
18207 23496 9379 28222 15063 22270 16930 12702 16739 25752 31710 2570 8059 11128 15874 20628 12604 8539 18724 7691 23686 17329 22471 27249 675 21165 15652 16559 13609 17048 24874 23176 12833 22378 15811 14540 27496 7835 16729 3022 7510 15159 15001 23 14494 14385 12662 17244 9077 21753 20849 21934 5623 80 18712 31473 5574 30044 17101 24719 21748 12023 23241 19310 30755 9549 13921 25119 2026 2470 8327 26456 4475 29824 20371 30884 14979 14817 14404 9561 19538 22507 4609 29130 31292 13233 28773 6847 26431 6217 5627 11554 12006 11299 25670 17915 30060 20632 3333 3743 17189 8134 26804 18723 12058 31900 5718 279 7411 26929 18546 13425 4635 5978 25436 2248 26142 26491 20661 24771 21078 18845 11317 26064 9414 13505 11688 23065 6726 10356 29751 18100 9185 27812 5865 23065 7035 946 7786 2778 11190 712 19466 21134 28439 17517 21000 5390 2661 10583 24849 2021 18002 23424 12036 11777 27742 18300 23288 15279 27383 16393 21120 30406 1253 32744 7214 26401 4069 32235 11093 27475 1684 18256 8467 1431 29071 21581 7823 29958 27609 2796 3200 28429 18045 25625 31727 3357 3956 26361 1085 17060 32712 28286 16999 28477 5370 27961 23945 24867 22946 9071 13473 23532 8533 31598 6550 30580 15307 33 15737 27415 25409 8675 12810 6435 27165 15761 9342 28300 27601 6627 13695 27362 1281 20220 4725 25729 22248 19519 13316 23816 23032 28773 26069 31244 17344 26572 31642 30221 1043 17682 22348 7592 7527 2019 9399 11535 23675 1551 28217 8631 13117 27360 28359 21584 15082 16554 17712 28410 8567 14499 27814 5046 1584 9461 7802 18202 2463 22802 295 29514 5295 25672 18578 5923 6929 23189 11152 30137 23775 8124 21161 23044 27519 26776 9244 17110 30155 26289 4386 2832 8046 21005 18551 25110 26513 17737 29207 10368 25272 8168 22597 1299 19430 25322 8658 17903 12552 15264 412 25097 16016 12480 32597 11996 28257 9653 15750 7772 7659 10296 24787 6444 20375 15396 31872 18704 7013 6534 10292 26533 4819 4340 8957 25936 7170 2593 10133 31860 2068 20654 21988 1256 26840 9026 21957 7080 27049 14556 
5901 29386 12179 12392 21194 23988 1208 7825 12744 28045 21234 11735 15450 12785 12730 1249 30550 29161 2889 26388 21090 28954 7420 17252 19310 5436 22269 9578 27522 32718 24352 15543 186 28680 15115 28265 14735 274 26010 9468 1367 6259 21378 21090 24079 6348 11060 22613 24409 11462 13316 19180 20161 15945 16522 16748 31044 28143 6216 10593 2579 7864 9358 20462 16020 27135 25755 5474 7082 4012 27909 32523 2102 13996 30299 6991 28894 4510 16136 27640 22797 15311 17530 19152 32058 25193 6020 31854 27246 3559 20481 25935 12032 8140 25531 5417 2211 22677 25739 7291 13220 31212 27073 24681 16236 22814 10437 24775 3148 30159 255 9332 22138 26861 32501 16361 29270 16354 6835 10769 7666 6158 13680 21340 3026 3700 6766 13071 2800 22451 1826 16094 28675 5177 32405 188 9217 13491 27658 16114 31715 711 22753 27246 15784 8710 14779 18270 30364 7452 5855 1022 1754 21322 5085 12718 1552 23063 6769 21576 25986 10050 11433 31664 29522 5882 8778 7085 8958 8785 21873 5623 16170 23023 630 10897 26784 30979 24341 16984 1685 9344 11472 18397 3118 10885 19087 624 14146 22044 2442 10109 11362 11048 18792 5660 5142 7833 8104 28899 7530 7906 3649 2558 2473 173 3461 21890 9577 9165 27979 22015 21191 25716 20813 14165 2292 11430 19663 3016 27889 14829 24962 24406 26518 27471 26023 5447 23769 11133 5495 17415 26701 19277 21443 817 17129 24682 24024 24556 13835 31818 30373 27514 16316 20321 19744 6158 19510 3221 8677 22494 10404 8433 28704 12922 4904 5021 7598 17500 3106 8718 30335 23744 19632 27770 30527 11702 1649 18063 11061 17013 20623 100 8555 12274 26108 15280 15631 13233 6395 8506 25881 13531 8163 2704 22318 23442 7967 29692 8644 12929 5242 19124 2440 1719 1946 27473 24060 31157 9161 25730 357 31173 7932 20994 10212 5262 4621 25543 4579 22502 9804 25981 17842 13543 15414 23090 3186 6469 28548 83 13875 13022 7272 20951 26969 4499 18963 21690 324 6999 7802 20397 16432 1669 16218 14092 22617 20087 17529 26128 4195 22100 7984 30790 1786 11817 6950 22335 
22966 11836 23646 20617 13121 23709 32372 18399 1211 20733 14627 22941 28253 2755 11787 375 7005 27997 17329 6505 5394 22228 12744 17649 20825 1188 8879 7293 55 15050 3642 11551 23744 24862 12725 8328 1335 2787 18726 8500 7798 7325 28115 20194 18064 1058 15876 22343 6838 14068 12810 1795 21591 27342 17024 26324 16779 15485 17361 14602 7346 14577 6907 27451 1880 31892 12178 20535 11357 23771 16135 13886 19794 20506 29994 11633 16165 1948 28142 4743 6657 28659 1132 12737 8304 2957 4907 5664 8643 23432 2463 22741 23475 19143 31471 1273 8008 20294 2556 25470 15610 13738 22174 17254 31767 19229 20528 4658 8548 22872 4432 22686 18695 10497 10464 28555 6052 32312 29776 317 1735 17261 28448 10950 20610 22132 7072 20930 15959 11227 26875 581 24407 15483 14963 26898 27020 29005 29678 15886 19093 383 12210 13044 11152 30407 365 14921 27709 19448 27256 14995 22879 22995 25436 454 8806 1567 7830 3327 21068 26876 26775 30836 20413 23668 18703 11179 10362 10835 18795 5611 11263 19512 1180 3825 6500 29165 25627 12259 25729 16884 11818 14474 22101 2146 18780 21691 3241 18417 22871 22038 7408 24912 6361 13812 24178 17597 5369 29594 8105 25046 11696 8883 19179 18860 32663 15869 15946 14106 6898 4674 23225 29013 11246 21898 3696 15555 30759 16015 24209 19985 21869 12401 13323 29568 32200 20139 28606 26751 25785 3398 2529 1919 29123 4428 16545 19971 17450 30080 6667 26358 25595 18252 15660 12098 1100 20475 26231 26782 15045 32296 31591 3751 20576 886 357 563 3948 31362 31723 32482 13016 10518 30186 3830 23214 12960 14953 29028 10718 20194 111 9770 28989 22762 3620 5348 3021 19013 5939 410 20543 30320 23154 17373 15286 6799 17093 29714 14798 5473 3904 781 11741 23412 18059 28642 8569 31637 31115 4087 15418 18315 6462 7518 26816 29957 25575 32610 19192 19152 11628 352 27548 11853 1788 27609 15609 9507 2548 13252 23797 7985 18948 13353 14416 7367 12942 9707 29482 1301 21326 18918 15046 16611 24640 31033 25741 28035 26814 4069 32342 15364 2537 26008 13284 20649 8267 18627 
11696 13977 15547 12274 19689 15320 24704 5469 26810 18806 17593 12474 28875 3079 12540 854 6410 83 9533 27236 29355 14414 23281 11157 5741 27722 24948 12265 17440 11371 22952 24772 7012 18011 5344 23364 20915 13120 6908 28114 2466 8683 23509 5111 12131 29010 4059 25713 32399 12097 3068 9607 5410 28492 3272 31641 14280 3592 15571 26107 11095 13435 31323 32260 18332 12240 8235 11361 10074 29007 21951 18607 6544 19085 10921 22346 14331 14816 308 22879 18140 23318 3142 25417 16891 20583 25739 27930 15084 14247 30927 4471 27793 32705 23980 11946 10208 12896 16486 7666 32230 1519 275 29981 19212 19396 14335 1625 1946 3736 10830 4680 377 30011 29155 24658 25405 15749 23681 12607 11363 25488 17968 16389 32470 18724 29411 17630 26040 29043 11095 11934 31072 9479 8510 1604 1183 4600 24221 12495 3912 15458 17523 851 29167 21270 23707 23883 22256 15504 755 15665 19636 28714 10686 844 19759 28559 15687 22218 24237 29809 27336 24846 12751 9855 20105 21323 24784 28049 19788 27218 13325 13350 7401 25768 4037 11793 16438 7900 28445 30575 31273 18967 4199 8156 31809 28917 13987 30183 21537 16019 9286 9923 23679 15338 13115 1599 13628 30555 11816 4855 1748 19082 20210 2764 5369 12912 1667 9107 25723 28076 29131 15370 30827 21786 8196 6416 27264 8871 3643 789 25273 6756 31756 22479 12868 18905 32173 25646 5535 20891 28462 6803 25085 27937 11518 31037 8683 11475 13746 13571 25907 5732 6402 31817 18433 8034 22548 26157 30020 13835 6910 25089 10327 19555 24454 15102 29153 6531 1323 1078 17402 1332 23146 203 2447 29116 3898 23647 19719 22520 12505 18379 12838 27051 4810 19988 18226 11798 18719 30107 29013 19657 6132 403 30787 31416 31804 26552 29980 15761 12736 20030 10388 31053 23140 9736 31825 31750 10924 13595 13205 31752 16256 9554 3868 15402 300 27475 26696 19039 14251 6593 1915 3208 13349 29876 14788 3980 13238 22886 27071 19627 24433 20015 16310 22799 3493 20147 3340 13220 10334 10330 1756 9514 23855 31488 5085 26249 31279 12782 12681 356 7234 2313 13438 7920 4762 29258 
26660 14599 7037 28526 20880 24952 24136 13295 6568 5026 18100 9010 25224 17473 9560 32514 3109 9095 14703 23101 11312 17775 2012 9165 15678 9294 9067 24026 18725 12714 19034 21822 4777 26960 32024 27962 600 6817 29260 21351 23218 23597 3097 12271 30605 23939 12960 9724 7352 2886 14279 14449 6111 14724 10297 26329 14766 18500 11695 5788 27193 30302 26221 7289 23708 22160 22031 31280 9694 6861 21381 9343 15132 10712 6237 25936 6883 13074 21824 11825 9693 13457 28608 28420 27312 10097 19793 17656 26915 18031 20372 5560 4227 8883 26076 27362 32069 31470 22507 8634 14828 2213 11772 17184 1837 14285 23047 6079 28497 31895 1600 19592 10460 15245 11488 15199 3180 30686 23849 11283 8675 15350 20900 8596 2248 28754 15278 1888 16363 5267 26674 21311 4168 3793 8632 28464 7982 1329 29599 32675 27553 30138 12966 23016 15100 100 28338 16104 14555 6002 12747 11795 20023 2562 12391 25753 29651 7395 20203 23773 983 9638 8303 25127 20155 23544 17089 3224 30567 21807 15277 14692 23193 24098 15228 21307 1414 10046 26811 32520 32708 30422 6462 222 27751 21947 7268 27951 18027 27149 31387 31296 15442 29776 20007 1497 28429 8898 6432 9025 6176 12012 15546 17770 23298 31096 30154 22888 17858 6210 645 25895 17648 2738 21898 32350 3771 2120 31267 11711 18775 7544 3527 4721 28834 2745 29412 22975 16134 6617 8412 24338 7585 23955 13645 2076 24483 3939 10902 12631 19704 32665 22423 16046 16424 19373 7352 9337 23419 20178 25132 31919 6496 205 19319 31831 15375 14088 17453 23872 24686 31714 18941 4082 14385 28746 6127 18916 12102 27532 5866 17392 112 19818 14201 15619 32050 13935 6350 5401 3310 6784 8456 5225 10062 25012 27313 13020 19939 2918 11147 29636 18700 1928 30860 10699 11290 14905 2855 14121 25777 23962 27597 7707 22897 13790 9652 30096 23510 19361 26583 5669 29021 8315 14142 4947 14313 4564 5759 21735 26980 24058 18053 25779 17065 32624 1168 17540 20898 21130 27005 24660 28333 14646 20040 28864 25925 12573 22991 25020 4062 4075 7128 4485 27408 23018 22870 31703 25592 26326 
28136 9569 26076 18669 26275 23414 27405 10821 14865 7173 5394 5218 16761 14795 4098 22024 22369 4295 17714 31566 16210 24302 8464 3060 15067 5409 28751 1014 28632 13404 6213 14945 1013 2864 11921 10854 4461 26483 13312 21165 22808 4150 30386 7916 21924 7159 24440 4023 5154 30488 11905 5274 30149 11920 27446 19557 16103 21217 2914 8135 5965 1866 5526 27166 24492 4413 17100 9358 108 31763 25418 18256 5547 9471 2761 21837 7301 17216 18391 17900 1427 16539 27258 16680 20657 30217 7702 25061 5637 8365 23184 29316 8253 8968 28852 22453 31767 26224 13780 7564 8487 28862 4786 23256 6101 584 31137 24240 16549 20495 2022 23630 8379 11833 22116 2337 22430 16065 15737 24861 8764 30829 4131 1366 3886 6656 4711 26829 18494 23985 12019 16265 5414 221 12290 25578 31643 29689 32640 9787 8330 18122 12910 14982 20130 9432 25481 14508 17938 30240 8486 25268 14740 30729 29281 9572 7338 25241 14198 1806 10023 28137 26991 30893 12786 19414 32000 15665 20743 27130 27823 23318 20158 4059 11831 19515 27728 11617 5935 24562 2967 28046 29927 851 9749 24937 23443 25559 13624 22331 28843 8226 28636 12798 13457 31519 274 21779 3957 17746 7200 30771 9590 28778 4553 30632 13833 278 19150 29885 2719 21274 19380 23155 14466 25506 9672 6773 14848 5590 31073 13902 8908 9646 28005 26842 29601 15624 16398 1018 20776 24312 21742 22156 8732 7519 25649 11931 22700 19647 12067 19410 27425 10829 24050 22071 16320 10312 27316 11542 4082 21642 15787 8762 1698 3421 24264 30051 7655 30863 24687 9205 32739 28873 26490 24814 28395 23836 29824 18714 30951 9949 21079 10122 31228 16819 19927 24130 12905 31214 6881 18226 29615 32026 2720 8552 10485 20692 30479 24195 16042 11229 1980 25707 11628 25965 13259 5951 11305 28362 9533 16271 19844 2840 24947 8396 3194 14707 23277 21500 3141 1339 20568 15026 3968 12463 7368 7742 27277 28094 23874 20257 30004 6425 3965 22724 16268 11149 3561 7529 3615 21904 3313 28257 24905 31002 32125 29823 3041 30134 30908 31950 7451 31448 6432 32127 8621 21617 25770 26405 
49 26049 11367 5669 29899 18028 1339 30823 28683 13777 15837 15186 23829 22679 30243 5624 4863 29832 15232 909 30074 7843 20171 542 2229 3948 30529 10623 31870 4487 1742 11910 29355 16005 29576 9846 1208 32254 10876 7870 19633 31456 32686 23780 30034 774 24411 23228 5486 1293 9345 21213 23181 8291 14498 29013 18137 31648 24772 31900 1595 21786 23484 2759 7873 435 13740 5886 67 19958 29899 2864 14150 30051 868 4613 18208 9222 31522 17685 28509 13903 13706 2903 24674 11037 17865 15324 9040 31772 16304 22717 14635 20561 28669 30290 13628 15603 27100 8868 22195 2173 3501 24869 26001 9217 27912 3743 22213 20159 12286 16747 31637 6134 24482 31203 16448 13050 14793 14105 15842 20871 29197 17354 9111 30805 1048 20365 15075 492 31519 10320 2898 17338 21164 10245 24923 2403 21665 10905 15498 23128 6266 8230 26847 15787 2002 3945 18289 28706 3112 7286 2646 16522 18916 26538 26567 1613 3221 22754 2176 26183 18557 10986 13670 22998 21839 19257 2156 11312 17975 25051 9399 25082 795 5550 14849 16150 1825 24785 22331 24252 26737 2394 20598 4556 3388 4679 15363 30562 12797 14520 19161 939 9470 20827 56 26872 23326 6695 3212 5905 16851 21581 20372 17612 29291 14955 17859 14302 10903 9987 25831 16112 11817 32557 11272 4598 30237 13704 27283 3260 20694 31094 696 30657 22443 26249 11024 21321 23970 18488 29571 22702 15227 17879 4457 9719 7409 2758 14063 18347 13116 16104 31164 5352 28890 25430 3285 4527 12943 26453 20926 19330 31147 2438 1251 25649 7051 22877 2358 16113 2658 27860 5912 942 6970 7777 21117 27810 27957 26405 3147 4647 22041 10598 13060 10441 30731 32575 13989 26016 25755 24982 25550 31965 28929 15183 31266 28322 8102 15551 497 5655 17127 868 9493 11962 15637 27091 3865 17398 448 5105 6305 16120 15413 2918 16901 1726 16197 79 16704 26224 8776 563 9993 11764 12130 17721 24383 16573 1797 18328 4234 1763 7351 27470 8000 29817 28950 22549 22405 6939 11545 14739 695 31174 664 11729 27657 32492 30223 30702 6253 28872 30111 19221 13752 12272 
24917 16812 1280 2089 26799 21710 17481 894 24924 26620 23393 29588 31556 15631 20489 9528 30152 25713 17749 29242 14923 32141 2646 9598 32753 23428 31734 25936 23718 25122 15906 6136 26467 12048 4143 30350 20396 25419 16502 16912 3678 8404 834 20146 5031 4266 12525 22901 5718 1269 12101 23547 26709 2948 2612 21146 29811 1145 32673 10415 18791 4419 657 16181 22034 28621 31122 16790 15109 5621 15449 15552 21827 8512 5290 11388 26184 28364 18040 29435 32074 28550 25422 28338 1470 3228 27885 8809 7966 12342 2871 9102 8682 18017 22859 17102 30189 19019 3570 8935 7617 13238 826 12727 7061 22695 24928 14233 4910 5982 28915 28914 19756 23691 22583 26119 32655 22975 18376 29970 32633 33 23167 17044 16437 4962 11417 1004 17273 26867 28182 22569 24296 10101 29792 8989 31451 6769 3885 7858 11873 28233 9382 5762 23685 26734 22729 417 14031 28628 17420 28349 18701 31139 32067 30314 29266 11824 31427 10167 28480 23083 3784 8965 22915 26 788 22297 16542 7685 6105 5231 16362 31603 27097 27345 13787 5014 972 1321 134 28611 7938 30612 25440 1573 22345 13239 31305 28849 22033 5974 24009 4188 14542 18722 23705 28812 13982 22483 28261 32461 18732 20343 17360 27334 23764 14602 6073 17003 19464 14406 9660 7796 10738 15292 27132 29453 8282 29476 3616 22735 25803 32754 10140 25071 2289 5162 11058 20405 10822 29556 14776 15408 17646 2675 10779 3113 11742 4179 29860 15701 30788 26273 25466 25806 18979 11104 11369 29124 25662 12633 22497 2160 24888 21170 6466 2378 28665 20930 31830 6268 3412 15396 3103 14742 230 1034 22228 21379 8513 17364 29478 12476 9034 24546 27335 20411 30943 31398 11821 6067 701 28413 30100 17790 6561 17599 13122 9431 12974 21396 31502 27081 8975 2058 803 15975 18141 32485 8706 22718 3907 27319 28102 11528 15328 30640 24748 4131 17260 8630 9938 24129 12191 12472 31039 31200 28750 20288 10788 14077 27096 28488 18017 1668 17088 29007 28747 30220 13467 16812 22445 22465 25645 24609 29453 9889 1231 1459 24112 31468 19219 23737 480 8917 29355 32564 26860 13182 
23431 12126 26225 9763 574 32390 29016 21910 22447 22042 22816 28651 15336 5894 14301 12404 8263 17212 17793 30192 5342 26004 28763 2303 17692 11223 24285 9945 10154 26390 16034 9280 26004 26177 1200 15539 15529 24309 762 25061 24868 22676 30505 8045 8844 19867 30363 26303 22488 30512 23468 22363 22231 30459 6197 22340 31439 21303 4435 4020 32357 30985 26730 8718 11452 14608 21865 10516 11745 29245 30287 23130 29287 24293 14318 23546 590 14356 15342 8842 13098 8997 24598 27467 2432 7567 19143 9891 18804 23298 8393 26318 31393 18867 18507 9936 25417 12532 23844 32174 16046 7687 14943 4573 12991 4916 15607 24827 18679 11545 9183 12221 28291 12866 12613 13865 16291 16633 28952 23557 8786 3935 18632 6543 29737 29116 13389 20590 20353 6932 21610 12521 11224 19451 12851 32599 23926 25513 23501 19926 14415 1873 15989 32320 23084 21423 25027 8283 24582 19681 26672 80 2738 119 30935 31071 5828 3533 30328 24784 19373 2201 10178 7469 1574 27072 13522 15790 16850 622 7671 9717 26142 9573 4024 8699 23149 31381 14360 30283 9586 12525 280 16494 7132 626 21630 15270 25145 16014 19669 15839 17940 20138 30645 226 12897 26879 3396 3020 17180 26024 16637 20670 15404 27132 4016 21207 26509 24092 11978 26719 7854 24776 215 27973 792 11639 13125 31180 10833 10406 26987 29057 16640 1648 6346 32368 26961 16223 31378 19607 22683 18306 13928 6555 30785 15295 10854 27834 3542 31083 29795 2817 11908 21528 8309 31679 430 23982 8373 12601 5844 29886 29250 10655 21175 3346 5001 7231 14270 26249 12227 1785 3481 9762 9150 12275 11300 1366 16353 28558 28046 2987 27499 22168 3002 1670 3323 1219 27877 13120 23637 17237 9098 20349 355 14370 9602 953 9338 17591 32368 23588 21471 26073 348 17328 25226 10030 15774 13672 9257 32569 15102 6147 10856 10124 16665 30649 26480 17720 11783 4693 22957 30089 8250 27020 9429 4848 30633 20365 15398 17985 29230 8665 495 14366 26413 9813 81 30387 26231 16029 8007 25509 15982 26012 31716 15940 11625 11098 17628 7688 16986 8980 16454 28987 12462 30610 
24224 21491 7028 6581 32532 21315 7106 15696 18681 28850 1620 6200 16029 31212 13431 6047 27970 2232 21541 32669 24166 16170 882 10512 11848 5146 15143 20902 27559 17365 19628 12856 9421 14609 30507 20314 17868 551 22514 14384 11272 9852 14873 10115 4853 28736 2405 15123 15906 32348 27757 13615 1143 12965 18939 31876 8379 20566 15797 20019 27480 24253 16381 22054 24931 9268 1301 8611 7383 19795 22407 8225 8737 5220 29124 9819 9954 32023 6923 10148 13808 30840 2956 6522 21662 1309 23502 13661 3389 8100 846 3298 738 5981 10857 9219 29290 6979 21371 1465 17596 4913 8009 1741 5710 6482 12444 10986 22507 10202 29487 24568 27827 20211 18891 933 26979 1786 26545 26436 22742 29420 22840 17883 10700 10011 32695 24695 10731 18470 1189 13507 12803 5671 2047 473 26518 14382 3562 3928 14232 23535 28570 27319 28275 32183 21362 3801 4430 27813 28781 10721 23695 24342 8380 30023 2974 11105 1969 21548 19948 30917 20187 11242 3381 31903 15987 10992 26882 6112 13558 29133 2929 26815 16916 21130 15160 9387 26825 6717 20200 20100 19658 6363 25967 7434 20258 23374 2017 9622 24093 19399 6264 7944 31845 11350 13017 20736 17259 8120 24984 849 25864 13424 19711 434 28773 9753 18187 1975 24088 18682 22712 10496 10127 21467 13438 2481 28082 31767 12828 31521 29380 6131 14228 20695 27530 15150 13175 434 27568 473 3170 26983 29032 32105 10697 15921 21588 30731 31219 3779 7078 567 6470 23682 32646 32392 32453 9713 6580 8139 20951 30060 2414 3414 19786 18458 3732 8603 21399 24861 24586 30460 6248 23819 16734 14049 855 6562 7082 24328 12281 17847 7612 28957 12059 11632 10101 16523 27979 5811 1135 21137 25243 16862 14818 1176 28577 25273 27593 27844 3010 9641 7488 10441 10417 5414 20529 3840 28466 29550 18479 30138 14628 23675 29858 1236 27838 17459 17957 17803 7449 9440 29484 25746 5102 29151 28650 23138 10402 8860 7538 28114 2175 27070 29724 17639 21573 27806 11562 30701 14049 3838 12203 23238 22908 9976 17568 28803 22711 11572 22110 15665 7989 15710 16179 27125 18779 31447 
27468 28508 30291 11691 20950 14828 10839 11204 2404 31999 9772 25181 31633 10193 22508 5049 31718 12503 18697 7444 17918 11090 11663 22746 9959 23333 30889 28951 21964 15075 6759 13870 16337 10285 19134 19919 19263 10811 1489 20003 21985 1720 7534 6473 29358 6355 988 3334 10919 7827 13268 23224 17667 28778 22989 7052 23178 22286 8829 29937 14399 29572 21148 24909 21825 28029 3051 28910 24563 23526 25461 5955 9819 7099 11540 22604 24008 2332 8248 27215 3512 20130 14820 8141 8696 16115 32761 11700 26637 27796 2487 8662 31699 29695 29057 7578 26468 11254 5088 10481 31291 12310 16331 12684 7066 31151 15398 2637 7208 31443 18056 32507 19167 28589 28481 20537 20773 23060 30364 11193 6713 23392 3937 29869 18897 24701 10910 28798 1538 21566 12455 11201 6239 19443 19292 11111 10853 25149 9642 15923 8471 13345 17493 626 23525 13404 23540 29670 23250 18678 18493 5635 4054 26394 2178 3678 24449 8485 25980 17250 5346 23293 9288 21316 19623 6308 27311 30522 7045 6925 14506 9960 29659 16174 6949 4123 3730 21334 31748 14010 23367 22209 13156 20730 15276 22378 15907 13264 3627 25120 15778 25516 19405 14556 9417 7524 15707 17234 13900 27502 3011 28102 14381 6995 12220 27169 131 10080 1197 1860 16249 26783 715 4764 10905 9478 25730 30710 27979 19949 15127 5013 664 710 13963 27266 23604 11272 9410 15652 31420 17004 27621 10256 23356 5724 1028 18210 24052 11176 13312 3789 2652 32124 5544 20399 21605 16015 9506 6249 18178 27036 24461 27053 14311 13846 13540 28825 26768 17688 20773 15171 14470 6811 179 7061 19678 14059 13305 11355 20738 25692 26193 11418 13492 3384 27684 9507 2895 11773 27730 3177 28752 14277 2260 23696 5398 30470 31392 20422 23526 21115 9420 14038 9266 30306 25335 7674 11291 16360 5861 13297 11060 31970 14697 10066 2697 21437 29320 28192 24032 26552 31963 11166 574 3408 22581 10341 1453 8956 3974 4275 15421 25115 5631 27910 9801 15403 32631 2282 3067 6203 6158 15375 29202 1187 7952 18846 19427 12530 10524 18893 3742 17448 28037 20914 2515 25382 760 19796 
10549 31586 20319 16392 925 9695 12038 24315 23378 13917 5884 14859 29575 19149 14013 26331 24357 28423 23821 25126 11467 10431 9255 6995 5139 32693 10519 24138 2072 22061 21093 3975 21301 9631 27123 28268 8207 29615 3624 20956 5077 4959 15950 4869 24006 1668 1593 6781 24564 4983 3370 17297 21832 25356 3059 2522 6343 15048 28251 13585 29203 10062 9155 30499 2869 11035 25354 12424 29593 17779 26031 20177 21594 26011 24117 31105 14785 7753 11724 286 5640 11609 7469 17544 24931 11201 7366 137 31553 31175 20503 15788 12494 15218 26716 20563 3261 31038 4716 7940 21574 14611 31713 8964 21866 9080 13177 22311 27262 2309 26812 2278 22247 23574 20191 16306 24867 29383 9961 11912 19977 9500 13588 25542 8529 7039 9590 11069 18262 24944 9184 22151 3099 4216 11015 24474 908 10078 20193 6558 18183 24990 1618 25596 11291 8983 14344 5048 22672 19460 3748 1792 22439 2349 22554 5893 5282 29791 29786 23561 24199 6425 5936 30649 22818 12680 24936 22974 32585 12213 5431 12943 6756 26366 27094 2185 21292 27075 17008 9025 16306 28513 19518 16665 4771 22116 18417 19217 20427 5880 592 31456 10713 14753 16418 10052 28002 9772 8526 10902 7464 24294 16193 6049 9115 31755 2704 12468 15776 31617 11230 21750 658 14534 27649 22522 11654 8488 26464 30611 3028 30772 4255 25578 13523 16496 18047 3533 28387 7245 255 12106 26033 15191 22984 17021 5558 10159 29639 23206 4353 1979 1564 4990 311 10268 3635 2764 2776 25056 27952 6195 30147 12537 29841 14158 16125 3822 9742 22527 30638 26065 10948 2307 5484 12145 17811 12490 6076 5328 17605 18566 9942 8664 14064 19843 4009 24905 26397 23734 16671 29942 25641 11416 11938 32305 5996 22837 15327 27268 11929 13951 5578 30882 23781 7401 7394 2460 14188 25649 17590 4696 12496 125 3240 16704 30755 30122 30193 11319 16135 5345 6885 6865 11027 14443 19320 16579 30329 29126 21250 31896 998 24056 19263 28326 27050 5155 8346 31809 14361 25178 11179 4910 32561 19635 1022 16730 22397 669 28694 29900 29240 15988 5809 30681 29878 17235 21838 32151 
8960 27946 24557 21140 7615 1808 3606 1479 14171 23514 31004 7622 9315 13548 20387 11834 2864 15183 608 24976 14021 28420 11808 19186 28922 10392 26380 5238 18394 22777 18731 23957 16969 31624 29224 24030 18410 28271 18518 8171 16447 9525 13041 26773 11538 27024 10151 7780 17428 7802 12630 17737 19397 14726 21528 25232 16275 26229 29309 23824 32582 2308 6167 11685 3483 4361 19772 29664 8751 21694 22535 17148 4767 25949 3744 15124 22254 4589 7869 17044 11559 3163 28265 29678 8259 25804 31237 5006 30284 20274 21388 8719 18883 26397 10011 24239 21056 26069 26800 19968 8280 32421 3889 6369 20675 21881 177 22445 31422 17324 5104 7602 23983 24347 19232 22757 4616 30590 11247 22995 16749 32248 22721 6107 10777 2796 20285 1435 29054 30227 28684 2472 2603 13515 13277 28546 12531 29362 12717 25799 17740 6260 23109 22182 245 13537 3332 17303 21212 31811 27102 21833 24894 20974 1189 22236 30480 4120 23943 23377 24734 491 17113 10303 31602 17369 19 14535 32119 32304 32283 27849 14174 11758 14534 14424 22081 28630 11676 26476 26758 451 10203 18903 10759 28221 3519 23419 23407 5706 4865 15545 10471 3462 29853 3885 25587 31862 8665 2712 5270 32026 30339 24093 9661 9665 27258 12721 12507 13857 23152 23501 11472 6823 19949 8037 1039 14860 24215 1566 22016 16681 9394 10940 26531 24844 19683 2009 1911 13131 15161 7901 26778 14488 24429 2858 14641 9622 7785 21911 30730 29164 29960 7200 19840 23959 14365 25052 27551 24708 5558 6959 14729 14430 15266 19008 19992 2213 18224 16301 32197 16640 25146 21374 32713 15828 12642 10840 28290 22293 30620 23283 10007 20828 4845 1998 19551 25914 13938 16674 28927 20685 1443 17172 11475 10128 29913 25646 8592 21623 4878 18448 12967 572 8420 10851 29804 24051 6377 22031 5751 26597 3354 7342 19786 18075 32166 25152 32565 20537 3316 4384 14455 15886 13542 2615 10918 15976 24928 25967 15185 22701 5124 5738 26083 22439 30016 18805 29898 11808 30347 3255 21977 2479 27115 6574 3563 2001 12987 21213 4042 16699 29611 18878 31311 8047 24072 24830 458 12430 
1598 24297 2211 28013 24987 1060 11074 9706 20821 31386 17197 1921 24271 12472 9584 29210 3352 29917 8258 3877 25524 25868 31717 24297 5792 1765 718 12313 28560 7123 21766 13737 23675 1414 2768 11999 18265 20132 27276 21933 6956 11195 13787 1854 6717 2171 20996 23247 27048 29986 20375 6848 30234 2103 5456 21483 5594 2171 12861 28468 3078 29469 6947 2401 20768 12845 22303 32045 17609 5971 24457 21399 11467 28353 14109 3712 9565 15974 31837 373 26275 1380 31537 11466 885 4037 465 20200 1377 12905 31972 8167 2547 835 7914 27488 17715 25030 5847 31868 3440 25497 6656 4177 21564 31122 17723 17007 12472 24802 6466 10165 24338 13453 5721 2922 22859 13086 15153 649 27966 3224 27403 18779 29662 19631 32544 8011 3519 13624 1857 5367 2264 7391 32187 131 21383 9752 29309 3122 8405 25176 29053 4919 8700 13700 10327 16584 31014 3498 3895 9589 18808 17135 6394 14008 2127 13256 11920 27853 29641 29037 31141 29379 21128 4235 17024 7380 24754 29241 25899 6386 3644 6446 8660 3490 29289 24369 19571 6925 6285 7888 8109 29268 2583 9557 14072 30501 14798 246 29697 8076 13403 32588 21323 1547 14856 28679 29720 25068 9671 32735 22412 22998 17782 16334 6928 25759 1889 11388 12789 11361 8457 18939 25177 10192 4900 10164 2383 24010 12004 24737 27194 1840 124 27581 3450 757 17121 20665 29259 20596 16589 5361 6121 1031 18186 29854 8697 27093 3053 15437 7204 19179 12321 22160 8453 2191 15525 25075 26693 464 16920 25393 4 30562 32053 26536 13691 25001 9370 11275 28896 27924 17357 6999 2186 4268 18304 14856 20310 29421 7956 20876 25161 4308 5981 28664 31095 23353 21157 4090 16419 15967 499 32014 30759 18378 17293 18421 27799 24144 19131 24420 30625 16499 13518 8441 8119 15598 12129 30322 4081 22926 21471 21281 28588 23619 23621 9627 23928 27255 5417 4529 4401 12958 12540 1697 26987 21519 24716 1421 26643 30994 21708 11307 25172 22330 3544 22463 26552 2549 6964 29766 9360 31585 12628 19444 17301 20321 14434 27361 4815 1265 14395 27392 28598 16822 17851 15440 
16024 31705 21818 15702 28986 30230 5718 14282 24770 16912 15603 5521 32468 15592 23425 25067 8700 14861 12926 27374 29004 20566 6459 5939 13126 32078 25570 17359 1020 4815 27320 16004 13941 8914 5792 12345 25939 23941 5857 2984 30387 5534 9256 21591 5973 24303 29905 20937 28925 31547 18018 757 8216 2377 8280 26103 11427 10806 13351 26630 2633 4367 32380 4518 25547 12448 3525 17182 13733 31622 4595 5421 31727 27276 6526 12793 30593 15668 8106 14920 20058 10387 20490 2802 2883 26722 9026 30359 16559 26195 14608 18317 21222 27553 5006 7708 11618 4331 6065 32494 26489 24642 30486 9665 7229 23937 26366 28767 31137 26844 18583 30160 19165 12220 9853 7630 531 8139 11136 19577 1330 4170 30376 30284 16923 5547 28790 12368 19970 13148 1389 4239 5143 24545 27089 29388 22374 3877 19119 30065 3068 14098 4125 17097 19276 607 5315 31343 26577 9641 30362 20231 25588 2758 25844 11307 20527 18006 4029 30888 21619 2970 7168 18667 26823 4746 16812 5558 307 9249 30361 19224 12508 16636 19142 17307 2160 5667 23013 959 13252 13351 30233 18855 6844 15469 28670 17683 2412 30921 8170 2958 9084 4430 5234 7401 9937 21605 2608 3047 16745 17693 4292 7994 32391 25538 281 32430 3857 25777 10474 16549 28982 18794 20356 27587 15187 4071 30669 16618 3608 27693 901 24937 29159 16416 7116 9584 9084 17819 740 14024 5075 7872 13113 17344 8006 16525 28574 24171 16375 27568 10458 23560 16237 10141 23651 18626 11138 29661 20585 17306 4732 9129 20758 22177 19066 6071 21269 8042 18450 19028 8017 23487 18488 25011 27647 11923 20833 15493 1758 12600 20457 11465 29885 9426 20914 21734 10815 22540 9487 23287 16859 5385 24288 26214 21286 11166 3070 7100 20309 27582 4569 2743 1789 9269 607 17054 15646 31129 26400 209 27488 10622 18352 11684 7068 3562 28493 7021 31390 29961 13762 15324 2090 8481 20363 16267 2108 1223 26938 21462 6548 3924 4634 29421 5490 7571 14865 31271 7327 25276 18123 31386 30124 23974 1044 30696 8318 11832 29574 2395 17163 24353 16229 4405 21342 30664 21703 32321 
8929 27270 26872 19374 11995 13076 28188 13085 23096 14655 15126 17657 29833 19427 27305 23303 12875 18454 13789 6462 31340 16548 19877 28888 11531 14780 30654 22953 18304 19688 29402 13744 2460 18754 26110 4844 49 9190 24361 16240 6357 19619 9526 25530 8932 15094 24835 5953 25028 18232 25043 9037 5229 9238 241 26635 5672 3138 26775 6113 31894 30824 16909 15615 22261 29028 3861 15671 29343 21170 12935 20494 18643 4389 27705 6931 31160 23004 19489 26735 30879 7539 24766 11198 19849 23414 9395 18717 4073 16923 28598 21124 32427 30256 28328 12119 22900 5970 26373 25143 24364 21600 18815 24862 5562 9263 22502 13227 16142 30335 25163 19386 8037 28974 24421 19512 30920 3500 25652 12854 24534 10927 16099 5179 19908 26152 14579 27615 5026 21365 17558 7573 4832 25048 6489 13001 24336 1832 1030 31275 11501 710 28105 586 12957 19667 24209 8804 23859 1440 32441 1404 32632 31078 23528 27566 24043 3128 30006 5568 15366 8757 21136 3833 20163 22530 11101 18742 14431 8056 24673 16186 29022 5273 19682 4422 17103 7881 13066 20457 13777 12859 18317 26906 7254 17833 8332 27524 5927 20552 3000 5153 15657 25595 4026 23050 18398 14278 7379 27790 26926 13958 12479 22401 11880 26080 29152 16854 5252 14712 1432 31345 12715 9827 9719 18230 6137 2782 14998 10854 21889 15936 30914 4651 13713 23853 20189 9841 10040 9741 7938 10488 27910 31164 3304 7079 31251 21635 25353 8484 8258 21320 21251 19361 29639 6401 5438 19961 2023 10351 11215 17147 26879 1544 19612 32517 30664 13877 14017 8150 2521 27581 30515 20125 29550 31361 24739 26709 24167 25195 15014 85 4756 1697 27666 28963 4911 25854 9387 28554 13738 25026 18943 21484 5548 31624 11150 3545 2646 31609 16942 30175 202 30144 32430 29092 24558 11837 27578 7731 22893 13694 9982 29844 19455 20971 30095 7327 6891 2368 30598 25105 7882 24129 16110 32736 5005 5801 19936 13772 10177 7523 16364 23607 4370 21756 8891 27190 18958 28249 16883 8680 23852 6053 27227 22279 24845 6030 26688 956 2561 10417 17687 8120 29901 10578 2147 28032 3756 29521 
32729 12808 16019 28761 21186 2692 13241 15963 25762 21627 32087 30779 19223 23581 20396 30409 23299 17622 6725 7666 4333 24611 21371 2616 22693 26277 7485 12895 30759 18292 10000 20841 8642 437 29011 11461 29050 15471 21960 2756 22954 4250 31056 27980 17134 14713 2806 25808 25407 7978 29743 3967 4192 28540 24160 6332 4474 14592 12705 19663 13315 15459 28865 5338 10211 26618 5770 28430 26330 12703 22598 14110 11036 17084 29058 21236 14655 10917 23825 6052 343 2859 8020 31390 23392 29550 1465 25383 25308 23794 32642 12298 13756 32501 29640 17802 6788 27648 14527 14236 20907 11709 4155 25683 5696 21256 19827 4764 4564 9288 2053 26923 18323 29184 59 20917 15028 12705 6285 7264 21524 23715 2151 30584 19229 17875 11308 3939 5613 22767 5754 27351 9396 30832 18096 22346 27742 28071 10413 31146 1139 7947 16859 22351 23611 210 12141 27438 19237 29630 23012 6991 105 1594 472 8833 5613 19365 2549 16972 19046 15854 8772 20775 9919 23905 14507 30955 4798 704 21176 14728 7397 6038 13466 1014 31126 10440 31088 367 32123 1901 199 23260 5925 27615 21853 5261 3059 20242 28971 21036 31798 28197 675 5876 29330 11319 5943 22046 680 18044 20250 26524 15089 3728 32330 13578 28141 7947 24270 13026 5758 15957 14396 31215 23438 25532 8319 5380 30456 4803 14807 22253 934 189 4641 19622 30455 14491 1881 8139 18787 12547 21853 32080 4705 2210 12532 21618 7048 23746 5134 493 12021 28191 8014 15216 9454 2038 13509 20302 29892 23904 12289 3190 19710 20702 24390 26277 30387 23093 8731 10970 2104 32380 20744 22539 11004 3699 21151 28694 30895 7958 441 21754 13226 28786 18690 1607 24203 14008 6072 21203 30495 31120 5039 21167 22662 32175 11417 15705 2193 27820 29828 28723 29807 12047 24996 14644 24713 11436 23891 14814 4010 26415 17494 30320 25955 8951 15458 25948 1966 4648 734 4859 17361 13819 6379 11648 14981 27225 28834 3371 5976 20393 32668 3263 22352 1766 23224 17973 25297 29684 16152 1970 32448 31284 11373 5303 22761 26454 29813 1943 13214 110 25538 26415 29857 25930 
26556 17617 6981 15875 21993 30337 25039 26323 14444 16740 3618 3622 17356 2165 13724 30964 23031 21370 30779 24909 16007 16951 30468 9014 24643 16353 2469 11187 23529 2773 30553 24101 7211 25738 14092 25558 15095 32196 31424 6611 2043 29451 2607 4346 22633 27996 12465 21587 1015 15134 16993 27044 13099 30039 31867 16447 25301 1312 17673 543 16605 7511 3519 31539 17982 31891 24099 2810 12883 2909 18673 21584 19282 10909 20669 8072 2070 18002 32730 8890 1825 134 14203 9310 30433 2178 31256 11290 21298 29246 13587 13785 7205 8731 19868 6941 27135 8404 29906 9878 645 27570 1834 1523 21367 5376 31509 3576 30299 18623 8925 1233 8571 2459 17872 26278 10801 14877 21665 22639 31842 17953 15627 15626 11081 139 8375 8330 32630 2358 29536 28115 9750 20269 17461 8804 25972 798 13951 29811 31424 3595 28035 7999 1296 24643 28586 18850 8612 11409 17631 15077 7534 25523 21561 20953 24529 1037 17626 29219 29354 4511 26135 23512 19341 18997 25305 8522 14929 27101 17474 12065 8398 5022 1940 6829 22501 12903 19279 10874 26049 26182 22426 19749 26973 20954 1508 29295 24390 23563 19403 31376 9123 14840 27965 12238 21874 21809 6621 32333 32532 25127 31144 24105 10252 15073 27864 9154 13316 20976 776 10839 13072 20900 28058 3287 1847 15232 29014 24819 816 7148 6995 10360 26217 9770 15643 27868 23118 19595 29706 14614 21703 10467 16375 26035 1026 18746 27927 27431 10100 13508 21789 11873 31258 15636 15270 31650 4613 28556 18901 9102 22805 15128 27962 28292 773 7708 7673 23083 9383 28842 20520 21837 20593 7929 5240 28137 23609 26642 11288 9603 13373 29901 5078 24511 24422 23292 19080 7982 6350 24806 22186 1128 8831 5367 20296 17243 13694 3509 27679 738 13064 26102 24831 23194 31515 18768 2163 25329 3128 9426 8612 2943 20584 20465 9595 11162 15229 16837 30470 292 7834 9846 29469 4520 21749 26865 9029 8613 11740 1247 6100 13866 14326 13527 11606 21667 20940 20690 16688 29939 9095 28896 6531 22979 26107 10266 1107 17177 6885 27608 29161 12076 6769 31524 3701 7543 6656 23150 
7928 2060 4135 14209 9569 1835 6651 18869 4086 21267 17804 614 30710 6168 26031 8614 13181 20726 21249 815 16039 7013 15912 14235 16376 15085 30556 15832 11260 15868 20263 28886 19498 31030 29800 32130 11534 19724 29598 29944 14248 27024 15203 20212 31247 1159 18999 28810 25433 13760 27007 2840 30399 28069 6605 26488 14845 14864 5218 29050 25336 19808 1522 6033 2211 31691 26279 21196 23331 8950 4968 27400 10034 12226 3162 19301 10433 13929 31911 31478 28897 20683 28543 3517 25315 14082 22109 8662 3262 17980 17548 15602 24242 27082 1001 7687 1579 6772 26346 22342 28648 26640 31711 17486 13660 16723 1400 12447 31061 28134 23688 16977 30683 28348 7944 32006 19803 14500 20575 28957 14597 32026 20193 27432 24178 30051 17045 14240 19082 25561 26939 20184 16293 16259 25485 32048 3312 15848 26566 23435 29971 12069 32097 11267 26640 24638 9763 28379 5230 30642 6235 17332 5016 82 28265 27396 13696 5714 28541 31685 12167 27297 21921 8554 12961 4214 13562 30231 11444 18732 26698 19729 14658 16975 9914 372 1352 31223 9943 7460 10854 15700 29402 27653 17727 30091 21036 20335 19235 14016 27689 26076 25324 17780 2085 23268 17701 1554 3756 29548 26482 2756 12302 10778 30507 13195 21531 28684 26443 5263 14124 26057 5513 5812 22627 8311 19140 1645 7475 20303 6820 1237 20002 21839 26239 3836 20685 11054 1913 3966 17197 7573 25584 11867 23578 15244 29719 21250 13581 2355 31200 3247 24874 19122 28704 21751 30078 31602 29934 24738 26245 17806 13131 29368 24303 3460 4105 26078 29603 26161 7653 24547 22789 252 7415 25495 32116 28241 2380 13532 11543 16977 31953 17151 8922 29127 26738 3400 10931 31582 26756 13775 14634 12562 14432 13970 7192 13797 2385 27845 10415 979 16561 28265 2746 3591 24910 24096 6438 21327 9235 12608 21442 29902 996 7206 28227 9457 16585 6349 3211 676 7759 15263 5163 13509 24875 19082 14118 23000 20513 19031 7160 8189 15396 30263 18134 6432 21439 21919 10296 8048 17843 25686 29845 24082 30434 205 10605 21014 20331 5294 25485 22442 25367 11191 27279 6029 30964 27849 
5536 26823 13887 10556 28038 31384 28807 30326 12257 23214 27408 1468 6064 11162 886 11847 3864 8069 4498 23963 11873 2847 32417 25108 11330 9433 22435 17346 9054 17492 24322 8055 20750 13849 24948 14365 12641 30602 21026 12877 7265 28441 29194 11806 18584 29879 1698 13115 22227 16015 25534 9017 19238 1525 19635 9767 5936 30873 28861 17766 6560 18945 1694 10427 14072 31030 19336 10658 28562 7869 26941 12517 5856 22216 1909 4718 4087 7086 3200 23385 13135 9369 20780 17998 16836 7294 19433 18958 2273 17747 30507 30283 7262 23420 30480 4797 18663 19846 16963 13426 9248 7191 21024 15718 24037 30245 7705 31315 14038 25959 26200 21194 16403 7945 4517 16259 18500 19620 8843 31474 6621 24941 1974 8218 28320 20397 19360 11174 15459 12913 26477 4918 16147 16258 15635 26359 25593 5527 31933 12662 31292 15050 31090 2486 19623 24393 12529 2944 2221 14414 2784 10746 5802 1873 4902 4219 18284 8572 13206 1438 31474 2911 12493 1173 9331 31973 28253 192 20387 24966 15915 1918 2865 10431 16149 13380 23700 31423 3800 10988 8455 9572 21297 3151 32722 21861 24131 6421 20940 28625 29241 30412 8734 8120 26668 19256 11337 27687 15943 8682 31595 27226 20777 20500 3774 24622 17546 19100 10081 27349 24354 8815 9051 32205 24006 6936 2525 19987 469 3985 11463 32148 24274 6489 878 6884 11090 11718 8860 18738 6425 9629 30169 9340 30848 25312 7657 13823 11034 2279 6294 3314 10646 31410 5552 20339 8423 4990 7505 22466 27299 19862 27493 12717 25769 19308 9322 3147 27655 30440 18293 29677 32539 11008 374 26706 19192 7049 17852 8986 10250 28493 20412 8829 18942 16477 29198 19517 9948 30377 22200 15577 22902 12493 5295 5892 774 12078 16027 26453 28691 30022 20187 28736 1172 5436 5321 29253 13144 22968 1855 17511 1189 16885 8282 20704 28704 1048 9853 18963 3564 2496 1689 11202 25366 6878 9132 23681 19761 10951 16264 875 20797 31623 24790 26131 20942 2936 23130 25278 28778 276 22393 23247 7730 2312 4600 8578 8132 23177 5382 17117 2145 21995 12669 14052 28747 29040 1893 21773 
27249 26718 18618 7155 32078 24660 6510 8526 8975 30941 12466 15907 5364 31046 8050 19256 26104 4269 24606 459 12468 23643 5040 21635 23681 10324 4075 21671 15837 7723 8928 30606 5648 22043 12215 20567 13839 32340 2220 4570 18592 3219 10840 27869 1983 11765 15410 7820 24896 26893 31317 17187 20151 9780 27780 16622 25749 4640 3691 24435 23699 3769 19751 24302 8020 9767 32265 9213 4421 13360 12951 19357 9929 14785 3540 15189 915 3786 32450 433 10578 26191 1060 6898 31124 22717 23944 28164 3812 26746 19845 5552 12598 13503 20802 18963 27014 20138 28983 32335 30907 25743 3896 1664 13777 14224 21935 23026 5943 3949 11305 17809 27510 8349 21780 8864 1300 6301 6342 26030 23992 17544 8642 6598 29838 1512 28215 7143 27629 2507 31434 10931 10808 30234 2709 7787 514 295 12400 23835 9589 10117 32111 24338 26868 29724 30892 22421 6399 3708 17478 21973 26455 882 5033 29214 13155 31705 22288 23376 12755 21939 16457 22675 14211 21369 1208 4935 11170 21935 159 15674 25875 21178 8093 26398 30483 246 11892 6970 12573 26372 31247 4191 22026 18017 24515 2334 20093 5181 13013 13112 23166 29834 6972 6998 1637 27475 20905 2298 26362 14415 23749 22198 24794 4278 13241 6812 32541 11091 27124 13045 7477 21211 18472 2870 26649 29309 30358 11567 31396 20666 7308 29318 6455 27767 6444 27236 20646 12368 14702 18286 31826 28720 3945 27127 30610 25886 20174 23155 32344 7002 21173 18479 273 1705 12444 24640 28620 12525 31916 4282 16543 14072 9023 3106 13638 1954 31648 8485 9230 6425 30737 14985 18418 2169 5907 7013 23555 22429 31201 11149 1549 15668 17470 26705 21623 15127 10608 19815 21355 28378 19085 18981 32055 20640 18933 5875 2547 21556 14368 32513 25188 8278 15770 29237 14881 20563 9803 29544 5364 29657 12796 14033 15235 16648 19991 1217 25392 11468 7342 13457 3389 23915 27839 21465 24884 11098 1975 19939 1670 9301 30772 10080 16754 17582 11791 8793 22312 23270 9114 24168 32047 18810 26662 18727 22532 6911 13257 29417 19716 7281 26718 7080 11147 29129 9164 3135 29022 22733 
18316 4057 11846 3628 6501 8618 19198 2250 24954 8925 14159 32601 10631 11469 17274 27689 360 21367 10454 833 27867 27696 1466 20142 24198 11411 20637 25883 25660 13758 1660 28322 26748 24510 6269 27618 11578 22855 23761 29522 25570 28584 1758 22740 1691 4863 27294 29582 22217 27305 3906 30197 9429 3581 21788 3114 17712 13626 12987 13450 22165 30397 19800 1665 15759 25720 28785 23454 31036 7583 10419 3821 13648 10404 1565 18049 15708 10598 18787 31568 13649 18342 144 13124 15168 22970 22256 8590 22115 10117 7213 8510 22369 22950 18104 15888 3534 26864 30058 16265 30449 8730 13420 27203 18891 4536 2388 27526 1108 27754 2704 8983 24072 18260 1544 16213 17314 13518 31487 24449 16424 6492 27450 12382 30503 19680 18277 14074 5184 23566 31410 15819 21475 32289 22979 6141 2395 4812 30922 12043 17931 15476 11503 3725 1527 27292 15602 25169 1414 26785 1297 6828 9350 17575 4652 11026 31344 8915 30759 5861 32749 20667 26512 16523 29082 11546 18049 11971 20488 14281 20680 15417 8456 24042 838 25944 22053 22118 22165 10335 31857 8859 3310 11191 6533 1870 5961 7812 22979 4583 21957 1914 29662 32221 14155 30193 26013 3695 31854 18748 28123 12437 8598 567 26579 31030 13406 21280 27546 21403 6202 25000 22509 29732 32349 28489 10541 25401 5338 23513 16808 13444 12553 13920 1818 15965 31020 20519 31092 25990 20818 1553 9947 20761 3964 13358 8436 6846 15103 1934 22367 20257 23337 8787 31617 21156 6439 17930 20871 32337 14630 30780 4775 2322 11961 21823 17577 4388 20603 1362 10919 22985 28405 2026 13073 4413 21186 18758 1779 13036 26096 13897 7803 23010 3242 17033 32438 6019 28948 5284 1178 8828 18039 19667 24905 29177 18334 6593 11156 6425 29824 3997 10942 30366 21279 30061 16003 3306 14255 31910 2137 5671 22523 5882 14838 10437 11781 24178 11538 41 28140 17340 10350 15779 4883 30406 30229 13729 18560 15756 12002 7459 12418 11566 24386 11119 20375 31045 26939 1030 7820 19831 18350 31958 2022 25929 5849 5297 21633 22069 1567 11774 19319 16381 5900 25007 2371 22334 19860 32371 
21031 32328 13723 2092 25547 24621 25019 19363 2598 16920 18241 23162 31649 32480 7032 867 16506 24797 5675 6800 10599 19963 15717 9835 6525 31244 7803 17542 10063 4963 6220 23253 22874 7582 6856 26907 417 28355 32687 3746 31892 655 24731 6191 22326 6154 3649 10805 8319 19807 3316 23369 27135 11755 14955 21206 15301 26260 195 16402 32639 5212 15047 15664 9955 24885 11632 29400 4429 25368 15016 4052 29865 29009 12627 26892 19859 25629 24208 21940 6845 29302 17468 7108 26513 8750 6329 168 27160 32315 29677 21049 14363 1874 19853 31725 22408 4791 12443 31818 11798 2899 18477 20129 5164 18695 10609 7416 3840 29248 32494 20040 30204 7115 30988 17641 1893 6891 10199 24906 12350 15785 8704 7397 2922 23916 7460 20850 23570 32713 23377 91 1862 31132 4551 11889 20711 18520 11515 10205 24516 5531 5602 16473 19715 6406 23659 25504 17091 19531 27470 2594 28159 9607 10500 26109 18357 19411 10774 23593 31048 31253 22683 7666 24612 1053 13564 30380 29856 12781 5115 8610 6184 25943 32244 15439 3739 15822 4962 10449 9970 11894 6820 29850 22307 14973 6914 5993 20292 19374 10475 7800 18420 22339 18304 6135 4087 17659 855 21178 7456 19565 10872 17967 9332 15516 17836 13970 32140 25035 14072 26980 21819 32147 8548 32281 29553 1330 32256 16145 6239 6694 553 32457 13532 28923 15113 21843 520 6753 605 20995 15407 25217 12411 30060 1264 14993 12179 1930 12446 24742 21557 7745 742 14794 7955 26630 7858 4687 19465 3805 11598 14435 21082 18307 201 9444 14909 24812 13727 9845 27544 26608 6036 17105 23051 13121 19939 16991 12848 27552 4760 6663 27681 25680 31035 10053 26427 22475 2222 29307 29474 23733 11352 27532 27141 9998 16516 21670 16420 27051 15875 20319 11407 27623 18713 16388 20272 10134 10135 31533 30731 826 25156 29077 29637 31866 5505 20009 355 22223 13613 14943 21845 8833 18375 15561 19891 12242 23762 26090 15302 17016 17022 16200 26314 6481 16004 12482 11250 7763 20050 20516 24493 21186 12904 20217 21544 19365 18690 31393 10516 21114 31735 675 18601 32297 17889 31044 
13803 22583 4734 16984 4140 25148 32342 25688 28626 3991 14750 28597 90 1888 4701 28780 31645 17054 27085 7643 27218 23226 6404 15570 19925 7220 2259 26606 5927 12693 239 12834 3893 31397 29262 22423 5213 25565 16596 28854 20782 21023 20527 23427 20591 30373 22528 20268 4707 7992 17211 19937 1868 22178 7888 26855 4910 26981 23435 2792 32469 8877 26424 15502 31257 21892 24844 5968 4961 1605 27968 23179 18534 18515 27647 22228 5178 9226 6018 9101 7816 6390 19834 21174 28701 4163 1966 5894 20647 21365 18405 4154 12733 23386 31494 12718 19232 2876 6014 30506 19521 11354 31458 23550 18179 15770 19157 18513 14273 27512 23853 26806 20115 17474 27473 9216 24013 31879 5349 9048 4553 22477 30122 8332 21991 2434 21151 28330 2769 8757 8813 28878 29188 23814 29953 29496 29324 24923 32379 6817 6926 19669 18759 24015 1292 6531 21385 15720 32101 13397 7103 11780 5659 22483 24738 26757 1369 32526 6220 5291 30133 1239 25248 483 11186 17200 31463 25184 9353 18176 27831 15469 4649 27659 4121 1538 22652 29984 4330 7829 28652 29844 1410 6962 20774 6384 22676 6350 19997 12775 2645 2265 31826 395 3297 11282 5204 11712 16346 12191 27266 26096 20306 8285 25880 4352 31211 10357 4970 6019 572 19248 19050 7726 20343 4876 27248 17548 329 26127 12859 15347 31490 29787 17203 19127 10742 29955 15088 3997 2851 9501 1536 6547 13332 15640 20453 10142 25349 20560 13406 9491 23111 19168 5608 13834 2790 439 15747 26640 21130 2287 10169 23324 20635 17498 8925 30405 5800 26205 8849 32689 14346 20737 27786 8529 31940 3399 664 16331 15278 19644 28128 9784 8147 10574 20332 25872 23831 5982 23015 29922 6173 15894 6305 29001 1383 10749 10202 27 959 3528 16956 14563 13782 1396 18345 8338 24364 3985 8503 3441 2095 12513 9849 1882 11687 30241 26625 30760 32593 18471 802 16492 29130 17965 25339 1122 10159 6765 4784 17699 30211 31982 1275 6683 2001 22685 29924 7870 25874 18079 17356 26743 24784 21478 30896 6369 12940 17666 17580 24634 16094 19514 12478 1045 21339 26076 22733 15950 
22971 20177 22506 2115 17980 18804 18901 9793 17729 9381 1475 1853 27711 14616 30302 19653 29145 20723 13070 3894 12618 11673 15991 12846 32004 8128 3651 23876 1174 26058 16417 27895 20947 17490 8205 28645 8497 3333 25555 1086 6511 1971 16334 10615 9851 29093 14582 23107 31634 1842 22554 703 169 19341 8809 9964 12044 737 31543 19811 8517 4768 21246 580 23103 15384 18339 1648 1963 25927 6651 32504 17315 25584 7310 14549 6541 32494 32667 21721 21059 6601 7772 28645 19313 16007 12682 7005 24126 31172 2852 14809 6446 15621 16237 5149 20806 15178 24372 14924 20082 29666 10071 1368 5925 24451 18826 19645 7999 29594 12885 9327 24115 28640 28764 14096 4201 10798 8419 4199 10209 19602 1425 27662 12314 14754 10100 23658 10546 2832 11078 24032 7758 24191 15087 10822 31548 25749 10314 24728 25943 26194 11564 21741 7083 13472 27811 7337 8794 13867 6523 10995 15679 1906 26119 4458 32208 24863 8478 14611 26697 14483 9315 10134 29703 20166 30665 9387 27441 8526 20055 21455 28062 29117 16425 5691 6899 22320 26040 18710 10252 3621 14427 13290 25502 31373 23565 15189 28186 4131 13936 11265 10452 5371 30482 12757 8292 29278 29935 20333 30284 2005 1336 27080 3548 13444 12115 15425 83 2745 25123 18625 7239 25029 3721 6194 29767 14859 19243 24375 16574 10070 25972 23322 6426 13680 988 31494 18478 31472 15721 10614 16341 20051 19061 18925 28633 20814 12979 16104 1043 18019 7277 3088 19923 25779 8463 26805 23682 7699 19177 22136 2437 2913 8241 4167 31589 29465 24391 25999 25645 7715 20541 21932 32532 28399 20375 32677 4444 28356 30287 14870 29306 17749 797 26477 24439 20118 26869 23129 7574 17101 9936 24192 12343 9452 19631 14705 9723 27422 20957 14297 16681 5536 8309 6905 32593 10194 31269 31319 17455 14222 6705 28084 11217 1720 14523 4927 18428 23318 21313 17928 19661 2146 24167 6327 28828 24734 17655 26750 805 32424 22566 7244 32746 7950 5401 25668 8147 31523 25511 3437 11800 23123 12897 15787 9312 19891 5071 11246 21035 18908 16637 10409 4973 4858 9526 2694 23163 12064 
22288 21336 4395 21215 8873 8528 5431 31766 2351 16501 21475 12043 22950 28750 18656 2491 18149 12769 25711 8559 7906 12770 7370 24208 1840 8996 11967 19132 25286 7507 20894 1305 17666 21477 25173 20714 5614 14670 18906 29280 19393 25203 8905 19890 23977 15970 25167 31856 21447 30272 2118 19732 6267 2434 6817 24794 28387 31329 28683 23505 12958 7815 3531 23346 17622 26639 7403 9713 19069 15020 15001 19347 8150 8488 10189 9535 9528 30481 7212 27927 18703 23215 16429 24521 29475 31544 4730 7264 13597 5959 15513 13921 25671 16267 6859 11795 147 12732 31540 17182 3295 24532 22589 21847 15479 30587 4663 18395 6619 32195 27713 6747 2755 21269 20587 11446 21857 13164 7963 24781 2790 1728 3504 3731 31559 5574 22630 32355 5697 30422 19321 23959 23963 18220 26510 24918 19627 1108 9550 2989 22811 6624 7252 18145 28909 30556 4425 19204 6589 17028 12109 455 5446 31156 28825 23695 12072 6815 31331 20683 6121 8516 28674 28292 28985 29470 339 17717 28538 2715 14427 2782 13439 30416 18990 14676 18324 875 28431 5595 20159 7401 1496 22262 27974 17673 1693 23678 27505 11136 2188 11762 2961 16110 24343 13070 12353 18961 4694 23199 14316 28984 13990 9109 12688 9211 26519 15450 20161 22314 27141 11362 14064 6915 14724 15364 8173 25000 1282 3720 20395 2512 24231 8833 27460 444 8960 11357 14140 5741 23389 32570 11530 17172 8055 30715 2516 5322 14934 7835 14971 30337 5746 29122 18647 31034 13593 4246 11844 27769 13584 14036 12125 23286 11389 16159 9479 16278 23044 8088 22194 1689 28977 5294 18907 12053 1558 28216 10965 8355 23605 12993 13002 2392 7328 3362 12029 22519 14174 14423 3409 9828 29713 23947 4623 10332 30166 6261 6884 29284 13933 5607 4905 11519 15514 164 32103 2084 4554 12403 13851 751 15098 20337 21430 23447 14549 27051 18408 15264 21276 6892 9758 29778 13131 20180 13130 24425 4730 18218 8930 14350 32385 23667 9515 6 31327 11460 10935 17706 32221 11476 300 23319 6254 20309 11592 23846 15194 13957 9762 3231 28443 9216 21939 24361 30727 6872 660 20869 
11824 26599 1801 21116 3209 1124 31039 23062 15178 1717 10450 269 6549 5508 5522 11393 2649 4373 17287 8685 2167 26327 4147 5978 17955 17209 27926 5075 23437 5566 9080 13336 18625 6996 1378 10135 20172 25314 12270 31127 25633 32 17088 31415 18491 24747 12501 24215 31363 30553 3708 25045 6259 12745 161 3131 26364 27711 12625 25398 2853 22447 28027 8330 13814 1560 20468 16709 18324 4372 7614 241 11693 3756 14218 5390 278 18544 17531 15552 9907 26824 31277 30916 30616 4741 9718 32680 13421 5819 23404 16956 18455 15571 27687 5188 7573 20700 3272 19823 3367 27682 19257 30349 9398 11266 14903 22268 20336 19196 30222 30307 8371 20490 26276 26275 17964 18480 25273 27147 25920 15957 6253 18892 26538 25937 24323 28844 31590 10311 21988 7678 18894 5429 29927 17617 10756 21961 29135 27496 21135 10871 7958 7914 20041 7112 10217 20315 14456 22005 19827 10187 1083 25268 2398 14029 21288 13650 14743 31531 7987 15618 14674 10456 15313 29045 2895 14886 29278 3498 31067 8505 15804 27912 19737 11708 26942 16042 1538 31442 5828 762 12459 31056 28711 1921 17222 27177 2007 21757 9068 23850 11458 17332 14618 2023 13688 10761 13049 2293 1677 22861 24546 27481 22591 23767 16801 32321 32601 12119 15609 21746 15704 23143 2793 770 23499 13411 20270 26823 5888 12411 30729 9231 7132 29958 19266 30993 7435 11289 17517 18340 17242 16985 10348 24751 32096 2061 29237 20449 29284 26744 31958 28066 7291 11109 3766 19785 19953 29955 10781 23439 9706 30707 18166 16707 14409 3488 22996 24128 27857 10447 19508 28829 22922 22135 18946 15395 7271 16594 2142 17924 30757 26804 27039 30921 14454 2332 8856 17549 8543 22792 17691 3945 28127 8078 21436 2607 8657 20009 17111 15707 13075 5457 2773 25158 19944 10062 12202 23709 14491 7501 24994 26642 6758 12980 7006 20049 10641 19123 24857 14646 1246 29723 1329 30013 15397 24436 5602 14394 19516 31562 22612 16458 4633 10951 29912 24329 31035 19079 14446 17669 26950 30631 3980 8563 14061 19743 7706 27169 7188 2898 6337 24492 31542 24036 17253 8691 29189 13260 
14576 26827 32593 23978 24658 13557 16427 26202 12998 3405 2122 22985 14166 7235 22958 28167 22433 16783 32642 17054 29148 27681 20551 10787 19479 20567 23343 12810 19649 20083 1223 23742 7279 7500 22233 16882 5337 3396 1937 2353 8485 30585 31710 29373 29545 11584 18715 25238 13163 31695 31215 8665 2731 6201 6770 19019 12707 1952 20369 4150 25165 22437 32179 24180 21478 15140 17053 30921 9202 24351 18066 6262 20608 3063 10431 14090 10159 26338 2775 31612 20593 26521 32763 32119 20623 22097 25308 21237 13293 26093 22307 7183 14608 15986 31249 275 9949 3003 1634 22232 12195 25710 28536 23886 1372 7470 14261 19545 816 23570 1577 8928 4155 86 16237 27681 8080 12881 9678 28487 29054 12199 17582 32062 31250 10176 11048 20678 4316 15481 14835 13510 19958 31513 2185 25827 14403 24966 9608 23634 10485 17337 13912 1770 2130 9583 14862 2174 18359 23585 29584 3689 15581 3383 16122 24426 16987 23673 22081 7603 16748 24262 18711 28476 2291 9480 11278 93 5564 29543 17151 5276 12293 30909 10925 6596 573 6730 17830 28983 3339 10154 28778 25476 7314 2819 16591 29244 8948 18819 21668 31746 7188 26634 29589 26338 24225 2083 2126 17636 32336 20793 13540 9952 9064 31240 1648 4499 31620 1617 3069 18675 10132 3282 21668 26048 19238 6517 6389 26972 8420 32712 5017 17372 14429 12717 19766 95 16648 28243 24467 2974 1669 23908 29693 18629 551 27264 233 26754 9648 29931 2778 13915 17243 10114 27781 20548 14112 3316 27187 31857 13619 13358 5224 4457 25038 30999 15810 9308 5680 17790 2083 29110 30438 24144 19731 13300 16201 4367 25951 23734 26184 21887 5126 25622 103 14243 6230 8761 776 7655 11091 26403 19689 16287 27736 17616 6127 24496 257 16256 14370 8077 27719 22610 19448 32358 24813 9748 16854 22684 4892 28762 22228 31607 19786 205 29377 8475 19552 7878 1383 26808 10011 26908 18703 7938 17586 570 3656 27361 9914 17012 29925 12905 2631 25755 13893 19468 9301 24782 25815 20494 32102 27028 17628 7738 12396 16168 8815 27604 4328 19732 18627 28110 31828 17921 32429 29502 
23231 12750 11362 1040 4791 8671 3713 22520 29803 32696 6740 14763 24593 10698 30547 10831 11142 21132 12777 22832 2868 21966 2939 17332 569 30795 2983 4497 7622 17789 14025 317 32708 32693 3524 30887 31934 22122 15103 3620 20731 22225 4269 7596 12522 19119 15442 15942 14532 31084 21378 11201 32620 32616 7660 30885 20634 12178 16536 7273 21048 13110 11885 12774 6412 23574 502 31244 28824 23741 9318 30420 23102 23312 26073 12917 1960 4390 27356 1755 21607 28761 4912 31061 730 31389 15819 32398 16466 17937 3616 15038 13427 24276 5792 4641 8158 31514 3201 7593 19981 13695 26814 22512 24189 16795 6751 5744 10515 20182 11770 8950 16825 3453 3706 2388 24392 2582 17183 27990 10666 21233 20166 31992 13120 7168 5227 21206 8577 21736 25836 23780 18660 25944 6671 7007 16384 922 25287 19460 11762 22888 9395 21887 22528 27392 5864 1830 12924 29819 31216 231 30954 12634 4370 22399 4453 16994 16596 18669 16190 9642 30399 5415 26855 29938 15970 20235 29967 24118 10138 14744 783 2691 25104 1374 645 26378 12802 563 28222 1139 8775 6440 11866 115 6029 8892 26026 11681 10470 27983 11869 28037 24963 2009 2524 28914 20414 9435 2034 21142 1374 10646 26928 16336 27927 15740 16528 9153 6481 28132 22616 2214 28715 14849 24129 9061 22718 6933 6873 15717 19878 23778 14374 28835 30911 23137 23436 27139 15404 29367 5872 9700 19614 19045 29982 23286 16594 11455 9576 1872 14940 8607 2704 21437 2980 2906 12521 16727 32558 24819 28600 21848 9246 22671 14816 14124 17403 5673 25023 29899 26035 12935 21587 24901 479 11885 4001 16798 19529 9744 22615 15325 13995 22733 29360 15456 4282 22811 25240 17778 26979 30911 30481 23840 5461 17727 9429 3400 32447 10392 29756 10738 8795 563 1633 20963 23979 19478 30080 23920 29315 8280 5283 12177 25543 13015 21118 7478 3958 4909 17303 24286 10727 19167 6058 16485 32339 11224 32331 797 6292 25366 16077 9761 15404 9124 1891 2278 19593 32200 14213 7187 2696 13949 10645 5267 19255 13091 16323 21736 3039 19830 14382 194 1858 9149 3147 28368 
12321 14659 24459 27862 13569 31499 16696 2560 28975 31936 17824 23414 28418 491 14966 28464 24416 10089 31349 24844 10883 16667 9286 17949 32253 16351 14500 25158 31738 13247 25534 23560 28614 15977 30173 25241 11151 2527 20294 31286 29547 6000 17250 25273 6557 31463 14108 19566 12308 22018 32395 20259 29492 10278 15825 22398 20953 18000 20803 32404 13977 3919 202 32694 30282 12337 648 16526 1988 3323 4287 8044 26856 8605 5871 31706 21730 28452 14911 11638 12202 18738 16670 23809 19153 6059 7722 29619 26490 24754 8785 5329 6567 11988 6710 21890 28854 10114 23254 9951 2347 26053 363 9801 27567 27949 27281 18431 23897 18699 9383 4079 1325 11231 24952 19661 2786 8980 11034 2403 4841 13035 24599 10280 15274 28342 15051 23827 17 24902 26637 31153 9033 22950 28946 16246 2503 28682 31885 11345 9099 22274 11035 30082 19362 19699 4831 9392 16624 16840 7785 2870 7212 1253 21213 32703 26412 3932 16721 6674 14691 15972 10102 24879 32168 4615 891 8090 17720 17434 7982 20983 19455 19314 22117 25559 4627 8021 7324 11986 11906 20271 1503 28630 16205 17030 22251 9918 6836 13616 24720 5158 9652 17348 10841 18814 29647 7246 12399 32606 5131 10055 14523 9753 12093 15556 843 25749 23431 14829 23031 31066 18720 2737 17220 12776 11347 31672 23688 27726 2251 26777 8015 22264 16909 6734 5630 25289 5446 27109 17334 7018 24647 31607 17275 23009 22990 9566 25238 1381 7943 22435 14903 22128 14930 6070 3167 20503 1863 25698 26621 25495 6135 5631 22616 29232 32629 3818 9132 8502 9622 20530 23832 13413 2036 18068 19895 25205 3129 25514 30990 22510 18330 22367 16550 23614 24481 32166 27385 19720 26672 21612 4499 25536 25283 3530 14961 31093 17141 4736 8365 15597 7238 2207 28765 3831 23835 12933 31160 30973 15110 14862 8058 29145 13384 15369 1162 25833 19092 10217 15578 12134 23318 18365 1423 2033 14260 1123 18531 1135 26004 14840 28231 12823 9438 12434 17740 29641 9667 3378 32195 6818 3774 20212 675 27853 14361 11401 12588 3740 16564 26087 13258 471 24578 24127 1084 12116 6484 4656 
22773 11975 13402 15930 451 16604 7910 18805 30638 12163 7156 18563 9251 2187 25576 11459 9042 26227 6678 29639 1492 15229 15239 27401 21905 21251 27386 23513 25057 32014 15914 13210 5873 6181 28751 31790 25705 28003 7655 14511 30539 4813 28086 31328 19230 18402 19212 16867 22093 115 5446 172 21962 4532 26775 20149 31734 13716 25609 10355 1733 22602 4286 18698 285 25648 20092 29885 13184 32725 26985 18344 2027 29261 15634 23729 25854 8652 2226 24764 17500 24692 22706 26142 2133 31594 10604 3156 21699 16431 10036 20470 28465 27694 12185 5862 27203 14993 30696 19661 8274 1113 31986 9160 16726 9902 8207 19806 30729 9075 5475 16310 27209 12318 1888 23302 6334 9927 5004 847 25022 3454 1157 584 11117 10210 27970 17815 31017 18160 2459 19783 28709 19224 2060 24183 3923 3222 8374 20047 7816 7679 7590 31033 6363 7450 14426 14925 5710 1522 28801 30476 30896 15401 16387 4946 24513 16015 20545 24966 10392 14579 5278 25364 31810 26682 28222 27933 12716 1198 15630 1389 1730 9880 516 2989 29913 22800 30376 729 9290 20244 15827 3829 17248 28376 4534 31484 17525 10077 4895 23322 18263 17477 7672 7962 12785 13286 18192 10530 15399 29597 26399 15518 29441 5732 22276 22906 30476 6567 16720 22420 31229 31828 11528 22129 16280 19506 9639 21807 9680 7539 9315 1722 30768 8332 7857 13891 4729 19012 24075 20462 5773 16907 1265 25035 14731 2702 25902 10504 27708 6280 2908 32613 25262 19419 9130 15591 16158 32479 7133 25041 25627 8186 9877 7376 12777 2417 978 374 13092 2941 12982 745 31909 23714 28813 1757 17578 25660 10506 9407 30000 4955 15315 25907 15780 16336 15169 5569 26555 13704 2144 1227 29599 29209 28734 14787 16203 16027 11874 32155 15672 7097 30874 18300 32313 13319 30714 25018 4771 18583 21281 23304 1714 19399 11710 6120 32296 7772 16723 6246 13111 8917 29497 17926 23713 6905 3045 24059 16158 947 29545 19353 28158 25375 5949 1805 32527 15589 23872 19532 13761 8390 18426 15945 27016 1908 12324 19051 11138 29095 14186 24638 28506 32109 22639 20841 15212 26049 
14354 28128 9258 8288 7152 12378 5822 3544 10793 3846 14065 28642 22120 17529 21579 6641 8221 9451 14971 4107 1549 21412 24826 2008 21261 27825 15852 32761 10250 30427 16455 24986 26445 12762 13622 24651 25853 5317 7360 3083 230 4301 12709 18854 3448 27691 10376 9538 10259 18775 27219 13108 26242 11899 19928 29464 32197 8487 5300 26912 17939 10822 12153 25004 16415 22097 3340 4891 32667 1474 31051 4577 7930 8652 20211 19162 8315 2377 193 30687 24675 18932 15832 17046 31881 31192 13667 2446 21784 17672 15739 31627 2705 913 24907 32030 7439 27565 6770 3193 4303 13369 14760 6018 15343 15209 17061 30758 8566 1467 16191 2800 32149 10537 19922 5082 26413 30883 28388 25955 10896 956 22025 32225 16780 16036 16901 3865 3238 26198 8241 9229 12707 29970 32544 22805 17229 15118 5249 23089 5747 28521 23111 7070 26674 19808 1800 167 14707 4548 26019 25790 949 27819 20518 15051 11021 15207 20975 14020 20842 7860 13585 13694 28446 16693 32505 22211 21658 25122 8273 32164 31097 30779 23588 11024 15553 256 10819 26278 31333 20515 6376 10696 6670 29502 29082 241 31514 32194 9552 22344 25061 20783 17369 8309 19016 13707 635 21683 17248 22029 5595 29478 14481 30233 25372 32368 19402 29297 19531 10111 9482 25257 7163 6824 23331 28379 21548 8954 22974 11677 25714 6092 26783 7728 2899 18585 14378 4858 26352 23310 5926 8246 30952 20320 13762 25323 8569 7907 6613 13338 21992 10457 10346 7228 5667 24967 26748 6892 26022 30607 25342 5856 19355 25465 17439 2589 7749 5523 8651 15979 7582 13819 2933 11783 8511 11002 18196 23705 23937 22931 24427 15461 994 21596 26510 29637 17066 27789 6050 5847 26574 22871 9956 10611 11028 26999 1773 32096 25464 29450 25652 16583 11214 30115 4052 20711 15018 8859 13967 9483 29053 16296 2323 26041 26368 6065 14717 1069 28886 28129 29212 26118 28781 9979 10615 31038 26405 7405 30609 17503 5556 20647 20587 18164 10953 28205 18379 15934 17647 22251 16956 8745 19380 9802 14166 28286 25611 25728 26943 3162 1008 23468 13682 28639 26954 17186 25279 15913 
30741 13571 4243 3972 17344 8722 11130 8668 18388 14274 2786 3957 5079 27796 7202 24028 28272 9887 16059 31005 13260 12400 13789 28470 29503 28693 21293 32716 4143 5237 16069 21533 27182 11491 124 29494 20582 24306 11880 18021 17466 11914 25762 16882 20266 3131 27209 1546 28663 7634 10186 3068 25352 29994 21086 13224 18957 10565 28884 17715 30434 1435 7568 15104 23990 17330 10708 26588 29292 751 1598 19833 30017 29356 5266 14110 29360 25227 18106 27804 31379 11529 12043 4484 21130 12374 26058 1175 10144 18788 26607 21374 812 1341 21288 5820 1782 31899 8993 18912 13467 3506 21507 29695 17459 26705 3643 13409 20016 8233 16252 1915 19593 14700 17671 22557 14105 25499 2858 12525 16194 22169 17926 8724 28373 1539 10134 12087 11830 7876 14061 22953 30139 739 11455 6879 11862 14240 31011 25380 1396 31168 22167 28813 14372 27685 3653 4656 6524 5281 20869 11153 22584 6924 19618 3165 18341 32404 22241 28763 12222 13653 25535 15263 26772 27178 6523 18177 17651 19650 12500 20685 4162 10230 532 26044 9131 12889 25421 22051 22140 19729 15331 2923 19917 9446 29002 20929 28516 27033 4369 27150 31701 3959 23584 30762 5101 20269 5950 8525 11601 22494 17622 28358 14947 26483 11258 18671 2405 15667 20648 7776 7905 6803 16716 2915 3912 17999 23943 5544 7129 17849 31279 20538 5828 16465 1687 31666 21136 16791 5904 30379 8378 19741 30895 4725 9119 30944 12881 8206 30619 472 5853 18765 30579 3790 19657 2657 8176 5486 28384 24442 22221 5533 10818 31430 6356 7949 32172 5791 21315 21774 32249 14339 27764 25767 17385 30020 16317 8421 26402 5376 4246 14707 10868 6484 14585 16235 15713 2893 5903 27756 14045 6815 32264 24557 11602 26010 11850 18128 4071 32089 6351 8506 9474 31293 29128 6819 21003 13466 22151 10281 4212 30127 2715 24874 13302 13532 4157 17937 26141 13583 8171 26992 31494 5760 17234 12112 872 12446 6001 5829 16337 18504 31228 16837 22834 30273 9726 12089 670 20958 963 23381 26703 13314 12277 14885 4074 9804 32261 16489 3587 21135 31180 28323 13540 1667 11379 4718 
8330 8122 10384 12817 17393 29653 8593 22100 23442 2295 4702 9875 26921 12922 14138 2832 7355 26081 24298 18829 20184 23566 22298 20507 28702 21174 30716 8749 4606 529 4914 7152 27843 6870 18926 32735 1743 24678 3672 658 24872 13127 21552 18646 19764 8149 13492 3075 20417 17716 2500 22666 13640 10377 17476 6862 15219 18538 450 28213 29660 1171 9560 25214 17432 11738 30676 11093 9972 21093 4887 28196 4862 6682 7355 8749 10824 18263 5113 14038 5992 12259 14025 29763 15299 16933 16970 18986 4876 27284 4709 227 28679 28015 25773 191 30355 2222 17034 9115 30439 29240 22167 17589 3612 1622 12616 702 12268 14952 16592 26672 32185 10199 66 28129 3792 17226 8694 3033 3568 5149 14638 19552 20486 15 9977 5468 18491 32570 20056 7130 32048 19529 21408 13803 25480 25829 27423 32433 16808 28272 31490 185 186 21238 5238 23179 3832 10848 2062 4480 14119 17387 6501 1748 4449 25561 5636 17148 28952 2407 21382 2874 29784 20734 22778 30062 6220 18093 14216 28207 30468 15575 22104 25882 4725 31529 13743 4970 20674 22991 27995 4298 3514 7400 27218 10855 26017 9271 12182 12360 7475 17179 7771 11490 19174 21697 2412 15079 9584 24728 6091 28000 7049 25349 14999 32251 6386 3673 14899 13734 7350 6144 7845 17244 1200 26106 30524 30015 12877 12432 17782 2024 27795 27711 3872 32763 9058 4089 23487 16894 30714 2957 8495 23659 11966 611 25482 14339 28216 7788 3148 8806 28508 3929 15540 26337 785 2571 8045 27015 4333 23627 32109 30851 29504 26812 6686 18348 21589 7949 6843 19034 28916 17523 31997 24440 25643 8279 24824 987 24655 24908 10815 32466 31037 20035 15439 15615 25573 6146 22059 19813 20234 24274 20803 13505 14659 16504 18330 2846 26694 615 25896 6052 25957 11316 26750 24241 9049 9802 5800 22059 12607 12511 9815 13332 7904 18215 26176 2910 30261 17095 8895 11009 28203 21388 3776 29516 15011 8029 13279 5496 7613 7790 11726 29059 7766 1975 13559 1596 1999 24997 15459 10138 5904 2831 9947 28497 30925 20587 22349 7079 32008 24898 8305 20612 9176 14817 
22443 28361 26472 21842 3892 30179 26434 15242 15221 9120 22734 16356 18355 17985 24853 974 24049 29904 15307 4546 26130 8628 21389 9337 63 15234 12135 28251 32392 20502 22937 30009 8654 26083 9115 22078 7648 32647 27486 1571 10468 32162 17877 24995 6649 21225 12980 8751 23322 15990 15736 2786 12869 98 12199 25015 9693 15510 14425 2298 78 32734 11511 19708 14063 6976 18243 14859 14380 18827 1176 3745 25828 21298 2675 7644 14608 9307 13363 13870 26534 2356 11805 24662 28093 1158 16803 2703 24817 29836 14054 29703 32009 31237 28537 27794 13527 21896 7784 15520 19040 12056 16761 18797 12861 31736 16305 18807 17985 30400 20762 7477 2908 23985 5060 8198 3775 27462 29194 1384 7745 15627 15894 5738 24578 7346 9896 25444 3406 24420 26898 15845 21700 20309 25736 3821 10167 21403 29334 23900 30420 19008 10482 6315 8709 18582 26740 31706 8086 13770 23907 7337 7831 29628 21746 31499 10369 2574 3082 9432 1564 1916 23370 16834 27551 3435 25677 7050 12313 14788 9259 30324 5137 25346 3906 19960 23401 23178 6710 18874 16009 10555 21558 32444 30393 31303 30337 20690 27085 10305 3369 2135 14600 8311 7447 28703 14139 4225 27472 4012 2605 4634 18807 21925 31551 18735 2962 18051 15184 10294 2833 910 7647 20161 23308 15880 3951 13907 4556 27304 19248 8562 19341 18762 5083 253 19074 5348 29662 17344 22554 28604 18617 17478 19330 24536 7592 18670 22891 28598 6530 19009 4365 18238 993 29571 10859 20725 9603 4488 2521 16243 2032 25546 7356 1815 22621 952 29586 8185 29137 22096 15666 9248 21126 15343 1876 7670 146 29288 26707 6904 8646 23892 30258 22194 19159 10410 11998 4587 18875 31120 13746 27165 28502 8560 2624 17704 7254 1869 7247 9542 5468 15192 24864 31042 25180 26814 19958 15589 15686 6597 23508 32178 21478 535 30857 6099 24841 17245 2282 16210 24801 24592 24671 10636 25770 20620 20897 27363 18830 28263 15553 23732 22214 10752 15981 8073 1795 15963 25711 3471 268 22316 2934 12618 936 23857 18969 5255 18622 23749 3353 31634 9147 15027 18662 24746 24372 11080 
25701 17330 7629 8108 16625 8745 16985 7538 928 11100 9026 13421 967 1242 3371 1733 704 13097 22741 5963 4330 31415 6207 21002 17394 19731 7954 798 8785 5725 27195 12234 26646 32508 10970 1476 2278 30094 30811 21715 4929 5413 28130 18076 22790 15280 14061 18617 314 25783 20277 23820 26373 7244 31189 17491 27133 7742 13229 14076 5032 30095 9481 8250 13883 12328 22142 3928 26792 31436 11541 21326 984 14667 29100 29842 1333 28408 26520 304 31340 2908 13967 24349 23153 28460 11206 6344 28611 15737 5718 22515 14321 19751 17124 705 23645 20128 23169 12048 10304 31177 10447 24584 8174 22582 3429 16884 7516 32666 7285 22609 5599 20609 12972 21029 27958 3393 90 30867 31179 23853 20435 27563 7734 4109 2837 8583 7171 13771 17579 23443 949 24175 18385 1580 26122 5709 29656 13933 10881 29309 26316 14917 12058 16780 15189 28365 5469 13425 24027 20697 24733 5059 15597 31694 18814 21801 22756 2739 27317 9489 30403 3978 11023 14501 31330 5344 2229 31738 11212 23971 10670 28811 27621 22324 21925 20455 7248 29117 15597 18086 16015 21189 12482 23457 3692 5633 12498 22371 7064 4205 29180 16346 9875 18844 16983 15442 17611 8012 28278 30117 4104 18238 3050 18091 25863 9029 19721 20728 30053 7068 16878 18887 12480 29564 10945 4913 18712 19438 16185 30115 22139 18655 3934 3470 24033 3186 24980 16736 16213 31898 12757 21428 20309 1767 13886 26053 8060 22176 3277 32297 14942 12563 30313 26556 22196 27689 17186 31962 17849 13117 21435 13009 8403 3630 21605 31125 31350 24243 5326 17334 5701 18415 8538 19088 27771 13382 432 25282 31882 28014 16505 29921 13058 31433 8292 28269 26291 14834 8814 16131 12566 26006 16736 13781 9705 32389 1689 21336 11802 19208 23565 25404 2534 24694 16270 29345 15938 27394 15179 30344 29050 10199 18326 13959 31512 17767 31210 20418 11015 7679 9516 25622 3064 159 20273 18839 9477 31754 8065 20029 32404 24601 11098 25562 28287 26964 17144 18511 28530 19139 9236 32256 1940 2562 13739 10373 617 24980 12544 8611 503 7545 23524 23162 11047 9731 14389 23807 
29039 11493 19621 429 17838 12429 27324 11640 11351 18868 5665 11267 32466 30515 28949 31250 23583 23576 21056 5186 3261 9209 26544 7672 24010 392 2847 29847 14187 31592 11124 758 29294 31551 28557 26897 12590 21261 30268 19454 16311 11452 22415 25123 16171 6136 19285 4007 8293 10816 6365 10022 12763 25917 13313 8873 17609 22355 11107 26837 11660 10871 19447 29282 9035 5440 7618 25551 17117 25152 7649 28500 14567 404 22988 4889 22341 22714 20444 1957 6572 17571 14603 29337 23949 521 8188 12702 20796 28675 26939 20892 24145 24791 12485 1581 4943 27919 8395 13649 20611 31951 9651 27491 15407 31589 9056 19275 16872 26914 4019 20214 8509 16232 5713 27651 20377 23301 10663 28863 12651 24767 9516 11604 28291 20528 25830 15677 26047 14549 30256 1277 1000 17761 17850 14353 471 4439 28369 31523 19932 31959 4065 30336 9312 29368 18488 27852 7112 21720 17164 10741 10141 688 29632 24165 22250 11820 26467 14972 20966 29369 20346 24125 23251 25247 10751 28999 22054 32401 10921 30471 7656 19330 18798 13101 9308 31419 6727 12892 10722 22571 21043 19238 2587 29438 7550 11063 25678 13425 11075 17616 8971 22756 4656 12408 9998 32560 29321 22254 6501 16956 31087 30561 10454 4299 10595 24035 13947 14232 3078 24092 13743 20901 12578 26171 17198 4816 7918 15922 14199 8359 6030 18211 14453 28029 22490 20245 3679 18878 13152 19692 16349 8063 12716 6296 14700 3161 4295 29580 1027 19832 20733 30066 20215 12783 11747 12573 20764 1870 10393 9663 17709 13431 1869 20572 1389 30381 28160 29054 2703 29934 29837 23339 20947 7555 24039 23316 28275 469 21666 5391 19005 9346 20661 25031 22913 28080 2686 1458 17965 14754 7942 21572 22071 13705 18823 4963 4411 32412 22059 13082 26982 14186 12823 11665 27538 1903 15528 9021 15026 14566 15868 1876 23153 26847 9909 28804 3350 32145 31993 25060 18603 22257 6845 8235 1886 28036 8516 26400 30503 21361 17890 4945 19627 19418 23558 5128 15713 27756 16504 14715 25843 32053 2526 13123 6631 2742 8837 21263 30078 24122 12126 26522 4828 20582 26695 17370 18794 10768 
17804 18043 26233 1877 9902 30091 10792 28901 22115 631 2951 8098 4061 18998 2044 7786 26959 9668 486 15920 18350 7890 29313 4178 16309 23740 29450 23334 2091 23995 24867 15574 24936 20572 8824 28783 5654 8496 19363 26932 31029 4293 11853 14392 1377 26070 4758 28716 344 4031 8119 31605 19895 19763 14310 6274 16388 11057 19323 28764 12017 28724 26448 31614 5087 18347 621 10472 26018 16808 20197 31599 4228 31452 4603 4439 12172 195 18313 18979 27392 17948 5283 32428 8232 15260 19831 32625 13909 24803 4727 19758 17698 25007 18619 16304 28666 4944 29088 3815 6874 26204 9654 29245 23640 8355 14041 18982 20709 29541 15773 2040 13135 16835 5616 18430 24202 11124 3834 20935 7343 12217 21064 29380 26437 31891 17962 26387 31936 15923 28505 17557 28487 690 5597 7238 4282 1538 12590 17870 24564 31269 24474 2387 23373 8092 27878 7058 23651 16931 11320 8238 24859 28059 10549 9799 26082 28488 29798 21327 13625 30524 3808 12313 20592 28179 14628 19507 21937 21217 10564 11126 1857 13673 27719 12763 22531 8336 30415 401 8510 2321 10489 32588 26015 5233 18821 28895 17794 19510 15415 27149 2157 4436 30588 31644 24541 25576 32081 22700 18246 21288 23393 26183 9557 10650 30317 26937 4728 10629 9457 17954 26784 28070 23813 1993 70 16931 31105 8115 16044 2501 23140 5365 22885 865 25719 5446 29463 919 9261 7256 30080 30399 6094 9577 19639 16161 25812 6933 26548 17252 31894 31086 8723 16714 29731 22094 31509 14490 4977 17388 15848 605 24503 16814 32552 26700 9495 12094 5029 20618 17280 30176 25703 20879 17107 23555 17391 16996 29252 14101 10432 6934 5892 28572 28958 14693 28189 2947 5142 23996 1437 12977 25534 29798 12534 25057 17598 32510 7333 16301 32527 12839 17682 18411 3075 7038 21687 16701 1414 25549 11653 12516 6819 386 8579 16597 11594 28511 7865 19471 32080 15218 21068 1323 1207 584 1770 27445 26928 10846 17000 186 9950 29656 26282 31010 22621 12405 22980 20544 16387 14275 31070 40 30309 27535 23901 18753 25117 24736 11712 16539 23755 32677 4039 6274 10586 12907 
28251 22355 8069 29011 8618 28814 12441 17668 14866 29741 10620 4189 29248 18484 21998 13997 3225 8330 26895 29223 8152 10503 20257 28304 5881 5582 19600 31803 26711 3549 3631 28471 18449 9186 3781 32455 22961 20816 30152 14610 9488 10163 21352 24348 21108 11329 24016 15605 29180 4529 5032 21041 21054 17488 26590 24215 10798 31825 23206 10014 6722 19044 9151 1813 18643 21131 20984 8609 7623 10537 1012 18284 24941 1628 7722 25756 17064 17293 8751 2818 2128 22342 2872 27796 29141 17219 21467 23070 2853 10443 2325 6708 30672 30529 3729 11371 31082 26870 30759 19657 13618 16961 7332 19321 31984 1746 17865 3267 7972 6467 8598 17724 604 30960 22728 17978 4070 4617 28320 28299 12711 21477 19942 4967 26443 409 10030 30114 13983 28874 1114 5926 31546 10943 13664 1185 22883 9146 31309 26491 22575 31881 3722 29707 26346 600 31070 2058 20920 24777 18357 3400 27004 14919 4896 29853 25337 6807 31260 23843 12600 30639 28055 15266 24361 13516 30640 5708 11404 23487 24511 10411 29202 135 20373 983 4288 805 24069 32492 28821 9132 8867 3003 21100 7320 14027 17344 31012 14176 18405 16725 28157 3919 7912 6436 25669 30351 16669 2018 53 12679 3622 10299 1302 31847 32574 17672 11943 3840 27586 7112 14787 4826 30449 9038 24639 16256 2800 10935 19474 4383 1296 25759 17848 19791 30548 12949 8664 18993 9006 17611 12836 11194 4490 25106 15744 2894 27661 27654 17255 15761 31647 29574 3723 10874 28711 29032 23228 27561 21909 30570 4619 9466 23078 28011 25903 19290 18915 11995 17192 19929 25452 7280 29730 21761 27123 30234 23451 3174 6283 4410 9672 10879 23203 16143 25653 10932 28109 30576 23981 28088 20677 7105 5465 13337 9134 26144 19755 10006 23966 22751 1918 25520 31581 16951 19446 15364 2922 10298 13230 8919 15167 12554 146 30067 18902 23369 17417 6066 876 6864 22744 5720 10885 11684 13379 17317 29232 15653 21108 555 28044 8073 16929 12766 6283 19849 4970 29546 24054 24666 11776 13769 16050 11231 21132 16916 32321 18717 19279 14745 30859 9455 4101 14895 1247 26363 24848 7366 
2613 17636 7634 578 10422 5570 23131 8842 7294 14799 30788 4571 15776 10850 18138 28771 16746 17954 28288 14347 8427 11635 11086 7316 18611 17205 6910 12773 30170 9646 8713 19619 25668 13252 11277 20739 12834 29296 19314 25564 7356 26223 31821 12801 31343 13883 3716 16845 5617 10297 31540 767 20189 20788 10575 4296 9067 1802 25994 23075 1918 27557 4470 9317 11493 9261 19948 7189 8410 4220 9391 26621 25295 5843 30029 29313 22635 22475 10566 23856 17103 24206 29552 21145 6429 8518 7834 10848 27707 26070 12144 5009 14292 24265 23967 14643 17568 5255 10297 5409 32742 28367 2394 25877 27711 29281 3340 30214 3996 1787 20328 14772 650 22919 9726 23169 1205 11923 30839 16770 15019 14593 3193 17110 30947 18688 18635 25654 16382 26427 13242 29134 20044 12368 12475 21835 27282 1155 16721 25398 19467 24500 19761 4736 17324 28046 13733 21086 2732 11778 14382 29271 23108 15859 25709 20634 12468 6195 10563 17046 26502 25263 15672 27589 32534 7142 26137 30408 17234 15520 25573 25785 11711 8668 747 26301 10429 21258 6444 30168 6155 30842 29446 7430 19085 5653 29460 10631 14669 24139 26960 13690 14273 12620 25978 16557 31052 7291 2238 19380 4102 28191 6801 10552 18624 12636 25820 31122 2115 9827 7004 1176 3545 2789 21064 26039 16143 18125 18485 15939 24760 20782 1848 25098 24885 24954 8522 12847 6132 16630 3056 6710 7735 20586 24347 25435 9495 5661 31564 21032 27848 26624 23293 16966 16670 1578 4925 13460 8016 14724 18330 886 26877 19142 5443 12656 18540 26018 14702 1523 10776 15422 30456 27766 28524 32488 32587 18889 16075 31750 25221 15270 5331 31819 19159 30346 31459 12081 1834 13762 1754 15267 10505 29129 2082 18681 14779 20689 1518 5162 19119 1440 29375 25917 25886 4253 14637 30977 7403 5931 1508 13054 19150 17717 29421 11179 12721 27914 30767 28386 4954 22892 17717 32400 30795 1507 26673 28081 12006 12632 26177 10108 17877 32478 10482 14042 1449 6355 25859 8733 11713 2600 24171 12015 30830 16893 11676 8840 10836 30065 27146 21029 12564 21432 24039 6069 5416 16494 10033 32469 
17166 2090 27119 15870 28584 17239 30648 20477 7139 23359 4212 16804 31639 25961 8295 1984 17326 18725 8043 29003 9097 25445 30076 2530 28063 7374 2170 121 13159 9743 22315 26189 22649 20082 17792 23066 24816 10416 32281 29582 32530 29194 3338 766 9267 28565 6112 31065 6358 13782 22239 3162 24598 3726 13198 27393 27204 28887 12406 5699 23250 16240 32294 12801 25967 16726 24954 25143 1652 2196 20253 2166 6783 15195 24653 30100 6493 29525 1246 25506 30766 10039 5762 19486 30403 21142 12615 28266 23627 20475 30049 6781 26415 6457 5674 5081 29754 25086 23143 8380 8445 16553 29133 6555 28018 22875 17348 3276 8415 16209 7018 19075 30205 113 21723 27903 21082 3874 28592 12549 3324 32353 10949 12942 2119 17426 3392 25021 8993 30099 206 17427 17747 12951 24880 21990 2866 12850 9463 8207 21632 9776 907 21988 14989 26795 15474 3942 12705 10205 25551 29627 22942 1074 22569 26590 16866 21665 17774 5525 9323 1341 22840 24227 23614 17415 3150 4159 6921 28679 9582 27334 8711 32411 22858 20909 548 19214 11216 14265 10082 1132 30382 7026 13179 11669 14614 10197 27592 25489 5310 19785 15969 24099 7212 26324 8838 24225 22064 16271 22589 258 6834 3159 19261 9017 11437 11718 7435 22210 13692 20065 6755 4218 1365 12563 8153 2739 15635 17371 12736 3464 17720 19137 19275 4462 13874 14094 10482 28684 5597 32444 4631 5965 3658 2092 26090 29363 447 32279 28554 32494 8190 8135 17773 15277 24778 24967 14337 28596 1960 29016 5011 29486 5347 29669 14705 29765 18386 3513 21579 27121 5725 3248 11231 10509 15806 17835 23510 20400 20613 31368 29160 31418 26079 23634 14151 31149 19991 32180 10555 29887 28765 18868 25865 14637 13767 21150 2842 8145 9621 3389 23897 16887 5817 19537 7389 28781 6807 4158 27336 8409 1289 32514 12399 17743 13734 6249 21179 16931 1604 31364 13519 30204 699 19031 19946 2090 19948 5330 22159 28986 22530 15363 20708 29127 18936 17545 28761 27539 19036 5964 9353 20694 32594 2923 19301 7637 29147 19574 20111 4279 13911 28894 12292 5012 32329 21673 18942 3280 
30555 3178 17945 2471 7074 1137 4020 30472 22306 8255 17818 23719 9877 28221 28386 20046 4968 17325 30483 1907 12551 21728 13708 25872 32602 7593 1059 12719 22159 11795 10509 30660 16411 12111 6142 20032 24827 13552 20112 21347 22848 11867 20457 18898 15562 3192 920 3049 2388 28590 31681 18770 15793 29199 26234 17111 30292 25039 11892 30836 13078 32763 3806 32177 10804 5991 7814 26671 19607 32745 5698 3200 24409 25028 22158 32059 20100 19815 28790 80 7453 31576 13751 28314 5729 18539 5153 12723 9294 16951 16447 21516 28517 22474 29498 22333 11183 668 16379 17561 14078 31682 17296 11270 27765 20836 13521 1292 20810 28785 5955 9771 32459 30353 5436 18034 28063 24668 17736 15693 1615 26569 24268 29855 6917 9961 8681 16656 11923 21205 30371 5289 11446 8933 1859 16286 30620 14370 23033 13162 28325 6398 11718 31777 21095 5443 7833 25602 10740 9802 21689 30028 3423 8045 17250 20052 31100 17086 15027 31699 4328 3578 20680 19844 28233 21432 26147 22767 27607 29926 18768 7807 1052 20086 15816 1243 12279 12117 27159 7795 26087 27293 28986 27993 7814 23051 15179 6483 596 25779 12640 19502 9398 24050 28848 10325 28735 20645 14583 3490 10285 2712 6684 8307 9015 31810 9489 18177 9094 16559 9212 4333 28673 25021 7572 15644 4813 11403 10189 20933 24852 10799 19895 31432 12294 4263 3235 8770 23326 16402 11401 30558 32679 8225 30630 22382 4478 29128 5481 19770 11545 26937 3216 6807 19144 9234 12431 60 14139 20437 32305 14290 30021 5274 11137 21578 27871 6144 28395 31859 2928 11369 16799 13260 14668 103 8502 9623 18554 25201 5272 9774 16570 27867 30749 24218 11462 11781 21746 22114 19673 8402 18367 20385 21102 2395 14982 10587 2378 2533 30159 15377 4540 1041 19714 25747 4132 6739 27156 12566 30130 26021 31845 25734 18032 13181 20201 17438 131 24572 2439 25397 2222 8296 8638 24923 16407 20956 16014 20132 10062 8254 5014 10820 12939 6514 30586 12124 13111 205 14727 25620 31406 30413 31386 7914 6724 18695 3389 30282 25734 32352 8468 20062 5058 29568 15736 31015 14793 7044 
20321 7373 23795 14579 20105 21555 26212 8948 15822 15823 17806 27326 2776 27833 27895 30031 4349 28673 3132 23905 17249 25670 11095 12698 16994 17284 2845 25347 24627 26414 28426 30651 22726 28797 13377 21997 16624 2823 22991 15103 28872 15763 24112 13068 27984 15660 5652 9365 5463 30324 24675 17523 5533 16699 23422 1552 26681 29264 32712 23511 25400 16279 17253 23529 6791 10844 11073 7442 6419 25575 27988 24571 13614 24657 2085 22689 1077 2966 29581 11269 12655 21738 20158 30246 15417 1105 12163 27692 24928 3690 30410 28390 13263 23179 20063 8566 10346 12051 13306 22603 6457 14332 13692 29776 969 23472 17014 32355 1743 21022 14059 5897 25359 12812 855 3680 892 26799 5615 14421 20641 20345 26923 20758 21311 21554 23426 1483 27192 26442 13428 30081 6059 9326 31438 15974 10593 26969 42 27452 16488 20205 17845 21768 31741 14466 7733 19722 19376 28030 12618 8946 11458 28965 17395 23377 22226 3251 27221 10830 7096 16296 1720 1690 32434 2660 14803 26790 18110 18163 10313 2579 4166 1066 14707 14698 8706 5875 13152 5645 2331 21989 22554 18541 16524 13080 26667 2686 26574 10295 11872 5224 19636 10454 30925 16768 19604 3846 8977 374 20647 13863 5596 27087 27058 14334 24494 31638 20198 8 19169 29007 17413 10509 5353 10541 10951 22775 10971 32645 17276 3813 3884 11649 24818 6012 19643 25 5017 7037 6930 31551 4069 31901 6121 15706 21492 29841 14828 14070 20593 10856 24767 2746 6328 12829 9790 10650 24123 10861 21769 32590 15140 27878 10304 17154 4156 1089 14475 16463 31243 23793 14942 11370 8513 25596 29051 23451 27220 2058 32184 27377 18539 20667 25858 12853 14203 62 32418 4636 8623 29472 9151 29376 13326 12897 18724 1617 26200 27597 26180 9224 14896 17545 19835 20317 30080 14829 22935 16250 23578 1169 5271 31471 11419 12715 15283 23463 25749 26264 17564 3867 4077 696 18436 26309 10113 4991 30049 3288 17166 20169 29678 28974 8786 1902 21747 642 20845 20503 31559 2015 27789 16464 7187 11864 18122 4062 15576 7930 30799 31826 21172 12543 6075 11486 26337 3140 8903 2152 
25726 20478 23080 12765 29586 4520 5303 7880 1358 18496 19919 31779 30098 30642 29430 21868 26035 12437 13504 12796 13436 14357 24305 7317 14194 27696 31714 18746 6492 14374 18214 19779 515 11562 13164 7600 27447 4958 1959 18366 18194 1790 22381 6072 23425 30171 23197 8720 30463 4364 26693 25262 25252 1760 6339 26248 13663 6423 21290 13171 27776 25425 18919 25144 28025 26054 10916 7915 21733 10296 1388 888 14025 2342 12048 127 13338 3395 8906 18530 2432 17190 10017 28828 31578 3907 14860 15700 17154 29722 2138 19249 24914 10926 29777 2929 31335 7993 28566 17973 7844 9758 11341 5919 9466 32031 27008 6175 31335 27856 24261 11914 2749 7755 2843 11885 9893 31014 27414 18464 2787 7586 23100 29726 27868 20261 9134 20755 12373 25323 1547 10295 10877 1784 11921 3035 5678 30033 28549 17473 7536 26475 13781 32433 7231 24036 509 29385 142 4209 26663 29205 27531 6680 23446 5600 30757 13727 18756 32585 19147 7748 17866 23961 20087 26798 21121 11987 17132 26660 32231 28301 60 29693 25412 9983 5004 8535 19853 6234 6427 17676 392 27227 30593 20962 29489 7199 24629 26370 27229 9785 14674 8876 23197 770 21659 3368 29285 4400 6076 12288 9581 1194 31187 11628 13912 22939 31278 27662 916 32197 29782 10975 7041 9241 30029 4458 23509 30340 30229 4152 8255 6667 8049 9611 17482 14618 31472 23119 31877 2073 13606 2893 19169 30785 21821 21154 4698 3246 3501 9583 3545 1461 2631 31187 11865 22135 24440 2326 9289 6326 32460 551 6194 29416 21681 16457 22170 9354 29566 23049 29480 11447 28595 7283 9993 16121 20866 18053 28305 31327 16271 6372 10790 5840 18165 3534 18010 31902 25737 19792 12119 31326 13154 12729 4992 3320 25753 28750 14677 28154 25677 14911 27799 23602 20458 27098 18093 21115 8619 4095 22087 8407 13662 30164 27201 7102 2664 26297 970 21942 26376 22143 13253 5924 16608 14292 26479 2146 3761 5890 26691 16913 26470 19674 4891 14257 4692 24042 2711 12399 27840 23031 26818 16957 18593 20391 13299 808 10408 10365 6898 25830 32126 266 15452 28335 18509 20834 
32073 18767 18049 31182 13099 20856 2768 1984 9466 9308 10103 18188 10126 23163 19911 29524 22860 25786 1761 7620 16644 16310 27070 6912 21530 29015 29298 3419 10212 1192 24241 24394 21076 30694 13202 16920 15831 20695 20627 1243 29820 19292 13277 22438 9817 22090 21450 20224 28459 21110 12709 15253 7996 18447 2481 10796 2954 1585 17516 8153 10533 24758 3348 26228 30681 80 12651 32073 13 30933 11960 529 26603 6617 4110 9762 25537 11650 464 994 1447 6552 15989 26753 12387 5852 14473 26088 12681 29339 9716 16620 18151 3714 20607 4040 4895 4788 20372 7370 17814 1562 3909 24908 31117 16634 18577 11494 4238 28108 20194 19682 3082 3145 22233 18416 10816 10948 6734 539 19040 18877 32147 23804 23537 7604 6649 10286 23920 9019 20886 30210 11834 14671 20549 10355 14252 13800 7661 19036 12680 10447 9735 2280 1434 16560 22618 24906 5788 1648 18185 22191 28248 25280 26064 17521 5900 8691 20107 8334 9234 27148 12024 16984 11712 22300 17341 366 17550 12747 1197 16618 8054 29748 26183 15068 2465 4342 21631 8184 21311 12423 19138 24459 18871 22732 11572 11188 31488 13031 18236 3536 18510 25425 4930 7990 3058 10280 12215 14885 22139 12746 9558 14074 1826 27042 25258 2470 17253 6978 4305 21344 4593 13234 9599 15511 7365 2824 22086 11051 24213 27705 20756 10460 16236 20271 24061 3587 25750 31004 20026 17536 14269 30477 23666 14067 26962 9922 25145 16431 29231 16829 1751 12011 22650 7833 19274 12731 15308 7325 6030 16191 27794 28049 11547 20122 4788 12752 8880 29734 10101 6815 19791 13927 18075 1725 14984 12093 6863 19772 8187 19805 26950 10894 25625 18945 161 995 9258 9951 3858 29875 23444 18520 9153 23190 4186 32755 24430 21340 10467 6921 6231 24922 20221 18882 30044 10754 1057 29248 17505 695 19193 17433 4084 16351 2591 8203 14383 31289 3112 10219 4832 15984 16609 2783 22248 23281 9176 25037 22241 16378 27678 12307 20228 9716 26956 23673 19017 28163 12740 13923 25295 28891 1593 23372 24959 12245 3698 4207 237 7234 21322 25799 22398 26879 6652 12090 11472 6730 
1181 15634 15958 18387 7146 17580 14147 17686 9796 28788 24490 9193 28665 5649 18147 17745 26821 28124 27952 27802 15001 24215 12448 2215 15770 12636 308 10118 28013 16851 8257 18503 17330 32424 28437 32527 7118 20028 4317 8040 1006 11163 25543 24795 8009 4015 5475 12737 32165 31411 22095 11350 3100 12777 28947 25103 800 1424 18506 28974 30141 13073 3 6291 26142 14201 22118 15829 851 9771 28571 6545 29777 22487 6375 32258 21562 1446 18200 27602 17375 9399 21540 26928 13444 5583 16397 20259 20451 32076 30983 286 8563 22363 28381 17108 25833 7275 30097 8269 7679 2530 15171 7226 23925 25358 21843 6278 22358 15966 10442 11565 11901 13010 12790 24913 6487 31152 28501 31371 17387 22649 29621 22143 4887 26395 25496 691 11548 1640 25053 1697 27485 6855 12189 5130 6499 24361 852 4494 9509 25663 23361 13178 9350 4075 20239 5857 21536 12532 9396 4846 29504 31485 11418 13432 8497 32440 10492 6103 8126 29271 17556 5366 7922 24131 23667 29098 30242 529 8496 3650 28206 1458 21316 16480 259 19177 7861 20487 12900 29442 23026 19188 26091 27842 11262 8754 22090 7834 24017 17897 4567 287 23292 13175 8264 15807 9611 10689 13754 9644 16687 30667 5881 5405 22941 6535 4859 5814 10289 5867 13741 23364 23767 22854 6131 22958 3627 27348 28905 11049 29919 21648 19568 30634 30301 3657 2790 1697 17070 13560 3636 18404 2459 31569 14350 26857 2834 2200 7542 19001 1739 14774 4994 26913 20266 30860 31072 4523 872 7559 25495 27853 13550 3957 3215 16095 31745 5527 11860 27218 16292 4087 10647 2720 13498 2555 7670 15231 22636 23355 22397 24666 27082 19088 13676 1 9909 26477 28218 2208 20476 3443 21723 4078 14533 17983 831 25510 25903 32135 3611 32315 31797 15205 9707 13256 4310 22770 18744 11077 1650 25367 27670 30721 5240 8096 14578 26444 11582 26770 20106 22132 19504 20927 7997 9460 28461 19607 21893 5863 16174 15937 25026 15299 11305 15339 5433 11587 53 24926 28252 15013 11758 30165 31308 21526 24091 21263 28572 19051 142 17059 26200 14097 25676 17812 20805 8263 
6894 31269 7275 11658 11079 5102 5329 81 22343 6704 32136 1275 31007 24678 30186 20486 15270 27932 5412 23425 12796 17156 24306 14532 4717 16455 30122 2654 6296 2073 11644 23119 21200 10896 25848 8312 24258 32438 18128 3407 22872 25309 22752 27863 1502 22322 31851 13776 28772 9877 17320 6442 3939 4520 16509 9664 10403 12326 12426 21571 32091 31863 10857 3956 411 15745 12340 3223 8935 17088 19272 2084 25124 9881 5449 15039 17593 2795 21095 6762 24814 1000 223 15354 2455 9507 452 26823 23799 25833 16127 15528 15071 18901 29333 24607 26134 5791 29480 13008 21757 26677 10689 31288 30067 31245 5324 26779 26615 1209 31844 4158 30220 27324 15313 5847 18402 10140 17487 15682 7474 13624 15633 3957 3434 23388 25734 20662 4874 7571 5851 30732 26190 15164 7617 20723 27405 30176 11632 5203 13793 4547 13036 3507 27784 17593 22407 8362 1418 1851 23975 17047 11036 31674 15049 15506 17733 24627 4806 18851 28479 15876 30805 25905 23584 19454 5842 23997 28346 14011 10558 32720 2239 17202 25222 27953 21801 32648 11016 29788 4568 30250 22355 31792 7293 5912 15406 22504 18104 19332 17373 5964 13693 26523 26783 10024 20412 28323 14459 22014 65 23878 17980 4344 20185 28205 11195 27936 5302 3281 348 20691 20500 27278 28379 20851 23325 27130 14665 6493 2570 21620 29265 27163 29836 3584 11456 3802 28266 15186 23109 21278 29547 3624 13940 20916 2678 11229 25361 12265 25592 25147 6540 6393 14214 7826 5576 3530 9412 23302 7712 23770 7045 30253 19628 22134 3891 10458 32192 4398 31090 3635 1974 21125 28672 29194 8174 28653 20959 22890 4370 15346 20407 31087 9887 21429 21366 4187 29089 24732 2873 21735 19134 8776 7023 28631 13685 21703 15419 13265 2216 18187 17947 1903 88 13723 29128 13715 7345 15753 20317 6139 29254 31652 14522 20501 20381 11246 17195 532 23534 23889 29765 17987 4904 3469 15889 17561 17205 16757 1645 11918 28287 27995 15790 2862 14259 16841 18570 2412 15045 12402 16694 19640 30516 15719 21451 26580 12175 28814 14830 31203 25144 31569 6576 8643 16232 26259 19379 15260 
16499 23784 19599 7353 17485 25861 23923 16791 21837 8309 6160 8764 31794 25230 31154 8394 17508 13220 10672 18004 21884 5244 32519 16880 17925 5635 2370 24078 2948 6464 8349 24584 11191 19336 16745 1530 4891 13041 14002 5843 13488 24329 22560 14508 22272 4551 24347 345 12894 29889 5938 30014 17516 11936 28094 26724 31968 27857 9410 30157 10119 13694 11542 260 14218 5565 27589 30199 22512 7 28339 15113 25956 28395 21635 2404 13624 8195 27575 8076 19883 31528 19737 570 29543 31202 30042 16231 12366 8994 8698 26535 14198 28468 30055 12728 19058 10223 9833 31835 980 6447 16061 8802 10991 9605 11521 21771 29922 4908 11728 28812 22226 9535 20525 32495 19830 21802 6437 23840 15833 16479 2736 13893 21339 7754 4569 18765 32505 21126 8222 11468 31695 28497 29722 1286 31963 15421 21857 24649 26628 5417 18348 11649 16987 13680 31030 262 12704 17248 28773 7096 14088 12270 15533 26702 1853 16039 11954 25323 9127 18922 23468 7922 6378 5973 28688 24348 1712 20605 5485 29640 21672 29666 28563 21394 14543 21026 29947 8742 29422 27500 9827 6487 24931 16696 27065 2155 21285 28725 3130 23993 15107 9859 12251 28279 10284 18979 10216 28877 10228 25516 2283 23597 29909 8511 28623 9191 5812 1468 17477 32760 22630 6198 31335 14371 13939 10149 6043 9540 11034 30427 32443 23776 31637 25786 18291 15104 27294 25763 9450 15936 29745 23345 8100 27171 30356 13096 9895 9129 27797 16040 15324 15396 7443 14503 16313 7751 25535 31390 8221 20864 30500 14977 28283 18312 20453 25845 8507 10296 5446 26558 1117 3998 13038 118 7520 29264 31724 25477 1634 7168 32503 20301 1160 31825 28666 24485 23968 13801 19152 13705 12549 9159 4939 18191 22467 18647 22140 27549 4092 24004 20782 30810 30603 28942 24500 226 6630 19804 6885 4158 5449 6675 18020 28179 6929 27175 29733 17433 20326 11570 300 14287 19484 14019 20376 19566 19163 20472 25057 8475 14974 1871 15198 24416 17338 12985 10762 28125 256 22512 23943 15163 28068 28427 28515 13666 20542 13136 16539 16620 9297 30281 20573 17625 18218 10522 28690 7812 
27659 4113 30876 4565 7049 21631 25820 2489 16947 26822 30072 15567 4724 29364 16859 2661 15803 12303 23165 9122 18648 2417 24676 21764 32682 18262 13803 1038 19447 7540 11458 13626 29595 75 21814 11829 485 30972 21170 2123 24638 27486 22918 18208 25099 591 14824 18338 18389 13896 7224 6971 32167 8757 21129 9035 6328 6787 25436 213 22602 14970 12718 11385 11730 23501 26166 19106 4185 11375 32232 4096 7970 22185 8637 19001 22413 28522 11190 24795 25147 7902 32031 25238 15219 14145 2577 29352 15045 11766 15930 10904 15853 10963 7904 17447 31482 8640 20004 8068 15791 10880 21380 31167 5161 2766 19876 26496 11970 9900 29006 26617 30518 19192 31159 9241 8964 1600 28164 11778 17687 983 24588 21694 8870 7464 2144 24621 20313 5451 25481 18754 21677 13014 13456 17007 26777 11254 4292 9310 30578 6334 22711 4834 1292 24510 17034 28205 10530 20696 22890 25667 10999 25167 5723 13999 62 17441 30260 2164 13111 15767 12523 18502 29724 2330 30227 2810 22971 8776 21155 27196 5476 14919 9209 15232 7685 18009 15391 13115 5780 23729 6988 18514 29613 21382 25262 27602 9341 22117 25702 26851 17118 26059 29909 247 3779 29939 24854 6215 14551 6637 11979 1664 16481 1008 2333 24505 26731 11249 32510 18857 2083 29556 30385 12567 14977 9635 31373 29585 12586 3741 17150 20833 11925 7440 8652 15293 27500 16906 12960 21310 27445 780 29892 10900 1073 29281 12842 8567 7812 429 22448 27616 28311 25289 8866 6522 11963 27342 18304 12627 7183 11120 30210 13784 15011 13966 24154 9472 9437 16390 7097 18631 27164 4558 10260 27614 16540 1601 15656 18081 3738 31926 18108 14409 3768 31831 18982 8291 5026 31025 26384 27777 12018 28551 21884 11823 16209 18796 1286 19752 10719 17041 16745 10698 17110 15963 69 17352 10602 17464 15392 14623 6899 5684 170 12619 333 5575 3141 2234 16511 27377 10948 20609 1948 8585 11635 30286 10471 12499 9304 10397 15674 8528 15545 19247 5801 17626 26847 4024 18018 13552 13593 1753 14807 2894 28163 15693 13088 2240 31751 14695 8346 7737 6181 27836 6101 3103 
15856 28189 30637 3050 32473 4040 30134 14317 6832 9694 6878 9587 360 4376 29517 25870 8731 25014 30096 23852 11085 9913 25847 13035 8309 15698 13115 13615 26810 13466 9572 32241 15098 6531 16362 15834 2832 16143 15899 26128 23639 22208 6332 9296 7530 27983 24563 25917 28974 8097 27749 20727 2323 7158 11163 30192 29846 17252 2986 5627 2571 32644 18963 18854 19609 8299 10728 28106 29574 22235 21808 3936 30388 7867 28045 18838 17516 11717 4124 18979 1115 14975 20637 28631 3034 12140 28628 14198 26483 7811 20782 27334 7584 2272 29608 17895 3797 20154 29165 1763 5825 23445 19902 7046 21202 25272 2711 24944 12791 16354 23440 11368 12713 20537 26753 1779 27692 22403 28265 24869 23570 17816 16145 8632 30978 28695 25580 19803 4535 5209 26690 14412 1867 13731 3725 30249 19894 11168 29988 31748 21906 29966 28182 10421 17185 8887 3673 10100 5776 28323 14372 24743 10621 21388 9369 27896 9656 14482 12455 16043 22854 1328 28975 29998 2988 12655 21093 3826 14442 9817 18042 28026 21189 689 18296 24498 30409 6113 12397 9857 11151 13108 12747 10145 6844 1861 25871 17071 24906 18872 17313 31870 23947 22823 1275 29873 7786 32607 10254 22921 22517 9165 11233 19963 280 563 15228 30214 32427 14751 20740 7491 32688 18334 5159 11198 28373 17325 30651 23812 7489 28400 23201 28029 2700 27687 12272 12796 28175 13277 29263 19861 25951 6370 26275 31151 27668 28924 29163 5209 207 13786 1639 26850 7035 12873 27648 26275 22738 4011 26596 14880 32547 22436 1905 31824 16467 15894 4692 27704 23843 18256 26610 26303 3504 7810 19463 4285 21312 12404 26252 26453 5947 24184 31455 10885 15224 23966 6686 22011 32698 5670 21715 7210 24699 5947 12247 6046 21224 29406 24688 9868 556 5664 5053 9390 29169 29076 17748 30541 10788 1540 26921 8096 20473 10595 27826 18260 20528 6147 21320 31596 32406 9736 29137 2379 20174 9501 3484 12815 2641 21093 25228 10273 10164 24756 21625 2826 10026 29440 20435 21897 6217 6930 7560 29154 11537 12417 11816 26744 32298 5089 8264 23710 25709 12856 1572 19371 2982 23729 
11912 16972 8856 18581 29936 31775 19522 19318 23790 8573 13921 10158 31948 6039 31030 32008 31602 5828 9353 12732 9611 31513 7662 26529 24036 827 13383 20894 27924 29041 3210 32097 29794 17149 19397 25940 2019 29101 8799 24269 13283 29613 7328 14470 29062 28063 23667 7500 20143 19181 8299 3835 19745 12382 15365 3497 15589 31976 25901 16162 5611 19654 31491 10901 5364 13002 10718 23692 8110 7155 4241 1825 13345 4418 19182 29295 26443 19402 1417 20808 14087 20231 32447 20006 13108 32112 6390 25699 16914 23375 25125 22956 1007 29649 13464 27571 6660 5209 21741 1572 21658 21018 12643 5339 3185 3557 9812 18004 11105 27199 27647 21090 10306 26551 4491 6436 31242 7031 10569 11829 17973 13336 2618 9252 20074 16571 19153 11300 24923 28245 22777 24068 21229 12106 21338 15457 16281 318 2008 18714 7953 17703 15197 15876 27175 23975 7897 15839 22507 1946 5511 4489 30228 8427 12401 17778 8354 20907 822 15184 7361 19300 13835 1044 23279 4778 30976 5660 9313 1780 15493 13226 14243 7338 21292 5525 6272 32127 24752 11838 5921 769 14903 6342 21113 16238 7124 2174 14816 2250 22352 19615 20989 14894 24618 15420 16618 8035 22748 7796 26003 16048 1376 25324 32351 29935 18163 15997 8979 6118 1305 41 5619 4821 10209 12884 12330 12620 1898 23600 28011 3135 29862 30586 23257 19804 16222 28260 27940 15516 23926 13778 501 19481 6003 22472 4237 5663 24122 547 19881 389 11802 28040 18088 62 8973 12443 14319 7211 8763 21361 8845 17971 15552 14151 25883 7062 12207 9844 23526 5502 9559 8348 19537 22232 7109 14119 8052 3169 5258 3569 12297 4868 29118 21571 12169 22627 9284 18947 26258 10676 3920 9511 21644 25806 17703 27503 29324 16259 294 5204 7544 6449 774 1852 27501 2708 12126 18927 28765 10206 6505 29518 13821 10506 23050 13891 27358 27757 22541 6388 3289 1934 26032 11324 4785 23095 22370 22363 22772 22476 30666 3052 22050 31452 32011 30232 23057 5878 25415 32010 23696 31934 20578 10146 8011 9279 25864 14702 9967 20867 7921 7126 20366 26465 12387 26518 68 23703 
28921 8818 16923 1817 19364 1316 15916 12712 19951 23962 26375 12197 15495 24926 20821 25384 20730 1110 32700 26957 1215 10157 9731 24782 3447 13585 10103 32471 28274 31263 21645 26133 17269 22555 11208 29713 10426 7141 8669 30908 25657 4648 13590 3146 13350 11221 20468 30532 26299 18128 16152 24793 7991 28393 15971 14198 27687 11021 24925 1942 4836 10941 23251 13530 13405 26560 26565 18780 12054 4117 24959 20289 25201 19500 15109 26765 14125 13654 28084 6459 4396 4217 6439 30606 3705 8456 23128 13986 14217 10290 7687 16198 1217 25690 29280 19214 23865 9416 7128 13731 29376 17822 29016 30814 7968 10253 17309 1045 9891 31432 21471 27957 981 26297 7600 7697 8332 29684 30760 890 8230 15081 21055 26512 7954 13789 3706 28375 2962 18075 16842 27534 31678 17510 22961 31548 9421 9779 28070 8843 22416 7445 16315 23385 9791 13049 12413 18701 6008 16787 10779 1831 2693 21912 18123 17948 12510 21038 13930 10848 16622 26785 10082 8644 17946 14423 14033 8962 12800 11014 11240 2966 4860 24868 657 4048 5105 17055 2388 28968 10566 1999 5755 28369 3886 20137 6260 9361 32045 4149 1400 19407 13016 2626 28266 4846 16860 29016 14594 32473 14657 32494 17706 2783 5616 12253 424 31426 7283 18197 13310 4874 32765 26766 30606 11167 31402 24706 14338 20631 15111 27354 10987 25933 19157 3814 3240 32179 21258 25424 9354 25065 24857 20051 21558 28686 4467 5672 13898 20566 17230 21953 4163 12124 14757 10682 7070 29370 19840 10637 27197 7128 5493 261 27149 19713 9839 15861 19430 9404 20910 9769 20914 25433 1039 10653 18386 3786 10894 17645 11709 2228 16393 26637 20970 19142 26695 13626 25841 15690 15416 11312 18413 23545 11134 5534 6692 7444 5933 17111 18922 20144 2511 30154 11458 24146 12460 1332 25287 16059 31304 4372 2378 24581 32300 23392 189 28143 4585 6390 18895 18550 12123 20181 15833 27301 4139 3981 9849 13229 8855 11508 30844 17976 15222 12827 13826 29179 10614 14720 15324 23434 3497 29573 32313 22129 7488 28961 30850 9600 12438 1750 21634 5478 17264 23523 3274 9602 19075 31162 
3668 13045 566 28596 7526 23036 6826 24324 441 381 25847 746 15835 17631 26041 2345 21970 12319 28876 20154 26882 544 12883 21698 9041 26947 18687 450 18824 28216 21902 781 25852 276 9105 25216 21103 23715 20339 9325 14385 13311 3511 472 10122 24161 30593 4838 27997 30008 88 32146 22021 6264 31018 31906 26755 19765 17552 21209 23771 10864 8276 32367 20923 18481 10289 16574 1374 9430 30169 20030 5552 29866 573 15027 2995 4025 11272 30117 13857 29155 1900 27409 5971 304 23330 7262 27233 3683 28332 17810 907 17362 3550 25286 4055 30324 26012 10712 30716 3388 7653 19551 27263 29349 21777 5604 20764 17551 24662 14927 13671 13897 30097 26783 22707 22767 8771 30174 819 15862 13274 13396 20063 10245 30003 19196 28313 15878 25948 8500 16401 29822 19358 12984 6886 8473 19643 24529 12942 27786 25972 3530 1143 5777 28238 11172 6638 16477 3222 28427 8513 12565 13475 23944 8736 18610 8539 30199 20809 5391 25849 3644 18277 15683 30477 14642 7980 14126 25539 18660 16080 31570 105 16640 20633 10980 18732 19848 11980 23587 19490 4555 18130 233 17806 25492 14230 7040 20831 18081 12079 13750 22009 15446 19391 20020 3128 15283 923 12299 18610 25988 22700 26768 27197 18647 23317 20330 4530 19379 16149 21737 1776 3079 2607 2714 28451 19681 7049 6680 14406 17376 5011 7716 24038 23276 24296 4600 27433 14884 26745 19161 24080 11800 14056 12268 20473 15929 31026 9290 1896 1934 18065 22358 22278 12200 5537 28495 28138 983 11969 16929 32024 6302 7612 4225 22087 32101 26281 30520 26600 22638 527 2751 14947 32522 25677 20749 21156 24077 5177 3501 7638 18047 5384 5139 19054 29332 10094 5168 12908 22238 9733 5444 15069 5058 243 4852 19621 6953 7368 28828 19067 24183 6309 14054 10293 6337 16291 20380 1862 2363 10610 13242 31877 12783 20033 16328 25392 28341 4574 8806 24880 30815 2591 6441 158 10292 1152 28581 647 4000 3853 29899 20204 14377 2179 23158 9741 8101 31666 13120 30440 17578 18981 666 32508 22343 27141 4892 5970 25073 15163 1817 21182 32448 14293 22391 
20835 27868 939 13501 28021 6706 8002 32366 9539 30059 16880 17558 26228 7198 8001 1954 7824 14660 7066 10868 13507 10221 13340 19127 20702 11826 7627 29552 5023 25707 24560 24022 9266 7330 28092 13412 14071 24135 813 3116 29062 18980 18742 2158 20465 31380 1306 23657 28489 13296 22297 8049 24931 31051 19534 10050 28123 22879 18392 23700 25690 1990 1848 15856 25621 5742 17914 1217 15510 25415 17560 8366 19391 3646 13979 32039 32012 2927 23555 17726 19992 9622 18921 6585 31843 1223 9827 28005 16466 3424 23464 31661 14711 11067 1652 3434 28691 23848 9134 32765 4057 5274 16713 17052 16373 15776 13928 15849 15437 791 9925 22985 5127 8991 21843 5491 12619 26571 2594 26055 3658 6173 3971 19938 15231 30001 2670 26095 6964 6072 12832 17471 30281 16808 11016 31901 20017 30770 2276 10715 4157 31221 15400 13745 3613 25969 28319 21192 24484 9150 4948 23825 4555 27517 11699 5211 18169 28688 5100 25893 11393 4358 12440 13232 26988 7641 1951 23897 27258 476 601 25638 12131 27759 18163 30879 32098 18805 7957 21983 6900 7688 12737 9194 30942 7531 5247 21569 27757 2623 30647 11444 24321 14330 29278 29816 5837 16534 12500 30585 31960 17030 2829 21489 1095 15086 17904 17978 5855 20499 1020 26337 10950 8209 10545 3835 25993 26572 13870 22204 28771 5672 24215 25157 25021 8061 24249 28862 24561 9541 21617 24997 24915 17944 8009 9317 11634 10715 3045 17963 923 7732 20126 4597 2719 22336 4460 30444 28118 10377 6409 10483 19300 18994 17747 12160 22459 32373 28915 22186 23138 11088 29756 13956 26612 15482 20309 17578 32107 24988 16283 9241 24734 31934 17473 10052 27145 21759 22073 14436 7117 24970 22360 7183 10743 16581 31925 16908 22533 12236 14418 6246 20391 5661 26110 5311 21698 31125 16249 26599 31418 28315 23514 4013 16113 22683 15918 15093 11403 3766 14178 13323 28021 14519 8035 17719 27813 30793 10627 19346 28067 12904 22559 27671 15688 3350 21374 7933 24517 30031 10237 1349 24552 16702 12137 15503 9115 17073 10669 9521 27054 24011 18605 20106 21718 30712 13169 32148 10229 21286 
17542 441 6043 10547 1953 19432 21709 7073 14982 31719 13574 19345 21800 22507 7036 11759 23826 25190 1956 28650 2053 544 27896 32679 29155 28809 14328 3382 27083 25166 9327 6085 6790 7722 18679 23315 4642 30207 31679 12584 27868 22053 29836 15428 10052 24321 20478 27925 23451 15578 22549 14636 28288 12777 13811 5554 28364 1711 28900 2647 11450 21644 24219 28812 19531 24204 26815 13042 22248 27780 19366 8466 4169 23646 12896 11086 4759 23985 21495 6935 30157 2965 30197 7009 1636 22709 30759 9556 20271 421 19873 9541 31364 31094 1794 27620 20124 1160 20985 16311 18748 30112 4616 8903 7829 16698 30344 8345 8042 23329 12782 14431 19056 4668 13900 14192 3322 24235 6939 6134 30421 22035 4151 14310 25969 14901 555 31798 27202 21958 21423 13386 28774 7034 20591 20911 25992 15203 15630 18443 27140 8825 10347 10580 19532 6266 25123 21057 21386 28660 14935 15102 7559 31903 28335 16420 5067 17393 26782 30696 15366 7149 12520 26515 26542 11324 15458 11570 1770 1406 30201 29070 8879 17122 10742 13918 16936 27124 13953 21692 16220 31927 9571 16342 20235 29172 4880 24550 16344 2001 1764 6500 13486 9381 8365 21625 24156 14859 16234 6328 30850 24118 1362 4361 3505 3972 23832 3045 18126 22101 25710 19401 18871 14621 24520 15332 27433 14008 7010 23827 14306 15102 23940 32528 6402 16792 19973 6631 6071 6930 30478 23465 1049 2096 17184 15971 851 8070 7256 14929 18692 12611 4338 26704 32741 7502 8461 10386 9643 20372 6573 8597 24111 22176 8454 11094 460 18540 22520 31426 27400 26998 13526 8557 18295 18967 31595 13702 28637 19984 30271 13835 2963 21094 21782 32569 812 25969 21690 25415 1623 17711 5114 15187 10503 6110 14835 1181 23506 4809 20878 24051 17303 866 32330 31084 13412 28305 28220 22105 21399 14924 11604 22393 9539 5480 15841 2412 2261 4526 6743 11626 26871 9266 1104 23605 8884 32736 17618 21836 26589 32344 16848 20066 8364 2812 3315 22286 4264 17478 20378 9412 17096 18272 14367 23300 219 23022 19548 9169 23079 26158 17773 11365 32081 32068 22712 23075 27005 21455 
4651 19405 15029 27840 9157 31479 5519 26220 20056 4540 30218 7648 18317 18607 26042 7284 16680 24852 23845 931 30093 3921 21612 27417 23939 27039 18222 25870 29497 12037 12201 7379 9863 31367 15650 17322 26229 13979 18823 16347 25601 25820 21076 20996 29213 3586 30899 9393 9976 28178 19687 31276 8830 12498 26858 27799 7714 21120 7765 29751 10715 30915 15233 10259 14956 22498 11244 27838 27881 30772 30686 1393 9079 28632 26444 15196 24403 25765 19452 3902 31766 27236 14058 10548 12343 4413 7403 31438 30417 14448 11920 18280 18086 31046 26445 1720 14949 15942 6106 21923 3624 23211 28634 26965 5697 13846 19131 14480 4918 24705 17373 20292 1802 8820 22006 97 28606 23931 2485 27113 2840 20695 30629 32585 1955 5748 8533 3561 18167 27675 26038 28674 5434 7401 5316 25008 31207 7936 26216 11336 1486 14716 22685 7147 16989 18089 14547 29531 9757 26227 23696 21006 12927 13597 19805 16513 7897 23094 27616 22223 13484 969 20038 12674 16680 8661 24036 10409 16370 30204 30749 32043 8996 19327 5766 28762 23702 27498 16968 31179 3164 8460 22214 3942 30863 25258 22400 13241 12881 29301 23863 16017 3083 3000 24147 5068 17657 28758 22145 15465 3561 27252 4512 5601 19263 5747 7646 3002 14397 2337 10526 3929 20353 9776 19870 16920 7375 15079 4566 1432 23569 12567 8099 26201 2460 28241 30372 5255 18357 13142 7652 24343 15700 4047 6330 25875 21032 15934 8942 28978 27610 31797 30749 13228 4246 12998 10847 20044 4808 826 19494 26311 10787 3077 29034 13132 7656 31226 19459 13660 25701 14780 26454 5852 23484 23925 18227 23913 32741 2762 28158 26603 16886 1294 3597 27245 25762 10165 27218 23596 512 25868 10810 3053 7822 7464 9428 20116 28022 24860 26422 31731 10768 30320 31261 11744 10919 11982 10963 30090 4224 26621 23382 31501 14616 18452 7606 15171 21678 2535 7871 22493 17921 28102 9176 11699 12123 8807 8235 9561 20686 14880 9478 29171 7102 89 12673 12874 8096 17218 9570 10271 13312 26049 23357 31167 969 19887 11744 12759 24001 579 27886 29066 28243 3790 1225 2241 18065 32169 
23989 26818 21625 32620 13883 9477 12407 4705 31948 30274 25644 15929 27815 29647 3694 14333 29181 30505 2192 583 6482 24017 28899 23985 3622 7513 15996 7566 27861 23998 16952 13528 27580 3576 14590 3946 8093 9936 21316 2927 24388 4082 21973 10011 2667 23363 14289 13977 14300 19060 25077 13892 3797 21208 29468 3353 20400 4978 11782 21356 20419 29011 29785 29147 27782 20003 29413 11393 14835 3325 25388 28268 28723 22912 1570 26960 23670 25890 15409 23932 22819 3784 24192 7694 4401 10388 15733 9571 4820 20478 26745 19922 30045 3111 8955 666 5723 9833 10935 32024 12807 28979 13112 25150 23263 28948 15003 21568 5264 7189 7063 19600 5657 9036 186 21005 30510 31406 7413 24440 19674 4901 19803 3623 31081 31459 2086 22781 13189 22517 15611 2969 2207 28955 2671 12750 24209 14551 27849 6995 14465 3780 18953 18364 17160 11049 32554 20137 27539 26830 21157 6206 1802 24846 28726 31187 19376 3630 20962 2796 8779 26605 14905 18027 4740 11868 9177 19460 20112 22256 18995 22002 8720 20438 12178 14056 18486 3462 17497 29771 27946 5787 5003 20638 24236 482 6289 23102 12282 6833 8760 21071 21748 8058 26362 32758 30846 20127 11902 17352 4646 13704 13410 32643 32519 30196 10295 9724 8684 30092 28365 1881 20153 11198 2225 11648 1287 456 16885 23760 15887 30995 3887 3342 20937 3011 15300 28322 14165 31628 19815 20483 9369 711 16604 30576 20780 7109 1026 17633 24690 21091 20752 12349 14089 21470 20255 30669 16228 12521 7145 4849 25014 1533 8912 15633 13074 32241 25890 11479 8144 25290 6043 19355 5426 12500 14635 287 28232 24562 1786 26493 10256 22322 29098 31581 8418 16036 30684 7275 26379 9069 2549 29193 23225 8727 23330 2112 10007 2859 17305 14589 22200 13826 6178 13690 1849 30168 6870 17402 34 25890 26919 1465 12558 31521 2849 22819 23308 8120 2032 11332 26948 12667 9121 21376 15582 12808 10797 14468 28703 3226 27571 30076 21717 10971 19973 12422 12790 19450 5990 19303 1156 20990 22162 15230 18355 31066 3071 7670 2126 11969 30819 23615 18263 30523 13430 29886 28654 7801 
30201 15299 25715 8037 9719 10428 26351 31486 11339 937 24752 29027 5218 1744 19764 20781 28482 18610 19529 20738 5835 573 8049 10088 13885 1347 5771 21718 15355 30507 12208 21521 6287 9191 28252 9398 28397 32038 11726 25618 6652 6602 29361 26682 11090 18844 32763 4440 18239 4414 13078 17732 526 8802 27454 18772 8839 9274 42 28276 28089 24623 3054 17273 24566 9942 3104 16818 30494 288 7737 10176 29217 465 23359 30376 10687 19251 5793 17703 26258 7435 1123 23878 22607 32460 2682 22573 4681 23051 16762 11324 12598 6451 26734 24920 3638 7802 20487 24451 8977 10003 250 2992 960 28325 8611 9941 4400 9981 24302 9025 18754 6144 23671 25648 22550 31715 28656 7069 20105 27550 11204 14935 8700 28573 31993 9815 22872 2233 24667 11089 2894 17768 29399 22921 4580 14128 24869 18152 5933 23650 31402 26191 24407 20996 27548 26923 29676 25103 25191 24394 5201 16859 9295 2285 3987 5335 21847 3870 27490 1917 30562 5699 31838 5765 25753 24308 21394 22105 18700 26890 9534 20170 24476 19704 3290 16129 30232 16223 21079 23992 31910 29404 5288 27050 9317 19493 32129 7751 20816 7252 25183 24749 25446 21890 30408 14548 6920 28056 29652 27400 7330 25442 22764 17821 22413 6629 10706 30430 21556 32243 19937 32582 11638 10748 29847 5107 14668 31783 9040 1367 9388 21153 20564 32305 1709 25141 12052 11963 12011 23326 4529 14373 13101 20505 958 27715 69 5054 583 13699 29240 15 29970 15137 14239 23634 19748 5534 1101 21788 27783 10094 22322 15023 15179 28145 22399 31109 3531 24228 3339 301 16434 9369 30710 3414 11069 21028 19340 1322 22082 23256 20588 25821 2673 27057 12777 25989 11098 26515 15024 22316 30895 17907 17579 24867 7499 25044 24614 7322 12148 4854 30257 15726 1629 15178 27205 15682 2287 27304 32554 15569 22985 27332 791 3970 1158 18271 1820 9534 4158 9914 9661 18046 6991 1616 7392 22184 25693 12228 16105 4251 25751 31257 32547 29064 24380 11041 7522 17925 2654 3384 13542 3420 13543 3378 12931 10025 3545 29841 30207 32548 28890 5115 8892 11067 23535 29164 
25494 12260 29320 20905 9743 24241 12733 9845 4266 804 14807 18182 14484 20934 20754 30010 23177 19827 929 3591 6902 5880 1267 30128 4443 23264 13877 5183 8948 20874 30232 30255 28824 1407 7636 25961 23521 21507 20333 3698 26509 23530 31028 1506 30500 20141 12946 16920 12763 22461 22017 23852 3257 3607 31835 13093 16376 9241 15703 12396 11182 18836 22864 25729 28589 29730 12361 11501 15015 442 10799 3192 5270 27009 29789 667 10330 28387 14438 30520 20644 2787 12302 3721 27668 32687 15001 31063 15518 19064 22345 5484 22066 26496 10530 29258 24732 7285 26608 3613 12457 15613 25227 24303 31883 7570 30298 31771 12158 10384 8214 31748 8364 18828 2512 23046 12622 8936 14902 30893 5653 16804 18706 5157 20424 17271 15635 14578 5934 8991 30416 4833 16430 7925 19722 10303 22581 28100 15921 21832 984 13787 23338 7138 24507 31329 20304 7052 26801 29417 10681 17809 12068 326 19386 8577 22968 14753 8365 13793 15147 12489 753 26914 32640 1225 29235 28368 13404 21440 32492 5388 12464 5357 3883 1596 8088 2058 24725 21249 12931 11995 27562 22634 16021 1286 3146 22119 18761 27173 4983 19072 18523 29210 9820 25286 6373 4002 3726 7434 29128 19758 24467 26190 21837 2030 5537 20089 17932 24878 4519 9295 17165 23013 5778 3487 20270 19595 11209 28606 1988 14636 2297 15413 3717 6075 28440 30135 19110 9384 4772 342 17728 23476 31532 6134 9464 5381 31762 27649 3295 30837 10895 22364 25239 15152 29943 9626 16312 23422 16191 20080 4721 20189 10428 13417 12659 22099 24365 15323 26378 27906 8956 19994 14221 1277 24769 7403 26361 1626 1032 14908 473 17545 26452 22546 28009 24036 1380 17602 17146 14726 20404 30564 31384 5985 20039 16517 10475 26251 27812 29468 21595 21977 6175 6591 9591 21167 4953 3095 30360 27158 8970 30866 1729 16399 30718 13911 21450 4392 31326 29567 24510 29260 23089 4994 25985 17119 2338 20975 16566 1291 388 32097 3295 4180 32403 24238 16326 21107 2557 8289 17181 4705 673 19051 20833 27058 150 9749 6660 26660 14959 7737 28874 5496 20413 28594 3188 17792 
7382 15889 6300 29306 31701 24721 7904 4508 5858 31566 2882 5616 12212 14513 20431 5474 83 14127 27519 17432 6435 32563 22621 14849 24606 5464 9447 14001 5473 31964 15544 22380 234 15954 9316 29568 11680 18070 11428 4824 21907 12806 24755 13007 25478 22511 13303 19778 11691 10822 13028 21993 19885 15769 15134 8679 14835 3396 32477 28063 1060 20456 22422 29898 24806 28697 11224 20678 23788 32087 27764 4401 25391 10560 27872 17079 30843 9475 6877 22568 20526 29464 22872 10702 7741 303 654 32509 19063 7782 21876 21995 26894 8638 21078 24002 7251 21712 19134 22260 17345 30396 10391 19919 7229 27491 12434 25425 13724 27350 17353 6205 24934 17677 25763 20078 32473 3549 759 29804 18481 17700 21364 3901 1319 20295 13888 5758 18104 20958 28895 22194 4135 18605 16215 19929 4421 26327 145 13893 22000 6222 515 13225 3802 14222 11916 22131 22412 19339 9375 26971 7594 25063 30628 15676 3448 22889 8347 26403 10141 12459 25091 9382 25639 11538 8954 23160 1744 28163 1445 24890 2175 16468 15570 5267 14866 17921 25820 22658 1115 17953 25551 2291 26984 14616 5325 1937 11016 25869 17073 23516 14986 7839 13809 6523 21960 467 22985 211 30053 14161 15510 3544 28754 6609 28544 26915 30871 20432 2395 28486 21840 11655 20687 16988 32245 29469 20919 6628 31455 15132 25032 17615 12040 11554 22643 4567 28435 18649 32268 4627 2444 23848 30251 27080 9328 32683 10579 9091 5104 6241 29137 14692 3698 21925 4071 18621 25049 7264 10538 9180 3590 18556 22313 13860 26782 20892 2383 28259 11790 10250 15883 9055 9165 24048 22317 9906 12257 28876 3476 31192 2469 18206 18438 22919 26569 13923 22879 4926 20378 9543 27118 22817 27012 7703 4124 2052 32469 25973 23630 5062 1219 26959 23565 3552 22705 7186 22629 31293 4526 4122 21386 26189 2879 26478 2498 30293 3422 27562 31102 23817 13762 25148 14026 29020 1633 28883 3560 22167 15668 9749 14648 27304 22842 31377 11868 28349 28863 24052 18072 7698 15582 9343 18047 9991 32325 26808 2252 14966 7992 13664 20622 9539 14041 2982 1672 10293 20902 6554 
26071 516 9027 13540 23509 24499 1402 28086 7998 10015 26752 19967 17041 20441 6265 6370 17849 15921 31807 7782 27373 21651 12639 30575 21205 12055 10597 15853 9198 15699 11354 5459 16687 11892 25738 5963 21485 25485 22411 30887 11516 23598 28794 31387 16663 20793 32648 31786 17537 29169 21173 16351 10733 30548 19420 14781 2204 427 6128 31096 11717 29791 27525 1254 23865 17422 26770 14000 1351 27358 4469 30029 27101 30481 27959 22065 2801 26586 16658 321 18975 19567 816 26763 5012 22880 27318 10292 3626 26663 16641 8881 5844 5376 22575 11578 2877 28411 19170 24700 10156 28239 26944 24975 31787 9457 30527 14119 15592 23909 8223 32526 29147 7125 17208 6098 18857 13664 32245 4795 5065 29108 5921 511 9701 27359 12129 30521 12419 8034 23298 17944 18148 27271 2293 24404 7724 22261 23320 22503 18372 32642 21432 28793 27389 29256 31827 12572 16886 18939 27042 27961 23999 29050 16598 17354 30142 17827 8739 28618 18002 2412 7291 31978 17079 24623 3740 13446 7722 16966 6476 22231 28749 8152 1763 29802 30924 9714 19467 31697 17985 23002 1476 20376 17493 32416 6315 30843 29992 30965 21883 18389 23028 9536 18132 32348 20205 21487 3131 19212 24171 24587 26211 13921 20298 5136 22698 19913 29329 20731 999 9049 29779 11172 7779 30143 13267 29774 11557 5240 26347 23677 25203 21571 3247 12040 17813 10197 29517 20078 2012 12494 21816 28013 10979 23788 20869 13777 23573 25470 17301 20875 10607 14108 15860 2562 29575 16278 11393 29102 16590 28714 25039 19426 22034 3578 5068 9961 14407 15037 2976 23637 31622 6068 3288 27540 854 5343 14276 25284 6187 16498 27421 18888 30252 10883 26859 17308 14649 12549 17062 23013 18989 18425 20636 9933 12640 4579 14482 20749 29297 23675 18350 3659 21826 21926 9109 8103 16451 3236 5840 31889 2036 5003 31860 8157 22437 21748 3842 11033 6016 29172 7820 21534 29642 15438 29209 20709 26982 8422 22603 13724 31643 5753 11071 30969 30487 25740 19381 4815 26163 22178 22385 26847 6776 12210 7905 32240 28514 29144 7679 5922 10853 20043 31865 19327 7214 20879 22799 12755 
26411 8172 25661 8381 3917 22046 3611 13575 14093 25166 19329 4659 11693 26945 13934 4438 12992 3024 3499 21034 4844 8344 22443 25182 495 13810 11446 28464 21984 28710 27719 13630 1975 6107 25010 8857 7440 27858 7177 24348 24364 4308 32065 12028 825 7913 17553 25503 10195 17099 6171 20146 19402 25754 20942 27510 8742 15569 5003 12890 26472 25721 26246 19151 7187 13725 27120 3928 18539 4093 21715 6112 11645 22022 20285 15953 1887 13826 26272 20834 17593 5005 8569 27057 22404 9544 30256 5393 786 6865 10559 19493 19279 24306 22167 26158 26950 18968 10815 32545 26855 22791 3135 1021 21511 15309 17340 22875 3752 20724 21860 20550 18555 24828 8461 23886 10147 11785 664 17880 4284 11224 31260 14264 12316 29687 8001 32514 10328 18998 25577 19996 2570 17753 27158 19480 30930 28687 28936 23873 8603 30248 7589 23028 26144 12802 8734 10162 25006 11844 2256 26738 11051 28623 9832 13372 30807 7154 30539 4339 1618 20189 27701 7283 27487 13913 27167 7388 13799 17590 359 27436 31937 4100 8235 27668 17584 12678 17397 2820 24365 14691 28318 27529 9831 2719 25196 17624 14985 13130 27006 7083 9275 5367 11370 20043 107 29040 23588 9966 6477 12200 13090 26692 4256 27889 4541 2125 32564 11887 14811 3437 11689 18125 28107 16834 19065 17454 30320 12469 16697 31335 21666 8911 5915 32107 8657 3023 28856 8198 25579 7929 9484 19151 22656 32176 450 16216 31525 13383 9394 7079 19222 30997 3753 12778 5151 25031 21352 2150 16060 762 2799 5553 27519 11786 26619 3361 23986 16676 6093 20356 31038 15779 20269 21521 22475 6297 10415 7583 14633 31147 14389 4117 21230 23587 30645 14882 17249 17984 28988 26414 11159 2768 18995 3472 13532 18689 5090 27905 1365 7797 1330 29008 26595 16276 439 11608 11081 27174 4589 560 31890 26145 12482 18081 16557 2239 4693 733 12635 28116 18430 5229 16715 23391 25998 20076 2946 863 3032 27123 20993 6120 31856 23252 20386 25973 6834 23691 24900 26496 32262 19313 18983 2896 31075 7731 6041 5395 15378 4995 26579 23340 28597 26637 6174 19406 30599 10413 
7738 28874 13541 29919 4351 26021 29966 17783 9285 29678 27687 2962 7170 18894 24962 15308 31410 32481 28959 6579 28412 23364 1651 22396 17554 5360 29801 24053 23641 30534 20135 20667 28618 10474 26642 8877 9112 981 6804 20128 11666 13222 15389 2133 4556 3641 25831 31144 15097 23163 27391 24585 29212 31101 14081 7728 31072 9671 22050 5645 20035 15598 28020 24318 22266 18281 29286 11333 32529 12960 19594 30649 1875 28998 17564 17595 3305 30185 25791 3948 3014 15303 11785 15390 24642 20964 18242 6920 3076 7257 2281 21565 16934 16367 2680 20447 32404 27628 5354 28303 11445 30253 7801 9769 8526 32117 13228 22190 27555 1541 29073 27522 16863 17517 30023 7384 3253 2721 25792 25962 22088 2895 29893 109 8264 26480 4155 964 25950 14878 1188 27252 18891 5797 22505 9048 16204 11484 11094 30742 8256 1974 20454 24657 1548 6676 28609 5408 24255 3549 28931 30911 1522 2385 30143 9861 25843 24218 7492 16150 24098 22948 27294 17626 1946 8239 29792 7342 30996 22563 16801 1753 12553 2083 30789 9281 21783 26212 16510 23519 20902 2496 401 13424 7371 12550 23518 30317 8301 5269 1051 10814 4006 30249 25568 18091 11115 25332 9064 9107 14960 23537 150 1248 14406 22645 5942 20922 32710 22279 32390 19451 29875 28785 24564 23523 28827 8471 27434 17422 30462 15496 19272 20898 29875 16211 368 23757 3718 29468 18568 11631 17190 6382 26171 6163 25663 3539 3393 26404 10979 7586 13537 25694 27438 30745 2484 5762 11050 31787 23467 1870 8432 19867 11603 9644 23568 26826 18520 6186 7731 10446 31561 5034 9983 29635 25754 2650 30523 358 28399 18151 20276 28640 25240 18414 27743 6879 12375 28596 19007 26859 22890 23574 27273 760 6341 31427 26759 10807 12704 11688 23482 8242 1841 5036 19907 21784 25019 18846 18308 20565 1223 14187 14722 1894 31409 15765 17293 5868 14695 22240 8100 4607 1134 591 13331 23492 12326 2382 4318 16194 10830 30257 23650 14705 27594 20189 29498 10644 14244 26565 16224 23497 19282 25369 2708 8671 25655 12345 20482 28263 15980 8048 20767 9742 28863 24031 29140 6954 
18940 28087 8158 26514 4972 28332 18805 6323 23708 19110 10027 25056 13407 6841 23832 18666 29462 22615 14132 241 31279 11972 1284 26489 3308 203 22649 22464 9830 30384 11285 18512 28881 10341 13391 26320 16897 14336 24633 9759 16685 28781 19808 29348 6644 15456 13043 223 24733 2446 2088 27204 2979 27677 27100 3146 9841 5721 890 23999 8554 30888 32541 11870 25388 7616 16633 1187 32534 5911 29175 3550 13576 3483 7583 21639 7785 19108 26427 12497 11375 19751 6713 10113 23450 16172 6610 11009 16514 24450 29673 29360 20947 13233 6966 23677 5014 5680 3235 3252 1970 29912 25590 16407 1970 21401 9137 1073 27592 26476 13366 18919 8978 23944 24111 1616 8477 8921 17453 21959 17576 16302 8079 21822 7082 7090 17574 9685 10390 15901 12823 20139 3293 24107 12160 28915 15540 22478 16222 587 8217 22687 26670 330 17680 22811 6354 22616 1843 13836 11319 25283 20585 32325 20533 18447 22262 18578 21430 8589 31924 9711 8219 7727 13215 1016 25051 6298 2967 5025 9325 21373 19810 2087 25961 20513 18161 16967 25322 29506 11492 15277 10550 27678 13648 18095 9121 4555 20415 30267 13486 10957 7800 16910 6520 21224 5377 15143 7248 29491 24547 25724 23208 110 31149 1003 8752 29589 4411 32627 10558 12469 9528 6820 9843 20479 30946 10324 2972 32027 17933 1172 26582 24767 20587 27363 13558 18559 15882 31905 5159 231 22814 3014 15829 5575 7937 32211 10442 27854 16504 23305 11415 28250 30520 24025 9014 12431 21673 5789 19949 22695 28137 30597 373 9864 2324 23764 23900 24220 12227 25932 4776 1501 19154 12006 32189 9263 11111 19399 6017 243 9519 880 445 3545 7659 13365 12999 29685 13868 26864 1118 30486 28506 30454 10709 9043 29435 14410 20852 30950 24370 13841 29979 2622 15494 22342 7720 16463 229 26543 8347 14637 17385 2832 4472 29913 2138 28830 31853 17498 16115 23222 7349 12048 26217 20175 7484 16966 27817 430 9220 32518 13665 21465 11463 23089 27075 29261 30430 719 30086 28531 2657 25251 21805 26705 6288 3330 6539 2557 15217 4070 17543 2904 22715 23359 25373 28408 
11251 12937 2213 8550 15317 23715 3928 18314 16117 1503 16912 20835 13222 2134 21327 9468 12059 3710 17795 30107 10188 17406 10376 6971 16155 2240 20591 32316 20024 23112 27006 27482 14914 26437 3447 25564 21423 358 15902 15885 17645 24943 26869 10736 21577 29068 22602 28208 32017 4581 13683 29014 9205 2930 89 25406 27315 9489 8243 6860 26356 3798 29076 31707 16496 6050 30120 31094 31321 24823 1722 2123 27639 1290 13818 5468 11408 25370 13950 21752 30346 1537 31110 32234 17875 22793 24580 17648 13697 7936 9564 11375 24758 24463 26472 31844 19143 16071 28607 30366 4765 29437 8759 6955 30043 19672 13480 4368 25664 1448 5107 1853 12752 18425 6723 8639 6702 9833 31379 18232 10957 29878 1393 25228 19783 14107 11009 27870 31117 7133 24132 21435 21313 13089 15770 3988 13920 22784 9350 32370 30500 1501 2738 22245 22825 30966 21555 18237 462 28986 30477 5373 27102 26715 6650 20621 4720 1059 4199 28975 267 12811 22464 27956 18190 8458 31213 8816 6223 3499 31005 8939 13571 5218 10434 14809 10974 32288 6108 15565 12667 15141 28795 32041 9725 22 28799 28121 27127 14671 24483 20801 10633 18554 9914 883 19660 16480 27704 13478 6256 4864 23027 10212 16804 26078 28715 18946 31030 158 2504 13525 12796 2513 30180 29347 9842 1551 19081 5592 24996 19782 21692 30970 20303 27217 18874 15071 5955 6349 7553 19230 18443 21800 8850 6851 5328 13050 22262 17735 10875 28057 639 17855 24602 26344 2640 3155 18053 2159 7583 2034 23361 15025 8122 30788 25252 26297 29512 7136 11578 13815 2770 3776 19560 1098 25218 27889 31311 14430 18218 3471 14579 30264 3719 27121 27805 24591 9416 1313 30078 22878 4938 26511 3220 55 25766 774 26578 20698 2541 4830 27003 10118 9522 19572 24271 5263 23881 29655 4585 14001 7887 10436 13032 4004 28266 32725 23629 1776 12370 15349 13988 3843 2321 15383 32615 8321 15239 28968 30495 32731 10288 28737 31436 291 20906 29986 19591 15903 2673 26844 20326 29340 12270 16589 15008 29444 5808 18897 2033 28979 3065 13239 8512 903 4220 28914 4480 8758 
12389 16017 15572 3813 7322 26738 25590 23158 26944 7602 30425 32033 5506 26983 31373 13510 16525 9106 1636 7553 12255 28239 7251 14464 2754 4943 24730 21777 28435 21896 29863 4095 17224 2859 31032 23839 27058 5079 31681 20262 14590 32524 21261 4541 24066 30434 12071 18904 2743 17147 24699 20547 5761 30646 6713 31357 29623 9637 13306 26058 7775 7490 11942 30852 26681 6877 149 3506 17920 28377 27892 32476 492 30232 27243 29 30587 30388 23804 633 15473 13552 10031 4209 23325 21614 22124 22741 479 22946 28328 23514 19431 24454 6468 28268 1855 21903 15153 1989 7180 23008 13913 3391 30993 959 23098 4198 10612 12869 18388 13138 30661 13145 19654 10036 16956 22239 31156 31022 25666 16940 30699 8552 22835 6077 25160 2144 31843 18217 9558 30337 2655 6485 10934 8696 18293 19687 21444 20163 28534 22269 1911 13578 21178 7198 22409 8627 17509 13681 216 1329 15849 5676 19213 25756 23500 9552 2939 24839 6060 8084 20298 18702 25472 21918 28884 26798 2592 6777 7247 2906 30984 30276 1965 25674 22360 28967 25024 20759 3616 2700 15522 10885 9691 12427 30548 6047 7481 19365 27301 5898 7458 12982 23893 12947 11767 6949 891 4362 21019 22878 3364 23123 10674 1410 2109 8634 936 22620 6579 19079 32757 21656 20952 6866 10016 4143 8201 28825 6914 12838 10638 19728 17613 30840 1985 10808 9293 23121 12658 20147 9325 6780 5003 5079 6396 24095 7408 20993 18865 7078 16809 26412 11885 30205 14659 3010 16577 22530 31859 27057 1712 25658 17917 10690 15030 3266 6868 27431 13577 26505 7555 22866 31262 4797 12491 21518 4719 15747 11662 24008 3964 10475 12268 17453 25103 13603 16299 14075 26053 20203 22492 16656 17866 20808 4539 22472 7908 12157 30424 29829 691 31543 15988 27791 16439 6920 31278 31519 5522 17686 30175 12726 12047 4629 20162 17075 5988 15474 1496 23077 32052 24529 4490 30942 29144 19642 12945 1481 1375 17551 4115 2429 25555 12738 24334 18449 22462 12356 6394 11570 21997 31297 1450 15988 30324 3338 7284 2022 32499 6739 145 14057 25111 6558 7366 22338 22627 3575 
8772 26221 30256 21474 28366 12596 25330 2962 7705 12161 5566 29531 19064 21105 15113 18026 16569 30889 10163 29620 11081 31981 32068 16684 30879 4847 25461 12089 216 26212 31474 12391 11935 12381 27998 2397 12112 14037 16023 27919 28253 27270 17212 10548 24560 5890 24685 30459 24274 22782 30930 17401 8587 20209 10975 1894 2763 14302 17494 30602 22792 29805 3853 13170 31081 7745 23281 13543 483 10630 26955 7841 5794 17609 7490 15031 16042 27405 5537 15706 27582 23579 5083 8131 14720 28441 21581 10090 10203 29534 15298 28025 21662 4997 32316 31360 30825 28352 8946 19050 10957 23663 2453 19632 12719 3570 21719 13516 24557 699 24110 12017 18245 679 5845 19705 16754 4750 31253 16287 5271 5913 29890 12270 14049 6611 26120 19705 30056 25731 7528 25037 599 26298 31229 1956 11853 6568 3844 18523 20739 22067 29083 17702 9518 20811 5065 13699 7079 12919 20671 21100 27081 30900 3677 465 22298 8576 6136 22085 3630 17970 5723 14072 29897 9100 18699 17381 20292 16275 25808 19020 13106 8606 15216 23907 3395 20654 4286 26441 15976 3069 16595 17979 5175 29146 7068 18954 8338 2227 6549 9676 13443 24180 19923 10706 619 12816 14664 23003 11100 23388 25411 13191 15299 25892 23350 14607 23370 3449 1980 5170 13308 8264 26330 25971 21674 24625 9093 4993 4750 29077 9317 12023 11823 31729 30681 15941 16260 30059 16699 1518 11612 19627 2917 8437 13310 25836 9332 32145 16140 6227 26316 4648 6829 13439 4956 24187 16362 9569 8483 3359 16473 16974 9714 18732 5369 29010 15476 7225 21598 5320 2925 26759 5134 30503 21055 21372 31018 10527 7858 13395 15441 1509 4084 23315 9409 20939 19167 17341 16063 10003 891 2506 20794 9477 16324 12244 22187 5439 14253 3988 32063 31565 30308 1548 29240 17017 8408 12293 31888 32228 1401 19132 10976 28374 22846 3289 6273 17747 17901 2976 3569 20207 11671 107 120 2019 18273 600 13579 16991 31115 2111 2672 22562 5290 18151 11939 6729 21560 16249 17273 29540 18511 4660 13955 28623 3250 26979 20533 8256 28941 4236 15943 2716 30334 3051 7516 7439 
18003 17438 17890 22363 1558 6690 24633 7792 11463 30590 1047 28222 15720 11966 26411 24007 2751 16419 24320 10616 26711 22169 14885 14265 27848 4329 13451 19395 10552 27440 2862 23217 31266 23696 29431 14042 21846 32037 30433 1375 14657 18491 348 12800 8559 20158 5359 21812 9294 28145 30752 16504 7733 24163 22680 9447 3492 12064 10627 2059 1230 292 16694 31475 21588 5909 31252 18309 21332 3377 23218 2070 26786 19845 2361 23864 14677 5215 3596 13779 8326 6407 10667 23928 21588 11946 16856 17649 23595 29079 10744 14621 15431 21678 19131 31739 31347 8980 27903 29700 24599 18988 11250 26046 7537 32707 21111 27534 12835 6283 10188 8141 16110 8907 28521 11551 9405 6484 8235 14592 5349 17079 5809 23712 30379 4277 18183 8177 17927 5111 12673 11006 20391 22528 7914 8574 28215 15199 26590 23721 11488 6185 19317 30538 29454 20646 6434 24598 7543 5195 12762 26172 10329 28904 9336 29757 20226 1059 26976 27902 17558 24869 354 24348 27149 32403 31714 639 9595 16576 10294 13362 16020 29729 30288 25713 25711 19457 19101 11012 16522 14709 18732 30156 15119 11923 23571 1436 21589 8671 30991 11594 14250 26118 27242 1797 27472 10703 7970 5096 16837 13390 17991 31184 28743 12635 14757 21355 28312 8770 31651 18066 1023 18108 19563 21721 9615 4638 6731 6756 2475 209 20827 28412 5322 25090 20065 7521 888 27034 30961 9442 30110 7793 18649 14636 16130 30910 15036 29792 8465 17619 30716 28520 20957 7687 13789 13450 29794 5619 4072 16445 26125 23521 24974 1084 1407 30849 25358 8410 22158 29150 3481 18581 10124 27537 2739 493 7116 5940 13020 15223 16227 2330 24432 26157 2092 17725 5068 2568 26639 6264 16818 2257 21634 4599 11503 820 26447 12523 12858 5142 31896 6786 30048 22056 29209 27670 15006 26556 27566 32165 28494 24792 16661 10369 9671 28553 30964 26184 2174 3706 29982 23575 2161 2501 13330 9723 19141 17929 19397 30376 6573 32189 417 24430 23695 26820 9165 21608 23394 577 1967 16631 20827 24748 20911 16494 4808 21542 27198 20239 19004 16137 17431 1847 4332 23748 22469 16085 
26201 27366 30822 6432 19247 26744 26030 24714 877 24464 16175 15599 17351 27939 15575 6675 20041 31515 20666 21067 16956 24745 5649 29050 9037 23773 12675 9279 23532 8052 1700 10093 16115 21489 26300 19388 19592 25327 7369 25022 15940 23989 31431 8724 7829 18443 19502 26081 28512 13388 20925 17279 9195 26045 10870 25457 29179 27933 19946 8601 15929 29565 31670 20139 10202 10066 17486 9698 30591 32713 3833 19186 30042 19034 16669 25661 27283 13984 27325 9545 20970 21608 7232 23922 31645 14344 18804 24284 10380 14578 24018 20908 24731 32392 26116 18296 2136 20274 29348 8955 31198 21934 6215 10254 9465 20648 12474 18388 31370 24715 16779 32052 10029 26518 11211 19852 24858 12338 2323 16803 19785 19843 22981 27360 16346 27197 26772 18618 23475 31161 1863 8816 21867 32584 2233 10490 23911 24519 7205 30015 30018 29043 28064 13960 13426 15871 12263 9525 16425 10980 29531 3503 31354 31737 28234 1949 11453 25667 6768 11611 12596 6414 19390 26535 24559 6972 9306 8606 17132 10974 2534 30952 21891 6401 5 15919 21249 27594 3099 22997 22676 2246 1621 26854 24167 22907 31722 9803 19469 7747 1696 29761 11299 25434 15761 6666 17201 19509 9007 2530 3538 10517 13446 17205 27157 2781 32193 9487 28706 18720 22512 17620 15905 11903 13320 7473 15191 16178 5931 10578 5778 19940 11306 16470 968 21188 3657 17664 31995 14553 12610 32175 2655 5525 2700 10384 21951 32430 24540 8210 3357 29225 24301 9114 22681 1208 25213 6265 26516 19013 2200 22299 22804 11471 32280 22656 874 9589 9069 22512 24339 3024 28314 15595 6365 28550 11904 24928 3914 12316 4959 2079 16185 18188 8346 6031 25539 30744 27578 27812 19812 23517 19638 23052 13403 30891 25458 10153 2643 23956 5765 9796 3906 29635 28479 11136 11666 31248 30443 2572 24959 24273 31057 23069 12224 27634 20607 9756 28521 31048 7625 20379 27408 6434 5135 16526 7470 29473 14142 15544 3017 16714 13593 26467 1872 9050 15162 20820 20679 15449 28243 8958 27427 20082 26298 14070 7160 18690 22053 14503 24401 31983 15026 6983 21215 27451 17194 32010 23639 25049 
18566 19093 3861 23231 178 14005 5381 20796 20114 23121 7875 396 21315 4253 7937 18090 9379 25489 21802 2661 19731 7322 27460 31670 30843 19855 11035 32593 29327 26086 3740 3706 23121 10280 12159 30746 11991 5026 23081 14354 6479 5726 18384 22735 6208 6993 17376 4894 28691 18646 16541 8258 1233 859 7946 29253 302 2138 11786 18059 28359 13708 9414 18093 9128 20569 7246 11140 10513 24978 19587 5763 32634 31074 4148 5450 25556 28546 29831 889 31250 29613 22427 16066 232 596 23147 24899 29394 4498 10742 30226 14425 2658 25501 23577 20370 25104 6348 19236 3303 26605 13788 12088 22809 6983 20536 20007 4230 7576 8127 27489 26536 5374 10090 24077 30943 4843 20783 19800 24432 21278 293 1805 973 26322 25576 9319 32023 8245 31807 28963 11233 21019 13308 18648 29239 14324 29732 24203 11486 6651 2128 8830 20958 433 20819 14922 22590 4746 2845 16173 19727 23270 10720 13989 14764 12610 4721 31038 16191 29104 12784 31656 2951 12164 14507 11788 2777 12113 31808 26016 31589 15636 17666 1146 17851 12974 2718 21410 16014 17048 25599 17258 13751 23250 11886 1538 30332 13340 12286 14407 7443 24937 14631 3292 25954 29585 2481 11644 22281 1350 31955 18062 29346 17225 16541 28922 17479 17629 7315 28220 32597 18557 2971 27319 1904 10442 11545 14923 2760 7623 20824 17193 4506 7752 9516 2790 9977 30120 16597 6607 32462 25019 7719 10365 15646 19715 14824 19369 17035 31015 25722 4673 8734 11680 1465 18874 9283 16054 22567 23721 31509 171 24391 32653 3036 31542 7494 8175 29140 28979 19424 18862 7729 4248 7298 30356 14687 24235 17324 31788 10638 13426 21402 3032 25198 24427 10787 31006 25143 14974 30177 14915 32749 21296 5778 22299 28386 28441 23742 14879 7036 1432 27803 6080 17720 453 18477 24571 31215 24743 17585 28206 22105 32680 28476 27434 12239 12101 9376 5513 2901 24074 24719 25666 1495 28606 2051 14202 4531 5339 13020 2973 11640 13889 14539 25262 30701 18730 1392 22491 17750 8033 30655 4437 6642 1967 20648 1118 11720 21142 29943 16292 23972 3906 1657 12237 11612 5309 
6240 4691 16215 11106 744 2706 25936 27284 6715 3359 11864 7856 19602 5468 5658 19263 27550 22857 14691 7537 9510 28573 13282 25287 28401 7190 2860 22543 27110 13837 19202 25749 114 23885 14039 5528 17450 28965 13453 28155 20146 32188 21632 24125 10717 5029 6853 30891 789 15795 28084 13780 11774 2319 19875 23870 14934 21383 14837 26199 8480 21545 26452 26030 19713 4625 11066 23139 490 15743 16566 28637 26615 7981 19053 1978 15767 4575 13791 8204 29934 14907 25579 27074 16503 28891 14997 9060 21230 4769 1032 3076 22125 11082 16087 625 24277 11846 17288 9389 23407 12743 25427 929 19411 24601 25639 16144 15369 4913 32238 7626 19439 20104 15634 30242 17882 2858 28224 31393 2176 2569 30572 16124 18454 8344 16917 2372 27317 13205 6858 17245 1026 21542 10733 8369 13326 13096 27063 19493 28027 24260 15740 12877 26337 32323 3632 15323 15215 35 4139 3166 32470 28266 5673 6441 18530 23866 5525 11408 31082 10150 16391 10587 17131 28356 22027 8820 11888 3843 5924 6883 11829 32703 29456 508 30859 20755 24654 16343 12926 15343 31710 26113 11702 30826 22088 22641 15771 20057 4575 702 26557 5152 13895 28047 29554 4040 23861 18514 7361 28242 7286 15153 28286 17739 20787 5441 1975 21153 12403 11005 20559 28341 16609 30964 24809 25777 8656 24254 8711 9500 17276 1588 26227 1708 29842 19169 1247 2395 26867 13747 13512 20412 7605 24822 12960 17040 15979 22659 28459 4757 28583 18997 20010 3230 8893 6813 14391 29672 22217 12791 1008 22188 27379 5468 31319 4337 26097 8249 31353 29092 22222 29183 78 13802 13034 25628 4833 20149 21827 7211 23984 9366 754 3687 31062 19922 6393 1126 10087 27319 18235 31748 1436 7216 31948 29341 31792 18584 26987 28799 27529 8908 14413 26782 23835 10116 26653 16522 15242 1251 25664 5279 22030 8268 17245 3195 13084 11896 20253 21430 30275 4549 14639 2765 23892 29393 8592 17502 6341 18248 21001 25243 855 15098 21241 26873 31991 12081 15700 5672 27874 17473 28140 23112 12045 8544 32239 32090 28868 28344 9393 2548 16529 13755 26284 20537 21855 7095 
13766 5385 20703 10922 26322 16757 299 7255 8280 9846 26026 23449 9881 10462 31539 12280 10446 27022 4981 18298 29617 15850 15254 4795 11582 3210 30234 10048 32187 25138 19463 7177 18934 21253 31046 5221 25294 31733 14413 27915 19956 14462 28923 16229 3059 24724 20163 12079 32622 8922 525 13889 22953 20244 12505 25257 12364 9439 23206 15101 8291 31392 13202 15600 8872 20666 15042 10786 29957 9476 4100 5949 15701 6778 19635 28989 18795 18738 25564 27919 4181 19090 19870 5470 22753 21953 471 27306 10593 91 1533 18842 25772 30569 4681 2963 14437 17552 4635 5513 16512 29576 922 18709 1025 11216 31386 3016 12039 4768 19140 22720 11786 2336 7408 4216 3681 6871 29654 31460 18439 12390 25574 12222 21662 23158 628 22811 14260 18671 20504 1089 23622 17002 8789 29884 27522 12266 20600 11695 209 4294 10179 9577 24341 27370 27339 22328 2863 2880 24607 10114 28613 10856 13354 19985 28226 18863 12891 15023 286 23615 6531 10227 21343 4243 3966 20570 29024 20014 30741 31129 30417 15245 13091 18994 24063 24666 1527 7494 21589 14306 13306 18602 14371 18377 2705 2365 9119 3836 25669 2424 10538 24808 26402 13894 9428 234 604 22038 18209 4614 28473 5679 15630 11995 14634 580 6479 15830 4411 6729 25307 21927 28846 31365 27818 17905 20195 18919 23229 6214 28284 25245 30816 7506 1470 26851 17324 23126 17977 17433 21071 27353 1963 11801 29584 10906 6690 19655 13197 15304 865 2538 9159 15733 11141 7482 3297 17993 15592 31929 28069 30579 15174 10055 27464 15333 5662 32113 5871 1985 14939 7307 11377 11278 26420 28670 11871 4784 19025 27874 834 30359 10031 11216 30755 27702 3525 21745 19537 20023 25704 4699 10846 25197 18668 31902 12907 19210 3340 13721 31141 6162 21003 9619 8976 3343 1948 3719 30084 28423 20992 27070 4853 28331 7022 17315 13559 721 21687 2516 4736 18212 10538 32629 21232 13082 10677 19401 12880 15655 13134 22275 15063 15921 5265 26969 14259 10563 13995 16475 17670 27525 19830 3715 8494 2156 21221 6413 9033 17966 20899 26632 31480 32377 17143 15534 7524 26468 
1003 16881 895 26790 9645 11094 7565 20741 7477 13830 8162 18 5672 16419 3309 22548 27901 27224 8309 3138 5214 30644 35 7989 27089 24504 21825 9628 15767 18094 13249 8498 4564 20541 29313 2029 21745 59 22733 19320 6975 7618 17702 29924 7133 19590 12609 10395 29915 20581 14163 9877 31391 12096 31884 6862 5768 9482 9441 20983 30930 7710 13327 9835 8634 11222 32733 14694 1506 10073 6049 19569 20982 30388 17669 20257 4496 10285 2571 29953 15705 22483 16463 26573 29810 4954 15757 27105 25874 12326 8546 31984 10352 18342 12375 24825 5603 19939 24603 32631 20807 30297 30992 5849 6308 23301 28937 14897 5386 6591 25427 31024 12991 23498 18930 17490 17565 31658 23596 24918 30389 15669 13900 1009 21560 19437 11936 24259 25752 29581 31684 16522 9194 18146 4130 4502 23183 10460 20154 17789 6163 27621 32031 5391 21845 31601 5826 5260 488 17367 25971 31253 186 19551 805 10337 22515 14236 10482 20913 6176 7676 28511 18182 16017 30365 25568 18321 5887 610 6047 25707 24691 27975 2937 19590 14690 6641 7497 5348 5917 19338 23146 20742 19561 8651 23415 4008 25449 7002 3413 4011 20165 4695 2932 16723 13829 26417 28497 26546 24894 19903 14656 28260 2033 28812 13928 18301 1840 24178 2063 26048 17154 30314 12312 10002 14089 17826 18121 17198 31330 3024 15826 4761 15053 22983 21643 16857 29454 32327 8574 17634 24723 13594 21797 7889 31830 19548 6645 20956 31493 13339 13723 2953 6241 11296 20357 24863 12772 1035 164 12378 29862 8614 4208 30819 8833 16755 813 16127 12915 9607 23917 22023 20549 9883 16599 5400 32618 23393 17958 23435 25898 18964 14453 28328 32256 22611 5561 2070 16960 27951 30863 10390 32252 31107 20280 754 24617 23172 993 4911 1278 19096 31272 13834 32669 21612 1501 21667 9973 31808 16133 30835 10727 4998 22309 23427 11943 27308 21437 18656 358 21814 21010 24906 5678 13327 14384 6188 25101 31265 30512 31953 20341 24355 17079 9172 20963 13490 25023 17624 23743 4516 31898 24698 16771 18329 3123 644 14624 22226 20120 29795 7326 21575 25781 29660 4354 30195 
32098 16890 10868 14707 12705 7755 19105 22735 30240 588 15967 408 17926 12577 24207 563 27372 28553 14408 24948 1576 30738 50 5231 16210 32649 21807 18058 15361 23989 5697 26583 17622 11845 20392 30113 15292 32262 842 12613 18285 22617 20568 14659 22585 18661 15919 14485 27139 9609 11900 8256 10124 13460 15012 7976 21236 825 99 19496 6013 61 8627 13922 10387 12019 31727 20436 21001 1642 23096 26157 23974 20709 10008 7646 29152 8075 24933 9075 19943 9824 22632 1828 1765 5236 29503 30375 10884 15451 1920 18761 27314 8412 799 4669 13985 14829 28050 11572 25873 1504 1074 31022 21457 15063 30181 13711 8323 11389 506 13685 24225 14840 32340 23881 28349 22553 2251 7828 23309 3030 26575 26132 23846 26875 24142 12304 28936 26908 30424 14056 6491 11982 2562 28656 14584 2327 1032 19070 9643 19234 11702 25922 22583 19511 31880 11734 23963 9195 11792 7830 28052 30356 12952 3762 19043 26112 11017 18562 19920 31335 32267 23065 18287 6045 18542 21532 4130 21132 11465 27349 30431 15074 18016 11651 27316 27911 17227 18420 1544 82 27093 598 24355 9596 3363 29515 16881 2389 13590 6203 14082 20405 32113 18414 31702 15030 28735 13146 20568 21024 24431 26809 15784 7973 450 3295 14877 20559 22247 16075 20107 22966 5860 22908 8385 25974 12471 2054 1878 10336 7229 24548 2726 28400 852 30096 30487 30335 1596 8017 25761 26298 8004 23124 22413 32595 27042 1535 24188 19959 20386 27010 20908 127 25603 14255 6007 10090 27293 1291 4636 31883 21576 25637 6850 511 12794 7206 11706 3426 25391 11690 11269 4930 910 6606 22038 18132 23497 8074 25560 25062 22981 25410 24051 10517 21499 13463 7244 64 7198 26243 3530 9021 9469 28069 11616 22218 16300 14553 18504 9670 13278 30732 31116 32417 14230 17743 32459 17681 2559 25641 19002 11270 13719 2866 30185 27617 15763 27613 31816 10464 14976 27798 23017 7645 10790 18701 31879 24377 30385 3281 9032 18963 30995 7200 5183 29629 31396 16126 19253 11632 31243 25220 1449 28734 14178 1147 20501 17737 19349 32041 30835 32307 20235 7019 2560 20949 
21385 18180 13888 12596 13651 7477 20290 26800 1940 15246 14117 24959 8191 11523 26843 5978 1463 11586 32301 5750 18284 13892 22271 5558 31943 3106 17878 287 30473 15147 26007 2188 25839 15411 31890 1699 28120 13101 4286 21511 2089 31741 4422 23247 3825 31111 14661 32312 23241 23308 4046 10902 25087 19382 10544 8593 9203 16497 3448 22157 25536 22525 26679 28522 30239 321 25989 15726 9865 23523 24645 17023 30620 1813 17835 5782 17088 21170 20988 16752 31498 1673 2709 23687 5985 13305 6447 4416 26591 17854 27745 18278 23161 16906 16742 6103 29411 29399 31521 22397 31150 26748 27230 20096 9908 2687 27483 28602 19125 10923 31879 9324 15426 20066 12937 47 3034 8756 11652 28973 17236 19376 29594 16528 13436 3449 21679 30523 6913 29085 15215 31416 5519 28195 3986 30322 14904 14307 3422 25893 18968 14235 13934 20114 18489 21822 16307 3447 30644 3471 8376 12734 1305 1519 10282 21237 24337 4723 14743 26366 578 25146 6262 28936 15475 17918 25704 7358 10993 17640 10941 6589 30769 29609 12602 19276 7350 16838 24089 8263 10037 12595 24914 10077 20472 11300 793 13180 23424 27936 15272 9352 4206 11607 30782 10323 17572 3381 12648 1994 17831 27447 13951 21612 8263 7422 21106 2561 2947 16034 11717 30856 31399 3144 4570 2673 6839 31223 29040 15116 16144 32167 23145 20802 333 16283 13520 12931 6248 9457 29466 25087 11041 26744 6060 25 8612 13761 13214 24088 14950 31353 17087 31264 26192 25077 2265 30562 12319 12047 21558 26255 13067 26673 18786 29330 25766 2479 7219 17790 13832 12890 23047 14789 20521 32338 10573 11180 28558 1051 8775 32507 9000 10227 9485 11513 29305 14691 20694 28311 12024 3861 115 22252 29879 5349 28700 29153 7747 58 28783 15150 12235 7831 19126 389 32133 29293 14953 2572 4430 4660 8180 2065 5009 32185 20665 15610 15209 23994 10329 21626 2570 25008 16175 20747 21853 12268 27166 7320 26090 7141 26509 4473 11259 5841 23983 4005 20478 3698 3592 29219 8748 11827 25133 30914 11624 13939 13771 31242 29034 24097 490 29042 2076 29321 19827 15828 14916 10605 
1776 9245 18276 22872 11156 27209 25822 3119 24443 7823 14428 8201 23346 24280 20847 27200 21114 13430 26231 4297 14409 22547 22722 3520 1042 29159 17400 4423 23622 10799 7350 13713 18971 7642 8825 14650 23180 2949 10430 13274 20641 19625 31591 30937 19696 28435 25185 7301 3684 661 2180 20321 12349 28412 18874 960 2392 26177 11364 4499 4273 18180 2553 19584 27430 821 10992 16436 1662 24341 23009 1785 26025 7261 12775 28299 585 26044 11336 24359 26482 3719 12632 14566 27054 31405 12442 6985 8261 17129 1065 19221 955 26939 9046 10849 21913 12696 26771 30445 13681 29409 28304 17077 1820 29714 18595 23238 3654 10684 6765 4177 25389 26549 21179 6142 9381 23309 3498 29570 2912 24645 25103 6516 17004 2492 7701 20316 10493 27242 14120 27150 24941 30928 28946 26678 20865 7727 100 6963 30702 17913 11288 21033 15131 389 12916 15185 5417 5126 30002 28564 16689 31422 12509 23641 19916 17775 17278 32667 14553 21267 18040 10814 30842 18124 32689 15523 5472 18718 28146 4474 14921 26972 29841 2775 23750 13152 27213 30088 25410 19839 3961 13991 27712 12989 12125 30571 6884 23868 28889 17219 3253 29947 6731 19494 23713 22205 19635 18724 22338 1862 31253 9026 17503 26317 6943 25732 27062 14511 26636 7499 11000 21345 6344 13281 27414 3240 28757 21075 4795 13836 5997 26239 24601 15754 2665 26733 25577 18057 7777 23267 20397 20239 24981 14899 31033 13621 23307 19800 14193 12504 28026 3393 31828 5522 24935 5741 20538 28904 23182 22712 4697 22725 15491 31093 8846 32296 17049 7100 22619 22553 20227 773 27436 31457 13625 17398 12254 28538 926 30586 20353 8005 4191 9235 23389 10235 19870 20849 25140 11238 10448 31299 27335 29265 31075 20557 30619 27709 17060 1723 30717 29013 19681 5813 19012 18724 22986 12851 13142 21638 30749 22803 28526 27484 14979 17513 16412 17028 21941 7190 7053 28169 27106 10908 24844 21398 31573 816 14025 8497 24147 19985 29913 7205 6722 12057 16767 23616 2065 31377 17066 18239 12243 11338 2238 24711 10669 21737 5783 16662 1523 29059 10956 19384 142 24938 11824 29054 
929 28230 27551 6764 15724 6759 29943 1650 19824 10585 22884 15006 19667 5817 4321 20111 13831 28488 16635 11821 28583 16446 16088 9111 32417 4321 29305 15709 9114 6741 32572 25840 26510 12726 21925 14678 23479 6244 4701 546 4273 9886 20091 20132 2267 1107 17667 5469 10752 25652 29100 26549 29239 29966 3303 3569 29703 32087 2332 8031 24015 21767 30007 27347 4197 12713 26723 17239 2302 30897 23317 1311 8782 3088 4429 26299 28912 17670 31257 27280 16135 4407 10330 1161 27430 26114 18634 18442 11885 32270 14654 12838 3573 5413 9513 25617 31599 5702 19298 25048 26887 28661 20775 10575 21647 726 18017 13643 3545 24186 16169 16658 15460 16505 9868 24592 26683 2497 11915 15820 2587 7725 358 6682 26324 25178 6171 21905 14833 19382 23081 8767 29595 14041 27289 11420 3515 30745 17983 20669 15455 23128 5950 12234 32095 33 25034 14770 19264 23284 28210 32541 30552 11485 5149 24483 28467 18507 19219 26683 28982 544 9280 30198 29826 2565 4469 28909 18460 7424 7536 13175 11594 17992 31069 29088 28992 8792 925 13527 18939 22594 11205 16359 31342 15686 22506 28457 476 22179 12060 26871 23173 11693 27952 12899 2948 10784 9155 31785 4600 26292 3195 15331 25954 13297 20624 25980 6990 15685 27019 22759 28214 1108 32590 22545 11171 9871 26453 6420 19861 8456 10555 18605 17189 1668 11392 4336 11369 23506 29577 30778 3480 3676 2024 11368 15726 14588 31710 3654 4818 11025 9502 4426 5559 26065 29908 17283 14144 993 4326 4556 21799 16163 4730 7237 3167 2255 3512 12036 7928 26565 18129 13063 28996 4385 14400 11117 25144 28432 20048 4838 788 2531 31710 11625 29255 1890 3168 8741 23948 13411 22310 29113 28506 19611 14304 7335 11131 29875 28769 3590 32506 6814 22434 7800 1859 12331 31242 17244 21638 29654 3820 15941 11100 15332 26450 24746 2477 30639 14841 14303 29393 23358 28828 13635 18165 26904 23157 9916 10689 20058 26626 4960 15416 17672 21509 20597 11743 28833 24014 25244 26913 26870 30908 32585 24306 26427 5378 17014 13747 18783 26023 27801 24405 24473 18385 15571 23234 14404 
12098 15210 9336 24044 15395 2169 6775 15273 24064 742 22366 7083 10261 23445 18641 29719 15048 26843 1309 30226 26230 20022 9247 4890 27506 19515 8034 27805 31563 19663 32135 25028 24398 32666 19690 12176 26700 6841 12674 22313 2974 5043 2569 15987 20837 25775 28765 16097 30742 12772 6439 5774 28983 25424 22202 28554 7011 1709 17214 29041 23956 3489 22029 4419 1954 15413 26717 4975 7174 23432 27936 29745 26340 1221 24616 10782 1609 6226 12431 30462 18353 13642 10838 15065 32460 17710 9036 32085 14721 28631 28465 8511 30004 2991 24348 30311 14660 24097 20506 7601 15064 16462 3352 29545 28124 31746 2051 29655 10054 29926 11821 19987 13470 29175 23539 6427 3261 6966 13213 24355 32213 32673 23429 29484 31921 14179 26492 17624 31038 30280 29033 9853 23627 8819 9523 14712 4749 17235 17377 29892 18662 23763 25088 31179 15846 2769 25925 11131 19603 28882 1396 15261 5221 20980 21632 8802 25237 25892 4596 13375 16536 14736 19857 18939 19430 16223 7481 12039 15103 18592 27148 18957 13232 5761 6352 13259 22162 18114 4502 12322 9173 13673 27290 15722 7483 9910 14956 11785 18791 19801 21837 68 31832 227 31196 26709 2353 14459 12530 16573 16699 7634 25802 21723 25644 19545 29541 14782 26026 4273 16428 10552 11275 15458 2264 4915 11359 25041 399 22856 1968 3180 31823 26766 3464 18728 8080 9648 18356 4909 28709 24387 29512 30927 12900 14934 2787 3265 26246 19786 17972 30597 25681 23780 12989 15655 23028 28576 18903 2859 12850 11080 10231 8900 9666 12486 18735 13127 31734 27191 28408 14558 16028 32576 4910 13185 25890 25509 3164 18978 15101 13335 18234 11816 1354 21838 14708 21279 11190 2392 29101 20142 26780 28465 26820 29897 17518 8339 30806 1063 24662 25103 6788 30455 21533 6493 22262 19407 9035 32241 287 23269 3472 14286 11203 2945 15970 24735 30135 32178 8168 6916 5097 31809 21783 13354 15520 19171 7963 926 22532 9394 12792 32099 6624 32478 15473 10818 26791 25504 10025 31329 13749 31088 20232 9751 10968 2680 16096 4351 20751 8264 11344 25419 5265 1995 15337 19803 18961 20858 
20624 10639 6465 8655 27171 28761 28821 26109 22368 12950 26185 16606 16130 3614 10917 17453 17452 20633 28544 18933 18955 15509 26883 585 6840 9430 19375 2358 30043 20973 27553 6390 18326 26125 24853 11366 5665 13081 22058 9659 22705 14081 25061 19824 19743 12879 5239 15746 1478 3325 6339 3296 14125 32138 3867 20253 2278 9805 1354 15465 28085 7432 12248 5567 18165 4288 18569 6496 22328 460 13863 7039 18478 16429 24961 5950 18376 9245 23476 19417 156 13546 14761 14881 29068 12805 18655 5677 26786 12886 363 332 9535 19923 22845 8253 25973 1361 23716 24995 25265 23706 12309 2227 413 23231 24360 20528 14660 25776 7395 14745 30072 9737 22843 23713 30832 31791 20440 19167 32694 6044 29721 23495 12353 18295 24152 29913 3549 9064 7791 8728 468 1962 6010 4798 13511 5986 18655 20014 16349 14639 10380 13610 31008 16898 29312 9030 24355 16944 4493 17564 26600 10437 1372 29634 14082 12572 27057 13305 32503 20140 752 7079 4584 2853 29665 17160 25972 2748 176 2848 3545 10946 824 20724 29788 28284 29824 24825 19692 11823 12166 16077 3842 15482 20796 5413 30155 30184 22993 25095 19337 28358 29489 13113 1079 13106 207 1785 27499 19829 23714 9454 27009 1683 25965 863 9206 5408 16964 3235 32018 11860 32588 22744 14026 11618 26562 12248 15588 17670 16703 26473 23132 28509 19514 29108 24071 4090 11726 12281 29302 31798 9917 23936 11549 24007 15286 9939 6324 9109 13011 16682 16094 29897 2662 5671 29961 23078 19701 22467 28821 4508 26243 4233 26168 16410 24337 1026 14497 30117 7781 29552 31323 14247 7434 6846 18165 1417 9880 31160 14176 2947 4406 15736 30104 30643 3676 24096 13190 9581 30942 17615 2342 4819 17446 3533 32229 21669 28864 15113 16717 31834 10781 27334 22243 9327 29072 26257 14672 5887 31389 7798 14528 17044 7283 25715 6280 28989 31927 31789 12299 30176 22403 21218 4830 17362 2223 29599 1066 9381 14927 2995 14674 65 23676 4963 12246 27446 19032 28383 6776 28497 16460 7029 10653 17006 1940 15621 13045 24460 31486 8117 31838 13863 18670 485 11782 25538 
5798 14950 12240 11203 26820 3814 30202 8579 29964 20143 252 14502 16744 1426 5299 12200 13357 23325 27326 2233 31136 29205 25641 1227 25273 23584 32328 21737 8487 30145 3814 30154 1171 16009 2976 27046 7465 396 24715 17480 26453 25107 6685 15717 25802 8336 26186 15660 18121 11223 12525 5918 3488 21130 24426 26400 16753 10453 28561 17614 10292 30300 32198 16659 7423 16498 30303 25078 27781 17548 30286 4279 23262 30453 7936 11803 13958 22979 24965 16644 7335 16393 1264 29508 21147 20814 27649 20659 22700 24894 24065 31872 6687 28576 22254 20676 24178 25736 8920 7261 24545 23758 18571 29433 11055 6846 1902 17265 11426 28433 27819 10329 3664 11805 17296 9941 19353 1352 25910 20397 7669 17602 11104 30372 9968 29044 2725 29702 31602 13107 6098 9345 29764 29498 31882 6965 26576 16087 7983 14862 12584 16996 518 9298 10314 28793 7573 16246 28579 10592 14928 13878 15057 30409 3445 12773 29357 12223 7477 15873 23177 6363 12308 2570 6838 21688 19346 32148 21578 14502 1547 21148 8735 22947 12252 10776 11039 25991 6087 20177 10687 7294 28313 6773 3274 32443 3593 12520 5472 619 9956 1500 5694 26088 6759 24737 14400 29232 748 21054 26659 16789 12234 20928 20880 24246 6262 29394 2902 20397 2798 27278 22776 24970 6487 22163 9575 18433 2788 31320 6928 25951 21499 26304 32025 20162 22931 16366 9704 24714 993 5466 20198 30475 25651 36 1410 8068 29212 31657 29048 21845 9169 11349 20563 8044 26067 2232 18992 8705 13774 6363 966 30851 25793 16340 4515 27602 17504 17304 12472 22702 17335 1809 26648 23152 16143 10864 30717 3575 1813 1477 14860 230 25401 12748 22234 8461 4949 4874 29870 16420 5263 6937 17289 32703 11648 13377 2659 14718 1430 2888 6584 14212 19382 11146 18243 20779 12326 8524 22282 16374 13739 5709 30106 16584 7662 7326 10132 21843 29988 7092 21096 14802 238 5052 16993 25339 5758 11054 20962 6191 7164 15013 5615 32245 14632 19182 13294 9382 31552 14686 17583 28522 28708 30313 26795 26466 31928 4721 29065 20263 29322 3292 17639 2676 10421 6505 23638 11807 
7173 20420 1702 19534 23131 31064 20069 20711 15699 29028 10658 584 14373 19281 22262 31289 15561 13123 3014 11038 31839 15598 22466 17778 1741 5291 25009 4464 3498 18122 24945 4371 20059 4394 31545 32321 26491 29448 24610 31043 7553 28437 22502 31609 21148 13259 6119 25164 13794 7680 2931 9827 28074 18876 28998 4890 16694 9544 29264 4656 1430 14983 5561 24511 20936 8841 13859 14962 15908 22366 23599 25586 13048 22568 8770 1441 2671 21364 1417 19851 2487 19403 18490 22426 30050 27267 18717 14089 17677 29915 29772 13338 14912 5960 12599 4620 24214 31497 29162 28999 11550 23041 18323 8667 27392 1222 8254 31272 29540 3830 4580 1502 31375 5578 22180 8489 3151 21741 24144 21541 18842 32142 6443 664 10610 948 24561 17376 16651 21969 7448 30506 22320 12955 6998 26597 18147 4375 7523 5751 30020 20214 8960 31022 24244 6437 32568 18809 32569 17056 9190 12632 6692 32135 18039 27921 9458 10867 16881 13605 22897 12810 23092 1154 13092 7377 17537 3834 23527 23874 6456 31732 19414 31 4838 14689 8300 14085 15998 31474 28392 28996 231 14728 5621 30446 5559 18157 21129 14894 27455 18881 7182 21211 32711 13751 3008 22605 9242 5121 21334 3440 18246 12296 1764 4886 12189 31841 15872 5266 17663 17404 20516 8834 20572 31647 12371 12268 21620 18323 11263 25997 25569 2462 4395 16237 6232 2865 32717 10423 3884 6113 27254 2504 3859 7195 2612 31878 15149 7188 18872 6899 30530 5888 27572 7170 24908 10884 28807 12969 1077 2669 32540 25399 10209 8354 21775 17128 25199 26967 530 21942 20156 24452 29328 32371 3113 3478 3472 13589 27551 5732 27099 30545 28112 19044 24161 10091 30399 7455 29145 19788 23170 3810 28072 28117 10054 24247 6148 27763 20629 6291 22873 10995 8148 21457 20715 23448 3600 13791 7358 14699 27386 3384 22707 6867 29999 6290 6387 4709 18365 20056 25488 4605 16611 14426 28010 17422 17945 14276 7760 3894 2384 17740 8296 30742 13179 432 32465 21856 6222 10848 6022 2609 22342 18039 25734 15010 3561 8176 24626 11930 32591 23831 2294 22246 21729 20029 18475 10379 
23649 17328 16444 16986 26411 32747 17928 4294 11962 6665 2440 25587 25197 25728 12722 11279 17035 11275 28573 20453 27782 25320 19685 20911 15484 3140 14673 13868 26627 31732 7091 25075 13862 15973 27152 24839 30891 15574 3329 19627 10904 29124 4697 17272 22517 16806 29448 10156 13010 19419 28736 6085 31116 18401 19414 21839 4685 17095 24554 3578 32722 20709 22986 15087 4977 1994 7188 2660 90 21622 3099 1902 13341 458 20108 29719 6252 828 14162 2481 8738 22479 28854 4970 20869 6467 7627 5920 1992 2952 31753 118 21973 16505 18488 551 10313 9159 27280 8602 29887 819 11806 8375 19537 26369 1897 14842 30556 20137 11862 25285 32388 9679 3913 2043 17656 1397 22413 30922 6135 5488 8438 29640 22420 8728 196 2626 7350 14916 32203 19920 98 26998 12753 31789 26685 25170 6712 7494 31820 11605 23517 18321 10751 12227 32319 32416 22638 7905 25060 24566 12770 13157 30200 4633 9879 12587 28984 10729 3264 5929 4622 31279 460 2981 10749 377 28904 22693 30784 27174 25285 3240 6062 20669 31387 5011 993 17539 17518 23534 31127 13900 14480 23632 13912 18833 6247 3352 23386 15299 2160 10846 30625 21983 2948 21034 32106 7235 17242 21219 9930 12480 6734 15882 3475 6896 14944 4904 31351 27337 30080 5892 12144 26995 777 11034 12639 19543 13963 14665 21747 7801 5069 1996 4812 21511 25618 2411 26336 15410 12444 32242 16158 17724 18031 30435 15698 18130 10071 5224 20553 18077 3116 3723 26677 27412 23637 24233 19026 4244 16011 7460 18378 13490 9951 26457 23511 11216 1535 25042 29991 21742 32181 10940 28292 16323 16048 20635 31412 30988 29575 8508 1950 28965 23803 25835 23727 12502 893 23015 30844 20591 8688 1043 29097 25879 11695 9454 24329 22625 8146 28613 2822 24096 25517 20008 30276 31869 3738 18586 28033 23110 17657 26508 14016 18313 28788 8333 6566 13410 11144 9147 18212 2577 1600 7549 25686 6735 2116 16500 15531 6371 5139 11182 24391 21360 3981 285 11173 7057 30132 16456 4481 5927 13747 14657 2037 27378 800 11223 32738 29535 31614 26380 21905 32673 17670 31946 
1434 17155 2727 24017 10501 28797 31051 29172 31920 13445 8796 133 30704 295 26502 32014 13947 24664 21439 3137 14726 16520 1413 21810 17450 28534 3687 29380 22284 14152 27591 6497 3901 20955 31966 17647 27743 9816 6657 767 16906 1288 12578 11591 22638 21865 2969 10322 57 27265 8485 31350 7611 29042 7213 20231 28487 11855 29516 14794 4829 31534 15373 20140 3847 15742 6899 25012 25345 17819 29885 823 25116 19616 17639 3147 24164 1149 15732 20349 26241 28233 5099 16839 6875 27353 8096 12220 24066 14737 11572 21254 25676 22906 11103 23570 26304 149 5357 17418 32050 7535 15367 31492 25520 5878 23220 18041 12061 16011 3232 25592 13596 10328 5659 17435 11056 24036 7268 29115 16673 7908 13096 31072 15009 9301 25414 25851 19503 6599 3797 8152 16188 16636 22120 22222 8588 29617 25488 10425 992 30652 15523 15146 3026 22871 1468 1884 23808 16316 21251 29546 7532 28658 28719 3008 6435 29158 16713 28879 18717 3005 8370 19718 16741 1897 24167 26365 19065 30330 17540 9203 10740 26679 17671 3706 24170 17902 13527 13681 21140 18824 14341 30515 19373 16992 17233 3342 5915 7254 22256 27383 15186 23839 22156 18299 12278 3039 8845 24569 24895 14073 22167 19727 674 3109 20819 31570 29870 14020 26995 7234 16948 30833 29680 9085 30890 12249 32662 9266 24529 16844 27075 8921 21654 6292 12396 12065 19254 11653 9568 23082 15526 20693 26321 23797 818 9134 16656 793 27236 30850 23960 11703 30247 3487 25422 687 9516 22019 27655 7188 12941 17521 29515 19422 6833 19652 8793 18399 26479 3972 7530 20985 1910 25527 13882 12429 13548 13049 10181 2870 12117 23503 16206 32696 19639 3641 5798 819 9723 22150 17323 25501 25239 19052 8463 32110 26474 3160 5211 31133 27879 6403 30003 10188 16502 4934 31195 18624 13591 559 19706 23827 1865 13652 12446 19501 14378 17255 21121 30576 9183 22283 13707 3507 22326 15846 21655 13042 26762 28152 25210 20547 22504 29995 19265 8204 14959 1835 23227 19060 13565 7543 11320 9751 2568 23993 18319 28926 16073 14931 3942 5582 7072 314 25773 20799 2996 19719 
9068 19408 8154 3147 23743 31674 14520 4899 29214 25378 7210 27405 30178 32402 31204 21754 29957 30634 9049 12709 3626 28691 31452 17442 31197 30901 24069 698 26651 2346 3927 27126 22293 2930 25375 1530 18225 20456 13215 9748 28754 32116 24684 28309 23641 20995 23829 15584 2796 18228 4869 4544 630 28500 6827 30207 29294 7821 4056 3380 19165 13402 1384 19164 27930 6462 23588 32172 23000 17590 231 9510 99 24428 22016 17771 4903 21933 19416 11600 1394 28189 27861 25267 5755 14506 24701 10512 3490 27070 10719 22095 3065 30137 9518 27104 5892 158 2224 6666 16573 30220 27862 19328 4315 23921 8109 10038 4948 15994 18293 17010 12321 10702 6286 3366 12353 14843 8860 31357 5120 8368 30947 6068 7801 5166 14835 1323 14938 12537 14986 1468 7143 9171 22454 6219 17474 12266 13370 20382 18921 25937 25907 23663 2688 7085 20987 32192 10705 1329 19278 19311 529 28108 7595 3850 26980 31392 8957 7908 28836 32183 6011 28521 32606 12785 13773 20142 28958 29505 24176 32333 6125 18201 20059 8047 18455 18723 10467 9514 20786 20530 22748 16654 2139 24440 3329 32250 18371 14329 21398 32052 1899 7743 6475 2489 29483 10320 3940 30162 8697 10205 15639 30440 21096 1212 16437 29593 20591 7065 269 30732 26732 29928 23950 17537 2920 26653 4011 10796 2205 32544 21252 10819 53 11771 3522 2902 29525 13014 194 22751 5466 12838 17143 282 16995 25377 3081 1302 16143 24693 4674 28428 9608 28985 32683 753 9152 24100 17010 23879 28410 9981 15503 29752 4237 11346 5799 12005 28644 8557 14897 1788 15818 23172 14039 26760 9444 19248 5919 17422 25471 18720 26698 1749 12941 26383 31101 28037 7657 31731 5662 25844 12771 10872 16257 27964 8696 31916 10692 13073 19681 26620 32759 21329 16848 19807 13184 31965 10998 18897 23230 25768 16712 27395 25325 16397 11651 7249 6474 14694 31341 24564 20343 4826 31838 10361 7968 27510 20992 26225 4319 23167 25171 7787 10845 21767 31732 6943 10171 4543 31134 4076 25648 24332 4081 16261 13811 8029 10354 31463 16731 24507 28116 3214 1860 15522 28022 25576 
12982 2319 29228 5386 27073 27610 31810 162 9643 26438 31422 14380 22094 32471 10726 29289 21691 28515 15106 9229 26915 11628 10595 4280 26616 7597 24740 26664 10831 15347 6192 17325 25993 9262 2052 6109 9778 12744 23223 28296 29225 10549 183 31983 22017 8140 18645 27184 25000 5589 25092 23045 22598 30435 10845 4014 5992 29796 28519 15660 31070 28278 918 21168 14049 24316 19729 25171 3066 31473 12728 27655 9247 32253 1126 9678 4510 21574 22387 5162 21567 5769 22654 1748 13092 3177 6505 19888 28149 10503 27300 14849 2362 13778 10927 16346 14856 8097 11994 19413 13536 6655 10576 8454 25556 3269 12371 21298 18411 32751 19145 12605 2503 31144 9720 13282 32133 679 22670 17575 7653 17598 22244 28943 17067 30640 31875 24081 5701 4164 20200 4041 3757 26007 23940 22894 28049 16566 25351 2436 2994 2668 3038 9810 29578 2905 1530 20119 3889 29252 15828 4729 28033 5299 27822 22718 25209 7608 23579 9278 1759 7949 705 19864 23337 14435 24158 1317 4510 18680 12041 12586 17337 24424 30651 31826 5838 23493 26637 10331 5103 30697 4931 30991 14097 10763 6282 19318 31083 5521 8318 11594 23327 32293 21487 2219 12316 28939 12261 14356 13379 6322 23265 5774 10953 28297 24422 24611 3292 16147 28600 30358 2953 13374 5860 24145 26845 23025 31488 1951 27722 20708 5300 14363 30285 9140 32762 10345 30542 29239 18977 10787 19912 26381 24856 27158 20393 11127 2025 8879 764 19820 29828 21168 18885 19434 31422 19495 1324 15755 26777 12193 29662 17752 30662 10139 20401 18913 30824 30777 28295 8846 6427 14139 27252 12080 28725 16428 5411 3547 10828 14556 14965 25336 504 14865 30316 26518 25817 28794 8776 12801 27100 18916 7407 27798 31931 688 29330 28373 25283 10117 10126 27832 31962 24386 10896 12355 27328 4407 12797 4445 29589 15252 2193 8158 22428 3617 3398 13289 28478 7472 27255 22652 15186 16593 18501 17477 19099 29764 32314 21688 6290 18868 2092 16222 18790 17954 16996 28016 26434 14751 12544 13732 1230 26558 22166 26695 26872 5193 24090 24972 10228 18483 7170 5668 19841 25294 10919 19982 
31855 19262 9711 433 10078 22062 18985 3368 18120 13249 31288 11741 12354 31179 28916 32345 29438 7746 8653 25690 23957 30191 3250 9510 4355 2921 2353 5152 17651 25156 19679 3993 8510 31366 12538 16360 20654 10330 31565 19645 12551 5129 11860 31922 17480 30245 9377 29475 18222 25608 31614 64 4346 16509 4308 14176 8308 9404 6219 16281 31280 21916 2995 4749 15376 6404 31395 7558 2570 32674 32095 30918 14379 30432 20223 10520 21980 14100 21198 8107 32357 25079 2289 27680 4783 25945 13897 21730 16462 30227 17306 18870 31166 14140 6124 25747 17389 24992 29233 27827 31994 32621 1577 4074 61 4144 24707 17975 19335 10496 22085 5017 2475 25849 877 7203 9789 14829 7384 15955 20121 1365 6500 10144 1063 25998 30290 5970 9182 13122 6894 17302 1799 12068 8049 5330 8516 14304 31526 11062 16336 7249 24012 25236 19976 24053 14396 18545 17195 30623 14411 14428 7518 31852 15346 4734 3571 8952 32684 16499 15082 4306 3104 31832 14776 31277 9984 3621 10056 27096 19249 29501 320 17776 27692 9284 9349 25044 2212 27953 5377 15321 20585 2980 29348 10559 24972 1913 16296 5604 24772 31133 23578 8504 28944 13600 23190 12273 20126 1676 4690 17920 4332 32118 4701 15555 22573 29778 23081 10620 27118 19084 31560 2050 249 1236 2163 32182 21625 18361 30160 18617 6752 24697 20085 12124 2310 20503 25384 984 7186 3247 22120 4160 8350 27911 10674 32435 19606 29286 12285 4566 25953 25769 2439 16769 14788 29843 3283 4025 29443 22629 16626 10719 329 5806 19715 10790 10057 29541 246 3403 26918 13109 23445 12416 25232 10520 12740 27561 18481 16935 23303 7114 6215 945 1862 12736 16018 12170 8653 6448 12144 677 26007 3006 15943 16869 1740 9343 13091 2353 5512 18352 25504 4295 32222 12968 21259 23762 18717 18443 7620 2878 1105 27713 13286 13259 28685 1574 10026 3680 23912 30723 4105 21411 23622 9406 20001 3014 7897 21837 10202 16291 13927 4720 3401 16396 3405 18080 597 30556 16964 15426 29720 31058 18659 19489 32136 17696 29541 20507 24406 28094 18861 11803 12054 7300 20871 3911 
417 8696 11313 6010 5303 2277 11546 12532 15337 24493 19945 16464 5302 11231 9153 21687 17909 15372 14787 10324 20083 19415 29909 1287 9948 11852 25762 24926 15071 29299 9698 18881 32141 13860 14812 27116 7426 6940 30505 19107 6472 4689 30650 6048 17016 29059 10269 465 25122 1812 23547 4544 5103 8217 3046 32339 4485 13489 8273 23477 30123 11926 28128 13972 15022 32241 18147 28557 30723 28787 17949 27364 9005 32417 14025 26745 22498 879 15839 6135 27497 4625 10387 15695 20294 24078 1054 31077 1817 27030 25282 2824 13764 28181 29192 7208 1484 13064 17997 28483 28930 18192 32636 289 11106 20292 11037 29377 13627 24780 1935 20371 22672 6316 3217 1000 5566 26077 23816 6054 17248 14754 1532 320 25968 4633 12003 9445 32687 4880 7970 21496 26438 8475 15569 24769 22445 13027 26814 6754 20172 19649 23477 17676 29792 23180 26879 25202 4257 23471 18985 24190 22050 5502 22535 29763 760 16330 21751 24372 7454 24498 11370 11411 19992 17597 19361 16684 8663 23590 30645 26434 11485 20087 17626 30922 23969 7001 4836 31191 32053 10155 13067 14166 8998 29137 6891 15867 8356 24655 18639 15739 9954 24214 15662 11260 11456 15389 11638 15817 22440 436 21513 1355 27573 12566 389 20277 1819 8893 21321 3838 11459 30202 13109 28564 25141 18244 1200 23631 25787 8401 8944 5667 14787 22883 5238 10523 7814 21861 6103 22018 6887 24118 28098 17507 15262 965 1087 4277 14229 15454 26421 2767 1170 14019 6703 14498 7959 4735 16223 28966 2439 29303 12260 9109 18057 7618 26952 7896 21169 8890 29773 27966 24926 12371 10473 6260 24798 6572 29583 27058 2521 14308 32688 31282 32236 7727 27522 10214 14740 21545 26880 17002 23886 2666 28722 1080 4604 32090 26286 11291 3211 31302 24671 19174 29907 15028 23941 6501 13246 2548 10749 27284 27821 26872 16835 3599 9751 9318 24245 14026 25971 4330 5017 14850 16985 25041 6242 14963 13540 19924 11183 5068 9050 30257 11669 6752 29455 17409 22430 798 8326 12229 13841 1987 8922 10050 18036 6990 7772 1423 24400 17076 10878 20844 17716 26070 12016 13781 
4348 11440 7176 26839 19283 15571 615 29859 24951 27413 19930 5857 22333 13703 10110 10822 23124 6567 17192 20073 6861 6871 7171 16850 3291 3342 25723 8788 30680 30670 11610 1950 30345 9558 2097 11276 19619 12824 10490 6083 13710 12397 19195 508 4200 13448 23790 23712 3405 23720 14430 15894 16342 10642 26708 7512 15071 15167 17203 5197 6542 17874 23521 7251 6545 21197 3623 31002 10918 8835 10843 17849 5985 16849 1084 22523 11050 10249 26909 28154 31109 28975 16710 23024 10902 2152 24727 8265 28900 22191 19054 15357 3165 18890 27851 32028 32410 18300 5810 13739 21605 24829 11729 10414 10360 23207 26467 28550 17288 23538 2132 18813 32130 23458 28838 2464 17429 7231 30227 5837 27248 19654 20980 12812 9805 8606 9825 30498 24110 31181 24218 19300 11494 25708 28325 11978 15964 6744 13881 9028 27020 16427 2779 7761 11214 1131 11591 14541 26971 28161 11793 4362 5901 28396 1420 4899 12646 3894 25323 7053 9428 17447 30374 10223 2867 18362 15392 2612 25236 1101 1670 20958 8509 26780 21754 24477 19185 14320 12785 22304 27505 10900 8665 25387 6722 29321 25856 32746 27569 30842 4273 16261 29461 25842 17312 15604 14932 18893 31111 12565 21160 32749 16914 24059 25251 3374 24313 17545 21873 9883 3435 22592 3934 8930 32435 9558 19351 28933 17430 7432 1845 26451 12794 31793 7543 32407 32334 26 31055 19855 7717 23956 33 22687 9892 11844 6599 2503 13599 18495 31192 25811 8831 13271 3626 19409 1511 13236 13973 26568 19095 4902 10746 2471 23824 11961 11396 6012 13176 27402 31534 23014 13633 3546 4230 15821 17926 11617 9904 24144 30645 10724 6829 27391 10227 25994 5342 15947 3260 11884 6851 14394 29770 3819 28169 12640 15417 30790 23748 6666 17384 31596 26361 6588 24098 1038 23903 17118 1534 18937 23910 11954 23299 27811 20089 5513 10384 27907 17536 14135 31867 31142 27562 10180 4345 16640 24937 21604 3518 15872 7870 21673 25701 13031 22454 23544 19473 18009 29749 24378 8277 30388 1522 17107 10065 22434 24515 9432 798 19946 12827 6012 21101 15756 20688 24524 17514 24076 1570 3229 
9191 10510 5882 31170 7606 5923 23663 4994 18006 7907 5774 28233 8915 10812 23643 1693 14567 30217 19731 15700 27237 4070 26292 25604 8151 26179 9663 28092 1638 7864 21053 6129 25851 9880 7680 8123 19620 12745 30763 22338 10297 7123 14837 12146 28479 24374 4265 2551 12 5889 18673 26469 25900 16032 24405 17846 2564 9206 31231 17146 8885 16300 12225 22602 19268 26568 16473 16638 8695 4225 8691 25120 24834 3921 2031 17952 15202 5197 18149 200 266 19890 14822 3955 20029 27072 3333 2426 19003 27339 4374 13552 14623 399 31926 21391 25864 25028 16012 15345 8823 17650 17614 4868 29688 3975 24070 14776 4357 19495 5910 17146 21543 28995 14969 1510 21598 9453 21709 8248 11715 29418 25230 32004 15724 10505 2853 13224 21648 19892 3361 21246 9963 25797 16324 27862 30820 30363 19905 30115 19950 3436 3396 19572 9644 7388 6451 32550 31320 1999 4019 7896 5605 14460 6639 14496 30563 32452 8469 18044 20516 10433 21664 11404 23581 2465 26077 5758 6542 25269 7336 18761 9190 25285 10615 15646 13793 12199 22683 5019 5875 11791 2754 15939 30697 31657 5823 26923 718 20325 30862 32245 8715 13331 29074 21250 17107 20783 32290 23268 5822 13822 17476 26642 6324 23258 24504 22752 22797 19657 12089 16302 21750 14165 1791 23391 23831 16536 27784 29709 20339 27543 16280 28666 10383 29905 29823 13514 12246 23831 17306 10480 17212 5789 29212 26983 1570 2130 6158 1954 30585 23405 1941 25541 13099 18248 14708 30485 25270 20338 25297 8877 8474 10240 6204 22132 22006 13347 8685 9291 19438 21248 25933 5003 1615 28347 1977 18606 6646 469 11906 21836 3438 1721 56 17482 1112 1425 19240 13902 14864 13406 29987 8821 3981 23880 6273 3913 12425 32562 29286 22509 5090 23698 1604 20891 23361 27776 6817 25937 22009 25101 29467 29126 11058 15829 27561 2467 28486 7640 22819 25072 10347 16261 21253 1228 1683 26648 19056 7266 21136 10022 4721 27160 22652 10102 15750 15881 20824 531 29790 694 4083 18335 10721 12536 29965 13290 20592 16442 28349 16324 29806 26340 1808 1295 24575 16154 17907 10520 
11279 9127 27219 16679 25239 22836 16002 25940 5659 22462 3037 26013 4728 18503 29100 21814 2780 2763 9033 24608 26902 22645 20869 7933 8720 22035 17223 23843 13209 10952 24950 1263 12136 28416 14873 9819 30558 1961 16061 19411 3852 16801 16919 4421 9845 16746 30955 12664 16917 6949 557 32158 9250 9918 14949 29484 23313 25700 24152 25577 6492 1340 16612 25669 14979 27734 6188 29677 6481 15328 9717 5276 7008 17049 16208 17204 5599 23945 30586 1805 28563 8688 29184 2957 9244 25468 8230 30713 3194 27326 28042 31114 4303 28639 8197 13252 10086 11663 28370 2819 17653 8255 5362 32087 8735 17808 25294 32145 31293 28683 4895 1182 10078 786 26379 19732 16268 11030 19856 27915 5970 26123 6694 16942 19835 28697 3744 25618 17435 26773 15444 4294 10964 17199 123 18347 32338 22893 8155 1669 8472 12376 17827 23763 29055 18037 27030 18780 251 32246 24939 5643 20641 30514 8564 9724 14054 28499 28799 27095 21162 30542 4858 28253 12149 5913 12634 14656 32512 12568 32189 26680 3063 14808 23757 18003 18941 6143 5608 19341 9969 16515 20095 15008 367 25371 21692 20765 26778 15091 32104 15804 2329 22436 6411 20720 27488 29283 17493 7103 26417 9080 6076 28881 28770 3059 31335 31687 8416 18330 7243 25294 9204 15141 23444 9843 26309 4782 6470 13241 12831 1123 16676 23656 4466 11134 2257 10665 11038 3959 10805 15568 28141 11127 7458 12921 14305 2577 5175 15318 23089 18733 16645 25159 7822 6724 9073 10539 12714 4819 26713 503 5883 24841 7035 18053 2493 14531 12434 11694 28470 3259 10177 28186 15933 26620 20789 855 32765 31642 29703 18729 19959 13471 23647 24865 28998 28232 5343 5745 1831 5234 20287 13311 20152 19023 16436 184 1024 26973 29335 22055 27696 27801 21955 1350 30504 7152 2879 32148 6717 3062 14237 27239 18490 17882 23201 14980 10916 11162 29350 17901 67 27763 28478 1530 17629 7580 14105 5035 1605 19251 17704 24637 2709 5496 8449 23547 11191 11833 13958 32599 3114 19085 20673 27193 2306 23749 15379 3479 3377 10912 21390 4934 10758 5054 32159 30736 6387 7255 
23536 3078 2707 4141 12940 19735 26347 20927 19013 20450 25329 10688 21075 10953 3914 10951 1341 5959 17496 32072 5373 15747 3956 10179 8799 24101 1400 10043 17322 20072 7809 27626 24194 31344 32499 3635 22797 25055 20925 20440 26197 17059 6110 15725 29165 26129 4392 1037 28376 17464 8771 20299 3494 29039 23542 17259 7648 2609 1954 26579 7846 4395 23823 5564 17047 29586 17771 16173 27377 10170 20368 8746 24057 6629 14726 15401 15518 23385 13129 4549 31577 18357 16076 7862 25175 5252 20797 513 22746 32531 6539 14956 32733 3200 4134 1845 24567 4116 13318 16643 11905 27602 6382 16157 28155 16208 10994 7386 28076 30918 19255 29529 27785 31845 10746 23409 25432 21994 467 19435 14869 10354 6203 10223 27797 20624 10061 4541 25193 27805 5321 21918 32261 16207 6750 281 10018 8333 17193 31337 21600 28802 25209 11311 22576 16625 26581 6501 29937 10440 13376 28051 31833 30199 21691 23877 32279 12674 17932 27324 18870 10709 9662 25316 18373 30553 29801 9862 28213 12100 19763 5055 21506 14517 13975 9137 10262 30720 28773 4216 3946 17478 25354 5983 11886 23370 5138 11092 25003 18303 17387 11162 27046 27750 6380 29374 3592 11542 31637 20940 31741 24860 2073 19394 25562 2950 14617 9541 6658 2107 12211 7315 16138 9102 15547 23993 13083 20498 3912 1798 22680 28335 11379 20927 27137 23797 5211 13076 26392 15793 14445 2387 23874 12222 9954 10588 3887 26398 3976 24661 16317 23625 1478 15775 9242 1477 9178 14600 16681 20471 29542 2370 14376 18233 16171 16020 18063 10285 12820 30159 32059 19024 26486 14212 29387 6354 20630 22388 30027 3493 4972 26696 32528 25300 18086 6018 29410 28182 12016 1460 25441 23203 24947 28399 27041 13638 28571 14207 20248 32435 30 12501 3770 14364 31034 10949 29026 7679 8254 9458 18804 1346 21067 13446 4544 3713 14940 29222 29610 9127 10372 1061 30856 29627 28279 6391 27212 24829 25932 26089 10083 5426 129 32272 28125 12348 4672 5503 25037 17645 9440 1213 21235 6173 3503 8311 1432 22010 7407 14705 698 12704 3870 22722 13161 8938 9083 3137 19313 13959 
31685 22331 18233 9296 10566 7015 235 8152 2832 3611 8405 5957 24967 3519 27920 21599 15135 27523 15455 13287 7783 32077 4185 26410 5447 3061 6859 29654 32133 29109 12888 26123 17038 31963 31330 26805 25716 27329 16942 14362 28723 3839 24386 8879 19768 31455 1810 3120 1060 14610 27612 9967 25293 29089 8401 22381 8581 2598 2421 30247 28064 5691 22600 25522 32048 11315 24742 8970 4115 29192 16364 28200 560 30357 8668 30930 21245 11013 9283 21943 17989 4236 7640 12731 552 28245 19560 22928 20067 9147 11824 15750 22737 27323 2699 26532 9010 7849 28109 6135 32300 23331 7278 31530 13711 1860 16747 12119 20957 8473 23529 2845 4874 23897 12315 23283 2176 28496 16231 2235 27238 3357 3012 24987 6178 1053 10855 28168 24604 29095 27038 4131 29893 29690 3580 23625 13017 26483 27318 24549 7393 1028 22861 19081 12283 28385 21613 11582 30173 5244 14870 17432 30744 24244 30969 32269 30874 6985 11557 14086 4983 9876 28642 22583 11753 11893 24285 21164 22165 8588 7814 10277 31503 7852 23479 30244 5793 30860 4246 14148 15944 8640 4284 11980 11776 5352 8343 12932 15169 3368 7180 18120 20682 8920 28769 16602 22429 8316 27995 25469 12619 9206 12707 10687 10097 24570 13934 13334 29827 4547 15965 2990 18888 32516 11170 12290 30374 4130 357 8874 5408 23200 5222 25971 24477 12251 12003 7861 5099 1015 11196 22497 1923 16665 19669 2650 20751 23254 20668 28294 11049 13804 2956 16676 29798 14384 1809 29408 28819 5320 28204 30244 12094 10394 18297 7986 15225 31492 17200 19056 30938 14030 8265 15618 20934 12125 27876 29598 6895 17961 9703 21404 20508 17521 31209 29261 3625 32045 13135 26254 28238 19268 3508 22685 9892 16383 31375 17451 5092 5565 6415 8370 4210 15081 25930 25608 15515 2346 25239 4917 7195 31961 17720 21890 11491 184 24381 15826 23321 8673 21668 15925 30303 16380 23237 31163 3160 3509 1774 26758 19560 30062 28746 547 22716 13872 10503 25115 10379 19688 21175 6852 24475 32208 20983 10845 16134 4651 25935 18010 4926 7733 9050 28925 17231 25434 9255 3366 25956 8870 
23006 25708 31885 29565 23719 21356 17343 29324 11719 4193 10781 23807 13836 16374 25717 27636 876 19544 14350 1072 2537 12942 25249 3601 27576 14861 17317 2500 3233 19079 10959 13240 29865 21509 28634 19795 17903 32053 14212 24035 18900 3077 2521 32727 22878 15472 7603 3631 9439 31128 32130 17969 7889 11542 26953 12638 3589 6286 6633 27556 2813 28038 18850 6613 27798 6008 9687 9304 26601 27685 3601 2591 26484 13869 17479 24536 23925 19933 29277 20328 5527 13384 10474 11157 18896 25753 15166 27650 32394 20391 7332 9569 27137 13770 8932 20964 27372 21230 21004 32244 21087 4325 5488 11558 1264 13314 2544 2923 14105 13795 15737 16007 18653 17038 1999 27588 1198 3008 24713 17895 17807 26241 22109 14179 18550 26364 2973 31949 11508 28302 23554 17296 26903 24605 4009 8418 13456 28331 16219 29942 12049 14890 19985 3699 17913 11922 7095 8742 7475 22834 21809 27379 32603 10307 1436 1554 6435 18627 19670 24440 1014 5761 24384 17042 25563 21108 12994 25401 7323 4944 32016 29411 25126 9307 26412 5654 10291 18045 6701 20003 13607 1943 2366 11024 23608 9238 7401 22998 8914 9928 9110 25293 21817 15086 11086 11364 20081 25746 10437 5653 30555 4891 3992 16280 16672 16926 16339 20567 7890 7287 27830 21283 16977 21913 24761 31269 8300 11554 17101 24343 73 20659 16613 5044 6663 4094 17333 5740 2209 5920 4025 32605 4886 9010 30586 31103 4295 25882 781 23582 27936 1703 12508 30862 3706 1502 13225 28698 9280 23182 20943 9789 8273 6699 18891 8981 24486 3544 24572 31252 17973 28358 31143 2297 21013 15549 26942 8958 27106 25336 20450 31827 27235 7990 14374 27084 14186 24334 19990 18647 21500 1923 22648 9136 17842 23256 22353 26072 18271 28838 27563 13507 3827 29739 27798 16592 10912 7397 19821 8831 14651 5471 14682 6111 484 17484 2076 13893 12009 11218 28680 25667 12264 21288 6478 12248 1844 28259 30334 21733 1658 14477 1611 2016 16037 13304 25230 22732 9982 17617 16526 17001 16280 23032 18046 14760 13035 6159 23111 20833 15039 15058 19848 17992 19532 8358 2779 1822 20383 13428 
10331 3364 26175 10679 867 6357 1297 16084 18840 9940 25977 31147 4905 12580 4546 4715 29269 4247 4288 170 7214 4745 29875 24245 3741 5837 20847 5924 22439 18920 23994 4274 25070 20349 17398 19532 27259 28937 26112 10600 954 9425 6231 17560 18886 280 6273 9311 11239 28564 17066 10307 28506 13603 19087 28195 20304 8635 31642 8651 24120 31903 17486 27334 3137 217 4326 27763 30491 32228 14649 3164 26366 28841 1505 29378 7406 10413 4252 31101 22077 19848 1010 32003 10577 22681 32281 17350 8104 22264 6933 28611 12568 1964 27171 11863 1116 10782 21080 6741 6348 4302 10886 1111 15724 19525 2143 5457 31016 587 2781 32620 18526 17753 9185 12561 21405 81 9498 15939 941 19053 5160 29747 5839 14197 2561 19214 6981 30774 8596 10778 29461 24367 14765 12801 17675 7565 3609 365 32509 19546 27658 10196 19794 5617 1469 14998 11205 5045 10585 16453 29543 13314 24347 26179 2531 15460 12976 13459 5638 15367 11234 13289 23935 623 14967 14851 12259 28265 6486 20540 756 10562 27884 26719 9250 8758 8398 21433 9042 24107 18592 12402 23263 28576 2101 16669 14558 10976 18167 25229 11687 27259 12938 5098 25489 30710 21676 17669 9212 27842 16480 24297 3477 8043 6731 15027 32725 28946 94 31395 24523 3869 5301 31090 6684 32045 12223 17382 1608 31568 32160 20645 3886 7289 2771 27207 17619 8493 1044 32686 15199 27262 11645 20122 23400 6461 21743 7288 1907 11628 17331 29051 15032 14834 29537 2542 1318 146 2561 29129 2215 2590 24945 32386 23461 3816 7687 6949 29901 17274 6262 6823 1043 23943 7926 1144 23798 25889 20895 3927 22021 9771 7702 15978 16802 22034 7788 21646 25606 16824 24387 4588 2693 6065 20787 28621 10259 8882 26988 20143 6920 2118 13724 19095 32 24515 26387 10666 14022 13693 6437 6391 31378 20025 22223 11160 13840 16101 9118 20473 29379 11398 3021 12151 2665 18545 32685 11309 32129 23742 32330 28938 4875 31994 21324 18471 9615 12060 27675 11096 16736 8378 2119 17154 30754 15485 18726 18220 3466 13267 25791 30424 24933 20707 32742 6547 15068 9414 
29609 16203 22774 26100 491 12897 27742 4860 15695 20479 24167 11641 10328 15020 2381 8513 20430 6941 17854 11231 25699 25422 29080 22596 6038 18386 21493 25273 16344 25448 613 6424 2029 14542 11130 2876 11670 1754 27274 8118 4973 8902 2224 24769 10768 19660 20244 5497 29825 13042 20076 31559 11213 5672 16323 13216 17900 17808 25209 14831 25577 25629 31628 30159 27459 11359 23061 15742 20114 9885 1302 23694 18797 1317 30322 29406 5004 6880 1853 16329 20266 8233 28982 11677 13997 14815 2450 12623 19849 30393 6396 21101 6242 14042 29913 28499 8305 12710 15824 4514 17960 3539 26506 26350 10009 16323 28086 12727 6932 8721 23121 18075 3215 31850 292 27081 12363 27806 5262 8377 24629 26102 30595 19483 7563 15049 28885 7693 32319 25674 9138 16528 2464 31908 29039 16445 18487 8009 10371 3892 2799 9094 9431 13398 11642 25948 17725 31412 22511 4235 23101 13638 952 8687 29208 27361 18347 4879 9735 32355 12151 25588 19652 10033 8770 30519 13899 19939 7312 29790 21730 8509 16743 9321 30551 30561 1713 31911 30857 20292 225 19406 2089 1631 4569 15691 28866 5799 32523 9943 32503 28862 13023 21579 28173 18027 11605 17845 32169 22856 26604 5035 5338 8634 12482 28127 5721 25126 16636 26612 18960 31330 4712 2192 32730 3946 14433 20147 20362 23381 16372 8519 6702 14727 23361 23800 12437 17191 23587 29765 17166 4052 16915 21975 32371 28307 24393 3346 31334 11020 22821 20715 23771 13047 1998 29945 22231 12241 31001 28878 24182 26835 6828 29063 18995 292 20323 10658 12644 26190 29682 21264 13828 751 5836 6027 7093 2481 26436 21290 20485 27771 8178 25907 18417 21481 28761 816 22184 11002 10694 16965 24977 4873 13179 19136 5518 21503 2573 27122 387 7366 19979 30270 14866 10241 9696 14703 27305 6394 30459 21838 30655 9435 14893 22133 5722 23586 28498 26974 31957 10319 29747 26047 4320 20959 17067 9242 14024 8830 23049 20879 9721 30585 22454 13814 26305 22642 792 8234 23894 26199 20661 27815 1563 13973 8348 23128 18207 28296 15361 8618 31462 13110 22055 485 6253 16702 5251 14524 
7272 16651 25118 6179 6094 11085 4667 11872 1943 20906 5690 13413 22981 24496 19132 13917 17313 26639 8200 10885 19783 20997 8621 27197 13924 15129 8553 16735 6207 8460 2378 1999 26870 26637 6419 31059 17418 4396 4833 16293 7198 13585 6926 25287 14844 5870 20310 5015 11481 25522 22840 1187 4058 29056 32671 17726 18647 4959 31682 21204 9310 21811 5449 21626 29435 13292 18865 13513 2998 9725 753 3565 22494 2063 8542 7161 19461 16887 23756 10621 29260 14310 16630 10843 27105 23520 18720 30934 32709 29552 24314 26860 17619 26009 16584 9702 17662 9487 4800 3629 17370 2728 8115 351 8798 13325 3312 21666 20968 15029 1382 24889 30849 22292 8200 24917 10850 17423 1398 3885 23736 30388 6361 14928 30117 32296 10254 18234 7559 8160 26376 19750 13692 1044 14959 17956 5926 1649 5517 1387 427 32527 28523 26608 22528 6050 4919 29496 5224 244 20457 22122 5431 7315 19239 424 9948 28358 31589 18335 28446 27846 3408 15709 7590 31531 14445 19555 1470 12453 18173 11004 1368 12524 21797 11981 23890 13306 2891 11692 24312 3447 22467 24758 4811 18549 27563 32155 15489 11101 32531 31293 24652 14377 8290 11898 11615 31956 4852 18501 29103 18447 264 17916 31478 5686 1242 27381 2302 19074 19724 25179 13596 2176 24650 1080 29434 16834 17454 28882 3738 19412 2913 30267 19352 4721 3844 29732 2480 14839 22350 12786 4735 17945 30582 23316 29838 6356 24787 5523 3980 23972 28994 26346 13787 13559 16584 23321 1871 13282 29304 8693 26930 3091 3223 5826 16267 28679 7167 26115 19359 1917 9921 17809 21433 2090 12814 29419 30759 18094 24408 27597 22917 21447 25780 5380 29758 31172 25731 17280 21839 11837 26705 23467 3150 19458 765 31481 32427 10577 24090 24512 55 24140 13974 843 21730 20393 3225 6698 32713 20908 2736 28363 880 30546 26667 19023 30539 25040 19140 24470 5764 9275 27521 27804 11256 3977 731 1545 32643 31416 16415 16643 10365 23373 20501 12103 27012 16896 14048 24952 31100 4022 293 25526 24021 30383 4207 26739 14860 7169 1746 5506 14453 27973 5583 10097 28727 32400 
13432 24345 27800 1189 212 28019 14715 16232 20613 20910 6438 26774 13480 23934 18249 31412 29949 21430 27964 25669 17992 21785 11145 31552 16375 3949 23722 17601 21764 25298 29972 25855 21533 29010 9332 19326 13059 19641 7224 28550 10544 13991 8017 12499 23996 9955 16183 12430 11393 3058 27182 13948 18046 31209 11977 30326 12665 15231 22700 18969 27368 31078 19093 12990 12818 27612 14750 14252 15730 19069 11708 29837 24412 28251 27532 27679 24035 23120 11087 29484 505 7571 16690 18364 8664 17546 6868 10377 10913 19423 13826 179 27971 18902 29893 31669 12959 16862 29342 5528 23274 22118 16144 31591 3154 19697 8543 20450 13540 6253 18840 10358 25517 24000 4817 22125 15647 9893 15026 20579 3767 14006 12852 20473 17885 14025 27561 30669 19980 10880 18941 5545 6706 25628 5435 21754 23898 27282 6226 30084 13960 1505 19482 23125 21476 26018 13202 1271 20763 5601 19820 20714 21763 13867 16075 849 12926 9960 6987 748 4256 8428 28226 19526 24084 27464 26949 30256 5051 9062 23534 23149 2711 19285 22749 13999 26856 4705 11261 22979 27284 3047 1544 12552 2252 18535 334 18981 17645 1243 25522 7419 6820 25671 16885 12761 23894 26514 26679 30703 1215 6036 11194 24582 11481 5488 2538 3950 19711 1316 14490 16183 27218 1630 2961 7076 18780 12178 21317 14300 25331 16201 6374 27107 8288 30652 23454 8905 8897 22689 13080 5921 6572 11077 31551 19381 27925 5339 27976 23160 15986 8979 18930 956 1308 1775 30988 24485 18937 29139 16952 17374 18008 18651 752 12682 27164 8816 1478 24446 3357 16926 24304 13485 20427 1696 29187 18147 28437 32317 1279 12727 3977 5464 1164 22971 17340 4930 23939 28661 20972 22866 4016 18835 31972 6200 24023 24538 21536 28558 16116 3168 20274 11184 29895 21883 14436 5582 27536 24313 10911 2623 18200 21265 9867 18712 16624 22426 760 13566 15357 25467 15485 29752 12597 2147 26718 10248 22947 1210 20147 11836 14769 12759 28615 8448 29094 8819 30911 2294 30574 1373 27516 30089 7578 8304 32194 28542 2983 30659 29593 31179 2947 29983 30963 5293 20557 9142 16016 30453 
6748 21521 24095 29090 23684 15435 18854 12725 18068 26749 18979 21569 22819 3961 20852 194 26253 8123 9076 32175 9528 6300 6759 29523 14108 969 2712 20696 19074 8948 2368 1957 14347 9673 6826 4330 16885 31780 2965 29048 22682 6273 31194 12247 2105 14004 20558 28818 29689 31450 14826 11478 555 31887 20521 14139 7632 4705 2226 738 12635 29061 9783 24768 16056 30153 12445 10041 14476 9674 14429 30705 191 18279 26922 6111 12344 6261 12244 3491 3047 32692 30572 31257 19209 18946 16809 24366 4775 18383 7818 18674 19040 24273 18237 3311 11881 25593 24640 5050 17106 20901 9926 24775 3083 11799 3420 19585 12454 13862 3020 9370 26718 8243 9793 9888 23641 2911 28589 2258 23722 28411 2920 1329 3866 7745 29210 6874 31528 13377 32218 31122 5966 31773 407 19363 15238 10617 28599 20967 7437 29998 21503 1570 14183 29246 9395 14228 18083 12045 12030 21967 14048 30414 8851 24007 11536 18235 149 7464 3324 20105 29109 16364 8329 1435 18330 23596 17465 14966 11653 28726 15604 7925 19509 1761 6921 12221 25864 30237 20080 1908 10340 27598 20562 29230 19285 15579 1482 21800 8311 10881 16366 16057 14359 4590 32009 12933 19349 14859 20267 1524 30732 13209 3044 24803 3125 32639 10572 13977 28041 28514 27718 19196 22694 29815 19462 6148 244 20629 11985 10097 21384 23951 25604 13497 24905 24256 32600 11077 13393 4327 31076 21724 5270 27702 14692 19552 32713 19621 27704 2232 22654 29836 19632 5133 4238 7537 16646 17209 21177 2846 29100 380 28560 21751 15688 1137 4499 22923 11774 31809 31894 4201 21485 5143 23657 11829 10492 22228 26295 20219 25046 19459 21551 6850 20531 24847 29922 6245 14938 29363 25580 8862 19427 2739 7767 13156 962 9674 316 31095 17281 5603 29483 27705 25549 21644 15565 20927 29236 22951 21704 27432 31789 19042 8931 15149 2905 5226 32363 6906 14088 18780 27605 4412 28415 20093 23972 8060 25465 13482 31886 31147 11883 19602 15066 23550 8716 19234 14092 29436 24725 4673 12740 2517 8517 29118 6884 29429 18089 29830 31217 24281 10778 3611 13756 5409 16519 15425 
32577 17383 31861 28923 25551 22864 4419 22709 19049 7008 31667 20675 24685 29203 29606 8714 14707 6057 11047 21501 9848 9025 32427 11212 2108 8617 31383 11223 8424 12405 23043 10089 10484 20302 25278 16035 11080 23437 17042 22198 27809 27145 20937 25174 25143 29484 24303 3691 31645 1357 26586 9993 17384 28985 25576 18594 7699 9491 904 12666 8354 10591 2300 18268 21638 29785 7773 9612 23361 1931 19679 18172 16458 2974 31062 8386 31155 24177 2553 16586 23561 18280 6502 17608 1404 17927 23271 15729 1087 11967 5108 20971 15410 2567 20217 14210 20415 27055 11097 20892 4097 10353 28338 3567 14380 18378 15203 20721 30761 24584 4171 1680 4736 22179 30164 11044 4475 20176 31792 24738 22409 2132 28387 25618 3808 8342 24962 30531 15462 27129 31162 4797 31186 19816 6803 29687 6926 27187 21750 23498 17120 26649 16750 4390 10954 12198 10027 31748 8751 31935 5196 27803 2230 32635 19294 25303 18420 32564 10783 27143 4165 13278 28040 23766 23802 18840 30475 9596 954 17025 30490 20021 21282 10957 8424 30194 1199 21272 19315 32079 1502 1273 9154 32710 23697 26075 21611 27938 10933 31752 18009 22326 5410 2567 24268 18382 4546 13352 24225 13030 24822 9309 18132 22810 13877 8267 26179 11870 21495 17825 29877 6383 7889 24745 24346 7306 27617 4381 10517 17883 3692 12603 1975 27192 26822 13083 6542 3983 1138 26689 24542 4253 30091 26479 23854 20833 3426 1212 32006 6097 8297 4074 10488 23755 25424 19701 11997 10574 9069 23272 23649 21482 24161 31988 29634 12917 31993 31171 24020 5120 13650 1290 15689 5897 22593 26462 18223 12275 3569 22600 1210 29619 17870 16027 25156 31435 23970 19205 12178 28796 17406 8421 30041 8759 6620 348 17408 9046 6018 11431 24488 22793 14506 28076 28010 659 29663 978 1503 4534 298 24342 20710 26475 29678 25180 3745 18647 11281 8194 12737 8315 25180 17595 28420 24491 21541 9371 26107 5185 21035 7790 18193 1682 14017 18766 6857 29601 1839 8309 3655 14227 17493 8527 26898 31843 11921 4051 4120 16599 227 21780 14835 19379 26447 11283 14442 24364 13443 4312 
31547 16543 6842 9665 12312 26755 27616 793 9199 28317 9463 9452 18798 1650 18617 27418 2247 8194 19839 24491 15536 179 8801 14178 174 26764 3999 16533 13460 6051 30272 13372 22854 18393 13048 7495 10947 28356 10319 18997 7011 23533 13312 31970 5213 1852 5023 19616 8075 9136 31871 28298 24178 19027 27347 22549 29309 20846 27667 28648 14985 9209 26786 16622 2470 11605 12461 25513 15132 11582 20566 4553 18349 2043 28434 6141 16410 26327 15951 6665 20713 15573 15195 23833 13156 928 18561 3156 12261 17601 24949 11189 5457 17172 28402 11542 18915 22653 32161 23438 22827 23511 23613 4349 9046 9005 25845 27109 4527 30253 30225 27516 29798 1241 24025 20479 28048 13952 15794 27976 3440 25837 10379 27043 1013 22494 119 13022 2947 5304 22427 27551 28919 22136 22603 17146 23781 16877 30832 27203 16931 10789 31789 7457 5516 31013 3010 28644 13054 4316 24752 22553 5029 14426 19998 9051 14716 26942 10363 20588 29712 4461 20581 32388 25224 7434 25801 26344 22242 23714 24652 5311 32383 7078 9706 20257 29666 31519 16605 26994 7605 25757 23489 28142 32524 10608 13045 22148 23790 8731 1604 18408 23826 25094 19909 740 486 21363 13823 32751 10197 20403 10065 26880 26570 1946 23698 26020 752 20528 19700 27983 15293 10153 27950 5103 16430 1688 3034 1223 2388 20831 19739 8059 21519 32234 2436 27495 5914 16797 5173 21813 6727 23434 11335 27311 4876 20200 7531 2257 27199 8640 21453 12323 3870 29674 26431 29510 31634 568 24979 13260 19893 27121 17480 8525 6801 16513 4458 11958 24107 21358 23475 29157 11456 9358 8694 8563 2382 30328 31166 9425 1366 32056 19762 27287 3552 1863 12347 31000 2497 12986 4329 27962 11545 697 18195 23429 9759 26931 18238 18297 1825 6352 31936 9509 4550 13095 3878 6389 18327 10034 5842 27084 25533 21502 1257 22866 8716 17319 17004 22160 30529 4740 19108 16058 7816 22175 17604 8267 8258 7016 24778 13399 13828 17834 31654 541 12259 29629 20126 24797 16111 11774 11761 19433 18685 31612 6842 15613 10666 12020 11288 211 1180 0 5004 14835 3339 17547 
16546 1481 26240 24200 26580 30713 733 12771 28843 24567 8606 14008 3879 3282 21598 31684 3169 848 11421 11545 623 23104 30400 29461 3976 12556 9817 15764 17512 29838 22441 20325 20982 26148 2660 7675 14885 6407 31155 22885 2072 23000 13695 12417 21385 13436 24813 9580 4971 3114 14885 1596 974 31170 20312 24050 8964 25697 1281 29098 2562 2098 20843 7701 9224 24455 20851 10537 2437 8744 6799 23575 565 20202 28175 31102 29324 29572 12707 25566 14423 9887 20766 2127 15009 26668 28025 24947 12499 23546 32027 9897 25888 4744 16727 31619 30240 21528 13623 13179 23483 8708 22904 32225 13129 25173 469 3608 5879 27026 1929 5122 1133 22230 1295 6329 5806 30245 32556 4992 5951 7424 7983 19193 10891 13623 25208 22168 7046 27135 25399 21591 2705 11076 7798 9899 926 31553 23386 20151 16276 14925 6053 14016 5365 25848 7552 226 23486 30806 9848 11777 18574 28827 12230 12546 779 5608 25555 16954 31617 2917 15611 1830 17357 21648 17809 25181 28538 17621 6436 32708 16169 3422 2817 28929 6966 23852 5625 28210 8600 18279 31077 3806 19209 25586 10087 3883 27496 24131 26738 30034 4443 26226 22540 11089 2360 14479 7890 24800 1830 11833 3517 18853 15487 3692 32421 2987 23673 3995 7683 29201 21510 16383 507 14335 14584 18478 12954 32734 13417 15343 1884 19145 27738 27981 32241 1086 12442 30186 28224 30234 28394 27286 16301 14532 12894 27936 919 29608 12806 4204 6437 487 13006 17094 15939 20300 16547 12918 12775 387 727 24725 19353 16773 12231 22047 11314 14679 25531 12105 27620 6644 24333 28948 27002 15752 28558 23842 7905 14814 2341 14280 7912 30492 20921 13414 8260 7854 9297 31731 14807 30336 20346 476 13362 31856 4842 6927 5208 22019 8290 2898 17348 26710 9177 31962 31150 11352 5846 5657 18827 4919 25374 8663 31443 3864 6287 32132 3590 5131 14924 16845 4849 9534 26394 22893 13358 17009 24842 31302 7146 18857 14425 13488 5610 8489 7572 3345 4816 15774 7935 21422 28827 22682 21816 11968 11374 27459 17176 2763 24978 16717 27866 25899 14781 14373 27263 9455 
12949 32367 31088 30187 23664 26547 20838 23049 30302 10323 16519 25824 2921 3521 21202 21896 29979 1774 2236 684 26433 4358 24859 19680 26863 23642 14916 2869 24260 15774 20080 9739 2671 16212 20325 21543 9074 26504 25938 11782 27942 1470 5370 2928 28160 7465 20756 24400 11282 16157 15090 1474 4821 27079 22114 14446 26149 16156 13522 7445 26253 10255 23479 8809 2757 14343 27183 7970 29305 25744 16868 26446 30284 25936 14132 19432 31005 20542 3216 14509 24201 17934 15650 25643 19121 17135 23219 17947 3901 26489 715 18416 27041 19937 12058 25520 30366 16240 25878 9475 32524 24115 2278 16522 472 5875 22399 13681 8009 28519 19469 11592 18823 1193 29844 3598 24157 19943 31191 29327 3646 30555 24185 31985 13446 27005 14690 14217 1283 20599 28516 30707 12980 14297 12318 30817 29648 3726 14881 6963 1802 9999 10834 3272 7700 2006 23184 14228 20834 8214 5014 15987 304 13481 5666 28989 18374 6473 16215 28571 24827 2564 19551 28185 11000 14570 342 20860 9278 25609 14179 5205 2795 1947 5672 10966 312 125 31837 22757 23367 13027 23479 11887 31260 2379 3087 7679 22505 24495 22976 24975 10638 12031 21329 8606 14688 3278 6740 4738 24361 21324 15245 31744 14705 1396 21079 24346 3068 17286 31556 11816 26516 25528 23044 19242 32521 808 13960 16477 19829 8982 30054 26380 29124 9808 28544 28841 25460 17133 27873 1564 25754 15422 18151 29019 21798 30978 30119 1339 19303 18905 3213 14214 5586 29692 27203 8525 2559 21546 8148 22911 17652 11750 21266 23995 16550 31455 8245 32099 25277 20144 16068 31474 26776 8905 28089 22415 21649 7853 27360 31970 16514 12383 31104 14630 14728 2326 15421 16767 2310 21048 26173 11918 3821 11910 1930 10051 4411 23444 30903 11763 9410 1917 10695 17323 4907 11988 22602 21955 25146 5854 28873 10678 24660 14334 8036 15153 23102 11376 21434 16489 24103 30522 15369 18610 12265 14176 31638 10574 21132 7000 8272 11394 19211 10429 7088 14063 91 11336 17123 22304 23722 26107 6699 29536 5093 17823 28547 2510 13180 19313 2178 14003 24425 24857 26497 29970 24687 16091 
27648 19841 26527 12561 21062 26424 11041 20953 22088 12136 16433 2827 32204 2766 22120 29806 19918 17799 14397 25131 28451 13606 13515 14209 1628 16644 22229 20923 17133 17623 3335 8031 27023 390 10110 14249 24034 4156 20107 1591 28503 3004 22196 24326 27981 25588 5628 3741 18042 4052 7781 14984 14221 4448 434 9736 19729 4 625 12041 15509 3368 22073 5972 22794 14085 23857 28166 9836 7607 29393 11585 20645 11923 15341 24609 2478 6586 5615 25842 4855 17902 2916 8096 30217 13989 29114 12398 12394 6236 5191 747 22208 26414 4238 18723 29498 25509 18366 14098 9004 18896 2428 4702 14329 32406 23522 27205 24374 10057 1224 3027 5644 24447 14402 1625 27614 285 4201 21532 22572 12980 12895 31562 10168 12305 17549 15154 17639 271 6703 6579 24425 4784 14355 25845 14108 26220 5789 32088 3630 19401 17679 31658 1667 22572 20999 1949 28246 4335 7498 29304 16418 31667 30399 27148 22979 2296 11967 22506 11992 3307 31628 16595 31341 14974 22558 14448 13271 21694 16422 15683 19166 2658 27981 4318 28450 12191 31164 24659 26295 19012 3042 20715 14355 9218 28529 17691 11050 22283 16298 28083 26071 2272 1755 31577 10110 18275 30502 1078 26608 15412 8323 29167 23950 10810 18440 3031 11954 27008 17513 29027 21066 21827 955 6366 25542 24649 7805 9821 28213 17268 7128 12022 29354 31382 19238 15405 11749 903 22194 9135 24879 4981 29630 1859 8838 13948 21451 4349 30714 3446 15124 16308 16983 7701 24668 22455 15108 26927 31209 19388 2347 15192 7121 12825 12826 27574 19316 6711 26858 32017 27722 22083 350 21802 27103 3366 2573 32334 17179 10424 20932 10026 23239 29744 23590 21729 12621 32480 2453 31580 27583 5919 30294 28642 19483 29062 21743 27112 32462 20575 18388 1578 24950 16218 32323 32762 9964 14210 6253 5336 31874 16240 5846 17988 5257 23486 22782 28112 14871 25535 28481 22393 20999 3693 17404 22071 27968 19363 24561 1747 20539 15757 19949 13561 5055 26204 25000 5774 17135 24126 26092 20803 6791 9613 30201 32363 19811 26438 1577 8458 29249 16318 24528 16942 32455 23440 5222 10114 
29640 730 11240 22560 7875 25769 4731 25511 5292 14001 2387 8077 18927 32066 7891 20151 27571 3959 29173 26439 24155 11185 17645 27318 1363 12355 8969 1058 14345 19567 7644 24809 2105 15762 26011 30582 15726 27803 16583 12379 10694 32705 9996 9632 15349 13430 874 27739 29324 5526 24978 7297 5244 25061 2707 2812 21205 14008 21685 27134 14292 21234 10917 17300 1821 1586 3539 638 29509 8267 6169 32062 19603 29941 16541 14191 3336 18370 26616 19800 26012 13395 28568 15809 12491 26315 24674 1541 28240 14468 25756 17513 11313 1281 6411 21676 251 19236 31064 6880 31567 28321 27577 28792 10909 11699 12237 26529 9520 7950 13511 22742 12139 19476 6862 28334 26706 15179 25508 9209 8012 32527 5766 26636 14118 7300 23380 23897 14940 24271 20722 26179 1172 27270 8942 29744 9580 9572 8803 19679 24693 17986 26141 14844 28287 8514 13821 22257 25624 1102 17823 28928 24911 14273 571 11662 28350 30563 30665 27330 11207 30619 4457 3663 12829 19168 14593 13966 21126 15217 6696 464 3808 27974 3139 24562 30050 23622 26605 8754 16677 2746 19357 15680 25571 29698 4994 29081 23806 6022 2226 19984 452 12272 2948 16557 6897 27289 15674 10683 31605 13120 27876 9501 29816 26626 19329 32225 19100 2438 11110 24 4226 15225 20196 7396 2703 10554 2597 5330 32752 8918 15447 7274 7387 1590 25612 12037 18968 18583 21217 991 7617 13371 17502 22893 18758 11870 23582 2801 10419 6508 20272 9291 22326 10097 15548 26642 27868 12497 31210 31715 18843 25401 21759 12025 4501 23765 5066 3838 16027 1988 12606 16161 27376 18889 7776 17769 14672 23619 2660 16969 32305 24671 30226 18036 3657 908 5743 15090 22096 18479 19098 3956 8199 18072 10484 8933 10361 31285 26499 6721 27521 28422 9113 6570 18572 25425 19632 5049 25760 12695 13977 8978 28062 5830 5846 8763 8900 10416 28996 30126 18037 4284 14333 15404 23869 24284 8828 22869 24080 2239 2 3702 14290 26951 2361 5538 20509 21565 29975 29444 24382 4676 21766 28787 19840 22795 31810 30535 30126 5063 30338 15467 28883 4065 20954 29364 20292 25067 
16352 30577 25312 5849 21006 11588 32407 1390 21863 31024 20265 21492 4445 5618 12592 1584 28147 12693 10337 10133 17695 2369 23567 26040 25458 30548 15600 12036 31738 10163 14372 10671 4968 26211 7027 5868 9838 15443 3799 30307 3947 20092 18234 32222 28490 13100 22144 14661 7591 12703 15560 26316 25652 8144 7919 25451 2396 21134 18006 15247 28198 21458 19942 13327 17243 21328 8273 24417 6635 1356 11162 4878 21133 25519 28119 20835 12454 1370 16182 31593 5228 32698 32062 24344 8267 1693 31575 30152 19848 15940 23693 26344 13348 29625 14993 8946 2563 12131 15872 10910 7501 21975 3048 22103 19989 19185 11401 12779 19256 19236 20312 16518 5768 28430 4170 15585 5162 3407 8782 10679 10557 28316 795 18041 11708 2063 7213 15426 13734 12225 29962 5901 30044 32667 23242 24358 17738 23145 8406 26334 2249 18224 24304 8323 31812 5826 20596 4239 11930 1935 14557 12320 10692 23486 29066 21416 3768 5501 1219 27110 10381 19861 31223 10005 15071 22593 14151 28771 3957 11328 7241 7076 1825 16425 14853 22344 12776 20991 19524 20106 12899 19717 22539 24043 28773 16851 4962 27615 24287 9386 31321 14790 22784 17925 13645 16669 23200 14704 13416 28918 6110 7837 9319 24485 14344 181 8352 17597 14268 16364 17987 20283 13901 14680 3296 11264 12904 8451 2089 20613 31224 16959 30458 24010 20806 6713 17302 12175 5477 209 22836 27591 24013 21417 29370 9802 24902 22396 18120 27850 8712 17330 13560 20232 9504 11313 22628 14151 14613 15733 9065 9985 4044 32483 26795 11226 12201 3930 30041 8402 32759 4108 8371 4030 29834 12684 29897 18169 7330 5927 21637 30551 6419 1144 17131 28250 15779 2359 12192 16553 25012 8018 27817 30909 9251 28479 12662 7646 9839 11920 20255 10062 798 19656 31213 12228 860 25197 19484 32027 22502 5726 26079 12364 22822 28007 20133 12698 4767 14355 31643 11532 7564 4801 8050 13088 3780 11258 10082 20926 31713 17666 2415 14699 23457 8365 18411 17087 17805 21620 20028 26649 21720 12232 2783 1937 12937 11687 27309 302 2781 9324 6493 1370 29158 10219 11083 10130 31609 20925 
5239 2402 2631 25561 4305 12689 6730 31076 25012 25497 2659 14795 1200 2905 10561 16910 18316 4366 2436 14431 23947 10624 24866 15851 23023 30329 30730 13048 13244 2939 27144 304 14014 10930 16361 24636 1485 20008 9183 18581 4688 20792 13607 2199 11520 20037 16104 12248 5103 1196 22111 17591 8648 23286 9273 30776 600 20819 23872 19471 4173 30788 11834 24314 16446 16279 7950 21332 15596 12696 12585 1000 6344 28294 15648 31491 14517 31812 21399 24525 23566 15953 9569 19928 26091 10746 14057 19194 19360 2766 25296 20312 19591 27475 28631 5060 22272 30199 15872 6729 16053 25161 20208 9475 10275 17001 11672 3892 19798 17597 30996 15509 32755 15846 5843 4842 3196 3827 20473 12761 25296 15316 24065 23804 10225 17937 10919 19509 5386 8124 18181 22082 18353 19108 24060 10641 26473 30667 9685 1877 17515 15130 5416 13529 21414 10068 24317 5908 11268 26185 31282 11391 26863 8524 14365 22819 5652 19942 11889 14582 2150 13004 30822 27751 18534 14607 4884 4920 29090 23955 22816 27020 11132 22210 24987 15169 7981 17025 17959 8575 3850 28771 5212 16017 29445 7197 28266 27636 15990 11323 7935 3758 13084 18705 9323 1505 25950 24563 30466 26528 21975 26281 3777 1 17426 29469 27701 18036 7826 31575 10393 15699 13334 20907 20799 28602 2587 12593 4657 408 31905 28278 29719 1542 2866 8305 12635 4056 30497 21945 26252 12402 5904 10741 8704 22750 948 20371 5822 20763 477 25021 30362 14775 19888 4744 14242 19360 11063 2415 18617 18999 24605 1537 31106 23462 31410 6870 6528 15219 2613 5319 4731 31574 11347 25182 549 17992 5099 3980 5885 23005 27924 10650 13428 10707 16993 8034 8782 25067 18276 29119 19276 14839 11376 18498 20232 20533 24483 15911 27424 32219 24356 31623 32662 23027 170 28367 12919 24169 21054 14960 30395 25443 30785 10968 31341 25808 11440 18594 16396 17988 17319 23305 26416 2307 22820 28323 26736 10332 3086 13388 18564 4152 27254 19551 1703 25074 29468 21037 19007 31593 20533 15271 5056 29780 12139 24926 29902 1494 23334 17070 5026 4179 30986 23093 32174 13185 4545 5770 
3460 11458 17914 19244 26612 28593 21681 11705 21620 11514 22193 13153 29894 15216 21336 25241 8148 5977 4763 27924 25567 27660 20553 9711 29656 23487 13460 10284 1038 31130 13773 16737 23050 10768 18287 29873 5047 23918 31327 10748 27079 22708 29298 23891 29009 165 21808 25263 8383 23322 5592 4578 7143 15003 17060 28365 2936 18480 14157 8660 920 24437 22738 21647 15819 28909 15990 18114 10775 24216 27655 12176 7014 1736 358 16107 4907 28976 836 21327 28744 21054 8490 14256 1328 22699 7356 32177 22856 31056 13886 18454 6548 11579 16983 6524 31887 22018 19733 31559 7514 15447 28210 4317 4633 23773 12950 27410 16795 30522 16156 12258 15417 4974 4249 27238 7168 29027 32027 5889 12306 5828 23150 16347 30537 28435 28133 15760 11806 12790 2390 28713 29641 978 31079 1099 19114 1179 10504 6318 30696 16619 7745 22481 1624 14673 13358 23020 28832 29675 13896 25383 13980 19511 16613 21001 25088 29990 2819 21043 15935 24946 32065 10062 18348 1586 14894 9282 5599 11180 31686 8872 17755 16490 27194 3715 9326 25232 20464 23082 10072 4972 20171 28297 26543 18767 31404 27529 13057 21403 32057 19661 27836 17694 9949 18079 18251 22686 4367 28458 6274 949 13784 2025 19772 11232 8335 31583 16450 12754 7144 25353 30831 18190 301 10641 4626 16820 3274 7492 22420 25243 23567 1734 19803 16801 30770 6148 13549 21567 4755 18283 19289 16993 22084 27480 18131 32116 29385 10703 22430 19904 17436 4207 12335 18936 15349 26789 22671 27919 28743 7201 20737 15950 29454 15750 18405 16292 22344 2406 26332 5693 1857 29549 31533 8533 20500 5084 32103 29519 18031 2361 15432 24833 26774 8773 11998 6995 8619 25647 12780 1800 4652 16647 13455 18139 16829 4725 6177 11214 7720 11435 18270 32703 27554 7576 18629 24124 2640 27743 20545 3992 13577 27911 5129 6718 7518 31860 26821 32326 2263 14486 26866 20294 21376 2272 11143 8299 31652 2812 19929 30408 6873 14269 21692 13805 28732 21589 10475 15036 24574 968 12970 6264 3104 3232 22697 11295 27258 9955 26156 31226 31746 26178 7273 2418 2379 5267 29489 13093 
2124 4225 19667 5433 3939 1154 8510 8688 31130 2570 25701 31869 8232 3327 11240 6167 19771 876 22512 19787 19444 19833 17242 22934 14771 20891 16153 32051 31894 10504 23765 11058 828 28782 19672 32714 12751 4324 21291 28912 8257 5409 6140 27944 3541 24299 22339 23708 11746 20691 13222 14443 12756 16416 12441 11331 13427 17161 6089 30258 27240 12071 19899 30905 15356 23593 22960 13091 11300 32458 9421 5140 12475 12288 13432 23141 24590 29814 25605 30767 6045 22589 24978 11302 32 29375 29231 17705 4809 26356 16707 17431 969 13272 16171 20451 13845 26908 21283 12267 7274 5147 25706 16517 11150 30993 32417 5595 16858 27783 5492 16634 10229 24850 11133 27429 3810 32061 24677 15215 12093 19908 10829 14985 28097 26627 15980 10456 10510 4269 27897 31434 5289 15041 29771 28523 17733 29370 3903 30003 21057 2567 17114 20770 12401 5818 12079 15376 10785 7044 26499 27198 6231 27617 5552 12592 16729 8336 27847 16319 111 12358 12025 7274 6890 163 19128 24045 26213 869 21273 21013 9291 13276 22397 1746 13978 2206 24176 27022 4582 11643 2001 28861 4256 6579 6708 949 2968 22119 32644 5312 23489 2382 29933 8560 10548 6057 29176 3379 11128 30073 2808 2599 16129 29935 21158 1072 29686 10788 32520 16967 31288 14090 21911 12821 3743 5027 8864 4544 19847 9840 16363 27653 3723 16685 28315 6791 11664 21947 2133 16998 25862 30558 19364 32532 7530 31784 18332 12132 22031 21173 10942 6372 2847 24601 31004 21869 15580 31255 28094 16120 31788 20884 2883 19891 8277 24906 8139 7253 2565 13505 16405 1710 6037 7035 32229 5762 11918 7279 23977 12951 32365 15802 20315 17421 24739 29840 11945 17902 31200 20856 3668 29446 145 15545 21206 1525 19624 22287 24647 16258 5275 21155 24449 10034 31663 22586 24195 14874 21878 19629 20499 31729 17046 2713 11944 7785 2765 25687 18054 12991 22578 559 27435 6545 14270 28872 7146 9457 778 29667 23510 8375 5978 29001 16609 13595 32219 2050 32325 22403 26921 10184 28195 15769 11284 15548 24170 1697 3492 17239 9467 3850 7771 22690 16139 8770 29369 6826 
32712 32463 26374 27950 4671 24732 20555 30364 21117 1424 16034 26940 16884 24677 13487 27818 6945 28088 30831 15241 18540 24412 24880 18806 16976 4596 18145 1339 6331 193 30348 2885 11192 11192 20513 23641 22347 9176 29045 27778 5788 12730 4746 7758 25176 19050 30481 32313 20053 18037 6445 21098 10869 3907 29050 21149 10956 13991 78 7265 23301 11445 31807 14211 24833 2004 18917 16074 21186 4884 8417 228 9096 5825 541 11681 27705 3896 25430 25439 4870 17913 13272 12486 5708 254 7817 24245 32440 15435 11561 5755 15535 8647 12504 14411 29933 13130 5081 30186 108 23287 30869 1451 9095 21964 18915 413 16479 11383 8326 18179 2174 11883 8695 27140 29114 9012 15462 4516 29276 9735 25595 20467 18562 24478 13665 19076 20674 4675 8581 18209 12304 11306 1691 28861 21730 21507 23139 26794 5010 9168 18858 30733 25091 1524 28947 30094 30343 26765 4887 13140 19968 15108 28491 2352 23878 27107 7905 20248 29129 19686 6770 23512 1400 15188 19707 23556 2529 14991 22565 5425 28313 31466 28105 26980 26334 5820 25267 11979 12923 18355 24230 12203 28140 1642 19873 26266 11715 18493 30305 19182 26954 20316 23079 16757 30826 16670 16827 1383 10443 30360 7089 7576 11837 15215 4075 12786 29271 28394 27743 21795 1885 15179 20250 5779 16999 22368 12677 28825 16576 1621 14568 26350 23693 18892 28716 26978 21679 31279 20197 20173 11242 14661 12688 31817 838 29444 10008 3230 29621 24743 14240 3070 10999 16896 2172 7155 20411 16654 384 5013 28935 13266 22398 28672 1241 12383 8202 10501 14863 10033 21120 15904 8580 30655 23113 4010 29308 13139 7769 22608 28226 538 8700 23236 9999 24183 8915 6066 11822 6813 22553 8182 27998 25693 14123 22284 12152 15164 24904 14792 7249 3273 7829 32071 11234 27438 2660 6693 21670 4612 21685 6128 31044 11628 15613 11485 22894 5979 10791 1466 2569 32565 985 18980 14478 12190 12536 12538 15792 26253 24430 14610 17215 29601 31019 23082 332 4281 27241 16929 22158 10431 7477 29287 16388 196 20011 20914 29660 30546 7809 1522 9108 19965 1863 10888 10591 12604 
4588 14002 9418 29303 31237 10314 19103 10337 7242 18097 27657 10632 22241 4614 30970 5419 16096 12955 458 24139 20237 31913 31777 3332 29672 23618 20246 10782 6379 15752 27288 2272 6928 17693 28173 25380 17556 27866 8762 31665 13818 22724 19043 15044 24660 30779 4275 30960 29886 18293 4574 27688 27947 17707 19460 27419 4708 28818 29913 31424 9037 25485 31491 23089 362 23841 14019 188 1699 20521 3544 16951 26692 19019 3744 3477 19272 18218 18049 31159 28119 17373 22407 5252 2573 9889 4430 10300 22013 20170 4387 27401 17654 24832 11622 19672 28165 9127 12338 22374 15290 32671 9537 21662 18735 31022 16137 12066 4167 13626 5931 16680 19764 24252 19982 1415 15164 113 19911 24337 3772 9939 13373 27172 20589 24135 10378 3196 32230 24984 8100 14155 4962 3236 21564 3980 25284 26453 30182 28820 23512 23763 21371 31978 10716 29432 1211 12632 19007 5637 22327 11842 168 19603 623 11063 19514 26572 26423 18630 16919 986 24159 13459 28962 27808 23186 21418 13066 15016 24959 26386 3716 15453 8247 24230 3799 32635 7894 20000 13470 3779 22374 14455 25545 14323 13312 9579 29414 28149 14388 13661 16287 6999 22956 10085 27779 30971 19467 1439 11273 15632 17435 27589 15569 13888 30248 7171 31534 10027 21415 22022 11234 30229 19484 9303 25640 1243 5434 5095 13048 17708 15947 2539 28550 23797 4818 11241 20748 28445 4207 3603 13257 23667 29700 7125 12105 4325 8726 28330 25064 12530 28278 1843 5522 15202 1824 7306 8652 29492 1635 30164 12024 9688 28738 533 16084 8606 7963 8777 7749 28783 25478 22960 9299 10939 23424 22633 25204 30386 17609 5186 10765 1975 20106 25551 2870 12817 11835 20409 12478 26340 31684 3673 15726 11360 6370 23941 3730 26169 10189 11946 1974 599 21784 22811 19374 24014 30936 18089 1753 30224 21256 20084 11942 14946 26412 12801 23126 4492 15157 28812 6404 26581 32165 25759 26851 22830 22259 24547 13256 19374 27185 14647 29928 3646 18668 255 27618 20374 24148 20414 256 360 5532 25320 16057 31706 16292 31729 1147 30010 31702 13738 22184 8685 10318 17357 28639 4265 
7485 20694 30588 5861 14223 28181 354 24973 30411 18946 15096 32249 12859 8400 26993 28448 10574 6981 7505 8969 29498 4040 16172 23683 4581 22972 22961 25878 11270 15116 17640 6969 12935 31751 5816 12485 29999 15727 31916 11690 27261 12492 25335 2785 11991 11014 3253 31138 32484 17715 371 10966 12598 32686 29682 10959 29484 7017 1576 9527 19734 7556 3720 9542 12699 12574 17027 9784 7256 23403 27215 2047 970 13830 487 15413 8814 9097 27475 16212 23334 12892 5673 12841 15583 8650 16468 10118 26993 15706 13332 31288 25542 604 10054 16184 2367 17346 8166 10278 14931 16433 466 27122 30330 24152 10704 31709 28489 897 14803 17056 22238 14437 31354 31722 28030 4165 30170 32272 4733 1590 12157 8192 23646 17597 7594 23928 31804 2971 18407 2933 28777 10218 11965 12525 19028 12905 24763 22464 2992 2069 24766 27117 24274 12537 16751 28417 11867 10566 6668 15830 24600 16550 14444 30329 14118 974 13373 22636 8538 25682 18321 18702 29663 4798 4249 7767 23329 16098 8367 456 490 12909 31898 32674 13259 31166 29198 5719 32446 3830 26227 23102 6153 15186 743 394 2150 8888 24966 27773 25440 11663 8169 32217 3584 17620 31468 22424 22697 5226 22453 20444 28737 18354 24050 12841 27281 29788 1889 8402 29167 10109 18582 10929 21530 18657 14073 26907 30821 18594 20494 14867 280 19193 17913 27326 7187 18005 30017 26136 18100 18346 26580 15332 2299 20748 2379 5097 27628 1660 28784 24923 12085 7426 25085 27288 529 16380 28839 30997 17260 24757 24155 17815 3400 9273 8904 29862 3935 25448 15133 14142 32010 29002 10004 25545 4705 7074 14127 6986 29860 6598 4161 20187 29146 23981 2097 14681 25527 31562 16379 8542 14787 6680 7927 30575 28345 9463 4958 9335 27949 11318 15370 7284 10098 11761 24445 2417 26299 14493 21541 8884 5504 7137 15839 1080 2340 7079 17593 6750 3796 22900 10492 30175 16306 26612 22634 7173 24627 15578 26820 10011 20165 29927 7055 19234 17846 7751 20248 4805 29777 32036 182 26767 13130 32374 17487 16476 22620 19736 21789 29965 27952 15649 9138 11904 19841 369 
1338 25536 28798 24458 26625 19832 24943 21922 12597 23726 11164 26358 10220 2477 15722 608 4456 3907 1736 14124 25242 26157 22217 11304 10982 5328 15506 3322 7206 10026 28535 25014 21489 25351 609 1200 18973 3192 26227 10895 2178 20097 237 12451 4097 7186 22608 9593 3782 7480 7363 16300 19401 31893 4021 14077 27547 10510 3780 13222 29279 24515 17885 18412 10006 4676 19621 10228 15393 32002 13080 5079 24832 515 16752 10232 8544 7130 28489 1942 13653 31959 22018 5533 9956 11899 8806 12226 28868 17710 18828 8142 31333 31796 1275 14138 5426 19934 23058 18685 24340 23549 12456 30114 11831 15516 15599 32157 27152 32495 16542 3551 30111 31878 26447 15016 3825 19142 16933 7325 18410 24730 9907 17434 31809 17510 29977 30409 26828 22077 2416 27508 18430 2643 23657 30743 6062 10165 5936 26170 27673 24375 7831 24957 29739 20142 22896 13429 4858 17504 13882 18358 12948 22201 13313 5937 13306 9280 29311 4545 8300 20425 3463 5888 32743 3307 18340 1887 30957 20660 18429 6774 7556 31388 28539 28568 2433 2488 2350 3243 13830 12848 23021 16182 9802 26355 21309 5052 20888 11177 28021 22345 28315 17130 27935 22346 984 3245 6048 21409 24956 10499 6940 22265 26712 13061 11668 26967 16938 10250 10065 20722 28446 20254 7302 21829 19604 13488 14897 14434 31012 3723 27202 23177 14815 7176 767 15353 17624 22145 1447 20742 5348 1544 12373 23660 10909 3673 26408 17379 24237 2062 14497 4852 10569 31250 332 8202 763 18264 29347 1996 17061 9421 303 29354 7363 11147 32240 22710 10224 23375 24319 14262 2732 8493 31602 28535 13916 13954 16000 14436 21394 27691 5606 26710 17295 13812 8072 31150 23302 2643 23132 2210 14883 27223 24196 15060 26060 9691 24762 17705 1575 12287 1265 984 28252 6105 17465 22721 20892 31079 27108 17409 18786 31432 27623 27331 4344 10668 8835 88 6718 19722 8996 17803 24487 32529 17033 4654 6020 9056 549 7417 11397 3449 27845 30101 8060 27507 9844 25843 13925 18672 13211 10210 7332 15951 15213 14305 22669 8227 18818 5681 14889 17123 21186 19759 10039 9955 
389 7137 26738 8322 3321 32719 23570 20645 8131 4372 12693 357 4585 25780 4799 15109 31215 26928 24032 9511 22848 29016 21845 2111 26576 24929 26705 839 17152 12855 30942 18869 962 16148 17182 32170 32765 4434 18903 31340 15155 7806 27694 8982 19041 11437 2227 2446 12070 20755 20894 440 28200 15569 13912 29929 25780 19471 1598 2463 8612 2891 12449 29551 17798 9968 17937 32574 11770 31019 7899 12212 28764 10746 19152 32238 26531 5510 11848 4723 22921 27826 28775 2666 30445 17396 7839 7434 15221 1124 10614 13649 28791 29458 7818 21497 22298 17053 17362 19880 15800 25345 30758 14695 1159 945 32002 9045 21881 31718 3463 22428 4960 3382 26306 22949 17494 13416 9521 23432 31580 31879 7043 18887 1345 2101 1696 16187 23750 17730 17129 30030 10751 32381 26305 1131 20732 16330 26188 2227 21417 16501 9334 32498 2803 18374 5432 28113 31532 16342 21783 12109 18353 27296 23021 28263 2506 27995 8427 11549 3793 9736 32223 26266 16791 32583 28595 8618 17155 13934 7734 1904 30204 18396 25888 21083 649 30091 4176 10582 5175 7141 11607 15167 22460 18649 5690 11931 31705 18733 6516 14728 14725 8214 25403 30194 10055 7430 3076 17930 23524 965 28745 23796 9274 31427 13706 16320 20588 13229 8338 21148 23615 574 8443 17992 30404 21848 13812 31178 11576 18003 4162 9314 15656 12949 5509 23488 20952 4962 10429 19061 12518 2038 23564 10920 6699 17873 28606 22794 24290 25427 17030 5132 29708 12424 5898 15183 1043 4677 21154 9051 17325 4980 6493 20885 3587 8364 27462 13419 3091 8709 9957 11218 27474 26410 5384 30194 26518 6575 25027 21535 11316 10661 9909 31756 20581 26732 27277 10555 29423 17865 14797 25272 14593 25400 15566 18695 13406 29060 28420 91 29885 3220 23428 2825 18544 2440 707 10299 28741 27397 19873 2793 19114 28620 12710 32005 14868 28562 27275 17142 19105 31244 27900 21320 23292 27721 30364 13986 19585 28740 24394 9208 32417 6842 4003 11521 6536 6969 16583 3820 27646 12922 26976 31567 24715 25328 31713 28000 19935 4001 23052 24423 9840 32053 8631 29811 19301 26956 
14031 27212 1715 11285 11933 26538 28806 6173 72 31396 17378 3172 7836 23403 26250 27830 24329 18232 10273 29752 20975 1923 31887 5698 28697 31094 13734 24940 16775 10657 6 6380 24944 22511 10045 30751 903 30681 25907 21605 24190 217 16582 4402 8136 8994 16305 6754 19620 13454 28594 22733 13399 27096 2796 21788 22456 12299 15242 31963 27122 14906 17061 15823 20102 6002 1639 27529 14479 25837 19313 9019 20298 28808 7547 8651 31701 24439 11066 16422 17463 11576 6535 2519 22433 5829 4541 8664 12276 17934 3939 27047 27778 20902 12555 7837 18969 25789 4217 24956 23614 9038 26120 23623 27574 7833 31562 31318 7755 28116 12527 26281 19404 16158 7144 17533 9302 29876 32204 22045 3026 8807 7290 1531 20159 32590 15616 1535 5170 8120 17851 31007 12570 2916 19392 23344 16585 1013 3963 6907 9904 4000 11414 6804 23914 7208 284 2535 14077 19980 4063 20372 29276 20479 25111 29693 18992 13976 11339 17052 24791 19531 14965 5531 11693 22936 26465 32670 20363 15746 9046 18404 26766 27203 19960 27790 26394 6718 26477 7998 24606 20789 23743 28644 24217 32188 29569 6613 19549 20205 6326 10014 22547 4702 5870 24087 31871 11856 30642 11579 3333 3113 5154 2358 27500 1829 6365 28992 19171 13128 289 3498 9281 4247 19764 7350 16273 32391 30722 8620 30414 950 28679 2602 5611 15833 5999 15804 31766 3573 3964 19372 25150 21715 21289 11036 27347 21422 25869 16721 24269 1326 5249 8786 15343 666 7685 16306 30797 18761 10976 31146 7948 29785 29703 18027 10857 16036 3136 25521 16124 24816 5511 18076 11326 8294 26033 15804 22090 8518 24143 31082 27872 20952 31701 28255 5039 422 24572 18047 24532 30952 23396 21494 20126 9280 14974 14982 6548 10407 22953 17183 3001 29607 17563 3505 15374 7116 25859 5438 20825 9557 1132 14899 13093 32558 9573 18168 19466 19491 30687 8902 16686 19534 27862 9913 17164 31441 11572 18726 23412 13259 30706 4910 23763 30340 11136 5267 22197 6123 32359 18891 13192 31043 11053 10323 25507 5913 4984 17734 14727 1145 7799 18990 23396 9825 22142 11290 28127 17270 
2544 22769 23570 15350 29538 20229 24788 32238 11517 21227 13627 2477 29476 14219 2144 6776 31319 27763 9314 18303 23640 18033 25774 12560 24716 13920 24957 3595 9123 25154 29854 11670 25212 21647 31605 16657 27714 13773 31300 589 32732 17505 1193 2552 6276 32421 3944 27228 28085 13114 3947 25162 10827 27552 2567 15440 7910 25859 31361 11826 29583 2904 12497 19608 7326 10921 3493 26373 5850 19117 16297 24584 12003 26780 26118 21942 22477 833 15400 11863 21774 11601 12997 23904 15258 6651 6683 29858 3660 22464 16761 21952 31112 11653 12288 6118 29215 19943 23211 30136 15218 21710 31629 22409 6363 17221 28250 19918 11848 28041 13865 4050 21545 3935 4216 21163 25229 31403 14705 3180 14215 5183 17772 30620 31959 4849 13236 27367 28870 13552 7822 22804 13906 24408 11383 3383 28811 23555 9902 30504 11581 10659 22770 7219 25295 4621 7821 17 1387 31448 16529 6679 30560 9255 2402 10926 22724 18883 12660 1283 31325 23149 2390 8448 30658 14706 1264 2426 15549 15999 3081 31404 31220 26551 13324 17636 19656 29187 18187 18300 7806 19369 15364 6156 32412 5409 1123 10718 31894 9252 21193 2466 17578 15621 16140 355 1033 30276 27519 14522 22583 31329 3955 9538 19892 7150 2813 24395 12764 28648 26618 11987 15372 25159 27729 25778 20998 30932 8568 21524 27543 14395 30010 44 22903 24417 22455 21031 29552 27895 31404 27487 29122 9040 5620 26578 30151 32367 21839 9426 1491 20581 21347 24574 94 30682 17920 17008 19045 25833 16296 11320 15629 24625 10831 21513 5770 18472 24415 3891 29247 14515 255 21969 3110 20724 30869 22340 21363 2915 16009 13024 4212 23585 20301 10468 8636 2441 29082 22448 5248 29447 12796 22834 7233 14893 14224 21666 11691 515 22028 22639 16574 14495 257 4217 32299 7926 1117 11392 23553 754 9780 2780 28040 24517 5568 31599 27245 22652 19366 11993 12576 16599 16250 9706 18555 10328 5766 13661 9380 7066 12231 29123 13108 4068 12601 6077 29337 11518 31317 17518 6329 26947 8151 4656 3287 11256 21700 28038 14523 27100 25772 13907 29965 28672 9004 329 5379 20697 
29880 3491 21820 10132 21655 17175 12779 9641 31791 19462 26679 7859 3971 8183 9954 1663 29434 4675 12841 5475 11874 14609 32492 1745 308 16517 2319 9771 3098 32309 26912 7641 13230 22749 27962 15514 8325 22611 14633 9495 108 29117 12750 7102 27889 25601 14277 26317 6950 14461 30022 29869 14497 15353 17225 15490 6599 985 27118 3328 7499 21399 16411 15744 26865 30321 28263 30035 25496 24927 22839 32086 4215 12616 30246 20422 12199 22901 4267 23126 18401 5702 16886 9855 32138 30756 8218 23576 23276 6838 26737 21030 28103 23640 10556 8693 24072 10697 11915 28776 25048 12835 13917 24973 13016 5905 12295 27252 26795 27964 2778 30018 23734 8454 22528 2945 31523 4987 17319 31418 9516 900 10594 10054 2198 5982 18379 353 4219 6731 22382 20608 21325 17032 2274 18661 8728 4990 11833 8048 7431 12348 5019 4024 28970 12837 19245 2138 9078 22502 28727 29073 3342 8364 9607 16903 27841 10131 21264 21995 12755 21345 26327 15428 25600 11892 7440 28293 19646 31481 4995 9825 17859 22367 11317 17888 20679 1803 837 1459 23691 13134 31764 24005 23322 14484 10664 23570 3406 21470 5715 23996 10135 17522 11919 24155 13304 13776 21293 20885 21842 1513 22191 15088 20453 15244 27122 30691 31508 16673 15376 28723 104 14233 20868 8317 3032 30117 22159 13070 20808 1830 28891 6907 2895 16613 21599 25967 22333 15493 8066 13631 4701 20662 17027 7364 7287 22955 30232 18921 9113 26061 1365 14467 23831 6833 28368 24289 20433 26183 8451 2212 5044 20565 22001 21457 10884 36 21005 1061 21976 19066 2647 8361 3686 23495 30152 3974 128 21155 3568 9241 12767 24184 17118 21322 13472 13948 26176 538 2956 31971 20939 8828 9116 25170 19677 4710 1724 7574 30049 28967 11216 2966 12276 24315 2037 2950 25413 23261 17673 27486 706 12956 16749 30859 11377 14641 15625 2276 24091 14160 22417 4063 1456 19005 17415 5125 28903 9441 21890 6307 24613 26397 18733 20419 16544 32606 29074 10330 20932 19058 10009 3267 14806 26010 8651 25964 19927 26336 8284 13264 4267 28586 105 22949 11642 19856 11262 24662 
29015 7531 91 21683 2079 9390 4600 2792 164 21754 29126 24235 23563 11756 22456 17338 11379 28986 22146 14981 1752 23806 31905 32039 19510 24657 1691 30875 3569 32284 1672 26157 4468 21035 9425 6446 14104 27779 24120 21740 18504 30454 25368 16098 28900 22772 31726 16683 26594 19876 5913 28989 2875 8243 25566 20179 29445 621 7855 28459 16348 12682 29357 26738 10375 23882 5227 4477 2777 1348 31221 27065 980 16506 21521 15717 21269 9010 11460 23038 3436 14081 20248 26363 25290 14633 23581 14011 31584 4901 12590 9148 12293 16769 885 19981 8664 7407 21682 19718 29991 14744 9527 10550 13200 20656 1847 12957 6502 26701 30529 1819 21079 11641 7688 23849 26955 13445 24421 26311 28558 5025 23199 24757 7986 2986 16361 8678 31919 13123 7980 16178 15309 22567 5127 5963 27588 2750 29461 23282 11937 2030 23662 25963 32747 30003 22384 31022 20103 8946 23487 13535 28121 18698 27530 21632 8748 29101 8976 4838 19540 1646 24931 16233 30865 13210 28268 23520 21687 5580 16944 22221 20876 26044 20817 13780 29554 5720 728 17522 5702 6422 13105 6891 10375 15496 26743 4484 8635 22833 7155 29683 14350 16535 15583 2324 6461 8857 20591 17117 10930 23811 21266 10900 5361 26976 16117 23871 7730 23823 23496 11357 6223 12185 15302 14035 26081 15170 2543 3625 23206 11230 3480 15350 31527 20454 1830 15257 24471 32715 18967 15402 15869 3978 14402 16049 24470 32385 607 25749 1396 22913 20937 599 108 804 16259 19071 47 22113 15481 9431 23991 22365 20233 1496 25829 26244 18882 23138 24936 10713 24428 23472 29408 8330 14408 24458 27715 5320 27801 30908 17024 24533 2146 31688 20067 13407 31858 15320 26041 25356 8350 5110 4020 19798 11086 4223 22673 31385 16955 19669 2167 874 2166 22869 16803 18219 19885 15753 18882 8156 17066 27294 670 2100 22300 12824 22013 26609 9370 5316 6342 31340 2789 32238 10598 880 24941 16085 19826 17996 25111 24156 4750 29479 12606 4354 13965 32404 9976 27924 23258 5991 15770 12066 1814 11974 18814 8879 16130 18051 24067 812 12192 31145 982 26920 14229 29524 
9328 6081 20178 18374 20192 15966 4467 25528 14795 672 29159 1518 9905 26261 22098 30478 2673 24367 9519 29618 7952 12021 1338 31932 17078 22777 21645 490 18425 16394 6921 6826 7006 17962 31735 16687 25117 67 27375 17348 30245 21013 10233 24672 25440 1651 18163 15995 19000 14255 17971 15137 19290 7251 30829 15173 24762 3089 17878 30807 18391 20733 2185 31513 24896 6394 2090 14510 10583 7026 22730 1523 11861 18251 8459 21779 10126 3350 2949 29014 4599 6537 26472 11578 30181 5167 15458 14021 14871 13918 21955 1561 10231 20074 2271 6729 1309 792 15027 30827 26133 27477 26828 8431 7778 20008 14693 28463 29122 7910 22224 5958 27316 2469 6679 13862 31288 9202 18658 10213 17622 5575 27291 6232 16609 20151 30929 483 2557 7020 28378 3727 3551 12115 31933 3933 30292 30358 24911 32219 29829 17483 12187 15348 20857 12523 903 1548 26587 15621 27061 19277 27390 3123 32424 24635 7966 19534 2344 16271 26345 7390 5095 19778 19005 2772 19044 20456 23092 29820 7440 5183 5726 27053 28848 28424 14157 23619 23810 4373 599 13518 16035 24996 2711 8076 8240 21227 821 9621 16043 25844 1767 26198 11553 19115 30904 1344 23434 25910 25097 8129 1265 2436 29141 24436 18645 17449 313 31893 29646 3945 16691 17591 15220 12178 30122 31161 29052 10640 25006 7414 29220 1979 18690 31420 20946 24819 10967 2560 3575 21999 6619 29775 17722 30930 21874 23048 15059 21247 2115 9929 10548 32047 20471 2599 10223 32193 29245 26786 10452 24913 25362 22743 20569 16779 63 248 11584 11841 9763 26746 4979 11452 434 4621 7731 16720 17342 29137 7537 14131 6518 5063 29308 6800 3628 1670 8157 6358 14939 24111 4223 15190 25576 25506 23060 12301 29608 17394 32435 5310 25635 21527 29126 30789 3479 15587 25635 1575 29504 9016 7033 4205 30167 8311 22766 27571 3929 7995 4870 20860 31753 28744 1735 15560 29880 11198 25627 29929 24132 12947 6517 14994 4703 25663 695 19249 9617 23737 32596 11902 20096 20131 13233 596 21104 19905 31186 14529 6918 7600 17714 31833 22865 22741 32242 11983 23051 915 
5942 13766 28443 24513 25805 2532 4703 5211 29712 15400 9641 32119 27660 25982 29703 14459 14563 13457 22600 16526 1647 3553 11451 12108 20009 29205 26682 30142 31817 7826 3175 8585 28719 7244 18742 613 23554 12508 31148 17361 18327 26068 24038 20230 14996 6735 13916 2345 20949 21196 9319 16836 17422 15164 29697 25975 6578 3929 13004 18667 7188 23866 14423 8200 16333 22052 924 30056 3677 8612 4557 13835 21269 26330 4688 9548 3892 24 7176 19731 31056 3244 18390 15949 3063 21753 21599 13721 26519 13517 14096 30788 2971 32750 15968 32120 10967 5366 10581 14256 7974 4705 22602 4719 16465 25061 31471 30770 8755 3586 24465 29859 32283 5593 18332 18191 19314 13121 25950 31002 19358 18200 26381 19890 3365 24535 13068 7233 10774 3689 14698 27687 17829 32062 32428 25703 3349 32155 17356 25504 16347 32564 28545 21568 768 9724 7361 4340 967 29244 29316 28003 11664 12002 10444 14107 30460 6684 24290 17099 2642 31782 9954 22964 19745 8289 27257 7002 2855 25764 3310 10111 18546 21206 28255 9297 32453 30909 13390 29923 19005 29201 31580 13274 18740 22741 22099 18025 13158 4071 15978 7039 27730 7125 22725 27454 5348 32242 13628 2736 24656 17833 27229 10165 12353 19474 12980 320 15411 19907 28490 28611 18461 22249 13163 20968 11860 13719 15788 12674 16556 26205 557 13507 17632 12061 10780 12207 4148 23578 11386 27088 1624 21330 25634 27692 32656 29198 18183 27508 23058 26807 8893 8830 15023 2283 571 12533 16566 14800 8415 21072 12566 1704 3762 256 23746 31654 27118 23022 18010 17664 20925 21540 19207 17478 30276 8394 21159 4082 27104 18261 19242 4416 6063 20987 29499 13376 851 7786 14371 24105 13810 9913 10987 7664 31873 22175 20673 19225 23363 16611 21150 1742 23180 18707 20517 21294 4299 5497 22989 13543 3527 23883 22082 4871 2857 26402 22281 18703 1595 19373 8291 8009 9967 20647 26741 7516 6179 28678 4517 27422 13603 24438 25671 13225 12400 11269 2937 16049 6080 15904 22859 13333 22853 22974 5668 15795 11826 28379 24417 31617 3708 20008 22846 32218 4573 5633 14330 14869 
25119 27551 25654 11612 8855 21647 16031 8635 28912 17506 18124 18808 25386 12967 10601 9379 9953 19734 31126 25837 9683 6670 6538 17342 21405 8002 5756 32385 2245 24751 31683 27971 3837 19409 24892 26492 17062 25366 14572 27436 28052 15763 8166 14890 16145 12021 13935 25017 1316 11195 17249 24669 2835 15779 9933 24045 16678 7266 24548 10728 4526 16024 10776 29708 1862 30467 30078 29477 10329 29171 15991 28196 11236 9982 2191 23408 27517 4852 165 2689 13973 19990 2637 2986 27386 21122 15474 18998 30367 1778 4416 3255 9888 24998 19776 20379 26497 14239 25029 11776 23223 3086 20104 19658 25961 29708 18063 31730 7287 25227 7251 544 12732 28813 14625 18045 18064 30100 9153 19650 18321 1113 23126 14230 13732 8128 901 17686 54 15372 15065 31157 21704 24655 31846 27974 1962 31781 29613 28247 31238 17826 12736 28609 8481 13193 3751 29821 4830 26559 14849 28089 15236 7679 16110 16171 8384 29390 32557 23974 21998 5810 27010 15339 1428 16799 28507 31169 13359 31410 32178 2376 8243 2082 32053 16010 25421 7027 7589 32083 14571 3564 28796 31043 3582 16716 5842 15393 15870 30905 1665 26226 8495 15865 10888 24138 20516 9956 25261 24675 16513 3865 9831 10092 7941 6641 20218 7587 2759 4273 19684 19622 5567 28932 19576 32646 11913 16296 3529 19230 22374 29543 29641 28835 20100 3145 3762 20092 2943 11016 9637 21331 13863 15556 913 10092 31364 3832 2903 53 24087 24493 22316 21023 31331 15853 26430 21677 16556 20091 9114 3274 11007 18625 13645 20832 32370 16394 31433 32294 685 3313 7051 18618 21161 27417 32507 27631 10936 7967 10900 7528 22470 14541 19268 358 11230 17809 28182 4318 7152 1837 11278 9679 27345 687 19796 8658 1411 31652 10134 25331 29879 12169 15271 31423 1936 25986 22124 23454 7082 9807 14584 28771 9819 12411 3062 21026 25400 31958 8775 4161 19419 26406 20205 16082 15588 20250 21032 16160 27710 17791 8670 30344 5284 6582 4416 26507 31331 23398 7083 24865 11617 9326 22220 14415 11358 16158 20488 16379 19834 31910 22811 29440 4087 20430 2047 1150 15169 32744 
28175 19059 28459 2051 19052 13968 2428 30306 15264 20805 1194 24621 13441 27423 13285 15717 14424 30803 87 16669 8771 19099 2987 488 31704 7488 23500 1678 9995 10104 29679 2819 24402 10483 32467 4505 22023 9393 28231 5236 28173 15894 13294 27454 23222 27712 30527 14621 9700 30616 27855 30434 24943 30119 13011 28036 1991 14124 22240 13516 20443 23659 26870 2641 30777 967 16317 5287 19830 18067 21006 26324 28624 30758 18869 22531 7186 23341 13174 893 31672 16710 28750 1236 16468 18634 19450 17505 3632 11497 23742 26609 31285 23549 4191 15292 7947 18456 2673 10135 3458 9695 14297 1130 7217 3484 15242 26083 23133 12942 6290 11372 10780 9348 15706 29531 17849 20394 21545 12137 13403 11938 31979 4454 29154 25302 21553 299 19986 9997 27512 17615 18163 20541 5806 10270 25207 20640 13042 14406 19294 28938 19100 26580 13655 13434 14973 11999 19560 6639 15464 31619 13199 12413 31472 1682 22186 12703 4724 24709 5012 5583 9049 19129 32401 22356 22935 12504 17900 22364 3447 22164 30942 6474 24987 3484 13746 18513 574 1992 807 15170 27069 6551 22806 27298 20054 220 7252 3328 7472 948 4570 19845 9884 31675 3363 20685 24475 8576 24022 31733 23712 11318 16549 12790 27031 6572 22389 31537 25381 12927 27839 19275 13618 7822 1590 22842 8869 7598 2730 15776 14958 14495 32556 19288 7626 32319 8051 22095 31682 8446 21886 23702 26101 2194 21627 17845 25240 11244 23272 11329 24507 18282 24568 26033 27598 17230 12344 15469 22371 24175 15730 4136 9270 28974 9681 20592 25962 23724 13895 1411 29973 31290 27692 23397 8959 7953 14888 25391 16551 2116 5202 32426 11911 17138 1945 10780 20121 25792 24676 6242 26 10374 9333 21823 2190 17225 25619 25076 3588 1386 9832 17 1691 7196 29992 7818 16709 1819 19315 7437 27595 5788 27645 22931 14866 1407 25196 15414 4764 972 13313 13634 25681 17757 891 24974 2432 26840 11320 18701 23585 19169 6302 27552 24413 6541 22457 4142 8784 15385 13861 2551 16397 25308 24111 26661 8418 21370 17207 17316 24798 17755 23641 7988 32657 25179 29260 3517 
15635 16323 1161 4834 18504 25465 2480 29144 8801 10611 3880 24185 23462 7537 31750 17556 3443 7404 31537 6536 13697 21833 20675 27665 22119 29267 7858 9825 353 4328 23727 13939 11599 18930 1870 4252 32513 27034 19048 16483 26289 9912 10942 31634 14033 28301 29406 27533 6152 6324 26443 8419 32375 5974 1496 25891 1088 30622 21589 24305 19785 18028 621 15448 22589 11598 25295 22370 24788 23468 32652 2278 14165 4162 19904 7586 12633 22227 17525 8585 6097 19996 23236 30046 13898 2568 12605 25218 28528 26146 27274 8459 31441 23631 30542 1045 12260 13245 22867 16477 586 7191 8677 268 4947 2299 12153 16080 31940 25005 28307 3377 14552 22797 8678 21027 19332 454 30140 7127 4351 29385 25240 2263 21890 4090 8986 30290 6733 19240 16676 26804 11242 28995 32315 25210 28085 22473 6960 7493 32412 32386 17151 22829 6948 31085 7415 13911 24748 14074 18971 19658 22006 30329 20937 30334 23779 723 16793 32694 29054 1400 1160 12688 23100 1432 13654 27355 11651 26518 28716 15144 20584 186 26498 13348 21181 4902 16448 25893 19531 17931 31011 13570 8028 28188 24931 3624 17533 14915 25235 4330 897 6291 8648 16409 15817 26495 15357 23509 11715 18249 8630 24226 16305 8125 21988 20671 26540 11806 5129 26035 6376 12129 8604 6184 16953 31385 20143 14332 29654 8115 27087 7830 4702 24163 11052 32118 15128 2398 23290 31504 15743 10698 14102 4571 19966 30450 23533 26021 22008 30271 13466 809 1291 22372 13902 15843 1942 24792 27381 8227 1656 137 3862 8545 21531 21711 18171 5840 27314 16798 12051 4661 8126 26113 19348 8954 12503 1475 7012 11646 3497 15215 21050 19632 829 1660 32257 29148 11386 2497 7037 14021 19435 3631 24112 5619 29378 7614 12159 32078 6429 19112 10513 28396 2953 30422 3704 9256 20932 12183 2579 26356 29384 29080 12594 5488 14852 26897 4988 955 25069 572 22926 12296 18357 24075 14053 31989 3162 32538 13054 26137 18147 17123 3515 25308 11239 31537 17161 27532 20046 15319 29120 21677 23899 12449 10699 29840 1003 3979 25992 18215 19703 31537 12913 1047 12640 27015 
19709 23311 13036 25290 13249 19032 10379 11446 30171 17326 8160 13818 16528 4943 30716 21993 28724 15697 6509 13426 10314 17720 28535 28242 14061 5064 1697 18824 18287 28440 29812 3593 10303 14568 27775 22198 10256 26420 9886 28299 20023 27402 31356 3609 29269 31128 21591 3382 30519 27529 26371 23795 11514 9874 16178 24014 7795 17735 7154 26153 19918 28980 12407 3323 9332 9001 13083 3270 6707 15829 23971 21193 22425 13974 17092 3702 22432 16528 7398 21798 19601 11773 31271 11788 19490 31683 27043 6759 1761 15180 3571 28156 3798 20114 14579 3012 29028 10873 29896 23266 10353 4962 7714 2007 9927 2045 29631 26105 953 20062 16177 1314 2569 22356 31456 20389 11785 27638 6482 17542 12033 22910 20906 8682 26577 3931 5487 5068 4823 25473 5007 15090 1299 28932 27812 8223 9353 17637 31861 26507 7655 19756 23744 22672 7528 15926 1335 3494 3832 25169 11464 24721 10649 1926 20513 26329 18949 32694 372 4731 24725 26345 25975 19166 30305 9186 432 4616 3497 22263 16367 2578 24948 11039 19228 28377 18550 15693 10546 22519 16183 3580 13964 22258 23922 12555 26208 17842 15035 12236 27785 22841 1637 20824 13449 19598 22179 15653 18894 14330 29421 11226 5428 26743 7590 6753 5068 19302 8443 13118 27356 17024 8974 25120 32038 29711 1364 17846 25965 27486 21307 29636 31286 7534 1041 17270 16076 9706 5153 4596 25990 20573 14623 13622 18252 16803 13766 4378 29784 21918 4287 692 16954 1322 12997 5605 31519 26706 12295 14639 4690 10436 16589 25543 515 30850 11615 25068 13896 24795 12579 15224 10593 32154 6405 26805 5440 30845 8475 18801 24137 22760 21897 4693 6998 31707 31395 9330 24318 18466 16466 797 9751 29387 17593 23549 3961 26589 10776 21858 16645 11079 17392 5848 7654 17943 8040 16381 12823 5100 27375 16783 30501 1198 291 19657 22071 9852 6897 19696 2891 3046 27902 7977 19906 25181 13382 31885 25119 19687 30212 19071 30988 22296 30417 17725 32670 5181 11535 14518 17625 16090 12936 15260 6263 27735 31059 8377 18149 10486 18424 4742 5775 4104 16595 3322 10845 13409 30910 10656 
28029 27913 24810 29164 27748 23092 2062 11215 16143 13940 30404 21641 26767 18478 11055 15807 20420 1867 30690 205 13673 19247 18941 15453 19280 5359 6809 20537 20719 18878 3943 2909 22812 29097 3731 81 7445 20101 18927 29621 195 24357 1357 6429 11328 8912 7212 4640 24214 12529 2712 25516 24010 30993 32075 21916 10265 16131 11544 28813 19073 10078 2442 3565 131 26673 30408 11860 296 29169 8891 2584 7490 9398 13683 4124 4852 26023 24775 18152 14964 10419 4924 17407 28688 17027 21033 11628 24431 5804 32536 31135 5146 30248 3182 24951 29498 16903 25935 14496 676 9826 3260 8223 8466 401 14334 18219 5043 19357 26696 11839 3303 4600 18328 8301 4163 23404 19678 22261 22492 2130 27488 31510 7874 772 20829 31268 29898 21653 31216 24539 32657 29119 5688 10995 19645 21532 4534 20468 6534 13209 13814 24140 13174 29737 12658 31647 22124 7094 1459 10590 11239 25693 8377 2203 20353 16090 9629 4124 31930 22849 10357 26798 18935 32240 24952 25531 5323 24257 7011 16415 884 8324 24859 12600 16297 15020 11923 23612 20115 32584 10480 16336 10777 24373 8683 14806 32608 16018 27255 8070 13970 28021 14500 7104 10207 6364 9412 18336 8642 18407 460 12628 9350 14660 5373 17706 30472 13546 28867 19693 30910 9738 30429 31090 21752 4418 17854 10862 31590 15125 5427 26762 475 4760 17991 17850 21328 13421 10852 6090 20524 6645 17850 16698 17347 18626 4324 31819 21276 5707 32201 23642 18679 21476 17345 31085 25358 30445 14074 31244 1180 4425 12057 28498 29212 11794 16676 14147 31315 26250 20639 22880 12432 17237 15349 4473 7219 15846 10266 31939 364 30264 12143 7466 10053 28862 30694 9960 16099 28828 29798 19543 20488 16919 21873 31747 20189 2378 27908 17668 16111 26907 2494 21899 1911 5742 3397 18362 23774 11161 16870 12473 25472 20503 13179 9734 28593 2176 3986 11532 1789 17080 20683 18680 1716 29287 14722 6856 5031 20906 25006 18340 14124 6665 23561 6514 19816 18856 13938 3493 10445 18625 22927 18005 3809 849 2998 4501 29249 19218 6926 31489 3558 5546 29425 7062 17832 27426 
8341 7111 28672 6297 2796 7116 27922 31546 25032 30270 12011 30571 2115 4321 5895 28743 32350 12225 19734 21327 3560 32384 29439 3164 16034 17390 23078 30169 21920 29658 7659 6446 25586 4904 18291 21375 10372 8740 24234 12951 18755 278 3208 7711 10113 791 12948 8468 21403 8994 7079 26488 25561 3950 10739 17479 12949 32507 9795 21420 18336 1387 5252 3445 28897 22804 12677 23493 20031 16211 32251 2568 21698 4899 31432 8236 3316 6638 31357 32271 4238 6819 11293 19251 2896 27400 17188 3769 17201 26450 24775 909 27576 2035 8830 31966 18602 2483 31168 28369 25573 23554 12557 28534 23180 18828 16946 17403 1380 3855 25033 19999 126 21609 25599 28138 22039 15350 24218 11163 20668 31768 11322 15843 14514 14103 13534 16464 148 1324 8107 11788 9534 25816 20969 29895 17642 1402 24399 13298 12697 8225 20352 31790 693 21151 23765 8964 27124 12511 4189 32470 20351 120 24354 7957 31060 21121 11438 21685 16872 28584 22222 7902 8721 19070 11926 20453 4644 27669 677 32378 1626 3789 7851 5923 2681 23403 25640 8681 16560 31851 24694 4176 18370 31640 1033 10125 19559 7641 24310 23284 18927 12622 1714 10928 15912 411 2332 23222 21634 26244 4286 5628 19569 8379 7760 20965 7955 30965 31614 1536 10259 21827 19180 3059 21965 14496 22902 15282 9394 24774 5308 6133 27118 30279 19166 7912 12617 728 6020 4900 12875 8688 8738 20702 8356 8082 4474 862 23499 31078 22626 20147 16868 30223 16327 16806 10727 18105 20978 9196 18687 26353 2826 29856 1840 11962 29402 11504 1853 19165 981 6934 26057 3968 855 27018 29628 22778 12078 9845 28648 28390 25689 24425 1005 7542 8975 9552 2137 30987 5124 3235 21524 2 29415 32221 6908 3792 559 27182 8140 23121 27671 14451 15682 25693 13543 32358 2689 7837 8822 23058 7860 12188 15597 32651 14324 3617 19661 20187 18796 26301 31284 1599 13498 32672 29020 25748 12953 3760 12388 20492 11965 13789 25171 21797 6911 6574 27482 4572 32186 17952 2649 24861 16245 21937 13221 23167 31682 3768 2313 31278 22885 27383 4874 1320 11705 15731 
8047 32173 28496 27268 26881 15344 15322 26152 27792 32531 30024 27804 3894 2642 14897 10542 31200 8831 15732 16205 19977 32686 16671 27106 6089 1841 14479 9443 8463 25031 21977 5412 2602 16912 1641 8817 19343 28484 8937 30683 1238 26661 22117 24143 15621 12850 172 9581 30737 10526 6137 3734 17826 25216 19922 28231 11543 31180 31537 30630 6858 22658 6114 26203 12949 20133 16684 31393 11157 3951 5043 31645 6445 26179 23709 13294 17742 14307 26100 7301 32758 9187 25163 10679 2039 23134 15269 28304 28922 31207 18834 2667 10947 2498 12955 5311 3511 25685 31968 31548 4251 9689 4608 1559 2974 29525 14905 30370 11418 11725 21201 29727 151 26038 17332 15062 13969 8878 30814 16741 32635 21354 24571 18520 12163 31216 14541 2041 1176 26630 10959 28777 13865 8170 30104 12272 12848 11587 13697 29586 11120 2648 1034 5603 23802 25984 30586 12316 9974 23257 17862 16749 26784 30269 3764 24725 15249 4466 4416 11185 29760 25249 20543 27217 3016 20234 27202 5585 22252 22005 10429 15335 11864 10220 2665 28536 27689 15911 19686 15280 25264 1608 14757 19793 12403 30281 14853 17995 5493 7346 30396 28558 11704 271 1657 15644 13567 26785 28616 22626 14296 21332 565 9416 21978 17649 19124 29319 31020 11925 10048 21434 10055 3170 15811 18361 20220 2932 23094 12450 14264 19478 30729 18232 30215 5174 31429 241 2391 1559 23024 7242 1791 12102 17457 18270 30335 975 32180 5303 17161 6576 32208 12900 26177 14478 4071 5963 12354 4519 31630 6849 20705 13320 30702 10840 1589 4352 28266 4600 5207 9428 20611 2610 27238 6068 1272 208 6350 27374 12337 20401 31946 1634 23517 21972 17704 14902 16859 9906 13389 2251 15958 17361 17272 19695 11573 5270 2891 4180 14002 4187 5511 9792 20296 20161 31767 24199 28371 29255 31056 25783 17139 8476 19831 8082 24753 50 7555 9409 14693 25748 12069 5318 22231 12025 9734 29491 8868 1433 9808 20249 15587 24639 111 20420 9737 6816 18969 31141 16394 235 2187 16272 27329 2721 20502 13352 16274 14247 31963 28567 12366 17306 26835 32130 3414 9058 17170 26427 
14084 266 27724 11833 32326 10702 31896 19142 30860 8822 22132 760 19173 21987 27401 11746 12388 4584 5041 14091 16329 18011 9399 30240 13405 14955 7518 12005 15902 11315 6436 19825 7452 3728 26183 12955 3107 22832 25993 9392 16026 7916 5936 14439 30123 24152 31058 17942 28837 16536 6991 16165 15518 14965 2719 30659 10076 17328 31950 14553 22902 6293 23236 11836 23478 14804 4426 1319 3010 7821 19146 20200 17403 19626 30294 31705 15014 19313 16364 658 23626 9305 24057 1885 9560 26141 22555 6123 16145 24080 11051 20293 25509 31664 28283 30212 19864 4733 24156 29381 13930 28172 28644 7896 10359 27735 20974 21304 10268 4695 32609 16832 30747 20181 18102 28315 32065 24445 27316 24061 1350 3124 16510 18960 29940 11435 28368 30002 8587 11316 12934 27741 22885 32725 19550 19942 24534 17051 31742 26731 24662 27697 11321 17927 7394 21937 13454 30663 23455 186 21489 13666 22465 21699 18639 9508 14763 18095 10828 24620 23127 7841 26319 1751 22009 20497 3008 31100 12767 6176 14992 2394 6556 22056 28410 13774 30565 21144 31369 18890 27579 26623 22875 28034 26699 16998 17444 104 29202 10467 9077 20315 20164 1387 18495 31515 8559 7912 3475 8961 14939 14731 18347 10221 7734 4452 9262 7039 2157 25392 24496 12170 27869 30578 29816 14789 15531 25541 9863 8132 29296 30320 4310 16167 10650 59 6110 9746 17679 28801 25949 12253 26899 30599 20824 23052 19563 8972 23644 25985 9410 10529 7946 6128 12877 21819 21203 12692 11947 19335 22527 27424 8975 5757 23796 4089 27040 12984 2741 2210 24096 3333 23209 26999 460 9914 31134 22943 5764 21577 23565 26172 29996 18964 26527 5604 9042 27523 22001 20565 27665 4180 13460 28260 53 13363 9817 1591 24991 17547 18891 18356 7660 155 26876 32057 7249 8140 22149 1166 713 12866 7112 21528 30323 28593 23672 24655 15157 26738 4956 30066 30374 19670 3151 22905 6699 16058 16268 19019 14432 24923 29224 11313 18873 7020 16352 31882 9321 16230 29205 23745 11138 3616 18453 18813 31070 18335 5276 21015 2367 15919 21659 25681 9266 8114 9015 69 5433 26937 
12053 26779 26792 14545 5333 8959 15056 29088 17116 23762 23003 26160 19031 2080 16119 32010 16764 17619 8887 903 6931 27174 12469 8931 5942 17500 7805 11155 12629 23217 10662 10968 12157 20881 16706 32405 14041 15624 24185 23390 2425 30586 20592 30929 20818 20628 32624 22569 7302 10370 27460 22800 28390 19298 26850 4277 3253 8441 25422 5919 25263 1189 9148 16065 12106 22931 25845 27214 20796 12082 13819 29902 24381 2536 28656 24562 27918 9219 17204 15524 8634 15090 8142 483 796 15541 32013 17870 6817 27026 17518 3326 22352 15882 25537 9241 20743 14603 19080 14244 20743 21095 22176 7705 17330 13701 29731 2106 30612 5207 29836 2980 19873 9867 24860 15271 16061 10502 19581 17493 23170 29070 26534 15321 9021 27334 24062 7691 27449 3168 15556 9793 5953 9102 27054 31591 27232 32697 27856 25170 16107 22390 4544 27217 20673 31158 9208 18437 31954 7996 19067 21107 6622 28757 18108 22104 20095 4803 6843 13244 2154 21498 23153 31178 30962 17295 11374 29919 15054 20973 15809 25313 1307 18250 11544 16850 4005 9945 12584 27813 3170 21057 32335 31312 23103 335 12152 4898 21791 25063 13888 12375 26401 29761 5719 31210 16162 30546 28712 13994 20612 31111 7868 656 45 25017 27867 16208 8914 1118 9589 29486 12405 6396 833 2579 20780 9188 17316 11488 10021 10268 24788 8962 31207 13725 14141 29255 9946 10174 6692 12527 31498 10225 7050 15879 23080 18605 2899 21490 22226 19627 29095 10569 8211 28245 2201 5093 26670 15228 30982 25145 10391 22857 24256 24293 26435 17526 22508 12937 24865 25021 9129 6103 15849 29329 5107 5613 12564 16909 22214 13537 11307 7722 23174 24733 1605 28980 20894 28141 15564 3967 6504 30166 12671 3414 2125 31530 2493 12596 26413 3673 4864 22071 6656 25482 20648 21201 15294 3818 5882 14273 12669 23364 22376 31553 30937 28371 530 25729 13721 12884 8334 19285 17040 11870 3556 42 18880 21238 28637 28735 10182 23903 21886 23058 7794 20527 7887 9752 6837 12712 4577 14256 4544 1092 16654 19034 14698 11666 9859 12068 8146 16193 6396 32358 26182 22138 32207 4527 
9060 1396 23596 23039 12415 31554 13731 26167 26181 24047 18406 11725 3230 2764 7121 29636 471 12553 1447 21980 23807 31363 31391 23558 3985 14045 24479 7194 19028 15570 13639 17868 10624 30153 17713 10973 27682 18346 13431 6030 15041 20721 8054 3930 16706 11009 8914 16868 8201 9914 30139 19503 30817 14157 31086 6669 6174 32591 25086 31706 2177 13325 23636 17513 1115 19232 21876 831 6517 9793 18179 12031 31024 12638 11526 21542 15465 9965 2285 7160 7839 28288 5584 16315 29784 18841 4600 15394 24768 17088 16801 22796 3732 4820 3838 22895 28734 28831 27518 26510 19266 32428 22094 4467 4824 19293 11295 27033 21978 5944 9257 8169 17377 21890 7792 9959 3500 6927 10054 14638 9409 28504 21521 21274 7766 13262 23886 29892 15729 5486 6614 16435 26703 15510 16224 18384 3331 12055 3144 8475 14687 6283 16015 3997 27159 27881 31778 23581 21796 6486 4191 11287 13159 14142 8917 28010 19855 30116 19275 10833 20540 11446 9988 22932 11108 20389 21314 32512 247 12467 28937 12308 26302 19342 5669 20733 32649 2524 20335 7621 12169 13847 6219 21447 28667 4251 27509 3942 1542 15101 20734 12798 8423 28063 3473 25627 9035 11137 22267 2025 7164 26714 12778 12268 12736 21736 23797 28145 1663 17796 27869 3653 21923 26361 32275 4900 20932 13718 8058 1140 1413 27266 23149 26548 15289 21328 31748 29743 13003 18387 915 22389 8028 12852 23156 7691 16941 23873 14599 5218 5440 32008 23798 13318 21562 9637 29886 28952 25612 9304 25707 31742 24018 28379 18338 19289 16635 7410 21733 567 4267 8259 1555 1675 24669 11880 10798 23514 5069 4419 17505 5686 22037 20881 23618 31088 3094 28610 9044 6282 17945 7945 5072 2411 29878 13999 27813 214 25846 19884 11965 27293 18356 13432 32642 21010 18505 16671 5281 11967 30312 8596 3341 26967 1862 10311 23368 11500 12798 18169 9438 22625 11061 11215 15154 9251 1017 13478 4476 20500 28655 11431 21523 28104 13998 2075 1256 6900 21606 4736 16723 16419 3525 17116 5395 10155 31515 10833 32400 224 20156 12530 2146 9095 23206 5333 7191 10126 6499 24425 
29233 9466 15921 17674 17263 12320 4193 8915 8014 26136 5629 3764 3022 7535 20909 11716 21113 3868 6107 17624 7842 2997 16150 14164 20715 4323 12212 26689 11274 21268 5820 12704 16076 3951 16387 26110 12121 14861 23444 4169 19387 23654 12885 26082 922 14345 3560 7923 12105 401 22480 10499 18439 18388 13269 26568 30078 23389 6569 30780 5264 18973 12747 10739 6995 17245 31148 8875 32346 30711 29457 24613 31543 19142 25272 3123 27709 25947 25150 22291 2443 1265 18752 19451 15174 5027 12737 21493 24869 25053 7115 23277 13107 5137 29785 19208 8144 6315 885 21048 19193 14918 1438 9742 4810 8736 29804 14799 15681 24267 17015 6857 13125 17190 3700 26343 27879 12684 4513 4484 29415 10059 19812 27261 6522 7256 15406 7050 22602 2881 2470 4046 25535 13666 5636 31148 27517 30556 18618 27357 8750 16835 30298 12991 29313 2583 23988 30448 1394 18422 62 14876 32205 21135 22970 17683 3309 12890 15122 9759 17610 15111 19591 14996 19251 436 31498 30376 21079 866 21738 24453 31370 4010 6576 27549 326 19372 328 15678 24944 24905 32353 27494 18653 11922 21 19672 1813 2431 30413 31087 22871 27621 8287 30131 14301 7074 24442 15530 2144 8986 8772 7153 23007 11752 7233 5642 3485 7629 22391 16120 4457 27628 24784 18185 3873 10810 5055 10228 13689 14640 18726 10275 32249 1475 28024 10322 5189 25493 16923 28505 17057 22381 19984 26694 1972 26085 16853 1711 14732 14946 21130 17735 23011 14921 20564 29358 32673 22640 31743 16526 31138 15571 24551 18659 3768 5257 12312 32154 32500 7670 30132 13918 10785 17729 2453 20655 32658 25864 8756 5684 6942 32595 30921 23890 13160 711 18868 6141 15716 28701 13340 17614 26902 29650 15574 30294 23453 18463 30856 25779 19057 29483 8462 15712 23529 13696 6684 9554 28928 15547 10533 8512 15448 28296 25724 22594 19071 24526 7610 25757 24434 19495 19295 9949 19807 8595 13756 20261 10415 29805 27408 4292 32068 28574 16113 13320 26879 5392 22765 31319 16262 25190 5746 2171 6980 11754 17387 19262 32689 20422 28972 2615 28883 27512 25872 7395 9221 28032 
29792 30200 11767 4443 16375 30965 20982 949 7716 19966 22125 29915 13136 10215 684 12143 32225 12431 10729 1887 22878 3951 26500 13591 15571 15986 28816 28918 14455 8455 7822 25343 30348 4469 6011 15058 17287 22640 14094 986 24945 17129 7483 2503 10893 18986 1531 24895 18235 545 20047 26832 31516 16892 19074 22058 19831 15095 20911 9099 4315 29042 8836 29050 3590 19527 1349 12472 22022 11866 20244 10356 32670 20082 10863 11454 21483 16711 18682 6462 11847 27100 25215 25638 4974 17422 9523 23909 17376 15725 31547 28190 19846 4172 18798 27736 24727 21780 2909 22263 27581 15838 28816 3563 17268 12352 24339 23207 22707 12646 32562 23764 17103 22629 13440 12103 8348 15053 10270 22833 5333 1917 18489 24470 25022 17340 24789 2817 26631 24197 12745 13685 3316 3617 9739 13478 19387 11260 4142 13417 30254 689 4137 5482 26777 16999 1626 9245 13550 3936 14283 15351 2335 24271 1971 10973 21708 5610 27200 26845 29214 8001 29843 30748 22003 27214 11789 271 2875 2381 1737 32494 32161 24910 5993 4198 22383 8328 3606 16527 30379 28400 27842 23581 15750 3338 31920 9946 16888 21759 6967 1364 8356 20977 17347 28370 30465 24971 31516 15245 18619 5084 32747 8989 21591 15717 25722 32562 6935 28528 30139 9860 8221 19108 5004 29709 8914 24535 24121 20085 22665 4899 23874 17358 26976 13628 863 3457 13415 18176 13250 4232 7941 6992 11420 11742 29591 19231 31458 30516 4953 12232 23377 7142 32650 22437 11440 8749 32203 10461 22357 16534 23497 9853 19946 27571 5659 3019 2929 27664 26222 12759 12934 4200 31967 29522 12772 20505 26792 675 4651 29142 29695 26168 20705 2716 30523 3866 27830 26855 26425 15813 1804 16421 8958 10550 16054 10347 17565 7237 10240 18023 31067 32053 1520 12182 9490 29578 10444 24246 21715 8218 5596 19583 17615 7015 23665 142 32120 11820 15399 11938 19427 30774 102 13322 6513 31093 13615 2398 26286 12627 6421 31854 28025 18500 28809 18040 11878 30623 7771 21150 28000 9132 9598 18582 24979 23550 30732 12196 7305 13827 14217 15813 27794 13785 19052 10029 15978 14691 
27355 500 16918 6557 4791 4621 22287 30252 26840 4471 930 24378 5018 18615 31639 20864 5272 2949 31249 14500 4535 28102 29365 27590 12135 17594 24078 22614 24613 18551 9520 20264 19780 27030 28828 10186 15598 12076 24164 11797 6502 12540 25488 3586 32143 490 23743 12735 27314 7859 4626 17922 2940 13532 12869 22686 10310 21992 2335 17748 12442 27342 29965 25835 32242 31658 24586 12930 13250 8115 16321 23334 24761 10605 24822 27552 17732 25376 546 4240 25429 28552 349 7360 15202 8910 8577 18866 23216 26551 10893 26235 7889 1308 26951 26836 21100 22426 21030 5231 1852 21386 19310 11399 20827 25395 25245 25531 18369 30015 28934 32284 28167 20332 29628 22917 27505 31108 6833 20523 13100 21647 21279 10612 468 12871 20775 3341 21562 204 23737 11319 15203 24217 26035 5473 12756 10935 9037 26108 22028 25904 17076 20107 11859 29639 26869 7417 22962 7910 3101 16688 21059 23256 26526 32743 9387 12600 4085 18363 16612 24234 27018 23682 18496 30921 1752 19676 31914 12384 12749 26122 13615 988 9332 6660 31678 30209 13521 3013 14380 7389 30733 13802 3195 7418 8403 24443 18012 25816 7417 21257 2546 15514 13923 3065 6617 32256 15140 19999 24679 2197 28903 23439 7730 17962 22414 15535 25042 21378 32536 20113 11496 8527 29896 2944 27231 8541 2947 16857 6641 21518 891 11549 21741 18950 21770 9539 4152 28199 8928 22611 16274 11200 5985 16944 15899 17665 12617 22197 8214 28083 17298 4612 20972 32294 11415 25371 10356 21098 2169 9385 18033 10689 25282 6175 31581 6741 11080 5897 32613 27943 29269 28319 12468 30280 12292 6551 13812 15691 6894 19518 10770 2554 20998 1735 13634 10568 24002 8675 14148 32391 19580 2450 26341 13531 28183 6712 2760 9455 29413 21491 12134 17126 29128 22572 32340 10389 6552 25964 6853 4079 4549 17777 10063 20928 20030 24962 22770 15519 23185 28927 15190 22557 24659 30268 2644 26691 27842 32143 17592 17724 14761 21160 23621 23374 32132 8225 9978 26383 1765 11606 30100 16853 10006 11895 29524 21102 12288 23260 13058 30225 2379 15768 3378 30101 8391 29776 13254 23265 
14859 20558 7860 15012 24924 3537 13834 17990 1488 5543 23855 14878 32434 31998 17259 31717 41 14200 7593 32106 17173 12157 11644 14216 25658 14549 14689 20821 16032 4470 23108 18333 17721 25754 16965 10383 8133 1045 24763 14261 3827 19430 1913 3626 23497 25612 30033 2823 22085 21659 27095 10270 10053 8206 9831 1771 31140 22495 106 18887 16038 24405 26836 3423 4502 20638 3313 5733 32429 14365 29794 1925 12598 6661 16483 13211 19696 30247 28751 24611 30388 15880 20325 3056 20567 28983 28620 3618 27602 21469 22229 8530 31136 29590 16001 12047 13928 28287 4163 28558 23516 12433 32006 12701 6369 6957 22130 24281 21744 19191 3435 4129 17084 28648 31195 17994 1557 27551 20402 6932 28940 10744 25899 32349 7256 26592 11856 21397 24312 23656 4544 882 26906 30744 31408 21989 1596 11909 19504 10316 19089 32293 6575 21481 12198 10851 18626 22675 25669 23535 33 8107 21402 7000 2034 27474 10132 23004 32587 17881 19086 31871 2802 1401 11311 7514 24935 14405 19854 30518 22564 3164 22682 12121 22051 2147 18106 29088 20385 10291 23216 4814 12066 12750 29123 11556 20405 22168 28701 27442 27769 29892 19570 29932 10592 3340 32482 13056 6451 16549 22305 23655 25814 27506 32213 570 30670 11896 9535 3528 22016 32402 11550 25829 32443 2917 15824 10373 249 4759 7867 16777 9442 29500 19435 12248 20114 5521 3836 20402 32284 31469 7995 2369 4303 2548 3336 7793 10168 27406 31871 2818 22375 2328 29527 10972 1270 2649 15881 6818 5192 21943 12341 1673 19343 30762 17474 23403 4113 32370 24134 3607 24619 5893 13861 27884 11926 4172 11516 12198 745 1806 4544 14711 863 22829 6434 16730 19419 12432 3254 21668 13865 14944 30037 26587 30599 24183 17600 27084 14180 2837 17029 3288 871 26837 16423 14991 17587 2784 22649 25984 6762 28513 15947 11598 15727 25657 24136 2311 20849 9203 22559 27570 18213 16122 4833 5927 13266 9481 28842 4388 16915 25316 25988 28316 8153 26694 30088 26962 3503 27162 24135 29607 29506 13549 28520 16048 7456 932 22162 26252 1984 11882 25228 14581 23491 17901 418 18964 
32633 28362 32587 19354 24999 4421 17674 23052 24967 12606 8850 13406 30737 609 24877 4548 1657 3228 9822 2501 28153 29910 27077 17041 21712 15838 580 22932 15499 5537 3680 14923 19843 673 15338 22359 31655 1442 13022 31184 26747 934 10123 6875 9825 3100 22516 31615 16664 20309 30839 28340 12162 22839 21420 2493 4778 25653 8592 11960 26117 22655 23011 9588 1272 19317 1486 13954 10651 4962 21705 31887 18621 17255 30908 24561 28456 9141 3428 28799 1061 31231 3833 4518 5443 13872 9230 11449 3925 22361 16056 23945 2234 7405 22770 19766 225 22576 20544 12100 14603 29165 9363 5361 2643 30823 7789 2758 23788 18835 8261 13421 9387 11652 10029 23234 1733 29991 16050 8236 3289 28976 27652 20270 2353 21844 21591 30521 4165 23481 8840 19397 11136 15531 28676 31136 10567 20112 13542 26245 11832 25118 863 3824 27567 11979 4699 30257 8079 25477 23393 23743 16703 12196 20411 12496 32754 22557 26840 27942 30252 11512 6126 23084 13954 29444 22755 25921 5537 5577 27758 596 21905 13758 32122 19377 5691 26300 13771 21530 12073 12979 1507 24346 22158 13468 9255 29590 14726 24494 1854 31909 27038 18133 24506 27810 17303 30816 21754 5759 13159 16889 2382 12635 31105 28891 10589 14935 21846 25151 2756 10406 14620 30743 7680 10212 27342 17919 14222 19625 13940 2673 29776 30557 5540 18488 15667 22862 28745 5159 11791 20479 23203 27402 25551 2756 29839 9181 30161 11915 19977 21052 7824 27645 29935 11547 22400 15302 4103 19895 27705 13616 11076 23244 18648 13047 6469 29705 1954 14937 3615 29121 491 22636 22364 19683 26679 27060 21828 17196 9630 32757 6491 2971 4725 23110 20010 12070 14890 9063 19522 22955 14448 27220 127 14121 29084 2330 1930 12592 10831 28138 8865 8342 16982 31340 27035 18284 5838 27989 24102 10032 20364 2620 17492 1860 7100 29610 25686 16287 8647 27504 6535 7107 9851 27965 21164 27119 12134 22383 26489 2709 9346 5674 26456 5134 13592 1191 17767 24205 990 30927 1471 3154 24162 11529 20476 25120 940 31824 2810 1008 15903 9352 26076 27111 21665 786 29267 8582 
5884 32670 13341 12065 2435 6464 18891 9106 29688 18887 4808 14894 22445 13130 30359 4856 4330 19459 12636 23829 10127 31840 18846 1408 4858 25432 4939 15871 29995 13564 25596 28758 4390 26446 23675 29114 153 8533 27523 2696 27839 8305 28102 9783 20100 2029 3892 16268 31210 20179 20859 23820 30891 16388 23498 12727 30752 16519 30683 13811 20065 20514 24624 19655 23214 30759 17309 18761 17678 7313 8710 26714 24885 25423 26218 4752 14507 9696 25120 31348 43 8480 3425 27374 31818 22370 12551 23037 6489 22718 23956 5035 14987 26029 21366 4417 1115 8147 16522 20663 9768 15643 30430 16494 26402 28937 187 4898 31338 76 13795 4122 24181 12947 13847 13217 19378 5794 27868 13242 30316 19621 639 15632 10225 19140 24151 31788 29428 20471 7754 18154 1840 31004 10130 31278 26702 11335 13505 24531 3081 20057 1283 12516 9104 30420 4260 2063 5163 5613 26322 22614 25378 16611 6307 15368 6363 6288 21850 12272 24386 32318 7142 3788 24429 2747 9643 24833 8833 31664 28293 21644 31183 2862 32266 28988 12867 25994 22032 23838 5887 12651 10864 17721 1859 24097 17929 15996 9104 11320 16647 13045 22029 9293 27749 12100 14889 28705 5808 9294 10114 18924 3598 28982 25606 30196 896 18825 16727 31325 13156 19384 10612 2371 30526 23500 24215 20742 9399 5717 29273 9957 24038 28579 14364 16335 14031 21305 13994 27509 21545 22399 23834 1444 26469 22967 32500 4562 11243 5682 23445 13559 18855 4292 13524 414 16580 24949 14565 19003 17079 14713 17278 28095 7296 13411 14905 21098 5676 18837 2106 736 27551 29179 32017 8576 17040 22009 4833 9713 16853 6049 24514 6397 11745 3370 13925 17059 11915 32669 14839 32359 8721 16850 26951 10733 8540 13211 25898 25030 6533 1343 30239 138 7833 20266 5423 5159 23449 20962 31767 15736 17349 29245 169 11802 26906 17874 16240 14459 7194 17325 22931 9779 14539 27975 18939 18584 17666 949 5560 30604 17377 7455 23457 29338 25247 11892 1851 22594 25223 23900 10973 10128 25668 11886 17681 32756 30811 25508 30012 4941 6393 7947 25474 32327 28911 7615 24548 31463 
5115 7959 31915 8548 3145 19485 10250 11065 24889 13121 2303 27768 31587 11342 9082 30561 2521 14492 1985 7731 19627 13192 4371 18242 26801 26401 30603 18250 10372 22820 14664 13827 20174 25643 7883 28917 24004 28961 24224 16526 30704 25849 9281 21362 15924 5791 32311 1042 20236 24879 30594 7296 19219 9830 24635 3202 713 21846 2424 17893 12691 18781 30832 13075 27139 5463 21728 31720 5978 3859 5805 3266 14411 12036 14026 5079 14082 6201 26460 26828 613 23695 5916 4739 19610 20774 17405 24372 4809 1809 24848 17087 21027 15442 21412 28480 3619 22789 19377 23524 3091 19675 31607 11772 26579 24778 29282 14416 26070 20739 7985 1206 9837 17189 15703 7139 7752 27824 12705 32640 30777 32188 6682 2689 17468 9195 5420 11186 6069 14748 1031 11922 760 30049 19527 1637 14 11700 23760 20357 16055 1253 31229 31481 29099 4439 5371 22600 293 21996 12911 29071 18082 7870 9311 28114 13798 5648 6991 28048 5953 9604 21162 5530 14096 30606 23652 15397 11910 11560 20446 27677 10669 7111 24586 12988 20135 10126 7375 27484 10810 3522 25519 32137 17804 13183 17319 16731 18730 19625 22614 32258 20815 28452 24674 13987 22372 26184 4888 14691 21699 23183 31058 9409 704 8593 19870 22312 23530 18995 10140 31940 17038 14619 30376 12182 28797 26983 4025 24003 5135 9630 21129 27186 15976 19686 10743 15189 1786 30840 27561 11335 2123 5458 23285 5144 6649 17963 21250 22373 27643 8620 23594 14379 26409 8413 12451 22492 30463 20958 29791 8115 8350 8919 9264 837 2835 22833 48 20826 23772 2311 30048 1786 4776 8407 19087 22731 13151 23934 5246 26266 1378 14947 13633 19767 10516 12786 27368 2694 15513 25164 12639 26579 27870 27196 31635 24166 6105 4718 2006 10839 25618 5851 21381 32676 29026 9352 29160 5505 1786 24432 19033 31727 25256 1214 425 28560 3414 32064 4799 8122 22740 29721 23170 6858 27351 17846 6906 21691 31041 23299 14769 31735 7074 17630 15712 4204 22015 11212 20167 28899 16595 26602 16605 21133 29268 21799 25641 22239 3319 14257 10608 13216 5942 17581 22416 8513 145 9003 
22700 876 30675 31065 25225 32735 30358 23030 32312 30587 9737 9738 13046 5528 241 14037 22608 27036 22254 25605 21387 16076 5376 14892 17474 9826 30537 30064 25681 26591 2069 5253 7922 19362 4119 6104 8998 29626 23541 16653 30039 14073 31496 26284 17467 12873 23389 12311 1275 1091 26367 19904 6805 26366 1656 408 3199 7205 11413 3019 4237 24397 20330 20394 27668 21125 29334 17640 28752 6446 9928 2314 5635 5389 8834 9497 31839 31134 22557 23450 20262 10667 11534 4800 22544 4894 13927 11999 16237 32020 7841 28964 16395 31794 6296 11908 21082 316 983 29426 4814 13795 9750 25813 26501 7135 7681 31929 10538 8766 29499 25924 21273 9468 26531 5996 32451 2771 28118 1768 11860 30036 26869 29412 10900 14135 6568 12025 30731 1264 23650 30812 10089 4995 7399 11094 1317 6552 8972 27892 27747 26322 7358 7423 16667 1373 2374 9262 21880 6598 27083 29339 15998 29968 23321 17012 23536 3332 31905 29427 6001 20168 18624 3984 7913 32691 16964 22389 7722 8288 6956 22834 15316 1537 14511 30386 23925 7670 14464 25965 30453 3999 23377 32480 26930 12398 30870 30010 13287 32320 24459 16473 32466 5101 18808 22260 15894 19485 16691 2074 30174 1630 9191 2267 24899 17012 7957 2629 112 1520 20440 27538 20995 16389 26477 23711 15287 8086 30962 1184 26176 3987 21614 275 4215 19846 4882 20722 7607 20073 14527 45 25479 26043 3784 10071 31353 25299 7160 5023 5714 6259 24023 11011 10602 672 10025 24768 22358 32433 18360 19981 31429 18855 24915 17160 17064 14524 3607 25585 10902 24639 15341 9878 21102 7326 24916 17422 31038 12741 28513 29354 8035 29862 9475 31785 5106 13081 10124 1067 29015 19943 1133 4841 19772 14625 65 14370 8109 22199 22286 23129 9593 24389 20935 1597 16859 19760 21781 21097 9049 32242 19798 11085 12269 32178 7143 7020 31843 12568 27038 25545 21250 20831 667 30875 3438 28332 8001 13896 17869 27806 15999 25233 9001 11558 30036 19978 17685 23961 22418 10702 4756 6659 24034 25968 28726 23231 27912 10549 8580 24644 25192 16512 22942 4418 18889 2189 16163 32494 
8282 14178 26449 921 18674 3843 3182 12168 5532 20710 870 30720 2643 1446 13493 23712 15626 27899 7303 30452 30448 10730 5662 10310 31473 32569 30325 22967 5504 12326 14883 655 22932 22873 19073 26834 12016 22038 7695 20500 5544 1463 14356 2701 17121 1370 19333 8304 31448 12759 1320 377 19494 1525 16633 29893 4162 10461 11981 15079 21831 16590 10805 5688 5367 24083 18853 11630 23808 4658 26838 31857 19583 1895 12904 18282 2755 11344 27852 17436 6995 18410 3681 28023 13106 2492 23773 13674 29537 27218 7151 2298 11430 28653 3875 23185 4236 11129 21253 9880 29611 447 20873 9799 1321 5340 21930 9404 8065 25074 594 10827 5763 26397 12410 29206 9885 26025 30866 24029 26968 5250 27427 23575 29477 22251 15539 29761 32346 19315 26857 28022 18296 18213 4337 17216 32431 4352 6434 23726 29348 29095 18910 14758 22641 27481 30650 2685 21741 11810 30431 26053 11055 7251 23985 4198 13389 29489 23214 3057 1129 27626 8600 24368 24815 26829 13270 19714 27672 697 2072 28005 10675 2774 21818 23765 16676 21636 1131 30165 8365 23441 3726 18635 26092 6831 18656 17936 12197 9765 25819 20040 15554 24260 10075 7407 31896 20765 6912 16693 29804 5361 16851 6412 7734 16617 2604 639 9380 18055 2771 14149 8290 19037 19045 1686 15001 19581 5625 24893 22710 13616 11012 27631 13676 6635 14458 3035 2812 20094 31542 8578 12980 5775 31132 26057 23989 2887 8829 7500 19194 2379 21306 5622 7830 15086 2349 8911 15933 4773 16964 2580 22278 18875 20719 6541 28783 14149 10045 21787 12450 4953 23874 29585 13815 31355 30395 7620 10681 17752 11253 9190 28717 2231 14826 7439 6608 20908 32173 9501 31201 29198 24329 11454 1567 28972 20069 4043 25556 29884 23019 26072 17938 13844 7658 16649 317 22429 5240 20263 30665 11908 2139 4338 17477 21682 12074 7097 17561 5887 11951 6441 27276 5026 4496 31075 30089 7404 28462 2897 31138 13367 19150 28473 22485 12569 28151 6034 2958 26845 16922 19479 29038 27187 28025 25371 27467 8486 14145 9500 1400 30543 30457 3738 326 17480 4896 25641 26826 8804 
21266 19654 4065 31645 2092 26215 9842 25294 21040 2262 16371 3363 747 10942 29743 32717 25877 7430 32070 17914 27256 4191 30453 17156 1365 6425 8983 29928 12547 9531 22380 15099 28121 6354 30874 29912 13390 1161 9841 3485 9055 10874 32115 18263 28209 17732 4500 23226 19704 17758 1598 16150 29975 30891 26520 11910 23689 20558 10504 14955 19583 14527 27895 1048 1866 14366 31188 28111 1404 18120 91 22509 3658 5673 5911 15969 12085 14801 3877 19042 22250 26313 1596 11362 5990 15655 23018 21053 21341 20448 24608 19895 23261 24286 2289 32549 15151 30546 19863 22634 17918 28236 4279 19493 5050 27017 21478 15657 1343 27275 26219 558 2226 4079 28998 20934 9644 252 1138 10898 5275 14200 2408 2997 25957 7103 16100 4489 31054 10006 8683 19089 21531 60 26637 22703 2167 17986 28392 12951 17303 32157 17645 6532 15386 21370 12135 5930 2099 11089 20920 6123 7945 10941 23014 30029 2398 14219 22103 1196 1391 7184 6361 32300 8732 17856 19174 20466 5449 20989 5925 12692 20868 23853 3123 3021 7912 18447 7332 2166 15169 26447 24645 24241 17777 20824 31396 12136 30738 15977 19155 1526 30556 12011 18536 20771 13897 19458 12744 26710 14072 13922 28582 28934 10831 14180 20934 14450 13029 2136 2311 21906 20255 9245 672 10061 11929 22256 2218 748 30407 130 19423 9935 15068 15437 15009 17758 10986 25639 18750 15427 15947 8472 3954 19415 23873 32361 24365 25305 19929 13053 14487 21094 26645 5349 16209 32293 21833 27438 5374 23747 24262 4605 15619 23711 4022 9439 28042 198 11847 9050 29133 18977 20492 17352 401 16621 3488 26725 12784 12908 6540 27302 25436 30426 15978 12492 20705 21411 2123 16826 9386 19923 7511 19203 13767 206 2483 19784 21294 19777 680 25281 16383 29784 25857 21529 17676 29490 29364 28543 31640 12946 5061 22010 13663 24279 7784 13052 9687 31790 27238 4667 12470 2822 13249 18364 436 20676 4251 7728 20882 6328 32340 16260 31835 336 18931 2996 19690 10636 22471 20960 8620 21170 3662 8097 20135 19011 26709 6813 24763 12333 29281 6233 9768 27970 14158 26703 
8273 28137 24630 1089 17088 29972 2964 6860 9065 7026 8105 10304 51 20197 7199 4527 15796 26166 12013 30276 17212 7432 4218 10966 22550 3082 27397 5053 26122 29041 20804 20709 17702 23974 2123 28705 29887 6203 10416 6593 26034 20772 23277 27494 14831 29220 13061 29973 7481 9349 28523 3211 6951 24332 7967 27344 5743 4140 29466 18447 17763 14458 16108 27045 22460 2401 27812 22136 10647 23575 26608 9610 10173 5327 17541 6862 18727 17969 9153 1594 16834 10503 7567 6429 21103 15417 12428 9651 23118 8443 32104 31990 3388 1861 20878 24248 29594 16003 17671 12271 5969 16015 28571 27472 530 15580 31034 31 28899 8692 2459 4933 24791 29476 23331 22179 22812 1141 29960 27302 5691 1759 20662 32283 31388 18106 28274 8261 26697 11893 7485 31021 26611 24970 31227 23610 16698 945 27092 26881 26665 85 5083 11870 25600 26180 7661 964 4919 11178 12508 3281 28863 28224 1997 6950 16011 961 3807 25205 14671 28318 21774 13019 14728 2802 21846 11633 26044 1976 23323 10014 23043 60 1480 11695 26822 18895 12215 25385 22727 18879 15441 9053 17505 26502 4470 10174 32274 28482 16415 7536 7734 30821 8257 24993 7701 9390 25589 22556 9248 19288 26071 4123 25976 25745 13995 11101 16560 18733 11847 15225 30164 6812 941 2418 8106 26393 12407 31627 21047 24101 9080 3421 645 10548 1696 3622 7076 15526 7200 6500 25839 13560 30415 32163 7568 5180 4556 1427 28999 29638 2917 22365 10855 32297 1848 24119 17697 17762 31640 29239 18436 18770 28211 12900 1477 17010 25585 17683 11324 1218 2079 29297 17584 3842 20172 19804 2388 6693 5747 24183 13329 15619 3291 1405 10886 30798 23356 1237 11086 16071 23971 27495 24705 19889 27031 20655 31613 27014 26621 5903 15846 21226 17977 10346 5099 2013 662 24814 9163 9524 22504 7217 30360 31818 19568 6272 7740 12531 10239 9332 31929 29617 5470 19141 4277 11307 29422 28771 27445 10202 5772 6339 12969 8454 2231 17527 22313 12785 31477 7682 23550 2130 32114 26858 23140 27908 14315 26383 8590 29696 10698 10298 6123 26761 13715 30713 16808 18854 
31614 23979 4214 27349 18278 25303 24717 3326 5601 5058 18160 934 29873 28224 5363 14949 16987 13002 13563 11930 4373 19409 17542 12637 12517 16210 3947 1461 9480 24235 20578 12043 2193 10413 23238 991 9810 4594 4506 22714 18431 10096 20427 22372 145 16207 9652 22102 30185 11256 4071 17522 28086 9583 2859 31986 8600 23778 10689 6047 7814 28290 3564 2371 13165 9617 28080 10336 13081 18108 985 27170 3417 21676 4671 27539 862 728 22857 6926 31589 19101 10416 5622 14230 22160 28037 3751 29739 14355 24950 20141 12500 6950 16205 10549 10586 27776 8377 29120 16771 9695 26961 19231 26679 13468 25302 25243 13792 11906 28344 27508 18967 18656 28892 28301 11388 17885 22429 16997 13541 19468 25873 16201 16060 23616 7565 968 11170 22946 32619 23912 31064 22528 26634 10647 28384 9320 18967 17124 9439 15350 6411 20079 27974 9450 3573 32158 24113 24061 10618 6162 1040 22518 5914 25050 32516 11640 21941 12774 3980 3358 18765 19646 22112 2506 6669 22388 19357 17721 1162 30422 12579 10459 32586 28393 1083 8418 22915 22163 12926 3481 14116 13208 5618 24312 3609 4808 31861 3701 2251 28790 15967 27420 29159 1323 10339 27618 3425 19100 15542 31799 696 19674 3955 30426 15483 7113 16959 17137 24844 28883 25385 18265 18596 23773 13011 10299 5271 4730 5591 736 19418 8287 13668 7110 8386 12312 4904 13043 17422 7417 5235 29321 26920 30550 18585 11163 24488 18423 28312 21823 26138 10182 32250 484 6657 32715 14077 16102 10524 1370 32242 4704 10215 18059 1507 2882 12645 23275 3704 6051 13341 3185 14619 5464 4194 3252 14683 20677 27608 2650 25742 26099 24116 15060 25787 14307 23363 11337 4791 29218 32302 29647 15245 18590 6652 3041 21795 27064 13144 30478 26139 22170 18325 31470 9464 5579 1263 1882 4738 29696 22548 7644 4971 18230 29411 19813 19762 26621 12403 5694 19016 21783 31319 19009 10610 13633 4896 15689 23662 11089 27172 23015 14809 12417 23678 28247 26192 26891 1878 17842 22742 9974 3939 24932 32373 3887 429 26337 16680 5339 12696 5524 30201 16108 14366 22808 30311 27634 
30812 19371 26890 2100 19792 15584 32122 27136 17633 4244 8044 18495 3103 2594 25886 32588 28877 22491 15606 6151 7197 29360 7782 17701 27322 9778 16914 19146 1547 21693 9525 1113 8887 19439 23616 31883 2148 15711 30917 19390 18117 12172 1684 12432 15315 31508 25636 5805 20314 10279 31284 32741 1976 16442 5809 898 23521 26624 28379 22488 26279 21910 3236 6685 24377 30462 11096 18555 31465 23758 18307 8804 7218 15657 26128 25382 29433 8943 22190 2751 29203 7473 30072 10482 15880 744 12244 24218 30998 7910 20635 2367 4217 22540 22395 19687 28394 10686 24474 28718 14438 148 22908 16025 29488 20306 7207 25896 16921 28699 4485 32042 5119 9697 521 14677 27796 21024 17301 26902 10848 13004 20380 17958 28170 15496 1156 16478 1747 25880 5710 15308 2147 29209 29304 29958 28104 8175 6946 32702 28092 13568 15729 5015 25638 21792 1841 6967 29924 10571 32702 14750 19400 12186 26660 14774 7648 18288 26245 7211 20475 19956 187 14204 26216 24261 10815 7763 8705 3305 26953 16402 28265 10246 22329 30638 1425 25044 54 31936 27777 26578 26133 27353 11605 17720 10876 21270 29317 8493 9287 3061 26474 11579 25642 13159 510 22528 27800 5927 6628 6182 8420 30537 28840 25493 12199 22294 3911 9958 31841 20503 7410 20763 19555 7024 4879 18318 15084 17776 29313 22056 14482 16229 24105 28627 6627 17333 16044 21298 31053 16426 21367 26511 28731 14990 21761 26133 27521 25464 3152 9023 7930 19301 959 3216 23663 28170 13566 11909 20923 2025 22618 22216 29229 27171 14655 9894 3886 16525 13307 10691 25636 32261 16580 17676 6550 25351 12285 4590 912 21115 31669 31173 8009 26833 21105 9624 5123 2384 16171 5635 15155 21931 4762 30580 29666 17366 29108 1691 17747 17943 11634 6427 5350 14688 18387 7814 29500 3548 18979 11656 17564 24008 20605 29026 18581 26244 28303 2970 17637 6122 20893 15857 22426 11742 17352 28822 13431 2086 29841 26777 20889 13437 10905 17058 18267 24290 17066 1507 26486 7222 8187 25419 20333 17158 29104 29949 31272 18086 29089 4608 5342 18559 92 2616 6969 21417 17005 24213 
32437 30397 8925 18826 23882 12260 24312 11201 2890 24372 32595 12557 29836 13117 25102 16800 6346 17374 14935 4990 10056 20318 10543 28721 32182 19895 21361 702 3672 20021 6416 16857 29028 21312 20896 19029 9644 8310 12824 15838 17532 12030 16342 31210 11462 15384 29923 15085 27004 9720 31097 32716 22334 2772 5826 16789 19765 24124 18147 21357 19775 26794 1593 32458 32588 25946 18914 12258 31752 12891 16256 18019 10938 18151 14905 24164 13931 25584 28931 9627 24140 13051 29214 4305 9554 18225 28641 1428 9507 13491 19130 19500 2101 12847 31857 24016 28468 30897 18604 25369 17829 21947 22200 30390 18890 9111 6278 98 19397 7148 8948 15379 26623 14480 23374 16756 16587 5789 7701 8086 31559 4039 17151 24802 899 32236 8766 2899 23526 23789 32517 28898 31693 16061 31561 25665 372 17847 30917 9675 15130 6453 2880 7356 19296 2142 24594 12445 27891 20287 16101 22275 6506 12830 1977 10617 6002 25354 21035 6075 13352 26039 4598 2597 11206 25993 25786 2154 1410 12783 27900 14473 26291 21746 24174 18941 8502 30734 8049 8500 272 2880 9177 22339 7508 25184 25840 25048 12360 15537 6845 30576 15043 27319 6790 970 30425 1608 32403 16539 23994 28902 31541 18051 17624 3148 1287 10816 22088 24903 11380 31266 26731 10439 21113 12222 30925 27446 6828 27111 20045 10760 15998 730 1663 18324 9661 22201 4686 8482 26717 20027 26086 3909 7543 417 24529 16491 7058 2028 11103 8626 3618 17997 8780 18941 1102 21469 29085 6984 23798 17806 1483 3640 13301 30305 547 23542 13475 8154 18285 31294 30110 22194 19916 7603 16843 16331 21989 13942 29335 4457 13635 6902 16259 13470 16890 21770 9951 6918 8587 17725 21461 7349 32520 4200 9642 29294 27769 2951 15425 8213 29565 6597 11745 25447 6453 12505 18999 31465 22877 30613 3743 22814 23740 12988 12191 6141 28351 29717 23476 16546 30305 16317 6994 15172 30285 7105 29222 31591 22599 15852 9630 15443 1992 19422 19627 25028 8168 24926 3270 20707 12417 20722 10289 21877 24210 21164 16767 26451 25569 5446 30806 25626 12773 25970 17268 4387 15330 24427 
11248 31158 11350 24272 19906 32122 2452 8370 16774 9008 3503 19436 21373 929 13721 21426 11221 24789 19340 26733 19498 15750 28841 27334 1612 2260 27104 5377 20547 12859 13327 20109 6544 14785 9070 24025 1462 4212 4650 27753 12281 23827 25168 4392 23654 30988 22253 21760 14867 14758 2164 26024 6824 22912 30815 27325 17182 5690 2073 12565 14791 22130 22300 8272 13711 27634 19542 11951 4737 17959 20178 18218 28557 10454 29076 21948 22920 15114 5829 28162 10100 593 19984 16388 27650 7719 29259 20307 8277 22451 19034 8276 27657 22961 12624 20443 11892 9392 2520 18683 11563 4989 212 3357 3016 991 25411 16976 28907 30596 2920 31712 31871 16700 10537 28970 29503 4709 27061 5806 17272 31910 17001 19814 18192 15329 25333 7255 26311 23650 4794 10341 701 4445 32119 24171 17461 20375 13093 907 15512 99 24351 8131 30141 24784 31366 30401 22375 24865 32228 761 1551 6269 22031 9972 7908 8424 8273 2283 29969 28530 29125 19604 13374 31918 11780 7996 3161 20838 12545 18966 19094 19341 20530 16083 948 12149 30449 21106 13187 22851 25121 6746 30115 8863 16148 8102 15246 20656 12716 23744 9176 7751 1473 14641 22198 13914 4035 30647 3006 12981 161 19096 7405 29420 12521 567 19182 24468 10032 2533 5785 28082 23988 9977 21435 30324 2880 11811 22805 14111 29520 8957 29095 3401 374 30179 29486 17224 13308 21509 7659 234 6603 15802 10662 13415 26507 22296 9203 1939 26636 9921 948 13656 19429 14079 5599 21348 7259 19732 10113 25631 21892 10955 4355 17632 27564 3667 1708 19552 16375 25677 21096 11631 18504 24612 23240 29157 28258 28317 6985 8668 27213 13999 29145 27420 7164 7316 26007 23767 10284 31520 19163 2967 23695 1874 26742 12660 7978 4649 571 7818 27899 7352 27838 3498 11232 29309 3675 12624 21428 15855 29050 3285 12987 19286 19474 28134 20800 28127 8300 6709 14460 15088 23338 1390 8378 4025 4743 9069 19129 5388 19168 10926 2130 13678 25716 23301 14426 14702 5736 7311 14794 32309 6926 2792 6685 31327 29030 16542 762 1289 22501 30438 11027 4907 25718 19854 
20045 24361 23999 20275 28961 11940 14757 1460 29506 10902 25874 13030 13696 32158 14581 394 22252 11416 16523 17020 19773 23921 13534 2605 23666 57 20875 16978 12729 3706 26311 990 9616 21705 19620 19758 26922 31386 7057 26756 8980 15449 20000 5815 16152 2998 12301 21033 30050 2624 15995 15864 19681 4661 23936 5497 7408 16792 1764 12258 21046 15237 22054 27718 31434 5058 5568 6599 23963 6294 12716 12295 8464 28382 13095 27615 17643 13405 10677 9300 29555 7252 9573 27590 28114 14930 9814 20843 6076 28494 9594 22268 26193 11507 6810 28334 13893 827 9115 5476 19774 11327 12543 23843 2685 2638 23471 31686 2753 19516 18423 12787 17256 11260 14802 7757 22744 31601 15976 20715 13341 29570 3797 13066 7123 31085 4140 5886 21575 20061 5307 1135 2777 23870 17041 5313 4261 6864 17214 29652 10338 11258 8410 22766 27529 18018 29769 3061 2746 32570 18620 19170 27997 31837 22651 9074 29829 15258 1763 5406 25881 25679 15274 3918 15669 22330 875 8138 30926 28813 6494 25969 2453 12352 15974 6957 1566 15531 338 20262 21570 29524 23644 6710 21186 31750 19446 27550 17964 4643 17095 15607 3331 30778 7920 17003 24346 18908 1171 27428 7233 8108 16790 17925 28195 14774 7844 7832 16751 9218 16757 26184 23094 2408 1104 15825 1941 10405 26318 13044 14995 8111 31712 1647 1100 326 30995 3628 16208 26828 19219 1977 26694 86 21358 28408 27093 11523 13211 11544 24516 21901 18747 13251 5471 30493 16286 22681 17181 31844 23177 1246 20353 2791 24119 3439 5950 15002 14493 18171 158 27569 20467 10863 24100 11955 6767 7602 25713 29392 25428 13459 14180 28276 24875 32256 21125 30236 336 12664 20644 13673 3249 20674 22205 32370 2515 4576 9759 9055 22 9535 6605 3636 57 11312 4901 2794 5664 29596 6591 30660 2005 18162 12952 20448 1486 28517 12912 17421 12398 13141 3952 21980 5837 27146 30224 10490 4796 30632 9528 32444 9732 17759 21925 4092 15599 2531 12431 14628 31242 30236 6537 11400 28456 6686 20392 7929 26538 5723 10727 8854 10238 27927 29386 9190 18022 2077 10050 15652 
251 18097 7377 21466 13553 10181 21230 13490 23324 25712 29611 8584 11699 3739 18325 1475 23381 2046 8412 17638 27465 25931 436 22370 14090 4520 506 10671 7427 18019 14363 29082 20631 10977 10546 28129 27492 12504 1136 17405 9161 190 11713 28735 19621 2690 23468 31774 610 3705 19579 28368 10547 12955 22173 11287 8345 30703 22600 13662 20524 9284 19043 260 29080 29730 31394 23544 15334 10496 12531 2438 21501 18359 17433 5488 9832 6967 24982 3137 3673 20345 3279 3550 28142 14517 6507 28254 7092 6868 9468 22811 18794 1320 21473 10761 18439 5723 21867 28999 19710 15525 29502 21748 7360 17986 12282 17732 16002 22052 14619 14035 7489 4325 12318 22329 14852 5631 3814 28638 21346 6463 11101 27408 9795 12407 7774 12114 11243 10612 4563 17655 31028 31791 14874 31216 8986 11591 32430 30691 19581 13487 5635 125 16675 15524 6321 17416 16893 19683 20437 1600 26283 13848 17076 1378 14401 20889 18338 22407 26956 26964 7203 12848 20240 23559 18511 20514 20 20911 20859 26996 15329 5186 21 29158 6 24736 15568 4468 28255 17351 18689 2859 26775 22599 22089 1596 1260 30711 16757 27983 16434 13797 29858 22553 4379 13459 13477 13105 16565 11360 23978 6687 11316 13892 21274 6070 21490 11968 9923 16549 23476 17685 15155 23624 24623 2741 25956 4036 17867 5879 20895 16210 25766 4878 12186 6619 13788 16956 27108 710 26118 23107 27778 19982 28928 16413 16091 663 10992 31980 29905 5826 23171 32564 15153 23359 18554 31816 845 2082 26726 1538 4583 8249 32431 10423 30033 7837 26587 9578 9939 8840 25869 7232 23373 3430 4556 15156 18205 18223 26374 17676 22851 7411 28501 1164 12739 28087 4224 32745 22347 6527 3653 129 28694 26284 10838 17096 528 20872 1441 25222 32315 31264 9940 22336 6993 9298 18977 5363 17323 32294 24127 9481 6753 8290 21169 19333 23475 32088 6986 3201 7336 12803 3313 9690 11764 27986 30626 20778 9759 25028 8629 25078 22244 30005 2147 5161 12760 8952 2438 7873 24652 17445 23200 24265 4723 12852 28959 11911 18888 30667 16351 15606 8874 981 28145 31095 
24905 4820 27291 26563 17862 17016 671 28708 27542 880 23232 32741 14376 23936 29571 3590 7367 14804 6707 22581 12225 10132 27431 27642 24777 20152 18760 20530 19610 1310 28365 25278 29661 14809 31561 15996 22861 10957 8936 15734 19225 6265 25333 27482 23433 27667 24480 31787 19685 986 20223 6965 29843 6568 5458 9798 22911 30662 30347 10523 4544 28677 270 11545 9080 18698 5557 12606 27899 5610 12567 24150 22580 11255 23050 19314 23877 10969 22886 26262 6254 19168 7948 21938 30512 26008 30759 25555 16562 27806 31410 20123 32099 17075 19003 2031 481 11023 6630 16367 8474 17143 4020 19243 18865 14738 27909 14611 4771 14841 8284 11952 31530 15245 9315 22930 25057 11405 20527 3850 30505 10984 31940 27545 11980 16207 9180 1703 29921 20111 23524 3704 10736 13598 21832 24669 10838 16627 15600 28967 25834 32155 10251 6625 17632 1674 27915 7359 29422 21423 3568 30289 12718 13387 6090 20220 22852 27650 7033 8363 13888 9779 9144 25794 20422 13189 19546 24148 22764 17858 24274 21653 20835 7657 6137 20882 6490 24702 31500 14623 31903 1061 22004 19473 30983 3695 23243 27566 17425 4852 29339 12642 21446 10402 11625 11956 28387 18772 29554 26999 2106 20390 23476 26693 26966 1800 19376 25385 28766 530 17519 27804 25915 11032 195 9907 10749 17149 18639 22678 19067 16972 7881 30772 12090 20612 10495 31797 30609 17844 32024 2608 16138 27208 12445 21791 21002 26915 21176 16400 5557 10222 13115 6429 9996 31151 6883 157 30040 24477 22751 20636 23500 19507 18828 6281 32358 7299 14979 303 28182 15309 20437 11495 22562 9552 20117 26635 17609 14432 28823 15789 10535 4793 9592 17545 20568 25875 25822 14393 24544 30198 30209 12968 31562 18128 20587 6601 19216 3909 31228 5513 27323 710 1584 8706 587 5221 6821 4593 3801 11495 7383 5482 7803 1819 27950 6346 872 9835 21308 4078 16989 7089 32575 418 16447 3148 17646 26460 29441 12146 29554 13611 6600 13767 28338 7658 16461 20271 28115 26553 4483 17121 767 25774 15739 19902 20582 25543 30340 15072 3715 11811 18838 27253 18337 25714 22001 15054 
27805 20651 10241 1971 9965 32765 15237 13306 3041 14599 26864 29016 5417 8779 16911 14966 664 11488 8685 13127 2344 5992 29684 25498 29501 7490 30292 32747 5678 9729 31657 13439 16641 2332 28632 9904 2166 14822 9273 8325 5192 28609 9980 6789 20911 7823 10693 6093 12073 21354 15258 2145 17786 18837 23039 9664 4593 19378 7519 32187 9710 13621 1198 8070 28577 10264 9293 7952 20 19153 15406 25232 29292 8833 31032 28256 22636 23918 26093 8975 20538 8627 20042 8626 10086 13366 6894 19066 12072 3035 26495 2444 9705 9463 22602 26124 23045 10504 29481 1915 27088 16035 32682 9540 17623 5549 12909 5265 21096 974 10190 26723 24916 17699 29124 22498 17651 13619 15625 24306 17257 5157 20860 19718 14632 11312 29123 13881 5558 27474 24116 31387 5553 17733 32502 22472 24080 29103 31075 14528 23723 23193 13489 14322 4606 20258 4562 1946 10281 20084 23192 13389 31548 32504 11293 30162 30386 9670 24674 564 27707 12896 15158 5909 18367 12959 24154 11589 17567 17133 18658 2708 2110 20149 26078 9700 17856 13592 28218 4482 20241 9698 8675 24502 14121 19132 7211 13720 27023 4259 18287 38 23324 9624 13303 32660 14338 32409 22045 7395 13069 31185 28594 15797 23080 28940 10397 2656 5154 20589 6853 23105 11186 1379 21810 14931 3001 23001 6767 16895 4296 4013 24114 10806 5090 20580 17982 23230 4739 17692 12937 25033 6112 27329 4250 2508 19313 30340 32310 398 18605 24201 32571 19072 9237 23264 19148 24908 16755 29367 29614 21680 24420 27086 28658 16013 31764 8747 17365 21307 30537 17934 21476 31520 5539 20007 8804 10881 18722 14343 31728 27543 25320 213 22372 20198 4672 14402 27898 13770 21728 16318 18611 11091 15467 2541 23545 16210 11578 28244 21122 6068 31324 25945 11895 11279 731 16490 28630 24443 13377 12924 19221 27811 5723 15543 13064 22556 17469 21359 14852 23797 30342 20311 3653 1935 742 32497 5517 29358 29917 27721 27662 23249 9157 10979 19082 31679 27154 16882 6073 27747 25049 1738 10475 27865 19087 31640 30190 23241 31764 1617 17458 16372 2799 5096 3371 12044 476 31684 
9207 25289 21636 14193 24129 21305 28555 17046 17509 13656 2511 14119 3284 6368 6895 31195 26299 6242 6923 2785 22495 20374 28619 20175 12747 3056 10915 25563 25134 27507 31829 22349 8831 24010 439 20276 19170 15253 19894 31832 19535 26625 21659 26737 5617 12443 7309 29846 27084 24422 22359 7160 25763 13098 18796 20176 15641 12816 8744 31126 32278 2668 10585 3188 16492 30170 26110 5882 10171 21132 8783 19475 9874 26338 28925 568 19926 827 6074 995 11112 30220 764 17479 31746 1583 9982 19518 13410 26493 29192 29571 9643 23966 13297 14881 16648 288 7906 22059 16018 23239 17756 18862 11124 18724 14717 5348 9036 25705 12671 22698 14549 21628 21889 32052 20932 19786 6794 12544 31215 9566 20171 21512 29108 15026 15140 9020 31641 6597 32234 14383 11568 6893 744 12561 18238 27119 15523 5341 22811 11213 739 18387 13148 14047 14958 9257 28080 4389 10775 2814 1032 10460 8439 399 20219 31567 20987 11949 23400 7664 2207 19567 25949 23975 6904 25124 31287 26730 15608 23179 1547 13582 6382 19015 20549 7517 20812 31373 11151 24168 20397 3104 23797 29471 1302 18047 32326 32030 32636 26460 24509 12234 30855 1617 11488 29085 16790 24783 22697 10174 12547 8791 5348 24533 29864 31980 22744 19485 28066 9672 15145 17851 31060 2638 8957 18766 19375 20800 5214 8647 16049 31794 7136 13691 15148 15678 7555 10614 7881 21754 2778 20242 17228 3239 17517 4041 2842 8363 10845 19272 5880 12098 8262 23492 2325 32624 2153 13457 31051 13370 31243 20209 32418 16405 14104 22826 29206 11423 9484 23515 20122 2701 19731 18831 21084 7652 10095 11411 17739 6765 13851 26373 2263 1122 12974 14638 21751 2414 21377 530 18033 26069 27668 28228 8790 10734 27822 2303 29387 29658 1348 25459 24847 29040 28572 18013 28858 15991 9395 8666 67 29464 347 12157 12997 30354 7720 31391 9987 27184 24205 17142 8105 16505 31555 28010 213 21670 3050 30499 18133 5721 21491 7911 23091 7563 22205 14499 25838 15046 30462 24391 3339 22421 9573 30935 14412 15162 25214 16575 15680 1950 6101 19560 9596 654 3166 15880 
25895 32547 30740 6590 11196 31618 31457 28894 12811 18118 31422 22410 10625 17211 11547 22658 12458 6349 20353 23356 28916 27584 21366 12344 18870 27553 417 14222 11376 20092 22574 21961 3669 3151 10356 10999 4870 28351 14293 16385 21665 18698 26598 7737 27898 27709 10704 1330 9256 11175 16631 13012 26692 1421 6361 29103 29293 17439 12856 24976 15631 10923 27515 11858 12133 785 10322 10487 8765 8055 7321 30456 8700 9277 15999 19416 4577 11827 9191 24831 5262 10506 20238 8134 24004 27145 11886 12751 20846 25345 21475 27543 5089 387 9997 17742 28514 3664 5877 21990 13032 8465 3827 1130 28196 31817 13007 25489 11967 25991 9766 27539 8931 19936 25359 1595 17660 24220 25599 8509 29888 15920 9450 15051 8557 8557 16299 7267 26961 31990 10150 14315 21136 27383 18604 23295 290 6420 3359 11402 3611 21152 3926 10387 25647 31504 31298 3674 17781 3247 23890 29860 24171 28563 30613 30803 2619 15567 15903 14649 11324 16874 8621 6446 17084 22672 22412 29024 5885 26248 10678 12779 11901 6630 4671 8106 24954 13698 9711 9292 15030 424 4657 25770 1144 13585 12843 4439 9939 27154 32559 9593 15146 29716 24658 2008 30964 10564 7514 16949 24509 29836 30942 17117 17005 17345 13736 23678 6093 9758 2910 30776 13383 12017 20066 11767 20718 28820 20214 14081 958 9119 13220 28363 3364 20060 21213 22033 7873 123 20448 19493 32619 30471 32477 29320 12404 15513 21594 28343 30767 6604 25559 32327 30129 27120 12717 4404 8661 10243 23612 24183 24963 18397 24645 9942 3377 12202 31893 6656 4521 26013 30948 4569 3597 17891 21500 6163 4889 21718 7454 27134 26537 372 31905 28321 30331 27663 12252 21257 18741 1349 31814 16609 13482 6451 24028 25411 6745 6886 29891 11726 25398 17426 30255 6649 6062 23815 9347 20134 14565 16608 4794 26107 16194 29182 14085 17773 25133 21173 4277 15389 3351 22084 25948 23400 9659 15883 22831 15801 1956 14072 26287 12194 22768 27459 31113 28460 7251 23643 12474 30059 9311 6432 3062 32341 19458 9298 2123 17108 6224 8009 28674 6425 10114 3303 25030 28468 4415 16588 
21256 21473 7195 20168 4513 421 27742 3734 2233 8218 4102 1991 19688 12167 3087 23036 13212 21172 20209 30040 31163 27389 11371 14133 15753 15012 18047 16150 20427 364 1982 4061 8237 18275 4805 20799 18657 18943 19208 17780 32137 16236 23246 18227 24919 25637 23165 25565 2162 1730 32024 26105 10396 1552 26118 25568 15635 30055 3093 9913 8628 23352 19902 32168 26982 15846 6827 20803 29622 29399 22134 2886 1471 25546 22708 9863 27213 15979 11826 31532 23874 16932 32638 6939 17976 8247 16553 21170 1639 8714 3660 8633 24009 2497 23497 16532 11133 24850 22227 1469 3434 10837 9265 16242 8996 10203 22974 21931 30739 11649 22965 18511 22738 12421 29483 23975 6101 2456 27613 5395 1359 7476 22316 12796 7762 24111 24166 29449 14136 24209 24135 18838 9539 25251 32192 9570 11136 10824 8694 10375 12017 25744 25486 22448 30186 395 26920 6790 30396 22107 19241 8299 31121 18317 25790 32107 4503 28074 13854 4975 12641 26632 15375 7092 24202 20966 24747 25724 18587 3512 26980 5892 18222 23232 1606 6581 852 26846 26236 25246 20533 24233 30230 20002 30454 1470 10505 19950 31200 4441 30583 1071 4798 13090 28465 7937 28806 29257 32379 2090 30780 30932 23567 15624 3348 19256 12388 25288 9175 7719 25647 27353 9607 16042 14379 23456 25926 16495 2581 4462 11636 26212 27387 2991 10264 31109 27319 6756 9857 497 15543 32723 3117 5700 6655 23164 24809 13601 1136 27472 20026 23822 20298 3102 3068 22149 4336 27214 73 25671 25067 22993 5788 19956 3378 21592 4662 30937 5544 30916 24513 777 13543 7902 10804 5295 14140 21321 14070 23458 22770 20405 19782 25914 2260 17236 11482 19043 13293 32658 22470 25071 32402 23809 13216 27953 3747 27794 17890 29383 19213 18699 3983 15287 13459 7349 19482 9918 15311 12117 6019 17892 14451 4190 16323 31316 26069 12645 17770 619 2219 1237 20359 11791 8722 29924 5832 11586 21462 18118 3042 11510 23021 15904 15667 13859 15684 5311 16294 792 9151 6794 7896 16143 24955 4533 6265 25603 12118 6968 9972 10950 10929 18304 8018 16718 628 8036 26203 15183 
30035 14682 255 28944 1360 12011 1013 16503 1153 1636 9890 25701 24340 25807 32060 22090 18064 7201 7727 28144 8797 27061 14016 13211 27015 30969 21232 6228 18879 32360 23715 2178 16291 32440 5633 3258 1087 5716 4893 27864 29651 21772 30420 2383 20950 523 30457 24253 3644 23562 27567 26563 28661 10692 28181 20755 18614 11946 18985 13258 5627 22487 18406 18945 13133 13638 4016 20894 448 4931 11762 4464 10433 18463 31238 13436 21518 2600 25685 28561 4870 25048 28607 9507 15651 3149 23101 31574 32709 25081 14532 6232 31025 5531 2669 30964 1241 24430 1748 5476 7390 26784 11197 18535 29907 2821 19966 11412 12740 14605 12697 25582 25462 8692 27944 32184 8945 26168 7294 28299 31292 28752 9867 20133 31080 17819 6784 21124 7375 25495 26676 12724 26782 32083 30662 28645 23953 11559 25733 15424 11006 28322 24332 23291 16917 29892 31409 19755 11878 12397 27169 10970 22436 6934 28484 25434 4264 6591 615 22488 6072 3112 29849 1076 27658 23620 4437 10769 7300 8683 866 12840 29638 11983 248 14305 9578 5809 804 29476 24714 2005 3181 29804 27523 1971 17080 26398 11513 26607 24681 19994 17948 1931 16587 28303 8745 13404 2994 23827 7987 16570 17503 24819 13347 8572 16291 8647 14334 10276 17736 21322 11878 11606 24748 21353 15716 16271 9391 28314 12388 10771 26319 15983 11393 26663 13714 22123 31235 22657 3621 13076 1830 17661 5442 8009 2078 4753 22358 982 22615 11651 21476 21830 257 1497 22564 5113 2252 12306 27889 4726 28912 32275 23522 30209 881 9316 4022 9585 22177 16284 21493 6716 10726 19994 14292 18388 32701 29174 6233 3382 6399 3895 5569 25791 13668 6727 30751 17986 15685 10916 18245 28505 14502 9687 6631 1528 14195 5802 24574 18760 3850 1174 11371 17586 4346 24443 16861 14649 7946 21396 26356 12558 16510 6569 17831 29022 7317 6022 23011 15983 32342 25773 13172 9707 17804 1864 3881 17276 26896 32097 2867 13208 28230 26197 31439 10399 31210 24710 7461 22051 24077 28497 15215 9862 18778 32064 29277 28363 31646 20096 10936 5286 9096 30613 1351 23253 18861 11340 
